0.000000   158615.346284   212660.860247   1102253.770493   135817.433250   198317.493960   213827.854062   190062.201844   191891.517452   817907.647079   591890.610300   275379.309134   149839.912092   108693.068157   909202.336944   337597.006318   317829.004285   192298.834871   296008.404985   348398.633511   292755.783932   452191.187890   323448.625027   214067.519500   371464.328436   136613.568411   169756.072151   116645.351365   115918.499505   183283.669443   290179.565743   275045.634636   152509.927955   5069686.442614   6000.179781   1018381.322595   0.000000   
0.200000   168292.529911   223758.028511   346239.998034   243876.980271   306019.049159   251395.390233   355961.211855   344837.749453   1317506.347484   776153.319379   199494.527402   212218.099272   160172.856570   727483.833187   327992.120350   363232.539327   195794.592859   217686.864237   274550.447599   374689.380377   800487.485416   277914.382415   331412.233842   414170.137485   229014.375569   291587.376485   213395.716969   220731.469241   263507.757425   195808.935790   212626.181099   229479.381472   8782569.665510   17870.735643   1602203.302389   0.000000   
0.400000   105013.851832   148201.164033   179702.923798   149174.785896   208327.899795   186074.871344   296406.396572   320632.925502   980152.342561   725823.260922   117220.970117   130442.458428   154241.954978   322817.194179   277023.184216   306256.227036   132651.191200   156961.998595   210410.618801   354406.958263   751255.010721   182456.117290   227322.892897   318066.170387   224496.677256   170916.167082   152918.565379   157277.688708   188487.441932   127170.413755   155323.219548   215473.956570   2775752.253024   28437.947466   1554487.295604   0.000000   
0.600000   53604.230535   82690.958839   111406.781926   98771.122421   168787.438132   175389.346815   363733.271635   378169.180035   1125396.175819   958995.460819   85387.432012   83907.786064   142237.669999   259996.129672   316080.779714   318815.156974   68987.661808   102664.576374   161035.820765   367331.406297   917969.521029   176747.403799   223998.021069   196487.570819   221224.831948   177423.486080   109067.611199   113582.518754   114479.424969   105374.929841   108646.087503   128862.793387   1763129.029793   25006.315806   2003461.480948   0.000000   
0.800000   45961.978733   57459.726745   90264.529552   69555.801442   93014.627810   110068.791913   196213.428628   241286.717104   678283.445582   565346.812087   48001.358731   57186.790591   73356.619408   162707.049101   226649.254414   173295.304492   51427.261397   67006.638592   85572.950794   248006.477136   530050.292203   118314.339236   149662.692885   143110.397402   119570.394715   117125.922444   69900.395415   72597.390512   75749.368347   55110.996490   60204.099373   84854.769075   1266344.441656   22721.546246   1178292.007959   0.000000   
1.000000   44953.445108   52986.831274   75596.641183   83022.666535   104901.497442   126698.451859   226891.085756   281091.080197   688889.539310   685501.435679   58016.465679   60436.897666   91851.960580   151412.592827   235906.586794   227052.960165   49388.316185   75847.559880   105430.911260   267414.240297   642289.176447   124167.153080   170002.032296   163545.970094   148851.439598   132863.898498   75418.698556   81224.684649   94957.345820   62437.879075   73417.709584   70547.985681   997386.166208   28763.092698   1499131.002315   0.000000   
1.200000   32713.288753   45757.688845   68447.821980   56948.044287   89592.574620   80084.931175   145579.634090   166384.834373   509535.289488   368939.612188   43949.193141   46072.910070   68972.740123   103941.733729   128507.798110   142226.378133   40050.721241   58607.466489   86739.831645   155712.914287   356782.389307   82059.755607   107162.251245   113873.924762   108374.761087   82246.716234   43842.835717   55783.483772   65607.832063   61630.875223   55446.040372   70597.141924   829062.591801   43464.127888   782021.799434   0.000000   
1.400000   29910.327578   41708.616520   61437.130357   53073.359479   83294.616179   90964.245894   146604.298606   172698.188871   425275.993009   402974.895110   45522.009166   49319.995664   64571.154629   103609.274183   142195.184503   137948.260587   35814.070184   60230.309013   77264.783580   168741.941165   391622.558965   78705.933099   109929.124198   126045.353500   103358.625562   85156.586357   51459.955509   67786.334711   72292.606219   56472.921721   56548.495304   65919.056288   703804.466758   45267.020303   847145.486137   0.000000   
1.600000   27888.099313   31933.508801   57838.157718   42782.842785   75885.733325   83802.207080   143661.387477   189439.952381   494615.829147   444569.449476   45144.938747   41005.085879   59443.338192   108207.588240   140483.082454   158345.932119   34573.331718   41664.847942   71816.999439   168315.320770   419290.720449   93362.390921   110975.572239   119613.978983   97182.124789   80687.346606   54852.256905   53910.365090   52970.408587   50921.905531   53980.959060   39690.516225   614145.261450   56727.257004   933267.307273   0.000000   
1.800000   30012.468062   42642.724714   57396.624017   58776.453478   55247.508061   68295.116330   102531.985074   127665.022511   387931.319415   289090.598989   41608.828823   46585.578081   45377.775945   82562.170796   100358.191765   101178.658129   36262.905744   54472.830971   53360.448732   124147.994107   274058.781870   63393.032339   83956.345800   94573.685499   66281.820142   57295.933431   55785.504499   60029.483554   63369.169385   44262.940115   41853.314478   53415.634966   542351.525563   58951.045584   617530.198390   0.000000   
2.000000   41004.691203   35503.943289   62681.602594   54965.084571   75275.960568   74699.518981   120266.729133   141808.460054   372569.833230   300708.181605   48643.024238   39289.871384   67119.889994   86517.668516   114711.573764   104088.831788   50238.536931   58386.975077   83203.726781   139005.651513   288437.509339   69210.129659   94255.674154   99223.419844   97936.674167   76071.237233   49270.357587   58212.641418   63182.607478   66604.073749   59375.182930   66090.806456   487980.338888   209404.073212   640571.207462   0.000000   
2.200000   38113.530624   23778.863124   40555.426430   37306.783658   44329.598785   52974.813913   82349.618773   93989.982658   325726.378859   214351.582103   31674.325317   26828.277754   43278.461224   65507.623345   88805.820636   62761.092776   42489.221733   39749.525776   52269.542676   105447.670567   214324.918863   41094.643792   67180.148466   76361.295813   61764.069393   55015.178402   28823.750878   39376.977270   44040.950389   35822.969341   36828.807587   60844.557354   442955.881046   168859.285976   471511.735421   0.000000   
2.400000   22663.621707   22718.678254   30340.321349   34027.928480   35588.535588   45383.382738   73228.877731   85528.236787   278517.087710   194408.915907   20997.417603   23186.528564   26807.551312   51951.931720   69660.285175   64944.772693   21529.345472   30907.411187   37233.384573   88222.926408   190158.858324   35899.480643   55769.075619   58184.481360   49102.342665   40715.993224   24235.739238   34133.974653   39495.960368   25825.879493   23921.032044   36537.152525   405560.541656   71220.875649   419347.691632   0.000000   
2.600000   21247.137485   19594.641498   36628.382058   30527.637586   42359.565685   38859.363390   68478.248222   79126.841101   241729.856535   189725.300463   22910.670161   21530.778036   28650.819426   47522.104772   59432.026980   71015.443042   22281.635581   29708.456922   46178.084506   76130.651857   190877.764391   35177.697179   50331.515340   52114.122244   51077.158150   39566.127551   23424.371767   33514.341379   36962.791191   32728.385274   27782.783433   33005.498931   374012.415744   46728.661448   397661.057162   0.000000   
2.800000   21778.741642   21574.954395   37404.017806   37621.311270   39696.573332   45184.521617   58146.084713   68374.774738   216584.682240   145750.845091   24959.070658   23946.200033   32119.650382   51756.662920   58684.133665   51274.834762   23336.976609   34382.307961   41230.823334   74489.821213   139474.365645   32099.312527   50067.770166   59007.429033   43572.762934   36740.953193   30466.057105   40928.911698   42982.073421   35119.597157   29657.306593   33188.369221   346912.773185   27874.927285   332517.177798   0.000000   
3.000000   18089.613855   22305.421163   30365.946496   30242.839350   37707.602352   38146.687670   60500.567948   64788.076854   193127.967162   139483.623065   23278.862073   22826.524493   26167.800941   45482.548239   52136.222280   49740.548863   21636.068372   30704.541462   38642.786347   67184.820246   140772.948264   29837.263692   44087.433020   53752.295668   43049.886368   35471.276455   23350.624914   33992.509806   36036.816550   26803.160162   24240.135697   31745.609302   323355.170952   25410.588160   319732.905880   0.000000   
3.200000   18021.964792   16333.292771   26852.247683   26059.019983   30811.540027   33374.278208   61088.793766   67960.648001   234771.575119   155177.651058   23301.397136   17615.612308   27860.984749   43879.693486   61244.440318   51345.308464   19482.756116   26442.467551   29182.041699   71132.701950   152019.081802   29734.063573   41513.455204   47261.719616   39968.728342   35282.020809   21816.848644   28168.881238   30961.568002   24978.862585   24160.308828   24393.841227   303498.481570   20579.666250   355269.038180   0.000000   
3.400000   15500.653313   16421.804803   26987.610646   25182.849677   30848.124029   28563.751584   53253.957721   57359.112132   184780.963384   128074.856219   19645.769367   19666.296215   25763.153671   44525.585800   53959.172185   46661.618480   16651.762124   27156.062396   32155.293004   58205.041783   124441.041920   27364.824056   35508.665156   43973.329791   37225.629896   34020.612762   20200.593607   27738.960332   27457.302797   25546.831959   21945.640815   23829.339413   285076.006642   22928.217042   293607.699612   0.000000   
3.600000   13695.317827   18527.860223   23650.954674   25173.382403   25544.938051   24640.111620   38936.353086   45184.870271   166343.399321   111310.969926   17594.378469   18894.061417   20395.853910   34415.046005   43761.072563   36884.102994   16521.007015   27333.664693   28324.715240   44450.071498   106619.492299   21767.838264   29446.800516   37225.617555   27686.675367   23413.217187   17953.267216   26953.558332   29162.952829   23651.710481   19640.719060   24678.143940   269105.545385   33583.562962   255644.417367   0.000000   
3.800000   14495.589746   14025.493289   21579.380704   21996.738103   18230.642949   21783.594228   35357.650740   46471.895971   139367.975914   105609.863439   14076.042221   15433.796591   14377.940214   31790.036587   39738.714548   32515.010414   16167.950447   20519.312393   21046.999073   45448.391007   97210.161231   19696.642663   28598.789973   31176.857930   23453.499219   21531.708080   14733.502547   21319.958970   23526.599960   20125.154887   13914.152137   22044.461341   255425.507917   22350.261086   228895.594879   0.000000   
4.000000   18994.492793   16134.906096   24967.266418   23654.019907   27344.489602   28157.684530   36470.624996   44294.215747   135652.676225   101743.890859   19582.200832   16973.181465   20542.252182   34750.680120   35052.491647   38971.527217   20548.544041   25925.412579   30001.250095   47467.684011   95097.701615   23924.666245   33073.741957   41726.247690   28554.171095   23562.981877   19855.090903   27614.579737   30385.654557   24876.098518   22116.442642   31219.154672   242336.545662   33707.008979   226802.695973   0.000000   
4.200000   23049.845652   13572.454742   27922.841033   25769.755701   27001.031471   32762.782520   37418.385551   53147.583916   134699.709458   105766.504062   20924.088883   17014.052506   23285.585271   34914.677917   37138.544121   41581.672988   27993.478286   29680.449980   28988.046322   56990.331949   94553.051374   25732.468587   40876.700887   44016.343374   30283.725489   26416.351019   20432.484226   29714.684851   34478.317250   25995.974254   22445.578868   40632.220024   230627.791418   60676.005616   216541.989772   0.000000   
4.400000   14632.401741   14341.042017   22307.849897   21677.907684   21361.215426   24236.364300   27857.128710   34829.344070   119577.038798   84567.104620   14569.951778   16170.715654   15925.665709   28143.451318   29464.302142   30248.894968   17685.348030   24511.752489   23636.573050   35965.724602   78846.636118   17395.178572   25631.670859   36480.299635   20302.088501   18851.725978   16948.313722   24502.968530   27846.353198   21844.935495   17606.692210   26673.779642   220127.859243   36533.639496   175821.975435   0.000000   
4.600000   12526.932615   16341.070700   21779.075822   23937.726633   22977.874050   24853.105142   26637.117901   29755.500754   97907.602680   70952.316540   15717.951661   16475.647258   17379.001780   27737.371348   26059.379877   25485.250568   13402.371755   24912.169597   23187.778993   33668.628893   71141.196824   16218.512575   25244.562308   33640.276116   22099.065450   17543.529761   17866.515260   24915.232372   28194.184570   22250.501119   19745.059945   22231.668035   210606.199606   34610.190654   161503.756817   0.000000   
4.800000   14487.376481   13231.254722   22861.714798   19924.961012   20439.693332   22484.786326   29594.138715   33863.132265   107117.816355   78084.468999   18232.656327   14030.118848   19321.839068   25597.669393   28481.617649   29579.503998   16158.516027   23381.406519   23852.163893   35045.485180   76487.250299   18238.853688   24722.094134   28209.405475   20794.373002   17406.442694   15197.635630   21657.998370   25687.798610   23309.475150   18245.261768   19861.777419   201937.345192   27110.352676   174130.252747   0.000000   
5.000000   9153.610570   10114.959422   20264.624583   13901.965890   20993.602423   19878.640930   31045.782473   33052.174049   95603.480652   76544.348639   15926.683697   10573.843604   17354.639073   24792.550915   25859.098112   29596.851638   11843.810424   17734.579214   22321.175153   33990.215381   74769.957773   17403.672251   21818.156936   27185.057628   23759.935149   18712.338925   11320.656166   17282.278422   21264.798414   21172.065127   19420.547893   16017.742811   193614.356566   21946.715333   156616.865675   0.000000   
5.200000   13434.100462   10074.075294   21691.979519   15274.316687   19460.237078   15141.411224   32720.961861   37030.329313   108581.923571   89634.053151   15559.366393   13996.159647   13939.810982   24274.111733   28671.907255   31895.611793   14201.831410   14529.211607   23847.913422   32932.667074   89707.411924   17410.459002   20566.786254   26140.605655   23153.652722   18143.341959   13372.254841   16026.825561   15531.894957   18101.907300   14982.416648   15399.640209   186199.685717   20921.233139   201805.263768   0.000000   
5.400000   10666.186584   12175.568865   19194.549256   19159.715576   16804.411878   19608.395268   27312.759637   32430.871813   91975.910403   69525.954476   10437.502128   14481.947231   12539.644581   23966.507792   30366.578511   22462.468143   11176.259154   18555.500445   15371.858194   32471.321848   66926.455035   14975.880225   23495.920701   29546.214814   19441.290395   16704.420493   16981.715960   18268.634680   20861.444734   15684.250354   11124.763620   16520.655731   179220.615391   31575.999756   154851.784702   0.000000   
5.600000   12693.713826   14277.921109   18687.320991   18616.429737   14987.198275   15383.685734   27836.812301   33920.472511   100797.851252   89992.513578   14224.650061   13280.088834   14017.657532   22786.891392   32193.909748   27838.636329   12880.933081   17858.292939   15662.292018   31427.282873   86310.919034   16203.980446   18834.357646   19864.427834   17941.315039   17640.173660   14936.238896   15373.189187   16935.475981   14002.493239   14471.696611   16540.502221   173064.442173   48270.743235   202648.892891   0.000000   
5.800000   9257.132505   9292.062438   17138.025644   11630.373741   15954.012273   16865.680786   25321.087157   31742.073653   85802.759521   69495.861435   11402.661657   9545.349155   12825.853911   22563.714341   26950.811132   27722.453769   11451.127550   13589.655473   14484.820580   31702.630988   66570.432737   18111.528173   20317.245597   22975.876702   18999.212287   17301.803678   12477.026868   13892.337884   16457.075014   15069.842193   13529.544273   12774.736276   166946.833721   44018.862232   148841.724627   0.000000   
6.000000   8831.931548   8876.544711   18025.338672   15119.077525   17056.538636   18004.496226   24709.279268   30959.431749   80268.915623   69184.528660   11888.931371   8985.750754   12999.855067   23390.604275   24036.557816   30400.837381   10105.986821   14637.733727   18159.180045   26847.377711   64555.820983   19441.287943   21714.527025   23793.280827   19916.546131   15515.143012   12464.060817   14660.508024   15286.449152   15515.194225   13380.205594   14157.896066   161190.259177   79360.900795   140612.449611   0.000000   
6.200000   18474.393948   9528.178855   26011.801466   13613.713457   25124.241899   14899.746742   26009.806988   23884.916246   69353.083051   45584.754815   19247.354294   9752.899513   19318.618882   20779.548190   22061.116405   21602.074909   22694.343000   12045.530402   26212.078099   24896.047487   48391.189596   15090.412858   18397.979532   20800.748674   24591.753266   16050.188613   10290.231277   11063.723492   13647.112067   22667.005798   20557.600354   28478.772205   156044.841395   167724.584145   104068.726847   0.000000   
6.400000   10657.691594   9263.999075   13516.497751   12846.964636   11380.110445   15740.264280   15547.152979   23187.876831   66804.746168   46163.440264   8527.767428   8267.231843   9876.076265   21790.852616   15768.684919   19331.247801   11954.666550   17816.406444   12199.312463   25594.087563   43996.185064   12227.642925   17963.789899   25190.400325   12293.831458   11326.356910   10854.730303   14570.648711   21132.774686   11526.832816   10372.936280   22288.431027   151144.658633   102617.298681   100777.302359   0.000000   
6.600000   11512.585720   8980.153423   15007.856784   13316.776829   13449.487394   17085.249527   19646.050784   24975.252061   65953.302161   53889.383963   10922.290524   9484.711120   10296.596775   18799.588296   20501.782574   17603.451294   14288.725383   11521.978040   16006.242872   28153.159711   46034.182791   12053.481874   19391.156130   24155.046589   15562.667795   13246.788825   10575.256283   14494.108810   14809.899495   14229.001496   12056.672195   18412.056091   146812.083841   89798.029287   110773.481063   0.000000   
6.800000   9816.760126   8066.853472   14389.380943   10979.870884   15107.735638   15107.024821   21369.023615   22708.137807   51725.589008   44109.530215   11998.556763   6737.258530   12067.413868   18231.689398   16627.412603   17974.307318   12222.507761   10652.473004   16295.701782   24766.717819   43484.025376   11149.679912   18346.214968   19982.834474   17381.596412   12269.113386   6819.665546   11583.279327   13145.048615   13494.262299   12135.870283   16576.838619   142161.364663   89286.945371   86309.724082   0.000000   
7.000000   8252.346835   7622.872246   12342.654372   9378.437953   13790.933277   13858.681833   21117.104499   21463.183657   74554.272808   43083.867815   9124.847827   6175.418948   10309.782443   19635.299719   19300.851922   15951.235595   9955.257406   9476.992587   15577.704717   21685.842718   47560.619448   11305.237679   16350.879034   18023.361836   14998.378790   12350.692418   8404.869629   10058.168854   11219.125409   9520.889345   10399.677113   12517.970637   138176.354878   67339.666226   99146.678962   0.000000   
7.200000   8099.482896   6405.263312   13683.842949   10318.284200   14407.976523   15453.943352   20883.794481   23719.986811   54416.666492   47845.153273   9057.031648   7030.902975   11813.558823   17038.100976   17476.939098   17601.317828   10614.859008   11701.176117   13446.726628   21750.057271   47272.923962   11787.977922   17120.627953   18790.548244   15795.933583   12048.889801   8700.170216   12226.354443   14946.261126   13544.324815   11633.266414   12935.586556   134269.716493   48201.661657   100909.418986   0.000000   
7.400000   8487.984139   7367.657698   12577.474635   13014.401270   13546.203534   14474.065238   17113.405337   19977.459490   54888.472938   36279.179352   9536.913168   8513.991427   9492.290355   15570.344770   15224.055075   14659.560037   10190.363577   13830.410836   16811.013060   22910.565037   35251.974532   9470.159895   15473.995754   20730.262888   14373.856768   10404.327593   9064.672878   13118.416037   16055.808211   10245.175091   9679.077497   11401.957940   130699.437712   60623.759880   79725.555474   0.000000   
7.600000   6070.899460   6207.892805   11228.501809   10459.101180   15292.853526   15653.291532   22118.788907   22941.890327   71081.329431   50429.837857   8096.451299   8705.896317   9928.103644   17436.834187   17378.937997   18023.655294   7770.000650   10537.614565   15716.337247   24337.697301   50029.518469   12018.264272   16802.859774   20696.265381   16900.970752   14215.346137   9096.621746   13921.264913   16984.203989   11550.957668   9894.088108   11271.623878   127496.760837   77974.855341   104218.580854   0.000000   
7.800000   6929.388831   7878.800937   11876.536534   13893.782588   13001.448584   17226.365414   15340.626072   19360.508767   54629.395882   37594.961321   9659.018665   8908.414046   10242.134219   17234.082358   14511.026986   14986.669817   8877.667840   13193.794397   15272.483750   21795.066787   34507.824346   11173.726941   18048.389092   23384.449692   13178.663652   11038.057230   9953.743736   15857.763656   17648.833630   11635.229080   11428.154744   16146.729302   124044.022489   100890.532585   80388.519318   0.000000   
8.000000   9353.456181   5667.529343   13227.336635   9929.619444   18148.175408   15964.535390   22124.120106   20955.998066   67511.005758   42292.475353   8824.486738   8265.380893   12541.292106   17631.852219   18579.815408   16100.740079   12983.416039   10089.724321   21053.145081   22569.133299   45267.810621   11442.330203   17686.756336   22278.737236   19897.548590   14221.628740   9229.472174   13812.675431   12680.035766   13827.522331   11907.988580   15803.183430   120985.859691   125841.235178   99095.432282   0.000000   
8.200000   14229.040134   6565.254162   16785.457748   10716.966521   14466.413323   14327.861519   17446.162816   21826.048173   60209.302950   44861.498935   11613.436333   6621.015238   11433.370094   15289.595597   16170.790987   17370.910267   19475.290326   10814.018289   17716.121944   21539.850695   45945.699691   9767.848224   17778.005775   21371.310133   15752.203422   10595.915792   8059.952216   10790.787559   13196.090778   15684.781175   12674.068305   24057.348719   117927.173781   189702.759360   99611.574448   0.000000   
8.400000   12061.569493   8303.309031   14961.204151   13523.393776   16520.255224   14231.165309   20004.339323   19355.427416   44100.708219   40027.471207   10140.839783   7528.600725   10784.275503   16831.546708   13926.134991   17134.641687   17111.397903   12793.235153   20318.682237   20044.523943   37961.153645   10960.180256   15426.485155   19463.196926   17106.801003   10829.330660   9584.314846   12311.492378   13820.408502   15351.715685   10299.647085   21259.804680   115134.402905   165791.750800   82906.083697   0.000000   
8.600000   13066.639380   7675.284980   16902.106960   11557.982238   14676.020889   13063.268454   17447.451086   15626.253776   54326.145196   36337.189775   12180.018306   7793.196528   11549.564387   14827.050928   15068.890017   13560.293207   16085.981149   11168.733593   16154.365253   16435.765486   37250.750665   9942.166786   13459.467406   15640.197870   15677.826145   9829.995038   7554.950340   11246.847071   12718.400938   16720.493173   12781.384242   20437.394061   112430.129376   134819.128855   77938.870519   0.000000   
8.800000   15541.160722   7036.102255   16981.007468   9899.324779   16895.997823   12349.950063   20642.199254   17457.371699   48529.697899   38811.597923   11433.425687   7363.241590   13358.157141   14923.848340   16502.987189   15550.775694   20037.334978   11298.824081   20268.007060   18127.555377   36581.201013   9856.397859   14595.475837   14469.660888   19423.703444   11948.917098   8361.192842   10984.495188   13397.870190   16029.930694   13062.495338   22428.495194   109908.281896   172889.089077   79479.577584   0.000000   
9.000000   8062.958995   6026.022904   13287.886850   9944.630740   12882.429784   12336.370081   13779.021739   14229.693754   44161.625890   33089.195701   7888.266878   7038.653237   8092.124244   14594.687160   11969.073966   13091.246444   10848.629237   11307.768183   14447.171588   14464.678785   34976.407361   8738.776379   12855.112263   14868.578863   12553.452366   9225.093864   8813.565055   12578.695685   13407.487887   12120.359145   9106.442113   14536.724949   107594.169425   84110.867182   72052.733661   0.000000   
9.200000   10604.528041   6005.852461   13707.943321   8513.888749   14655.451679   11008.310869   14409.167226   15530.632425   42997.152963   34652.327828   9851.446838   7090.894827   10263.589532   15031.263882   11960.259713   12930.067456   12245.663585   9711.864141   16380.968533   15605.310993   31044.984708   9522.584242   12074.312637   13250.188775   14008.585549   9252.883948   9131.964488   9578.091619   10467.703112   14480.112350   10194.529711   15380.940338   105267.272458   102448.567385   67953.378292   0.000000   
9.400000   8027.617644   5987.341245   12697.893958   7697.307675   14900.386483   12870.878820   17652.219350   17668.317026   42836.117474   36733.877542   8618.785726   6008.449570   7818.121166   14666.563088   13232.129954   13339.777184   9275.411320   11578.601525   17605.147624   19854.109866   35770.013968   9195.988441   14995.227950   16025.100790   15669.636537   9273.210991   7980.534247   9736.770145   11406.730400   11905.838487   8876.124081   11379.157108   102952.386287   70908.500286   76387.415349   0.000000   
9.600000   12448.607305   7289.998695   14560.738136   8433.408739   12886.952841   9042.313133   13482.765909   12523.562797   42238.098671   27534.166026   11687.325674   6580.962844   9978.294411   13229.299493   11031.930429   12039.263365   15440.641505   10893.507160   15957.209802   13481.252216   31487.079219   7589.085894   9265.945612   13027.066830   12407.348189   9606.260191   7058.277369   8249.268244   10121.537720   13714.173855   11057.980186   17903.738049   100786.934410   119921.499980   59350.308837   0.000000   
9.800000   12130.267925   7203.485505   12869.325713   7748.793741   10654.515624   10546.551825   13117.460131   16484.913910   40590.141653   31985.836714   11244.269694   7016.035637   10774.107913   13130.996725   13334.894585   13542.522830   15448.396246   8656.433430   11583.663410   16412.120149   29084.128966   9510.497389   11978.763883   12658.693726   10939.341950   10790.051874   7490.661649   8549.188403   9551.858227   11849.103585   10802.364095   15392.805681   98804.795268   141464.560100   64061.721119   0.000000   
10.000000   8319.900624   6870.322996   10905.890888   11630.866137   10727.811271   10314.594250   15538.998359   12935.676274   34612.843320   24690.059986   9091.044742   8228.540005   9140.240433   13062.634638   13044.415638   9937.096006   10134.117063   11943.986838   11999.117070   13743.193132   25128.449396   8499.175977   10506.364719   11947.821888   12279.100526   10141.241013   7770.049079   11541.894361   11367.389796   11152.338155   9197.383081   12215.340276   96778.209257   100725.676664   53544.949194   0.000000   
10.200000   12481.853714   7340.262011   18971.029810   9559.738802   14969.661432   9602.489947   18219.310297   10751.610039   41839.453029   23502.127989   11250.190569   6474.345940   12038.265723   13421.788257   14258.919158   10476.204748   14160.692630   10182.771575   16307.840843   11878.338205   31310.525657   7077.676119   9939.796493   13481.817904   15161.830928   12689.000769   5974.600257   8587.206905   9148.925120   17127.236346   13866.542113   15051.071630   94799.603544   154047.806869   62145.414444   0.000000   
10.400000   12125.021481   6595.900708   16266.043523   6683.569919   15286.896959   7549.729856   17189.179937   9636.053022   36166.651381   20724.144136   10722.839463   6047.365143   12456.290673   11902.805207   13732.679087   8042.697265   16473.906264   8097.812373   17166.240976   11781.010583   26962.120643   6050.596383   7988.096413   11094.611421   16263.064816   11800.952342   6542.282405   7667.978991   9739.967506   18983.178952   13926.281342   19216.129084   93012.456200   178228.661086   49654.918804   0.000000   
10.600000   5871.752489   5872.472658   9820.281677   9678.266442   9621.863176   12451.495610   14098.156921   14704.295444   36085.498153   27008.825343   6518.686083   6301.772968   8650.043952   13193.988866   11967.842139   11080.638193   7701.134427   11292.732798   8758.206829   14264.235764   27216.441925   9147.097981   11935.477217   14981.456490   10802.976631   10204.715757   7124.256597   11056.522091   12817.682824   9321.012048   8394.580213   10515.707839   91308.177576   116600.789505   55194.372106   0.000000   
10.800000   7009.174347   5288.438100   9709.509418   7367.133096   11054.830135   9291.718293   11081.509494   14195.650987   32783.607854   26509.197908   8407.438087   5361.985087   8275.735928   12501.255087   9649.412926   12329.230120   8010.527410   8338.650043   12176.899001   13766.345045   25612.423411   8755.833970   10202.373325   14173.659003   10888.122648   7329.664177   6240.867523   8577.656836   10997.836195   10514.213679   8404.205132   10141.789952   89643.725949   115230.827027   49263.164283   0.000000   
11.000000   8683.690390   6810.534050   10070.904749   8528.304363   8785.926716   7672.602734   10882.828469   11658.855593   31993.793515   25688.175472   9486.088558   5428.183996   7063.939497   11957.741856   8558.481309   12941.495572   9429.753732   9450.043070   11588.276422   12094.952463   25449.524741   9079.835057   9121.147872   11090.018433   9761.164971   7556.187528   5683.621047   7805.994924   10119.327753   8925.743349   7824.556453   13865.218015   87898.164267   143399.518644   53363.334130   0.000000   
11.200000   5735.640209   5892.781593   8495.855419   9179.422982   8816.531325   7824.629559   12755.276910   12322.425932   32572.121800   25099.563710   6921.329213   4910.873122   7877.863382   11565.192125   10409.185508   9799.115781   7540.590729   9444.563446   11446.077822   14394.618922   24282.027599   7404.908983   9548.705517   12724.045680   9891.388963   8448.729084   5668.009834   9710.744198   10869.490765   9009.175066   7728.231366   7802.926943   86390.481621   90825.675664   47914.408855   0.000000   
11.400000   5434.387413   5205.072258   10080.992838   8930.220099   10013.873504   9516.961953   12520.299168   10233.637143   31183.056333   20524.723025   9285.213926   6143.556762   7981.041281   11805.983646   9905.801045   6707.105641   7016.609055   10675.502802   10185.994727   14387.587295   20441.556252   5805.741130   10303.221424   13145.597054   10221.773149   7462.461422   6490.532378   9826.770483   10829.622069   11274.996712   7832.386710   7560.317012   84814.119296   78170.517881   46563.958377   0.000000   
11.600000   5939.581513   4557.749628   10050.150827   6949.486872   9536.524991   9777.091053   11651.462785   14291.234504   31415.864753   24707.704835   5979.462076   3975.540358   5716.361865   10637.919296   10266.134891   10155.338020   7469.436140   7991.397285   11081.498326   15001.271459   23288.208502   7015.451405   11266.673026   13321.000367   10594.607226   7159.515098   4624.411486   8317.820077   9291.312760   9369.699142   6790.570226   8776.797216   83390.529028   102604.324560   49623.597307   0.000000   
11.800000   5246.384976   5884.616945   7295.511675   9390.248429   12770.298961   11540.227137   16142.895427   16762.397312   34870.638257   26437.965848   6624.649556   5639.437678   7544.938990   12826.792006   12183.488261   11586.317207   5534.375418   10157.189492   14764.942405   17483.242725   25380.446305   7651.778817   14045.499790   16197.687920   14151.980407   9948.776486   5828.262708   8969.910253   13058.033225   10114.758050   7100.186299   6958.457407   82133.201620   93352.765525   50510.961299   0.000000   
12.000000   6595.752504   5184.710986   8844.355428   5441.161012   9532.416425   9538.540684   13874.356866   15627.636858   29947.844885   24791.134902   7158.076721   4399.389115   6221.809323   11351.636508   10821.807071   10028.600317   7762.499664   7404.490086   10410.893585   15617.574754   24178.140110   6356.552362   11913.623059   14225.439649   12145.945180   8573.468389   5171.504547   7026.542218   8623.969487   9820.539439   6549.300277   9726.772170   80689.807645   97611.127510   47803.042789   0.000000   
12.200000   5464.402981   4419.836619   9889.407998   7191.799299   9916.849107   9299.234482   13913.761067   14092.638949   29530.595898   22056.740309   6253.029734   5073.166305   6956.761642   11223.954008   11709.541994   8023.096988   6893.820192   8545.751356   10452.320499   16832.970422   22765.646183   6720.449647   11710.958027   15304.651549   11398.383061   8017.690349   5782.797029   9292.105019   9524.420126   9359.790628   7306.177725   7271.932769   79308.775952   116950.892761   45977.650117   0.000000   
12.400000   5487.558966   6145.417864   9486.708217   7903.801927   8145.273531   8076.581616   10416.866002   11084.290302   25615.368827   21254.753927   6320.225336   6195.458677   6493.889743   10013.387419   7903.294425   7295.708463   7040.338945   7339.815320   8077.149772   11184.886736   19378.167312   5986.777671   8607.667733   11795.526241   8423.875608   6564.828758   5891.275324   10174.187249   9434.838086   7823.029407   6776.200969   7466.213624   78063.100868   108455.302182   45068.016331   0.000000   
12.600000   5326.267479   4723.439100   10525.183545   6818.125803   11144.854132   10443.912612   11831.624203   14307.423552   29602.728902   22005.983915   7724.823704   5361.359669   8139.052646   11563.224262   10132.944209   11005.149055   7138.331617   6019.781665   11447.568473   13661.419337   23305.322742   7858.970358   12091.048431   12250.180130   10435.002892   7397.614714   7605.376766   8538.186464   8539.028544   9626.359427   7607.859516   6821.031098   76814.520001   116040.653754   42465.604882   0.000000   
12.800000   4434.684689   6373.310962   8061.951564   8432.038153   6793.003911   10656.339686   8845.884083   13930.919188   23558.404315   21645.099490   6109.401196   6112.098257   4145.323925   11924.107590   6616.191814   11165.398888   5265.811622   10604.469312   9652.689666   12755.780145   19613.360413   7299.322759   12360.999562   14603.359336   7868.721985   4959.093648   7052.132177   11263.050177   10480.844093   7508.780081   6182.613896   8442.463303   75616.646576   84504.428894   37993.483249   0.000000   
13.000000   5783.345298   6097.000517   8815.059048   9694.561397   7769.499142   14582.387892   9590.697758   12639.330177   20860.207682   17038.235493   7293.153064   6918.002878   6164.348812   10785.193465   7411.937564   8423.327167   7683.438121   12322.588327   10395.791759   14436.126612   17272.189402   6872.967490   12587.342765   14210.207110   8198.770267   6680.838053   7533.881061   12911.235534   13600.092342   9378.160998   6998.457446   12766.009460   74479.209172   123669.730528   31875.877720   0.000000   
13.200000   4380.892913   6092.156893   9389.639758   8489.919089   10358.846720   10295.619867   11515.343532   11655.299058   20788.807058   20237.966182   8455.939443   5245.667444   5861.564218   10089.124237   7484.381759   9665.012191   5254.528750   10419.415417   13190.203731   12502.673335   16401.605580   7102.014630   10449.929130   12545.332401   10890.498013   5911.379445   5503.410286   10123.145424   11248.790659   8230.987824   6532.251162   9708.450605   73309.651489   80256.023670   36633.795825   0.000000   
13.400000   5422.429393   4919.358734   9487.915104   8790.465300   11237.192581   14341.055024   13264.298494   13376.609340   18502.071735   19361.416341   7505.699884   4995.372337   7288.198700   12198.906402   9530.183514   8486.920649   8727.493773   10704.345415   11737.122807   14774.069953   16752.687327   7253.170267   13126.906794   14058.708294   11695.616025   6948.623598   6852.279422   12203.583518   14083.846837   10662.998483   7269.636938   11296.088508   72197.316800   95554.726498   30425.559627   0.000000   
13.600000   5580.830560   4833.586268   10277.021577   6830.384405   10735.066929   12595.355025   10955.075759   14004.481825   18450.097417   17192.005317   9869.487177   4061.649987   8295.299982   11522.943151   7400.932930   8905.019496   6975.903514   8033.237728   12959.509701   15658.768775   16151.631270   6568.268722   12055.075515   12920.340013   10389.227444   6614.850308   6086.924442   8553.399791   11092.428460   10602.533474   9929.512276   9871.053081   71131.620110   96003.731860   29244.695080   0.000000   
13.800000   6564.748331   6109.351335   10127.833399   9246.361149   11630.912158   10408.613679   12683.386217   12307.276311   23679.082368   15965.741327   8370.661542   6235.692001   7761.799878   11935.250524   8715.440509   9056.587984   8012.485522   10161.724866   15314.950486   12293.800602   18114.465692   7429.305125   10686.805789   11723.090413   12014.788018   8210.796090   6943.033365   9607.651431   12008.435715   12449.081245   8819.598450   9927.050814   70163.982771   105981.367837   32177.831201   0.000000   
14.000000   7472.533165   6793.775267   8811.155616   9757.372822   10968.528735   11539.001470   12359.128719   12878.381947   22613.296901   17646.956010   7323.541533   7150.035877   6897.874368   12087.944080   9248.728757   9824.927332   9196.162747   11062.328465   15635.381266   14312.269770   18219.204871   8378.339353   11142.002970   11361.046731   10274.207983   7789.265952   8235.723075   11613.622009   12335.337146   9811.341225   6903.840350   12003.772070   69138.188671   108224.036129   33737.504220   0.000000   
14.200000   8413.775164   6813.325730   10788.720881   8658.322178   7592.007073   10418.825205   11130.122016   13181.603360   22643.893977   19659.766390   10195.530527   6534.395266   6046.785030   10739.022266   8809.311289   8813.616449   10757.098646   10077.651230   9125.789835   12570.814204   18930.210803   6858.096555   11370.780660   12994.882498   8890.237468   6866.359661   6346.985159   8081.144277   12281.364435   9258.289430   7652.117104   15800.170985   68187.009132   122551.694110   32780.407206   0.000000   
14.400000   8048.383157   5909.566551   11743.278576   9077.435041   10512.191689   11596.710303   13259.456386   14413.925136   20068.835284   19216.738906   7950.434707   5048.758114   6719.006914   10280.703915   8906.615553   8932.740274   11575.463825   9624.214053   12516.430251   16356.894030   19026.711750   7149.449346   13198.446363   15398.334717   11659.099753   6078.886924   6345.681009   9891.222528   10473.564181   10945.326117   8049.635750   13472.410690   67234.502935   106220.720016   33442.915679   0.000000   
14.600000   9836.745678   5956.431190   11760.507236   8340.916389   10282.289398   11950.126976   13855.075512   12618.637544   22620.073344   17974.445587   8937.200417   5969.814167   7222.685897   10274.854601   9009.216455   8417.225226   13072.492234   8819.356775   13186.785028   15732.015690   17399.369520   6958.960208   12180.064622   16590.526240   10814.872380   7155.825301   6446.172019   10745.266886   10522.180308   11424.849216   9154.454454   15427.094831   66390.190754   136936.591017   32261.342842   0.000000   
14.800000   6909.868156   5765.849755   10927.378618   9330.467208   8040.110470   9732.835589   11570.380952   12282.812632   20740.072363   16608.340800   8237.016381   5372.103478   6271.042271   10232.576008   6459.537798   7906.667670   9119.246021   13092.366772   10654.526748   11107.894095   17028.999028   5681.692146   10484.804253   11366.323866   9097.967737   5920.666586   6235.671142   10549.898108   11308.209719   9026.691789   8385.257113   13361.539954   65399.021970   120092.200017   31147.294690   0.000000   
15.000000   7710.741191   4842.683772   12246.526822   9393.807816   9036.264105   9738.654416   9889.207828   11914.584795   19712.106377   18116.476357   9805.767740   6089.626476   6104.427920   10052.769756   7039.108590   7485.884637   9628.978842   10772.804405   9818.439999   11348.903980   16359.906322   6140.520719   10354.944412   11183.558800   8841.459451   6330.224607   7626.880625   11319.767345   12805.232821   13810.325227   9779.502560   12034.919468   64572.723841   103021.583805   28831.109696   0.000000   
15.200000   7176.408343   5312.969344   10033.852610   10766.135850   11930.512759   12739.190844   15681.650575   15157.947335   20976.065029   17649.425698   8306.713691   7000.310942   7913.040644   11300.215255   6786.269414   10699.821547   9445.804083   11773.074547   14467.172719   16527.596545   17727.951050   7641.120728   13014.582844   14733.656714   13313.597987   7929.604780   8856.103816   12690.532634   15119.861802   12796.380699   9813.561026   14340.703913   63758.216494   114295.620386   31192.670531   0.000000   
15.400000   8247.791385   4933.424913   11044.726008   7946.708070   10857.158586   8146.831871   11242.946202   12260.759884   16637.723052   17350.213360   10776.632030   6057.955338   7367.384273   9444.130347   7241.235281   8834.724135   10391.788253   7797.942600   11845.927623   14761.826327   12050.341075   5519.043673   10355.638293   13807.317171   11559.060664   5766.799677   5606.635330   8243.480967   10177.990700   13379.356446   10750.235305   12040.627558   62921.917947   96203.294213   26355.829257   0.000000   
15.600000   9294.792409   5374.694271   14592.079360   8883.815046   12322.626073   9669.699323   13763.012090   10322.353717   19482.393530   14037.723752   11423.099214   5371.948057   8565.733111   9156.668023   9015.897786   7829.626456   10768.263123   11455.151124   15162.199321   10560.952258   14446.070900   5612.206382   8145.446625   9739.166160   11879.016988   6825.829263   7313.924995   10039.134321   11510.401395   17111.730808   11684.227368   11597.355498   62047.885350   110570.564515   24196.458150   0.000000   
15.800000   9114.560778   5246.710746   13037.651899   7403.654953   11582.217427   13789.765196   12903.093450   16789.400623   20358.910905   18527.943034   12710.549652   5164.224996   10197.766490   11294.586268   7662.063307   13080.958166   11613.936991   10142.191940   13243.843160   15414.355656   14174.181619   9834.400789   16166.386576   15692.812271   10350.708099   6369.471413   7601.058544   10998.518219   12780.492923   11855.630853   11536.045118   13869.094525   61363.744993   166464.304022   25953.201599   0.000000   
16.000000   11165.630000   7886.205527   19089.138276   10677.873106   10975.216708   11849.605666   14041.050860   15938.139192   16322.406243   15312.208038   16116.740198   7255.747966   11428.439393   9305.791762   6799.654688   7818.014076   12569.846991   13109.681969   9713.820845   18442.472881   12503.045034   6313.056462   13080.345563   15370.597816   9252.163273   5740.911088   7669.951496   11828.061765   12286.537656   18061.332722   13501.509065   11376.634772   60642.327095   113128.257770   21828.567626   0.000000   
16.200000   7387.234283   5812.941392   13889.772815   8473.078285   12402.321632   8272.888323   13134.546562   12264.139075   18771.279018   13947.004035   12314.749137   6877.854372   9130.168599   9352.360447   8093.939583   7783.143893   9227.838256   10725.169741   12984.298138   11405.623602   16661.255285   5869.487055   9462.904231   8771.695331   11157.135353   6593.325544   5642.090721   9612.203229   11304.674015   15198.294422   12105.040341   10840.188783   59770.819327   89124.257741   25567.698543   0.000000   
16.400000   8286.829722   5681.598087   14342.449074   5938.493382   10835.505582   10616.756528   11992.796257   10286.664609   20309.302191   12984.959988   11288.037649   6310.150710   8396.415437   9435.943104   8413.957072   7534.751767   9666.266680   7352.344638   14135.575865   9549.572921   14487.226569   6429.821653   10573.750696   9443.976594   10291.704442   6496.292568   6646.309109   8109.436014   9242.702096   15801.945718   11406.996260   12114.409969   59017.448310   104513.733666   24463.550966   0.000000   
16.600000   5707.275349   7005.551286   12052.776274   8118.966423   9408.534225   8712.402001   14064.663109   12078.576563   19378.281101   14726.002848   11903.994798   6910.944772   6650.141650   8364.226527   8032.899710   7054.628144   7883.343513   10964.656082   11843.034039   13558.742117   16421.108721   4979.115149   9384.695454   12394.043421   12658.904449   6928.898195   5439.750239   8178.313340   11638.523839   12277.241184   10520.821313   12265.370590   58396.985448   94022.488287   24206.470547   0.000000   
16.800000   9031.202406   4786.523352   17288.055456   7892.397294   14807.401176   12705.441664   8950.833255   12558.022143   17237.856066   13877.547551   15339.413738   4997.969065   13252.752923   8910.380976   7000.940833   8078.417778   10615.722406   9103.850628   14365.419649   11923.148668   14059.844568   8041.910412   12012.258258   10140.128789   10540.592448   8050.507760   5891.012808   9189.022662   11260.955597   17113.837734   15035.222657   10257.309997   57664.175876   127948.532619   24120.324185   0.000000   
17.000000   8166.502445   4531.233248   14538.516052   8061.365413   12868.982162   13230.726425   10780.870516   12545.062308   20375.733231   15079.763115   13031.807018   4623.209997   11415.185529   10603.746096   5988.083138   7820.196491   9289.862777   9671.898488   13798.365145   10853.195490   15680.466646   6902.337942   12020.782683   10222.949015   11044.008157   8788.149729   5371.613467   11331.798475   12398.862811   16057.718462   13358.060908   10776.138314   57005.396673   107177.173634   24671.353464   0.000000   
17.200000   8298.500163   7594.283756   15960.998320   10534.715503   12969.409866   11608.897246   11512.975527   10750.123894   21793.424783   14829.246626   13450.631870   7155.831050   12251.090265   11315.109953   8268.852895   8115.233364   9481.195886   11015.498296   14044.051624   10174.211462   17293.921549   6441.196893   11324.331883   10928.445161   11156.724769   9516.551016   8501.377388   11866.103924   13698.787070   19322.104414   14373.555166   10645.159131   56296.839004   121904.362958   24772.537154   0.000000   
17.400000   6316.938075   5917.394794   18076.481856   11313.190774   15380.056189   12970.650221   13574.900227   10211.204621   17800.315271   11505.745804   13888.660394   6131.946313   12331.461467   11462.297630   7943.526830   7080.145070   8496.500871   12917.050205   16282.076591   10820.904662   12377.274935   6240.815646   12072.472043   12339.466966   13226.175294   9678.875288   7126.365999   13466.634620   16305.245958   21412.695795   15362.629499   8411.065637   55628.163686   72160.366264   19380.142105   0.000000   
17.600000   7722.928776   7914.116274   15292.302976   12797.427244   11458.455690   10902.112643   14467.557171   10382.578751   17766.125807   11027.277630   15590.828909   8708.645228   11838.919824   9387.229124   7249.765436   6646.230088   9731.816243   12704.398278   12318.214657   12197.830454   14473.881145   6116.013240   8707.878228   12137.745000   11922.145752   9835.354749   9603.318694   15754.247523   14599.692725   18293.183429   15271.052078   8722.450144   55053.396892   85191.735184   19849.013993   0.000000   
17.800000   7113.438569   5924.745798   17107.225622   7715.631657   9850.337546   13942.355200   9559.952372   9344.331347   15329.225983   12190.114981   15124.490844   5391.146363   11360.608722   8395.792741   6053.015351   7036.474823   8202.688393   9710.547115   8927.066502   11389.601957   11600.715812   5559.928767   10493.286349   11409.687582   7113.509273   7492.686909   5905.769005   10917.334799   13319.198634   18837.202436   14589.062385   8265.371185   54484.310230   108232.175345   19667.526572   0.000000   
18.000000   5868.691276   8681.362373   10705.401100   14342.411913   11685.913873   16304.758359   9032.747825   9196.338049   15130.773544   13613.365157   8627.293136   8771.726405   10124.768352   11585.683225   7050.260522   6695.345151   8688.173522   15919.522982   10106.579625   9765.893873   12691.476845   5868.157674   11453.190949   10701.756375   8455.823700   8948.186881   9655.520203   18321.845815   18011.209782   13783.358152   9388.321344   10496.652675   53811.838798   133936.562396   19571.508082   0.000000   
18.200000   6615.021970   5940.877579   10250.458311   10294.916243   10556.613172   13669.191717   9870.875952   9710.755028   13886.547576   11370.169630   10019.366307   7650.120704   8798.556662   8675.469408   6811.330656   5599.778303   7577.554882   9609.675761   10217.571314   10931.019321   12513.806528   4789.533841   10399.466403   11061.828415   9467.745299   7604.060535   8824.776535   13130.123075   11116.769181   11392.687623   10296.046292   6086.144547   53283.163297   85571.375912   19899.399899   0.000000   
18.400000   6760.309085   5035.630573   14151.772102   7174.022841   9669.540744   13257.711270   9183.333209   11182.836625   14635.164891   11882.069664   12302.046402   5077.106011   9467.380595   8795.024057   5554.005199   6881.559208   6983.917546   8833.699624   12721.882457   12805.224497   12224.346380   5937.075549   11148.308389   11833.394333   7458.473557   5283.053103   5703.771861   10267.086366   14301.639919   16341.271013   11198.220464   5236.221036   52692.182884   77566.918221   21153.520820   0.000000   
18.600000   7571.449464   6966.890560   14312.350959   10850.342008   12318.205069   13818.580341   10422.786223   8941.001666   13716.988440   11201.262859   11968.082355   8559.949691   11227.307305   9651.213269   5840.012803   6205.391301   9414.708158   11150.944390   11440.217772   10738.798769   11141.087832   4734.590887   8814.212929   9040.223998   9040.469454   8950.489245   9154.006437   12852.254766   14009.658016   15040.166068   11484.684417   5825.676506   52113.924890   72857.589080   19519.769576   0.000000   
18.800000   5702.558417   7610.505688   9597.808135   10165.889753   13135.206424   16037.037213   9536.729631   11048.584828   16499.660585   12079.625040   7717.603439   7481.973138   10700.837138   8920.074574   6043.099059   7725.360584   7350.092486   8489.705849   15471.988783   11241.136362   12285.240748   5954.455031   13791.896396   12357.322389   10253.897494   9839.120956   7299.282747   11794.079904   15161.724610   14083.613493   10375.792235   6624.505820   51610.277555   91500.862296   21299.025938   0.000000   
19.000000   4867.914154   7091.148687   11602.246289   10314.396810   11796.263215   14433.489082   8007.459850   9149.326400   14663.855099   11182.264371   11256.786225   8496.095830   11372.219131   9322.611640   5609.776447   5306.604734   6583.475981   10983.461708   10647.230509   10286.513524   10346.014921   5406.272581   11464.280565   9958.616515   9148.840099   8398.908363   7724.006039   10931.216403   14044.998147   15455.860993   13834.092594   8464.853956   51034.397463   87688.774482   18173.660756   0.000000   
19.200000   6897.061450   6838.078952   14087.459965   12582.684952   13229.583361   22020.900016   11391.511941   12786.731722   18180.079177   13620.826837   11084.479819   8131.153294   11984.486637   12478.367496   8627.404638   9599.253690   8531.564698   10732.646972   16263.949374   12692.741307   13157.472560   9657.437563   17107.308892   13781.347815   11098.759126   10837.844346   8275.378137   15989.278676   16300.602809   16806.345368   12459.765463   7226.589094   50492.108242   90809.937647   20388.038455   0.000000   
19.400000   6264.648484   7434.295730   15772.886091   11923.642879   13645.518832   17457.221554   9802.264483   9930.025447   16003.198168   12223.032224   12974.998691   7648.719302   13045.226110   11399.275746   6749.094051   6529.925311   7308.183733   14739.878397   13988.372102   11682.847221   11625.285139   6708.348564   13097.898446   11699.549495   10215.057216   9272.909093   8568.746853   14302.994434   17829.389018   20088.297498   15495.858479   7524.385708   49951.364736   76392.520078   18224.778688   0.000000   
19.600000   6157.409091   7817.883383   10662.267020   12760.631886   17000.055447   18442.437303   14693.301373   13576.128201   19600.460824   14197.672206   10739.713357   8665.341327   15618.076027   9873.228873   8176.014398   8033.812446   8867.732412   10940.118372   16649.042373   14265.716064   16996.285544   7510.432804   13548.810034   13765.244592   13532.189135   12383.646283   8883.991745   14006.575443   17132.128597   16754.079560   14280.213173   6846.004335   49538.930987   66826.343599   19149.831554   0.000000   
19.800000   6218.511537   6369.976542   12983.023212   11201.882368   18619.634175   19391.487459   15958.955633   13235.741958   20264.421328   14562.771033   12368.236150   8706.340043   15115.825258   10759.705006   7134.361586   6085.875965   7699.278832   11401.093874   16098.673718   16451.362768   17097.968381   5967.239472   15033.955772   14616.542357   13634.699048   10528.893191   8540.467607   13619.736795   18470.087543   17493.041113   15580.672904   6865.019441   49182.217369   73220.583225   16565.501157   0.000000   
20.000000   9448.484883   8595.433872   17858.633268   14664.040943   19672.956947   21805.589225   11657.755703   11307.996797   14354.142427   11930.761314   15404.560262   9563.567727   12066.605027   12719.116716   7827.051795   9595.371958   10996.622339   14558.512149   27825.418017   13040.882815   11166.648400   9423.638550   15950.609192   17144.824630   14383.024731   9857.670286   10005.344947   16626.598028   21850.791952   20958.324026   15517.602384   8613.918388   48680.101844   122470.799909   16098.299241   0.000000   
20.200000   8087.565305   9190.718930   19571.962600   15412.891460   19429.695420   22783.339930   11334.393373   12364.226141   15281.228254   12692.633291   16023.347681   9060.012129   15819.165259   13351.456003   7098.529065   7032.311508   10678.389511   15879.247483   22863.876686   15499.042662   11532.700201   7965.102758   17513.957864   16031.247148   12463.029508   9915.545241   10206.348877   19439.134146   22777.268029   25935.166745   17491.787084   6893.423283   48223.060636   107477.441810   16382.501450   0.000000   
20.400000   11833.964884   15160.680406   24115.713787   25722.828467   25037.643518   24602.375969   17335.742610   14750.665891   18394.815175   15078.930174   19790.750344   15311.387782   18475.415329   13189.417167   9959.686757   10400.809292   15162.646065   23745.263551   25487.786163   16858.118095   17254.304875   9324.617682   19671.713479   19860.932659   19233.739946   14191.297191   15673.908525   23589.110523   25636.943214   26939.897654   21717.408576   8150.557571   47707.277017   76051.164635   16135.073278   0.000000   
20.600000   12432.614661   15676.076331   25139.414319   29961.400791   28297.020396   26961.818853   18906.803256   17926.112002   19564.584354   18996.003376   19580.604793   17427.853355   25261.607037   11715.522723   9323.975402   11776.299278   17546.153710   24396.238065   27129.836195   22258.961264   19241.073758   9973.349711   22378.183583   24362.044232   17279.209056   18050.196184   16503.661064   27860.867187   33330.887595   32000.442872   24215.368160   8645.591256   47515.448284   75338.313427   16182.044967   0.000000   
20.800000   12080.412749   12957.203302   26416.122548   24135.192335   36986.525247   28820.428357   25133.151408   20090.761364   24160.677009   19286.687515   23557.509829   15466.705168   30200.678077   13295.696456   12550.262884   11630.320300   15468.660132   22164.732632   28162.798547   27330.916394   21942.656083   7809.744719   18648.735598   24683.916306   26999.898986   20040.000402   15503.612003   27022.284572   34788.772959   35005.721475   28543.771966   10242.515138   46860.478407   79451.293380   16604.838134   0.000000   
21.000000   14542.027958   15258.881594   36295.589486   24826.850754   42581.178676   34133.796611   20143.543252   18934.442718   20184.109967   20427.658492   28359.638146   13994.907772   34057.977212   14976.360743   11121.834813   12310.702516   17968.291465   28709.757714   38246.696165   24951.080659   20762.141430   11396.925721   25631.345919   28908.847999   23801.958951   20733.621408   14690.897838   28974.733111   48733.036748   50944.077259   36258.946331   11296.221995   46396.173332   82617.498408   18718.081896   0.000000   
21.200000   18779.422240   18671.828919   36175.658061   30826.847440   41866.728914   33297.436159   22340.870403   22392.345647   18098.754685   21763.672630   26776.070057   18366.613677   30187.813508   16068.147770   15244.634741   14032.857797   23741.035342   29064.709879   39721.765629   26744.783405   19087.532803   12051.424187   27216.038361   33453.537488   26963.530925   21041.298191   15809.180068   28117.150116   46253.668059   47541.364792   31279.434041   10333.357564   46160.103133   87021.748334   18017.556983   0.000000   
21.400000   19039.261157   19375.405490   45351.599680   32129.201707   34825.727351   46398.037895   19002.118408   20878.284392   21160.973532   19083.236400   30545.217079   20426.115026   25020.730898   21455.611915   12409.081110   12648.400580   22465.662065   35731.568697   36753.242260   23795.798691   17129.571099   13373.725625   35092.252278   30087.282340   25253.116280   18035.090659   20827.233211   39270.428572   53203.416619   57191.318827   33992.975242   8277.452502   45537.751580   74512.593147   18112.558340   0.000000   
21.600000   25533.697542   23596.672525   55575.132461   39010.723831   39420.060237   40882.444615   21529.507509   21909.133248   22515.726939   19592.434733   37033.758713   21339.287415   29569.397289   17975.907730   14759.312095   15571.332649   30773.960168   42800.240401   43428.054437   24288.477072   18726.977578   15257.695795   33421.034919   31979.255053   25774.963894   18458.526554   20165.386450   36701.541220   51061.048234   61551.471068   39513.528923   8737.513514   45194.693983   74157.197623   18597.669919   0.000000   
21.800000   22487.653577   17811.847540   53882.316024   26332.098138   33473.403878   41072.652961   20656.219497   21226.353808   20953.780141   16020.958694   35991.084773   14601.918859   24534.491613   18923.997446   11767.113298   12440.127624   25104.433566   38422.733630   39130.525478   21909.527362   18559.063083   13161.356315   34276.939030   28202.085355   23691.489174   15399.925177   16124.957199   28585.414873   43433.695913   56518.888646   36721.937179   10645.548782   44806.226546   86174.271377   16737.628510   0.000000   
22.000000   25921.443115   28521.443914   58840.082365   49245.632802   37767.558346   34767.059180   22530.859646   20847.266296   22757.923203   19219.144674   34615.658274   27385.405469   27769.100652   17307.382311   15365.898577   11612.172299   32616.818870   48877.917524   39374.660060   24372.473078   20322.002693   10405.180085   26853.760174   30410.639383   27228.077572   19955.351974   25061.450962   45382.890637   55706.948881   62495.524009   36620.073519   10506.641309   44486.927443   110430.682471   18614.983310   0.000000   
22.200000   23205.618544   17812.111987   70452.480538   32248.948469   45593.992794   32715.371577   15821.231424   14907.210783   15921.122923   14929.347823   46252.289327   15127.018421   35654.177199   15201.630972   10873.542305   9798.265265   24792.760678   49997.547514   40503.203872   17523.471495   15143.659447   8498.394401   25086.429617   27092.819164   27236.573649   23619.274008   15886.986453   34747.316194   66778.517798   84448.287049   52589.279424   13343.266449   43808.133720   123662.827381   17531.459083   0.000000   
22.400000   16083.560996   14876.772682   43237.787570   29128.066052   33279.742687   28509.834527   11534.425436   12358.246947   13173.286949   11843.174904   26790.689942   18337.405047   25121.309112   13158.095627   9538.668130   8336.505948   20756.636434   31728.946798   34677.684963   14452.463596   9682.138183   8340.420081   20253.194057   23449.670559   19381.732134   15087.159435   18910.984199   34605.253433   51561.491816   54877.694450   31421.419536   9812.257163   43488.874543   92801.368082   13948.624207   0.000000   
22.600000   15094.895604   11161.855065   44272.240769   22695.948399   28168.668465   21055.473728   13199.831717   17188.334488   14286.905776   14418.349021   29716.837781   13724.613697   22397.481376   12301.967871   8810.841023   9931.085962   16503.246242   27445.779290   26705.959145   20451.874552   10318.099142   8379.983524   18265.664601   25698.988795   18584.026736   15452.501603   15069.825529   25698.993502   44785.690213   51502.646067   32176.886075   10305.873761   43069.935714   78825.471807   14116.908051   0.000000   
22.800000   11023.725423   11332.284429   29158.135277   24912.011847   20882.858221   15027.077209   12371.017958   12380.533674   13798.376850   12059.706650   20143.792430   14509.342523   15617.245980   9192.651269   7809.752659   7715.313495   14451.771842   20875.351364   19996.083058   15256.647374   9164.073395   6092.927998   14623.554480   19060.009137   15459.443742   10982.988679   14557.702834   22133.754067   32112.711263   35390.458944   21533.768484   7822.547081   42603.396475   94982.202627   14217.361895   0.000000   
23.000000   11733.362800   12044.184816   36793.167372   19798.937755   26154.685626   18551.318818   10720.391707   11441.119357   12254.625561   9669.418241   23304.952904   11540.842305   19109.574414   10427.719324   7409.525216   9082.300415   13127.100168   25453.213069   26720.971403   12337.967740   9980.237432   6872.309869   15380.268761   19007.223826   15982.869455   10255.817688   10592.397140   22413.460082   41602.280620   48006.340559   26581.602082   7119.887392   42217.664844   90665.819111   13930.404178   0.000000   
23.200000   8094.864555   11160.817936   21096.719790   22313.113717   17516.293961   14179.479224   9816.585686   7926.828200   12673.786145   9232.240391   14693.739142   13863.218732   13863.374754   10094.947915   6505.907258   7620.006737   12171.358153   19283.557248   17231.771447   11134.778526   9008.892715   6722.980862   10881.224096   14404.005145   11510.827276   7796.196730   13416.508600   18337.557469   25627.137020   26614.416036   16678.797890   9647.708016   41844.777461   103777.182947   12830.867584   0.000000   
23.400000   6995.775192   11077.381691   20013.715067   19373.489937   17278.832153   16533.001265   9791.645704   11541.495902   12648.911873   10943.180955   11921.291989   10321.596056   11723.276916   11298.963126   6787.489623   6955.195751   9403.146960   22375.771656   17245.081968   13412.995014   9192.439223   8191.976966   13386.670125   18028.899632   14604.100370   9962.113115   8860.313267   20461.013193   31674.658131   26536.924523   16056.616761   10163.676210   41581.391041   78808.697720   13185.340215   0.000000   
23.600000   5518.543355   9066.425293   17568.811228   17683.965224   12127.646856   9921.581861   8595.667037   6936.647484   13107.770935   9207.004858   11524.412400   9442.967087   8495.050748   7343.515350   5059.362888   6210.475963   7207.563939   15119.061424   14148.556951   8685.102013   9806.395210   4897.003463   7856.161630   10276.033441   9887.893650   7450.583592   9208.332137   15756.036270   20932.262830   22907.238197   13458.495560   8583.085254   41179.643154   65390.904990   12748.994887   0.000000   
23.800000   6902.056311   8275.256649   14107.777189   14889.120234   14479.283223   10457.006801   9771.273901   9289.777881   13154.534505   11498.131314   9768.514500   8272.446066   9376.204577   7176.350422   5295.410590   9581.634054   9161.260315   9903.877456   17980.258103   11623.747749   10030.529084   5957.009218   8845.883801   12848.397650   11864.409252   6813.546405   7335.187541   12474.149817   15003.505710   18211.646185   11074.263694   9472.155279   40813.329732   89642.019248   13697.673988   0.000000   
24.000000   8416.920119   10910.440777   15359.286462   18784.284704   9526.341228   9354.761290   9020.611301   10020.434318   12112.801735   10761.539426   8937.867044   9797.800623   7280.072988   9085.421595   4997.893907   7952.172001   11170.486020   16059.943223   10672.418085   10727.943917   9527.650729   7824.882510   9573.277679   9724.847107   9642.294803   5674.308402   7930.321318   16493.746831   16317.477444   13441.237762   8393.580452   8426.695973   40522.674960   89310.675156   13290.645372   0.000000   
24.200000   9617.036878   7763.005121   15941.369196   11716.882963   11158.867517   10208.293024   6072.115402   10746.797526   10762.355006   11590.205921   11027.516677   7259.720369   9373.727496   8989.733629   4258.964024   9270.557119   11642.987333   12690.969740   10793.514228   11257.855006   8407.951222   7186.961911   10761.693172   11505.652665   6868.252218   4998.516031   6942.611688   10333.903955   18894.921620   17963.271073   10433.120652   10869.369076   40233.612908   107507.967640   12790.369544   0.000000   
24.400000   7073.211904   7857.877493   12314.474531   14332.009745   9772.843819   9629.592064   9803.620351   10704.376712   12268.777712   10613.024745   7619.741910   7838.159231   6219.113551   8262.792954   5277.687115   9120.836084   8872.310702   11601.301817   10289.040028   11633.757940   10000.631922   6631.637823   10421.109075   11377.900668   10862.820767   6691.765613   7685.672529   10755.868728   10654.506158   12901.235287   7816.272098   7738.235968   39783.592670   98615.900141   13220.209999   0.000000   
24.600000   6031.104345   5843.681367   11474.185131   11323.513353   12124.526140   8811.086029   9513.424355   7756.326013   11373.024828   8652.563385   8370.697393   6726.670407   7700.358179   6479.317742   6332.640143   6430.630060   7418.235684   8534.478308   14485.944620   9201.896287   9431.112873   4354.858220   8131.382347   8648.288047   9637.905517   5713.806895   7202.837310   10383.754164   11237.964425   14481.877681   8799.329850   8490.596181   39489.698485   92000.698830   12362.372456   0.000000   
24.800000   6923.026834   5518.479949   12794.925297   9935.346888   11032.164549   8843.549896   9919.181938   7092.319067   12276.300039   8924.598428   10427.262511   5699.394870   7861.298343   7554.892381   7099.291904   9459.465595   8211.050461   9888.450050   12310.975368   8081.226392   10013.981087   5626.519536   8138.238484   9015.739444   9424.223994   8192.548444   6278.392406   9613.090339   10382.082789   11261.387840   8967.629897   9068.354988   39194.150023   89527.719697   14507.575220   0.000000   
25.000000   5469.736424   5023.491076   8326.242964   8574.049797   7483.573949   8294.907197   6405.420124   7748.963026   10659.222546   8735.401291   5821.004375   5007.743662   5015.381535   8082.322234   5147.066844   8376.751503   7093.445398   6896.815395   8386.363454   7331.109884   7375.400678   5542.733071   8218.404900   8120.871104   5360.361633   6018.717936   5080.625947   9847.559663   9237.761226   8363.526887   5897.988494   6345.759735   38845.010597   84550.776371   12312.017301   0.000000   
25.200000   4906.573592   3892.913792   6888.384382   8207.285759   8870.179685   7677.991506   9276.873640   10385.438205   10279.174882   10263.793855   5158.272365   5141.265733   4713.184602   6926.901739   5389.398662   8486.527576   8545.937413   5243.612637   9140.502075   10377.198304   9068.582984   7821.248848   9502.199461   12059.555365   8726.011105   5446.590422   5215.416716   7964.762750   8597.622841   7892.714914   5416.269256   7257.314766   38523.620019   75776.790824   12870.595278   0.000000   
25.400000   4899.294118   5480.910762   7101.978385   7819.438503   8094.474765   7896.605344   7380.002892   7889.295054   9813.894096   7570.437485   5398.620513   5038.056008   5330.750356   8160.675443   4867.804064   7630.891987   5940.543013   7007.570682   8373.129158   8844.774297   7390.032988   6585.309010   8565.649512   9524.364242   8504.916427   6444.668576   6444.556884   8108.814274   9273.388072   9851.443076   6279.311892   5988.908150   38253.906784   72250.831317   11410.676115   0.000000   
25.600000   4026.108741   3744.385024   7130.306128   5872.392338   7704.161908   8818.135814   7667.731656   9176.974814   9542.148569   7777.504280   6175.211457   4287.682189   5462.855739   7554.585065   4576.414037   9703.578303   5085.673181   6280.425792   8866.172593   9355.546043   7044.384204   5871.306984   9994.392367   9671.427137   6755.814604   4320.339196   4794.307779   5914.429937   8904.903329   8755.730083   6354.480034   5512.501784   38000.477117   62964.543935   11210.386024   0.000000   
25.800000   5179.574589   4904.835594   8415.547296   6992.347177   8223.070328   7248.668524   7000.464385   6410.754519   8788.065503   7348.293864   5324.502320   5032.918029   4208.830252   6705.174116   5450.414018   8901.965272   5759.190190   7627.151524   8652.941541   7702.410760   7548.516434   5601.293928   5880.772175   7076.982783   6231.910317   5388.247436   5194.617761   7655.373517   10344.331025   10608.329408   6088.256678   7421.847988   37713.773671   69803.430277   11630.302251   0.000000   
26.000000   4549.798904   5847.259242   7129.676797   8263.100040   7295.238684   5943.531195   8416.604687   5749.478284   11065.864360   6311.764499   5591.345748   5359.051921   4965.872175   6938.343544   7030.932880   10185.179116   5047.497227   8735.774307   8263.705478   5378.946564   10341.975040   5040.170069   5392.587100   5489.843945   8241.779491   6851.494793   5091.851957   7126.236919   8571.392227   7367.129896   5116.046248   7864.037501   37359.877808   85419.225614   11453.479741   0.000000   
26.200000   4595.383348   6469.051283   8037.339661   9411.169709   7373.381865   8019.266957   5626.551218   6678.458522   9074.138976   7508.316322   6266.860269   5765.199631   5584.836447   6869.857471   4772.320622   7080.469481   6748.757462   9478.993878   8995.837241   6564.008884   7411.459169   5975.908579   7161.517743   8475.655634   6096.692849   5313.511925   5506.178883   10431.732898   11557.886315   8465.564158   6364.175190   6610.064586   37072.801737   71270.055724   10470.311426   0.000000   
26.400000   3358.584380   4918.415140   6362.096309   5679.546010   5580.736361   6163.904486   6535.464544   6592.371580   9357.745690   7024.879976   4433.056388   4578.933237   4125.829186   6933.100113   4017.017459   7247.893421   4448.461376   6806.045263   5441.550820   7745.230287   6757.764270   5818.992622   7216.367769   7927.662022   7229.102505   4863.783064   5065.795589   6591.953599   8202.897259   5670.229873   4805.146998   5370.658201   36779.547560   79415.434355   10841.309002   0.000000   
26.600000   4832.108164   5652.332373   8474.090056   7226.740158   6887.797684   7581.355726   7847.493058   8564.724505   9031.096245   7628.833978   7115.240915   4819.941834   7373.188428   6547.424994   4588.589456   7018.214420   6430.518967   6878.716376   7379.701334   7600.124699   6793.225432   5110.599230   8861.000990   8227.581616   7578.168572   5943.926138   5260.010824   6674.090343   7140.695543   9455.744084   8446.831410   7751.893794   36596.217870   103520.352998   10710.894879   0.000000   
26.800000   4637.784908   4123.877480   7640.078473   5977.177389   6361.724167   6931.119347   7473.643280   6199.323525   10968.872616   6927.763534   5700.167331   4130.805570   4970.183042   6924.876881   5788.538533   5760.538783   6017.387001   6689.991942   7012.713854   7265.599819   8904.936443   5460.881017   6363.630967   8150.693400   6430.062046   6621.166361   4084.292567   8275.358767   8970.614539   6162.849205   4588.735871   8409.369448   36265.445825   81910.987247   11747.210897   0.000000   
27.000000   4495.982108   3821.355250   8332.862884   5358.408954   8161.697470   7775.600574   7178.944620   8045.127148   9065.138358   7665.250150   6254.825929   3485.955444   5836.027166   5401.347517   5059.679365   7660.348612   5356.531463   6081.356278   8745.667252   8182.403661   7534.782797   5641.735403   8184.833126   9638.478678   7674.874976   5638.420538   3711.547339   6658.833947   8360.225956   9129.615707   6997.259285   7159.869157   36024.035058   61102.840956   11134.804240   0.000000   
27.200000   5293.612628   4982.628174   8381.716945   7984.630273   5125.326237   5718.038247   6500.718442   7331.887559   9419.733793   6507.233286   4993.669622   4586.028780   3797.181584   5775.818633   5958.131533   13072.871864   6671.245959   8336.300497   6442.427192   6632.202488   7326.900019   7557.920446   6061.581338   7782.386227   4732.351070   5897.794434   4888.203495   6923.625582   7201.860160   7831.293101   5353.812432   7529.228481   35734.124037   60459.753379   11255.208603   0.000000   
27.400000   4629.195471   4215.443178   6885.052536   7165.261138   5489.729349   6088.975516   6676.858450   6027.308904   9371.820182   7156.707482   5688.545536   4144.767387   4105.248414   5788.024375   5462.450828   13066.029614   4519.063496   6987.390497   6563.339227   5472.741548   7788.030636   6058.089508   6346.545682   5725.439827   4989.246605   5375.340128   4209.438477   7355.154436   7731.369447   6686.069766   4768.046192   5745.071366   35447.379648   49571.557813   11783.078385   0.000000   
27.600000   3887.033377   4392.996412   7644.994939   6939.177872   6600.199584   4610.708033   6629.432871   5122.335873   10578.026278   7129.270970   5597.490563   4666.179168   4985.070928   5716.848089   4905.740706   11042.379532   4623.842207   7714.537614   7390.940707   5790.328378   8519.060513   8372.055809   4765.677520   5678.658294   6988.841265   4938.966079   4240.591942   6130.515086   7129.435735   8710.590413   6071.402982   7095.334640   35234.911912   60154.549901   11060.821658   0.000000   
27.800000   4619.027217   4034.343329   6354.898509   5677.323921   7890.266939   5384.552428   7939.634530   5805.496025   9372.192525   6667.849558   6025.729789   3934.113740   5241.301875   5672.054921   4754.453109   6724.261241   5367.044196   5500.954825   8240.376482   5466.857810   6717.766518   8165.700883   6176.597285   5337.601217   7460.364945   6037.283998   4064.892484   5514.454623   6005.642160   7645.398221   5842.952232   7112.988406   35002.968533   61790.024141   10704.672575   0.000000   
28.000000   4348.188566   6107.725110   6711.229349   7627.727231   5365.234465   9778.235772   5666.977026   7256.952562   9531.013532   8533.353867   5449.910731   4443.186477   4388.936479   6744.529513   4439.034545   7944.768185   4172.545463   7578.284910   6948.178615   7379.150279   7260.484546   7231.583940   8716.638118   8810.698840   6999.990859   5949.392590   4952.605734   8229.616467   8986.326718   6529.630675   4975.406181   6929.531860   34707.328410   64446.366607   10582.168588   0.000000   
28.200000   4403.086014   6728.292574   7452.110712   7894.363152   6279.607255   8644.065240   4855.205843   8561.533349   9262.221131   7646.283467   5563.137629   5690.283782   4699.646066   7266.894847   5309.630262   8881.976929   5224.613229   7841.204613   6830.850101   9052.126866   7252.895581   7074.988421   8762.196746   8868.055362   4852.862338   7113.590954   5690.651208   8316.346182   8426.465335   4978.910188   5140.550650   8620.709672   34502.422915   69202.800085   11146.965963   0.000000   
28.400000   4651.589594   5289.254597   7662.362929   7045.972578   5512.339953   4550.526419   6731.229386   8530.151633   8598.040579   7029.288713   5247.636564   4765.237516   4044.669393   5696.002035   5723.931291   16029.071653   5090.309564   8703.892590   6888.389508   5260.570852   7853.259194   6748.515225   6515.749352   5259.529615   7082.018401   7655.006766   4331.540817   6424.870753   6774.469268   6727.551896   5214.195611   7324.007573   34200.371872   60069.990454   9865.412450   0.000000   
28.600000   3572.396152   3953.470614   7156.323494   4183.089444   6698.894712   5743.777298   6341.037124   7072.211870   9576.930009   7177.404365   5128.835095   3284.311712   4468.829612   6822.482156   6949.920471   12118.845445   4849.852609   4192.389885   7141.885202   6476.314251   7381.442268   7304.723328   6710.848540   6459.736064   7001.883560   6774.146718   3092.084752   5007.773108   5424.067346   7127.429925   4659.189262   5842.506604   34016.109011   58987.432349   10560.070143   0.000000   
28.800000   5576.033440   5797.522853   8150.972027   8268.744942   5097.959413   8151.608570   4666.594310   7247.330109   8888.264222   8627.075623   5624.329359   5249.123038   3558.798822   8082.500230   5159.914108   14739.186277   7075.597801   9609.847119   6422.806961   7923.739833   6845.326747   7483.524230   7241.184190   7913.246510   4197.042111   8847.311603   5611.130928   9313.668942   9376.606782   7253.471230   4970.245578   10539.337770   33834.731816   95549.732023   9832.861323   0.000000   
29.000000   4939.960998   5299.391774   8303.036653   6886.478336   4155.072395   7067.399145   5596.025171   8444.050166   8284.671332   7096.269935   6475.575420   4578.817338   4315.911652   7442.496319   3895.887561   15279.979344   5876.388610   8357.455619   4705.271310   7655.343219   5241.941762   4971.539335   8258.154536   7824.548347   5314.425756   6718.386634   4330.259734   6678.142019   7826.102415   6275.892296   5713.053154   6810.186496   33525.117065   55178.608378   9325.589694   0.000000   
29.200000   2281.378965   4232.067161   4982.577731   5043.524125   5927.403703   4530.901782   6371.973795   5629.403926   8111.365086   5768.971134   4053.940433   3574.754592   4982.928088   5329.173732   4090.482305   10473.955819   3003.508312   5261.280940   6452.773144   4509.389439   6661.404647   5389.799768   4462.356081   4914.790541   5085.110713   6588.904980   3387.625245   5281.357545   5955.054418   6643.016336   4969.270297   5828.802302   33259.538924   52115.138041   9171.269158   0.000000   
29.400000   3221.794650   3594.603037   5576.028193   6039.210189   3870.842421   4889.344302   3987.608588   6744.754856   8070.038748   6470.794798   5557.038736   3770.433032   3916.335801   4995.375252   4205.600139   9286.472634   3790.737245   6080.333970   4928.781672   5917.943307   5880.271684   7783.521081   5988.922555   5405.091912   3696.126013   8889.946523   3703.201001   5897.256850   5462.205509   5543.260225   4605.537740   4722.835608   33060.835884   44164.151688   9749.086113   0.000000   
29.600000   2716.987668   4481.961652   6549.119612   7036.641310   5704.027661   6253.229131   5882.283474   8583.462890   8497.674316   6564.254735   4988.627084   4668.983049   5881.067137   5924.479521   6361.234875   10327.915128   3506.879930   8659.803859   5950.208802   6605.827797   6743.217795   4640.739908   8328.095840   6493.216452   5009.888300   10067.219298   5001.791194   6799.760039   7861.905450   5899.865548   5850.392719   5349.157412   32840.936479   42955.928560   9796.691796   0.000000   
29.800000   3918.052116   4392.220718   5679.523826   6257.799019   5262.188244   6197.702865   5500.634661   7277.806517   8306.619479   8044.494103   5221.332088   3481.752174   4207.829610   6405.158327   4636.750681   8735.230829   4659.404866   7700.562928   4492.484163   6943.155168   5975.921944   5321.819918   6383.387770   7232.119116   5142.179778   8767.886933   3442.459758   5802.310560   7558.141873   4617.427669   3886.104732   4984.344308   32640.981000   52699.237525   9913.924050   0.000000   
30.000000   6030.626837   3973.476233   8946.450843   5044.818700   6686.359264   5836.107321   6325.614121   5793.559527   8033.140092   6774.060525   7394.894824   3104.118094   6315.522613   5400.411705   6466.182321   9243.728254   7284.021909   5360.782053   6617.516794   6226.772445   6556.806163   5178.079056   6265.666310   7073.266900   7063.172625   11938.473139   3852.437131   4607.710778   5756.650455   9241.308778   7810.864466   8795.253154   32431.732284   73434.246382   9605.766971   0.000000   
30.200000   5309.996194   3371.402355   9025.777646   4323.544765   8898.157501   4536.156013   10401.991980   5213.345128   9296.834503   5797.798672   6418.311449   3750.255816   6098.988425   6140.041261   5149.533597   6989.564603   7008.598984   4392.372498   8745.702593   4589.277334   8511.768163   5898.238063   5367.824325   5472.759144   9366.020959   10757.802427   4068.939433   4172.067587   5363.150983   9804.277611   6877.706435   9381.479458   32228.821981   62610.257628   9516.182846   0.000000   
30.400000   6104.202651   3723.348812   9923.220968   5017.596796   9064.205923   7765.956301   5517.149185   7847.056583   9104.259659   7265.356833   7574.312964   3291.739190   5872.747224   6052.351462   6385.730710   9228.006618   7486.270166   5084.971843   7872.611840   6858.630820   6330.524648   5866.856614   8276.880330   8077.174541   7549.619647   13614.435597   3529.784693   5383.316056   6163.688983   8175.332996   5841.510462   7418.117580   31978.755605   60842.778218   10368.120907   0.000000   
30.600000   4094.035985   4015.829443   7764.471166   4754.893961   7188.037195   5270.293879   6189.810283   6374.050059   8355.844589   6308.154557   5836.370686   3601.712643   6072.269466   5269.769164   5123.984999   11143.301501   5673.751736   5262.668655   7552.031905   6284.019675   7790.023995   6884.157377   5939.596523   5510.224353   5988.047688   11205.691243   3486.750877   5265.430367   5303.919666   7825.004897   6388.909957   6600.799689   31778.693606   53862.064197   9965.021072   0.000000   
30.800000   4483.385692   2816.481350   7573.691137   4916.233795   7199.176633   7156.866019   6758.049393   7001.940784   8790.399441   7637.655083   6151.791669   3849.283662   4965.375942   5093.598643   5648.537297   8955.212920   6179.288864   5317.745636   8298.252777   6441.028134   8445.746190   6350.541832   7097.664896   6755.121856   6550.917731   12261.393146   3986.176527   7144.271503   6169.062788   9697.197028   7861.804110   7969.328930   31570.646344   56675.390064   10181.121135   0.000000   
31.000000   7915.689222   4974.550000   11142.808386   6978.520151   9729.153155   7346.987145   8852.525348   9320.559224   7121.288253   9389.710848   8941.992432   5375.933526   7789.950446   6777.289504   5517.393461   12726.422581   9758.411531   4653.611700   10528.164678   9780.292788   6536.202147   8757.953468   9075.517518   9309.514966   8034.639659   16025.620843   5891.317458   7476.604476   7067.838910   10943.128042   8914.299086   10843.514657   31411.821799   81825.227436   9672.530545   0.000000   
31.200000   3369.580386   3507.490789   4854.924809   5824.101713   6930.478549   6738.482066   6045.102304   7344.398951   8026.524484   6990.297761   4221.961894   4020.027240   4931.781460   5036.338680   4875.954817   10646.818313   4460.581005   5986.424531   6666.641458   7540.747645   6439.568899   5402.764444   7365.792768   7296.668266   6348.784516   10243.744501   4585.045267   6935.691122   7479.588377   7081.241881   5221.497339   5723.213335   31203.717445   39822.934887   8788.626040   0.000000   
31.400000   4530.597231   4069.951746   6308.790536   6478.139544   6743.614052   6272.487670   6447.037002   6278.197481   8436.991836   6291.035632   5061.589043   3790.635014   4472.279065   6098.051497   5713.114503   10763.802748   5412.760301   5649.424238   6355.363708   6758.078320   6746.413371   7819.141632   6324.764786   6743.939322   6561.274145   14489.181453   4838.267366   6852.299704   6169.742375   5838.515249   4987.691467   6809.019223   31030.100598   40547.579139   9172.351829   0.000000   
31.600000   4307.783976   4445.493996   5565.379701   6124.590902   6781.536936   5997.246770   6902.850295   7302.068715   7097.598382   6655.011737   5208.721342   4048.045203   4162.285983   5910.941634   5504.159510   11308.621131   4564.160108   5220.514076   6961.015989   7874.219686   6926.189690   7406.540406   7040.822934   7183.707643   7254.427688   10055.386007   5060.916216   6959.886044   6206.788209   5074.849250   4472.299762   6165.091700   30854.458067   40542.205578   8520.594608   0.000000   
31.800000   4584.314759   3338.301385   6123.675902   4457.853270   5505.768296   4294.708349   5472.126140   6026.111626   8845.040339   6937.601604   6181.275044   3094.717041   4863.304341   5382.594572   4298.898397   8184.228204   4702.774155   4990.502768   5598.612025   5388.758482   6365.510275   6553.649640   5268.356527   5388.417001   5190.799063   9607.068932   4081.798480   5093.422784   6358.553367   6717.656258   5430.323994   6716.174368   30629.375838   49369.258635   9007.838627   0.000000   
32.000000   4561.074703   4103.568917   7848.560437   5161.960368   7672.786635   6700.972595   5144.045471   8750.194519   6651.481711   7705.677116   5319.395107   3735.858046   4990.538082   6021.676307   4408.365291   9335.445815   5125.170590   7554.445691   6036.625381   7956.312166   4954.038698   8832.463203   7974.683097   7494.861428   7744.144188   16194.293827   4503.160775   5580.087128   8802.344773   7979.379927   5427.273206   8556.164340   30467.733105   47247.817343   8457.643036   0.000000   
32.200000   5272.435018   7226.203185   9415.014648   7367.251155   8918.642269   7457.655408   6212.619186   7077.982206   7734.550115   6729.894316   8357.765632   5942.260322   7679.182134   5643.004581   4974.051344   6167.577075   6833.032269   9821.655264   8256.935536   6664.876808   6490.132605   7157.154319   7423.839002   6710.077629   7205.105731   15800.320713   4667.641477   8219.898153   10128.666744   8225.002769   6128.194206   9485.139911   30290.916285   60515.495604   8580.031830   0.000000   
32.400000   3643.685751   5209.737204   6518.381470   6314.581279   7236.639027   6215.570371   7313.747236   5743.732321   6961.745594   5550.118328   5779.416748   4936.705274   4934.285226   5508.016094   4222.686218   6135.031357   4198.779342   6752.359806   7505.430858   5814.072650   6312.694618   6497.081659   5890.969330   5609.056529   6660.518538   17981.392895   4908.497083   7034.565069   8421.276130   8042.204446   5245.172115   6240.133191   30044.044473   36529.713312   8537.951711   0.000000   
32.600000   4050.529968   6213.526850   5768.477173   7834.668952   8353.458251   6941.345519   7111.072906   6180.250016   7476.577784   5310.242360   4328.998791   5513.278613   5953.225311   5737.212083   5905.193282   8461.999048   4727.890962   7703.691106   7463.757558   5927.235007   6682.017855   5455.516397   6983.765948   7579.675051   6659.824765   14737.723324   4694.551943   7335.372378   8388.710491   6582.257746   3951.942082   7558.815332   29923.468695   51591.013346   8729.340350   0.000000   
32.800000   3652.579822   3790.679481   5928.123875   6036.572100   6791.182231   5951.328449   5400.778914   4008.256021   6734.096254   5976.167888   5371.947828   4741.541176   5396.874148   6388.894289   4944.597379   5732.714577   4114.687068   5937.263733   6782.071960   4395.274732   5813.680500   6801.584297   4946.189784   5249.072909   6684.228906   13011.006232   5505.695572   7780.646569   5955.745897   7515.625452   6510.184768   6675.159255   29683.789781   50949.648478   8819.901296   0.000000   
33.000000   4354.608108   4394.466564   5287.599517   5202.115267   6848.683337   4610.748560   7138.079052   6409.799231   7790.055365   6830.290162   4355.770567   5410.013114   4510.780397   5745.083007   5232.757567   6639.938709   6255.418737   6292.558655   7121.620453   5915.809366   6757.530017   5176.343680   5179.004280   5110.537758   7102.667126   16331.612690   5608.998730   6292.666572   5783.815701   5422.694919   5631.842350   7910.635381   29527.786638   56092.188886   8486.489027   0.000000   
33.200000   3653.152472   4343.925089   5760.160662   6900.956702   10609.325418   7529.642458   8193.646746   7465.444900   9104.916453   6898.439096   4153.368847   4265.703298   5798.485481   5582.506533   6060.792966   7197.315675   5051.936818   6638.458491   9139.732670   7921.480786   7289.712489   5370.735051   8046.801463   8353.231228   9189.772927   15410.426296   5018.297739   8539.003093   7884.278576   5842.555030   4334.582734   6194.555890   29370.815515   37534.500108   8951.876942   0.000000   
33.400000   3940.979007   3236.845758   6586.215637   4397.387522   6386.045688   4999.761723   5705.967982   7495.792810   7089.794411   7376.253923   5158.869667   3037.328946   5802.862673   5835.827335   4921.325822   7446.122000   4386.816640   6909.338140   6180.851723   6397.605581   6404.412227   4716.828100   6230.700355   5730.374790   6356.595575   16136.343935   3393.105129   5368.113720   6746.755178   8715.284797   6801.296380   6963.755254   29221.296023   39027.327365   8445.019333   0.000000   
33.600000   4472.798237   4262.386688   7143.190835   5402.242456   5663.520163   6232.038693   6597.289251   5611.810344   6659.771433   6255.203548   6010.436722   4091.984599   4620.561610   5014.698790   3619.300938   6700.356416   5678.847465   4911.221787   5374.889343   5717.082730   5814.509342   5002.974697   6532.690691   6057.120703   6679.675953   13694.632277   4651.674690   6974.934012   6763.829470   7665.533095   6311.604212   6678.639516   29078.980001   38502.232087   8577.325989   0.000000   
33.800000   4402.743967   5551.001098   8490.132409   8134.998776   7010.048264   8112.790828   5360.383144   6514.473997   6715.523284   5972.061716   8029.617378   5006.145549   6430.795908   5499.405920   4354.199469   6821.513586   5072.828702   10170.759091   6608.849844   6628.766590   6295.229847   5128.738496   8096.345301   8194.386995   5130.155971   15294.386280   5280.313755   9694.554829   11230.956566   7663.760411   6045.156900   7039.614823   28820.650984   34380.157094   8470.486669   0.000000   
34.000000   4270.399464   5635.421454   6925.457877   7684.504407   5739.134472   6195.369668   6923.783888   5721.758766   7477.029171   6075.134319   5924.154736   4700.814107   4318.174159   6453.519502   4469.724649   8059.058077   4315.916892   8678.355968   5944.894608   6744.355197   5904.251969   6657.255076   6153.776433   6799.870769   6550.881613   13256.288144   4992.034980   8122.807373   8541.693638   8385.723916   6396.316977   7274.593380   28638.017119   34233.186809   8105.943417   0.000000   
34.200000   4586.977447   5039.489447   7126.875775   6199.829685   7547.178496   6915.788230   8470.399588   7734.644202   7688.734158   6971.014646   6277.310868   4777.287484   5490.847730   7216.472170   4089.094915   7019.902715   5371.735887   6479.147236   6946.401207   9007.345391   6822.607315   7069.815613   7266.146316   8078.551873   8527.210452   8279.175952   5273.474583   6651.798065   7364.199574   8690.674793   7312.350418   8155.149184   28503.928352   38685.031067   8417.202538   0.000000   
34.400000   3533.423955   4509.074876   7071.538416   5649.105551   4260.274220   5726.888248   5671.977299   7102.035688   6689.109148   6391.340228   5973.488864   3519.410854   3729.317233   6305.352841   4548.157341   7208.935158   4185.813583   8054.252627   4860.117346   7789.767270   5654.105534   6848.371248   6356.033628   7487.188645   5857.210194   14810.413277   4633.803867   6712.439090   8052.792594   5891.079103   5687.815246   7705.200407   28338.646705   33471.512606   8260.540302   0.000000   
34.600000   4473.595121   5481.523844   7159.770271   6735.855869   5839.589887   5385.874775   5996.029742   6541.867426   7283.201981   7274.565492   6615.838843   5021.418061   5193.851210   6282.468652   5520.868537   7313.235876   5549.709253   6509.871639   6739.778489   6639.546979   6493.151649   7587.401778   5222.613822   5855.625799   6964.881864   9147.758275   5920.448744   7936.623725   6777.268818   7221.998878   6215.687751   6925.101443   28207.156737   40118.905159   8847.158260   0.000000   
34.800000   4881.825099   4768.656341   7632.998752   6419.937716   6485.485519   6033.835555   6316.222809   7253.339773   6476.186719   8543.432186   5770.471219   4886.609861   4300.084269   5305.206795   5779.170126   5318.324436   6311.707614   6098.885794   6716.979334   9163.842465   5402.962948   4775.092029   6707.241307   8570.687150   6950.208602   9950.200881   4678.292815   5009.799344   6550.929592   6620.892695   4942.573249   8368.872723   28154.900263   34042.601671   8279.695862   0.000000   
35.000000   3860.585881   5501.195987   6753.966985   7634.055823   6338.023497   5624.751954   6175.559786   6275.951129   6603.459922   6778.387192   4874.304464   5271.150061   3286.894971   5704.423529   5190.087838   5350.142632   4314.115351   9310.032484   6716.816417   7003.006411   5605.496951   5382.666692   6241.529801   6669.754003   6651.900324   14148.906997   4954.077692   7027.610447   8270.391566   7540.779893   5314.930769   8380.620428   27900.305136   38046.446857   8087.586159   0.000000   
35.200000   5174.309020   6000.740868   7166.068586   8679.046928   6549.956288   7061.255664   6303.900885   7371.364833   6016.490993   7391.529605   5541.497488   5571.302281   4168.978265   5976.630615   4203.567111   7615.927607   5833.398496   9523.906113   7029.896900   7879.602077   5371.455948   6635.814597   7687.489968   7934.972470   6946.161264   10332.125418   5328.880259   7112.031206   8209.602953   6245.979738   4939.147477   6649.621695   27718.200378   32044.060861   8552.585260   0.000000   
35.400000   3943.044831   4719.714701   6204.761045   6655.324678   6365.234466   5926.978748   5681.051506   7189.623984   6695.690887   6142.390320   4628.111507   4854.663393   3876.465932   6228.762889   3708.981253   5270.212496   4162.024476   7401.237176   7095.192825   6933.693896   5613.162041   5106.090648   6650.043369   7389.925953   5397.747483   10046.547286   5299.480569   7866.884517   7377.941120   7175.264016   5551.583609   7766.644106   27565.725609   36021.980074   8084.740900   0.000000   
35.600000   4051.820567   4291.067204   6254.879007   7944.491570   7120.763083   4745.248553   6858.820468   5858.161005   7385.182143   5878.042206   5030.362056   5279.698292   4657.923597   4948.262783   4603.989644   4720.750120   4693.248706   9597.895636   6413.799686   5116.941746   6735.275296   6083.879452   5338.382010   5160.000814   6770.944883   11104.964794   5116.027477   8237.922273   8609.934741   7767.778837   6103.903005   7987.858400   27375.301724   27712.350708   8524.329611   0.000000   
35.800000   4267.335226   4659.375627   7530.063040   7106.176311   5922.923489   6508.237230   6175.228425   6282.834816   7390.840242   6368.254000   6046.936179   4966.230544   4552.763646   6240.880936   6045.424159   9640.464529   5724.863913   7096.206372   6006.058318   6236.238128   5574.369951   7062.070840   6218.840164   7087.193256   6658.943454   9311.992982   5762.545126   7744.064688   7857.804043   8182.965897   6489.265385   7981.163092   27261.992921   38906.230495   8241.389015   0.000000   
36.000000   3365.585005   4287.715719   6836.110550   7927.534163   5663.736729   5887.713154   5152.352581   6064.769579   6605.932359   5448.323723   5327.071983   5147.033631   3954.683333   4990.603775   4343.575307   5601.626592   3539.560560   7349.513234   5415.438177   5837.053743   5731.977287   4296.367301   6346.858620   6070.763779   4892.707821   8887.151549   5254.434452   7559.046421   7805.460424   6187.723055   4185.747909   5613.408306   27114.779214   25028.935234   8470.720917   0.000000   
36.200000   4547.598071   4060.549113   8113.062949   6011.158392   7346.136749   6189.462598   6430.137239   5717.824382   7327.130260   5008.698328   7036.531592   4360.857805   6611.671502   5241.980408   5680.918052   5619.793471   4582.668781   7400.967111   7582.827774   5504.176724   6920.046425   4906.227191   6531.113143   6340.100705   7475.009022   8838.378835   4412.035191   5879.414378   8551.318203   9242.005931   6216.461699   6821.771530   26941.618967   34421.096919   8513.792877   0.000000   
36.400000   3709.341365   4105.582786   7345.941917   6399.289735   5071.561628   5628.350995   6815.156309   6964.027085   7935.795801   7664.045084   5784.088750   3670.001069   3990.784268   6100.625331   4317.924850   6011.935724   4694.869067   8361.987071   4341.336670   6734.016132   6274.086783   5443.957998   6273.863257   6724.327580   5477.210662   7279.033777   3729.682126   6413.353543   8291.715807   7929.968847   6061.864315   7696.564597   26800.545611   28132.537959   8389.257542   0.000000   
36.600000   3686.518185   5124.873271   5631.474835   6795.171327   5824.383224   5222.745459   6596.844401   6184.769106   7294.707747   6152.838477   4382.530911   4383.909907   3533.481825   5373.446035   4939.399029   6422.627488   4241.171035   8034.172928   6301.975864   6707.648706   7054.643999   4543.584712   5852.077828   6099.428547   6425.708443   9165.229584   4043.349130   6545.963156   7346.760016   6814.660695   5341.231537   6692.289238   26719.931849   26933.884609   8580.371467   0.000000   
36.800000   4021.268740   4409.823778   6833.229843   6016.728971   6096.208888   5253.397822   6138.673228   4660.525284   6642.242138   5303.042194   4547.932729   3634.196948   4293.137415   5544.801545   3971.484018   5654.184833   4483.394906   6203.557761   5770.190891   6124.923860   5781.346894   4101.514303   4552.766049   5812.164641   5716.964555   7029.104691   3897.571536   5985.099315   6048.535275   6383.099620   4904.323099   7513.676562   26538.296731   32774.688195   7700.061403   0.000000   
37.000000   4017.404632   5070.553516   7372.711529   5880.559380   5023.990207   5055.162649   6045.379898   6417.211808   6416.959451   6341.817630   5538.551504   5065.907288   5006.388955   6431.068959   4594.309733   6334.026435   6156.046907   5899.075776   5035.034959   6603.556194   4842.498627   5738.894439   5182.925690   7138.728797   5484.546648   9090.288219   5093.488787   6797.464928   6053.033376   7099.428777   5341.087707   7089.462406   26436.027198   30078.374754   8038.065487   0.000000   
37.200000   3954.115229   4102.146449   6549.555931   5283.717040   5887.068168   5801.962723   4754.742720   4608.152311   6967.174339   5644.815588   4259.036058   3674.540939   5207.635231   4898.461435   5059.043119   5887.356535   4870.249768   6079.199256   5436.806963   4839.977346   5341.970353   4379.798030   5069.307185   5663.873619   5315.796235   7923.853730   3466.330121   6358.527437   7610.883272   7647.341364   5424.317969   5380.957177   26243.515205   23722.063309   8290.188796   0.000000   
37.400000   3704.771165   4414.017004   6442.287628   4847.377426   5254.210205   7271.029935   5850.316356   6955.252548   6768.773169   6226.693796   4830.815065   3811.041074   3920.203676   6000.368833   5092.995710   5605.411252   4313.751724   6405.508017   6218.976893   7264.375192   5473.387956   4766.322133   7339.752807   7853.096617   5314.629085   7994.500488   4176.064808   6134.868218   8031.717896   6183.434212   4215.506089   6263.007881   26144.931187   26446.165212   8144.150519   0.000000   
37.600000   4666.373473   3456.443917   8732.824723   5432.257104   5817.752327   7725.648100   7844.236714   7687.545145   7191.922631   6687.013232   6765.032508   3884.475147   4932.045396   5623.480583   5533.777474   7314.446874   5065.514385   6299.301308   6031.286188   9030.641634   5266.248550   5713.213279   7587.949519   9589.347102   7440.575351   6932.043353   4558.890626   6889.861105   7317.778346   7133.238838   5905.125334   6594.319200   25971.583184   29330.383046   8117.531316   0.000000   
37.800000   3262.193034   3709.346017   7145.911822   4751.144749   5635.313656   6856.698363   7117.412568   7412.296352   7082.229724   7403.895132   6467.715498   3493.981524   5723.283239   5305.696242   3927.544444   6133.497874   3831.048882   5643.649401   5818.249993   6788.565078   6008.356892   5573.008141   6872.606729   6149.843827   6597.314693   6606.103650   4168.063741   4799.953688   4961.011068   6291.980396   5513.123186   7206.989140   25862.416259   27451.055599   7866.537229   0.000000   
38.000000   4533.715929   5489.652561   8025.555271   8196.649272   7120.205894   7690.812366   5694.110865   5575.172645   7914.712157   5166.783393   5739.295144   5566.222129   6586.054183   5449.961061   4056.496588   6943.538819   4429.288387   6574.264732   6513.027986   5757.949716   5613.118000   5167.266926   6685.866623   5187.113044   7291.852275   6232.614610   5759.008855   8295.664396   6248.756014   8827.855842   6842.332076   6099.952444   25703.156347   26951.389746   7759.628348   0.000000   
38.200000   4093.222260   4753.740673   7592.906815   6421.998618   6880.106942   6336.758404   6402.538371   5132.964139   6596.600902   4764.534690   5799.266032   4435.108528   5877.877157   5603.065193   5108.013825   5210.501140   4678.537840   6868.722634   6119.335169   6010.819239   5777.817209   4795.871064   5816.796695   5877.020287   6016.128108   6870.898439   5291.824623   7212.251403   7710.300790   7566.376128   6043.998069   5697.289487   25587.479236   21945.554510   7714.834740   0.000000   
38.400000   4229.329608   4537.366195   8161.708278   6354.282353   6343.199110   6296.037103   5925.632276   5576.053382   6653.330143   5325.831217   5806.969804   4633.430363   5079.263571   5729.624371   4071.246826   6111.008564   4796.347693   6910.074693   6033.274637   5086.497935   6226.274014   4674.465601   5933.471117   6464.066192   6337.532362   7153.795286   4535.618413   7203.478202   7615.250508   6574.857867   5176.611806   6076.932611   25446.319646   22189.475499   7900.277088   0.000000   
38.600000   3637.465830   3275.048039   5981.812955   6451.148673   5947.095220   7259.386118   5601.092259   5487.878128   7303.616933   5405.818197   4945.477066   3791.341396   4775.738118   5773.011194   5562.768868   4682.528862   3967.724970   5478.733839   5279.670845   5679.913506   6312.335823   4322.291553   6438.620633   6098.009416   5077.224475   5589.977282   5376.706791   6426.899932   5352.468057   4971.411692   4728.449236   5705.801069   25318.216248   21319.561300   7584.110588   0.000000   
38.800000   2967.264133   2801.987231   6289.679130   4242.319269   6122.998098   7212.936973   5831.260760   6320.165953   6458.125201   6617.152812   5114.902345   2930.187401   4544.656585   5673.032022   5621.727490   7502.333520   3194.508829   4776.086189   6048.809405   6155.690138   5524.938505   3851.846552   6572.175374   6436.586475   6192.915739   5716.404803   3679.217314   4787.058232   6179.752489   5233.316926   4268.882274   4960.626282   25177.101715   19530.475000   7758.432403   0.000000   
39.000000   4231.036660   3324.507645   6306.933739   4491.333504   5565.186813   7658.421245   5074.245045   7942.450057   7267.191411   7479.497193   4327.626804   2923.521417   4522.648204   6537.248162   3468.928152   7041.905451   5475.108999   5732.056751   6928.091453   7246.560220   5652.319910   5241.573637   7681.007541   8619.662973   5689.287909   6759.800492   3617.382488   6784.830699   8168.831431   7371.596319   5816.229627   7372.368199   25115.500193   23497.265955   8891.476584   0.000000   
39.200000   4139.105108   4464.321708   8592.265973   5423.676359   6656.764396   4663.673795   5453.559530   5713.939153   7359.519919   6008.613844   6529.850807   3843.879139   5260.552848   4125.093680   3795.624279   4899.670617   3899.483423   6861.338896   5949.903515   6557.928315   6603.674204   4396.433759   4529.184889   6898.542921   6390.062168   6544.117772   3833.513596   5752.420685   6309.770621   9779.781964   8318.889378   6701.220658   24967.009946   20297.359832   8404.481721   0.000000   
39.400000   3414.641798   5027.958555   6362.894505   7517.179901   7152.143474   5765.902196   6054.048301   5459.105567   6301.440765   4779.927435   4723.580493   5244.911356   4910.916214   5888.805019   4137.661586   6069.170823   4055.364947   5891.209623   5228.703748   5344.868181   4823.234408   6122.527600   5209.673093   5564.617707   6353.808597   7455.652485   5575.431947   7545.576861   6661.376847   6096.931511   4911.608730   5411.694972   24814.281103   18596.278855   7887.261472   0.000000   
39.600000   2983.313714   3167.270469   6881.697064   4894.126119   8201.724925   8506.643743   6886.556843   4266.221546   6838.402826   4942.682427   5000.050692   3165.620609   4712.879478   6137.441184   3892.092193   5272.570005   3542.635388   5754.114631   8047.386009   5120.736288   4870.671057   4003.018479   7276.418311   7147.574105   7458.700673   6423.908172   4269.906863   6969.149481   6790.070893   7663.776761   5755.075385   4815.290972   24700.276828   13719.992548   7911.980050   0.000000   
39.800000   2846.183692   3378.986716   5155.872839   4784.939960   5473.375985   3824.886156   5743.805953   3412.250624   6794.805988   4497.087255   3603.892804   3240.327897   4212.423370   5002.710475   5256.644690   5973.045993   3571.164789   5214.952757   5049.069114   4342.884829   5321.629714   3713.323123   3910.254534   5224.694542   6559.679850   6927.530977   3277.075549   4828.391003   5897.465315   5890.839728   4326.039210   5864.754031   24650.722056   21593.001368   7962.091561   0.000000   
40.000000   3516.326345   3732.188861   5852.163393   5659.173130   5502.752236   6117.716405   7475.655888   5473.478675   7064.093018   6091.440167   5210.630437   3492.284802   5035.959620   5340.695911   4605.930591   6069.147703   3944.411957   5612.466647   5164.960655   5029.231116   5225.043596   4151.569500   5342.671394   5044.515765   7495.086750   6555.177391   3866.575248   7464.715206   6303.570804   5957.126096   5528.819918   5696.678061   24589.418154   19755.864779   7655.724466   0.000000   
40.200000   3579.199071   3503.018284   6430.232961   4436.894180   5230.218771   8274.336938   5007.589529   6923.278226   7240.121723   6304.723095   4697.244852   2988.758446   4877.945518   5071.128426   3886.611125   5499.595388   4322.291734   5828.937047   5388.754104   6023.774506   5651.648082   4360.929209   7630.878087   6722.568940   5996.090393   5919.029249   3936.891152   5137.648603   5175.292527   6113.157954   5392.502094   5960.280801   24350.887168   15611.813421   7581.255179   0.000000   
40.400000   3166.103858   3645.154858   8627.259172   6619.253037   6728.520754   7808.503804   4786.312241   5901.766595   6818.688304   5987.554831   6544.847495   3835.144498   5374.937916   5804.939364   5112.162219   6170.824942   4256.465104   7260.361496   4974.739959   5721.535019   4957.343517   5529.877306   6380.096215   5398.403551   4317.120892   5841.273371   4283.896987   7011.131103   5688.443977   7071.926851   5420.747457   5226.169934   24297.224499   15464.395918   7328.658370   0.000000   
40.600000   3496.988061   4267.983652   8745.433432   7480.886826   5399.974415   6460.668700   5365.488700   5094.869080   6104.023088   6066.044640   6226.645321   4416.572350   4848.750912   5121.727376   3678.408993   7291.933373   4601.180110   8108.030401   4476.017416   5590.578790   5393.273353   5402.922174   5138.096953   4752.870098   5393.554671   4842.622967   5223.988020   7767.453622   7885.552071   7111.376504   4959.110514   5226.430589   24102.478775   14940.956421   7254.316968   0.000000   
40.800000   3970.138809   4777.799420   7639.894096   7102.418687   6605.726190   10269.033057   5064.985927   5648.793968   6244.892630   5750.377486   5803.376491   4664.089912   4987.551090   5457.113032   4188.305400   5425.385816   3989.871651   7247.514702   5480.138358   6185.550658   4672.482011   5008.295408   8394.289066   7461.996252   8834.188284   6186.915830   4301.396854   6461.710051   5677.268218   8080.322414   7234.133495   5838.640837   24008.226042   16492.677737   8000.459838   0.000000   
41.000000   3093.612097   4887.090258   6988.118940   5802.593561   6594.659957   7488.331242   6245.674150   6673.881164   7114.484552   5462.620916   5776.549610   4825.963138   4836.989857   4711.735970   4519.922906   5692.578993   3764.517941   5345.024117   5573.474534   6768.149251   5802.462172   3852.343396   7855.360255   6248.904232   7655.170723   6249.446153   4169.941632   5184.096490   6004.961945   7909.910214   7686.671608   4784.737977   23913.228951   11953.563136   7850.821082   0.000000   
41.200000   2813.309886   3590.583991   5482.436292   5121.558381   5415.434229   10230.570906   5198.167039   6698.860479   7555.537184   4659.611616   4594.149091   4240.624166   3880.579301   6826.460879   6260.740343   5966.792045   3106.352415   5108.271071   7031.432318   5939.433306   5974.550764   6613.978604   9278.319568   6296.179575   6476.037980   8032.678490   4644.471642   6942.727680   6204.654880   6938.694515   6028.270958   4698.076536   23758.453489   14072.504543   7013.466831   0.000000   
41.400000   4022.237660   5316.475190   4540.819123   6426.663085   6132.148287   8723.285864   6031.281986   7134.470298   5607.712480   5568.703159   3732.834366   4702.402710   4380.656373   6055.405604   3948.472659   6022.708691   3538.280610   6749.202160   7082.182435   5976.043803   5121.210950   4518.314723   7909.188860   6675.752792   4363.617422   6314.228340   4781.946004   5665.729899   5733.401436   3939.952675   4039.804153   5630.796722   23660.458499   16251.927562   7638.742116   0.000000   
41.600000   4216.596135   5632.153525   9930.673756   9016.527506   6128.825102   8258.783257   5163.466627   5578.083737   6964.817626   4490.540782   5939.480025   5821.780658   4364.054912   6124.687882   5224.206175   4437.891114   4702.644022   9060.201179   9923.191983   5100.085150   5642.469942   4636.475411   8054.836552   6084.299155   4961.065434   5894.621984   5814.915005   7733.678405   6269.493977   7369.469021   6032.440547   5478.917336   23538.517887   11486.622161   7364.643639   0.000000   
41.800000   4856.378879   5652.600484   8138.319076   9230.155097   7353.514765   5862.207298   5172.278295   5243.762679   6103.147320   5898.533223   4979.571826   6262.952947   5851.643475   4413.084313   5933.199406   4825.169898   5477.817158   6567.916987   6593.865928   5987.632531   5220.792783   3472.876926   5949.681851   5599.031902   8577.148070   9353.303935   5657.312219   6793.605563   6089.713166   7483.116684   6548.370778   5595.330021   23423.113940   13635.638824   7827.668232   0.000000   
42.000000   4141.891655   4725.608915   8625.267770   7248.997706   5832.602173   5821.703548   4740.668317   4942.974066   6600.766421   5744.796703   7292.370139   4555.081551   6407.327116   3797.099116   4677.740448   4511.954570   5316.820649   6256.702646   5618.059930   4296.561789   5381.130338   4473.651128   6478.718739   5009.734708   4919.494569   7283.461656   4010.699475   5796.719455   5392.525958   6810.104314   6307.304450   5002.044937   23356.006936   14741.437129   7185.192558   0.000000   
42.200000   2985.061395   5792.913612   6183.207176   8748.809200   5755.592815   8653.227557   6584.256536   6461.286761   7742.800759   6029.561818   4491.756830   6001.702487   4231.531591   5728.027466   3902.984588   5450.423383   4452.070632   7847.110470   7541.203724   5635.214388   6485.898888   4675.527409   7927.734043   6281.011189   4890.282511   6258.468811   6191.025033   8565.684593   9164.987770   6721.064829   5557.079832   6137.572510   23191.830230   15147.923334   7928.925610   0.000000   
42.400000   2964.969645   3340.033946   10406.617312   5177.384133   8081.834588   9345.115053   7248.077198   5859.625634   6662.451794   5560.853340   7075.265885   3255.502746   6056.308065   5832.136401   3708.533588   4958.942300   3461.285537   8113.455220   8307.853737   6744.048948   5299.679981   5295.983744   7656.696428   8598.291550   7796.251959   6743.448257   4292.222167   7534.942286   9836.670913   10471.460324   8085.038594   4326.048257   23152.624150   12981.667117   7516.712452   0.000000   
42.600000   3039.009709   3951.279046   7229.559253   7022.437338   7758.260416   8777.641201   5398.684665   5102.740935   5902.497516   4961.693347   4809.486370   3880.003711   5358.325222   5011.171677   3361.678479   4414.053911   3285.690843   6469.524158   6749.185940   4958.822008   5258.693523   4627.667708   7577.240448   6541.180992   5851.240669   5577.410369   5068.630693   6964.842707   6888.725812   7981.864855   5833.694245   4691.335560   22971.330854   13130.863344   7578.353950   0.000000   
42.800000   4870.098307   3719.649778   9850.863672   5785.330798   7430.102252   6879.167423   5645.507991   7565.775982   6281.177866   5528.598373   6960.352772   3514.035797   5087.001730   4531.234686   3028.977164   4782.147971   4731.812903   8795.763304   8335.392018   7805.303837   6044.033642   3647.607957   7510.400045   8041.856311   8232.541218   9406.688765   4006.720900   5793.650492   9587.842447   11133.024653   8643.767220   6692.478142   22937.682633   15306.275619   7005.446859   0.000000   
43.000000   3608.277699   4637.590150   8606.089666   6777.158177   9371.353179   7939.963522   8287.794797   5446.736124   7068.463473   4490.756014   6405.447502   4141.641898   5993.458700   5030.271105   4842.586375   4445.018792   4029.581189   6560.630945   10505.421234   5400.184383   6589.380864   4787.864571   7723.600403   6451.726936   9206.595663   7169.467788   4941.578506   6322.403662   7221.187829   10786.685538   7480.651410   5351.482668   22792.771216   12800.073067   6768.699710   0.000000   
43.200000   4908.579480   5090.577863   11007.096507   8237.495942   7679.703313   6817.852773   5843.459133   6586.689375   5717.517897   6103.427707   7998.532384   4686.881176   6501.605872   4840.990378   3769.903754   5904.246106   5787.502629   7700.281522   7078.910258   6277.876473   4887.342618   3386.624392   6517.420212   6491.865926   6197.943069   6196.642363   4935.068302   7604.526401   8904.914469   10175.319861   8317.346971   4790.927261   22719.079646   11702.062163   7380.673224   0.000000   
43.400000   3621.273585   3934.634795   8551.196942   6448.120935   9378.493248   5601.593028   7917.697940   6011.266316   5883.819517   5011.291301   5642.436740   4096.828907   6878.001853   4469.051634   3646.733423   6637.221720   4877.190771   6806.828688   8629.587489   6427.681732   5851.843060   4245.841537   5427.750626   7283.112805   10542.903239   9656.791753   4542.934902   6853.911970   8206.652680   11444.015136   8884.750502   6603.461159   22625.260873   13978.907235   7431.000516   0.000000   
43.600000   4878.563568   5913.495669   10169.740650   9968.482751   6217.113803   7460.169952   5773.595524   6268.138791   6073.597411   5416.884551   6136.608330   5922.184902   5212.417324   4620.554932   4240.403835   6737.598832   5933.436132   9206.524585   7485.963723   6127.699575   6037.521099   3658.469283   6987.409116   6409.876190   7405.893583   8596.309385   5827.303303   8903.335577   8547.369309   10984.207830   8604.684110   7388.205491   22582.388062   15414.832882   7083.915836   0.000000   
43.800000   6792.683803   4873.758208   16095.065201   8712.352075   11128.761267   8182.279185   9039.997786   6824.177246   7246.240599   5449.609296   10423.174823   5382.211540   8109.882155   5317.865211   4970.212776   5815.389792   7478.439158   8999.430265   11128.592008   6608.405723   5818.765876   3754.949026   8177.106955   7554.958673   9433.917106   7433.526876   5382.762589   8338.819752   9588.615148   15595.823959   10886.686373   4536.451219   22414.074223   10449.008588   7325.021059   0.000000   
44.000000   6636.642039   6584.424181   16754.438128   13103.913164   7784.417290   8698.573901   5862.547041   7621.105827   7046.075684   5870.273453   10677.773643   7701.633372   5969.279956   6352.668353   3494.476270   6070.315264   7584.953196   12887.095791   7239.530879   7261.386741   6284.784700   3534.011032   8657.970323   7759.667781   6815.314177   6665.258326   8101.813225   11937.384577   12180.855596   14762.213935   9779.335415   5471.208525   22319.463977   13640.419838   7170.315845   0.000000   
44.200000   4089.437145   4986.121052   11084.397824   9530.761407   7034.762713   7933.573510   6024.896285   5778.954151   6887.440900   4694.198652   7040.096101   5208.119584   4930.526097   6220.661107   4238.548967   5535.031312   4355.104511   9731.325318   6581.359790   6305.273271   5141.029652   3637.323630   7360.296581   7564.547058   7078.891334   9936.783450   7122.632531   11145.651164   9493.228194   12149.935347   9084.332787   5932.314774   22255.929419   13831.156036   6962.189362   0.000000   
44.400000   4284.638900   5051.016545   10978.489454   8487.103733   6132.314547   7429.143733   6006.190667   7134.635149   6199.103034   5673.916116   6591.448766   5541.831184   4170.659319   5713.135444   4005.261013   6170.419498   4804.727761   9153.378761   5719.003504   7181.061693   6677.210180   4522.595973   7579.061621   7302.468616   6701.258582   6773.896287   6004.051645   9096.611727   8321.514248   9690.990215   7413.333705   5768.215698   22084.692471   12921.897511   7211.159800   0.000000   
44.600000   5614.200788   4780.428521   11363.599990   7762.615180   4765.610079   5715.915399   5700.349148   4966.541736   6610.894769   5194.946580   7966.201502   4748.729723   4292.493875   4889.745624   4215.183271   5927.732874   5211.545433   10259.204529   5383.405215   5355.278568   6622.156516   3365.411700   5153.485425   5947.757887   5552.082129   8266.596109   6341.335316   7673.369362   8750.218119   10090.749226   7449.815911   6196.059253   22001.749731   14083.862560   6752.724915   0.000000   
44.800000   4438.308953   4315.328591   11651.377640   6145.078892   7989.474721   5231.102774   6546.824708   4488.596841   6659.434197   5093.149384   8500.264897   4603.908734   6267.507282   3799.545631   3817.293227   7415.073061   4544.690657   6724.911524   7450.074243   5392.297332   5678.359168   3963.771803   5177.819700   6142.811152   8595.066165   8643.475296   5600.635494   6214.900403   7329.031844   14091.357871   10656.097829   5705.735580   21901.167884   11799.227882   6619.269266   0.000000   
45.000000   3974.525013   3812.124951   10235.689784   6656.995727   5788.481886   6483.215994   4699.274823   4341.405395   4902.037532   4456.863684   7396.759027   4155.431443   4246.368341   4492.823379   3875.034600   4961.255957   4128.236986   5587.146138   5599.553606   4786.532200   4045.145916   3362.436177   5641.588135   5209.201791   5486.316681   4126.382678   4440.937413   6786.205397   6270.104597   8592.888441   6235.657761   4286.576418   21823.289320   12607.888885   6263.589562   0.000000   
45.200000   4695.747453   3881.824126   10421.438092   5926.892292   7635.462562   5298.543801   7116.691917   5644.775228   5882.906749   5424.944827   7734.030316   3236.412425   5642.946583   3892.592708   2420.319250   4723.798751   4642.600760   6398.620466   7600.147281   6409.846758   5918.174272   3451.154965   5873.649029   6949.643766   6994.885581   5486.798817   3172.942491   5788.306321   7824.814967   11026.829998   7766.282360   3725.833676   21706.121641   12100.649407   6570.307885   0.000000   
45.400000   3731.194303   3837.241142   7215.522250   5866.064851   5625.714054   4554.228146   4190.312410   4966.577364   5106.996969   4681.634602   5416.803500   3817.027872   4553.658754   4102.688997   2506.110074   4242.239436   3954.085363   5165.086280   5602.470270   5092.987841   3825.896472   4208.278088   4646.897005   5831.399675   4315.063253   5858.398779   4025.993804   6405.729174   6212.537302   7822.278267   5724.939403   4201.725584   21633.536042   11262.895382   6536.118417   0.000000   
45.600000   3492.371722   5025.659193   8282.198621   6016.306675   8706.622840   4774.004910   6852.920301   4085.566453   6852.879860   4434.243442   5608.378441   4308.753902   5296.629081   4675.053151   3360.541208   7009.828910   4381.626725   6397.662912   8068.021885   4036.830297   5356.102444   4417.872978   4399.257015   5562.527736   6287.389263   5574.470643   3894.007983   4921.075490   6968.446394   9592.548342   5298.510177   6581.571260   21481.798586   18543.725813   7078.121786   0.000000   
45.800000   2888.808251   3927.431808   5147.860929   6869.264023   4972.171695   4465.345376   5174.138169   4600.171152   6432.391191   4995.752714   3738.086935   4330.431089   3733.454691   4618.733105   4667.320245   5540.851269   3342.979498   5019.893455   4733.740741   4218.337815   4485.998137   4864.074493   4692.160573   4096.048627   4932.017266   4881.504961   4429.908777   6574.390775   4840.058774   6382.348523   5383.649663   4653.132568   21444.004221   10987.691831   6710.589157   0.000000   
46.000000   2422.516946   3581.874159   6469.853129   6835.424150   5385.645635   3746.411467   5936.487034   3592.334104   7423.139733   4551.320644   4602.302221   4041.998134   4591.476369   4359.312565   3351.430140   6226.292215   3805.097227   5338.412053   4745.562654   4262.070893   4699.042887   3804.836978   3594.064141   4178.268929   6030.491705   6194.171963   3737.403308   6485.322094   5195.907056   7755.489931   5852.105373   4808.095105   21336.696437   11997.843213   7062.497444   0.000000   
46.200000   2344.721309   3608.125028   5891.865189   5279.429331   5247.633858   4493.203059   5673.068903   6792.834663   6115.185819   5808.896125   4713.848193   2843.522439   4659.793845   4358.639639   4984.877770   6452.766803   3736.803752   4904.756740   4227.664978   7414.669847   4506.127545   3870.390740   5899.446826   6953.641226   7705.357869   6912.682346   2955.739890   4102.918779   5119.341161   7254.025689   5892.745848   4892.881420   21241.647287   12144.027406   6694.920401   0.000000   
46.400000   2781.889754   4451.884806   5332.755560   6007.077297   3759.074463   4102.009825   4955.769210   4055.519297   6142.590419   4056.553341   4386.563012   4190.799233   3736.589075   4225.099020   4222.246573   5277.477753   3107.686455   6373.784682   4252.717424   3297.885613   4418.451722   4185.637520   3837.838662   3196.310092   5631.283918   5412.275566   4324.348795   5579.542047   4289.649088   5562.185295   5816.514824   4762.756762   21147.321580   13697.915535   6608.311357   0.000000   
46.600000   3326.359641   4336.086448   5548.941803   5358.187316   4326.403326   5736.217928   5049.829648   6623.713242   5510.985858   6028.246332   3988.652556   3961.814958   3337.978826   4760.210355   3745.236591   5033.364810   3828.638935   5269.638725   5141.366447   6378.699233   5455.726360   5165.453308   6867.772743   6218.463677   5615.363002   6853.551161   4527.184637   5408.507670   4342.710421   4558.868741   4465.192028   4083.931322   21076.549033   12270.788668   6546.719433   0.000000   
46.800000   4149.757616   3263.574228   5429.626005   4012.735547   4440.289859   4704.821610   4843.305948   4828.039605   5500.372846   4021.412313   4335.210631   2769.080754   4520.178427   4731.872554   4683.061980   8406.180762   3998.999854   4225.477130   4187.533438   4295.119207   4059.216268   6275.912016   5526.734018   4990.769701   5350.482344   7610.411158   2564.930520   3841.808496   4410.883063   6463.561168   5802.241194   4298.856370   20951.590228   14100.670624   6279.106242   0.000000   
47.000000   3298.453285   3858.048728   5711.643383   5558.853826   4956.989016   5419.751329   5379.561909   5596.681086   5127.107507   4996.286062   4737.574718   4120.349559   3929.470105   3895.685138   3934.300868   6071.408818   3829.100402   5937.693990   5130.167477   5680.749193   5468.120736   3369.968433   6313.985056   5898.217548   5242.955652   7228.015455   4519.400226   5560.043705   4990.765486   6075.715744   5142.485864   5100.541971   20905.553209   14400.957443   6191.141822   0.000000   
47.200000   3399.243700   3587.359174   5157.806825   4583.543246   4318.113020   4736.736644   4519.311396   4934.714128   5097.525187   4312.429017   4340.147553   3023.827545   3789.880411   4328.399963   3255.205476   6887.605688   3083.832753   4006.907886   4576.112005   4458.616248   4789.317911   4276.582112   5123.078248   4546.524483   4844.827223   4159.572133   3280.099439   4444.699166   4067.734733   4631.089422   4507.716415   4213.194146   20779.495922   13721.762529   6339.715728   0.000000   
47.400000   3512.555388   4046.920689   5276.438989   5591.621878   4111.446775   5699.749572   3524.770190   6116.058873   5190.584579   4092.031288   4137.397186   3687.813360   3678.994272   4410.526345   3078.008104   7319.198413   3531.181499   4962.949319   4397.821047   4917.473261   4039.661479   4852.316297   6546.979299   5330.817113   4390.074408   4831.547698   4004.286987   5296.722788   5080.868121   5668.233785   5406.886292   3935.589078   20737.091039   13448.090107   6188.990357   0.000000   
47.600000   2226.034648   3534.512103   3781.716616   4446.538178   3759.601556   4133.624791   4308.283296   5432.074486   5616.723292   5775.181166   3151.791153   3069.493653   3463.791905   4458.173985   3130.943193   6614.804743   2965.575586   4230.680540   3614.188406   5439.956455   4467.764816   4387.484023   4881.561585   4977.772427   5695.129795   4158.906127   3078.292326   4311.712770   3733.800582   4855.154730   4737.630571   4627.185284   20629.856559   17015.751348   6485.500546   0.000000   
47.800000   2708.894660   5107.301180   4550.683384   7081.047988   3800.672191   5958.384153   4886.397341   6292.795929   5114.134853   5656.242231   2889.360705   4720.369324   2691.800433   4457.928069   3236.233934   5586.966462   3129.698268   6733.956890   3840.016082   4889.319899   4411.596169   4406.181137   7042.780327   5482.163901   5252.044203   7520.613710   3951.916359   6819.978473   6716.560835   6872.679543   5349.519841   4996.216780   20606.366498   16978.010694   6135.695410   0.000000   
48.000000   3112.030350   3085.440373   5642.624797   3982.430918   4992.682333   4511.719944   5511.631434   4833.696306   5741.706795   4918.525216   3793.934722   3173.613073   3716.291633   4304.749951   3213.734745   6745.390346   3694.555427   4018.496572   5077.950540   4544.313092   4449.030360   4683.833257   4921.222091   4375.509535   6078.555434   5158.520562   2242.038157   3812.220179   3637.663638   6142.111886   4955.524741   4703.767693   20470.985170   12722.708378   6543.680087   0.000000   
48.200000   2604.418528   3416.430655   3414.300381   3941.176997   4434.301292   4487.033492   5576.508214   6081.838730   5930.294980   4835.273075   2582.893487   2821.675093   3615.129199   3778.107346   5124.911772   6460.673161   2900.018033   4329.014879   5073.168251   5376.259607   4871.320565   3545.380079   5803.289837   5142.726503   6546.863610   6883.366258   2311.022352   4416.720887   4208.802391   4600.208322   4205.879196   5146.620224   20471.005494   13283.296076   6760.513590   0.000000   
48.400000   2271.570190   2928.564046   4088.801394   3598.891053   3170.972981   3289.747810   3858.828432   4007.764453   5771.907202   4309.736000   3288.715568   2362.765374   2834.789291   3234.612890   4247.364544   6864.475441   2603.332621   3485.362443   3416.545878   3775.769528   4699.318954   4079.863809   3692.106720   3369.208264   3811.716015   7058.663906   2571.150167   3871.357935   3027.294783   4384.504466   3752.934103   3637.346488   20306.976689   13845.383406   6702.338733   0.000000   
48.600000   2566.009091   3164.819940   3631.801019   4694.063507   3707.269152   4229.644899   4310.803568   4870.564204   5247.343641   4596.742777   2682.397730   3428.243594   2926.163085   3923.383555   3855.980054   5635.437147   2588.908080   5080.970312   3501.952540   4404.470151   4115.775672   4834.711458   4983.791708   4067.667902   4375.399134   4149.832663   2926.174486   4183.050811   4661.135899   4227.704563   4048.201868   4082.136452   20246.240577   13618.061767   6346.992580   0.000000   
48.800000   2861.028636   3453.976100   4067.792678   4372.054253   4703.131095   4851.456072   5051.155644   5387.972594   5987.410345   5020.269481   2964.614214   3120.311548   3571.091315   5187.793017   3205.218508   5014.454775   2958.308822   4327.002986   4300.267994   5107.301101   4691.505678   4234.463716   5748.463643   5464.211175   6548.649593   6488.669611   3549.047412   4264.335204   4706.099308   5962.910375   4612.057072   4943.777493   20198.070509   15550.085517   6383.008534   0.000000   
49.000000   3073.326335   4198.256763   4305.950374   4444.726386   4652.305953   3173.849096   4856.171056   3579.531605   5266.761115   4305.687539   3290.098495   3445.010061   3857.500746   4205.742802   3950.782411   6014.077127   3394.878430   4445.020267   4925.195561   4110.071275   4691.139173   5230.005620   3618.909638   4285.252466   5116.060799   5182.247705   3755.133335   3567.308481   4130.706403   4504.172856   4482.726338   4852.901787   20166.963692   16903.789698   6374.338248   0.000000   
49.200000   3963.634807   3437.329938   3976.103399   4380.589685   4339.954877   3851.369487   5094.149942   4341.096313   5633.230297   4210.835591   3467.738715   2865.097103   2794.295689   3795.224369   4215.277748   8436.491035   3330.899179   4150.850366   4529.076572   4034.920103   5112.669153   4445.067095   4913.809778   4510.344242   4699.713184   4500.169349   2957.125833   3456.210712   3720.122438   3568.534891   3233.678127   4094.617155   20009.388900   17388.924424   6813.008631   0.000000   
49.400000   3454.529644   4910.033113   4482.481612   5258.299040   4168.177355   4923.598348   4943.658762   4794.272495   5531.594236   4270.334206   3170.105787   3502.191326   3943.543947   4793.989233   3883.169818   9291.358868   3416.534759   5423.527315   5178.870868   3889.086211   4917.321224   5460.694720   4637.765608   3945.627815   4739.966539   5905.590200   3460.143784   5933.439925   5227.590032   4239.395983   3495.072157   5374.912332   19895.359169   19342.858206   6954.952685   0.000000   
49.600000   4107.471815   4576.316586   4166.581068   4612.457568   3584.202858   4173.233184   5058.579865   5074.066303   5224.109694   3989.953078   3264.214260   3237.906738   3617.130031   4088.951743   3473.987794   9992.398600   3275.680118   4385.689117   4282.644003   3650.815067   4983.332004   3986.342460   4619.322445   3578.697530   5817.785869   5532.787015   3961.658325   4624.171856   4015.120903   4750.397700   3856.032968   5552.146902   19844.519646   19115.639210   6278.633476   0.000000   
49.800000   6456.515314   5972.805417   4341.248963   4805.713009   4335.359381   4776.715171   6103.276752   6585.657759   6079.702479   5121.275154   3168.509061   2691.173577   3352.488729   4742.568030   4910.606802   10204.190176   2988.858352   5682.784278   4850.156177   6376.174745   6201.710866   3750.302286   5685.167259   4816.823961   6984.357052   7381.373581   2393.365858   3501.495181   4960.549796   6655.084664   6523.747801   6490.905576   19756.372370   24477.492543   7124.330789   0.000000   
50.000000   38254.623757   33764.919756   8586.104438   20257.689646   8660.609058   17662.738784   15558.515586   19302.960941   19198.913514   6175.655763   4744.637550   10535.111328   21475.368093   18663.394602   4551.406158   9089.561612   4319.715070   12155.491685   17572.979861   13826.312920   27768.915608   3653.314194   3823.990773   3559.430328   8919.294863   9717.986014   2751.219461   4764.839645   4399.153821   7294.007501   8434.233417   9811.156370   19707.178489   20335.178213   6529.092908   0.000000   
50.200000   9029.007038   7812.543596   4851.346558   4098.961453   5725.824379   4719.810200   6755.098861   5157.947882   6530.036813   5339.812855   3168.408003   3706.340957   4991.738759   4572.539175   6720.978749   6625.759474   3684.059694   4403.541594   6102.186148   5208.879095   7862.856811   3334.439588   4255.033086   3881.074967   5219.537885   6084.937960   2203.016218   3820.022414   3850.212648   4331.939647   3924.006906   3957.346954   19628.731975   13146.433499   7685.282144   0.000000   
50.400000   4473.192255   4075.286576   4500.766385   3159.591425   3877.113321   2979.877021   4854.418698   4834.205984   6326.468886   5644.350029   3118.436592   2392.218155   3607.987854   3210.851017   4775.263346   6455.575935   2046.998290   3490.209775   4562.585590   3842.275851   5720.347470   3155.644845   3637.901316   3021.761910   4309.723221   7060.956388   2196.402370   2028.501461   3181.428178   4640.151564   3417.796511   3040.792209   19503.925872   16131.754815   6623.379702   0.000000   
50.600000   3314.338289   3001.468769   4841.659161   2820.696432   4137.622681   3985.877387   5310.748736   5244.264093   5734.540296   4175.822085   3245.870941   2081.450615   3852.917812   4058.670170   3502.378960   6711.449264   2451.860588   3660.289824   3908.166815   4226.019570   4207.465984   3208.528142   4852.055285   4188.870393   5349.822717   7298.159208   2108.914554   2921.353448   3122.224029   3405.760050   3914.195971   3527.690800   19463.218419   14493.422740   6613.938180   0.000000   
50.800000   2888.239412   3152.982981   3583.930936   3576.520462   4298.854698   3291.727619   4546.599399   3886.392649   5016.591936   3974.764937   2789.514833   2985.426814   3790.398153   3637.772658   3985.311928   5531.590762   2524.053213   3776.509045   4021.704993   3635.488898   4743.936034   2882.725936   3629.763954   3527.154640   4764.498905   6594.408466   2549.357865   3349.759031   3959.515407   3706.776412   2929.504076   3683.221947   19414.081574   16987.533536   6451.656286   0.000000   
51.000000   2890.625209   2556.157503   2984.653432   3092.064660   3659.079942   3694.759491   4101.955371   5351.104252   5039.445452   4655.665788   2802.454751   2720.387688   2993.866153   3486.326162   5235.750593   7746.271629   2759.897021   3211.490429   3336.936499   4629.344708   5071.815970   4271.501597   4402.633026   4021.953218   4967.456219   6396.752645   2816.977331   3972.169688   3324.001353   4199.702231   3340.103035   4367.043742   19343.427886   18320.045047   6139.536529   0.000000   
51.200000   2764.853281   3878.569403   3017.784091   3699.437537   4330.463692   3725.394324   5111.847349   5449.850256   5762.295050   4339.150984   2323.521463   3419.041600   3205.301675   4375.747083   3153.316364   8550.419291   2735.147843   3221.810596   4129.475113   4737.650732   5147.936332   4833.223677   4732.120510   4763.327685   5537.437716   7632.734071   3439.140538   3754.257132   3154.435689   3903.087989   3364.638722   4588.175008   19291.055227   20522.809552   5809.722817   0.000000   
51.400000   2475.420496   2705.408909   2676.321237   3844.338444   3239.463951   4198.203635   4853.992061   5087.725003   5167.048258   4547.785372   2242.736588   2760.605841   2979.635479   5007.363813   3991.831165   9998.902943   1917.712578   3761.496958   3378.968381   4472.501635   4800.770896   5024.573539   4889.564269   4144.839514   5302.967718   7729.368406   3021.311030   4428.922936   3922.204684   4545.363819   4552.189073   3995.813015   19274.622467   20949.143335   6525.729882   0.000000   
51.600000   2006.264949   2762.479830   3567.359360   3018.174048   4209.317369   3408.523734   5487.354211   5485.789497   5908.529334   4975.539620   2726.615742   2132.582788   3189.297007   4015.935399   3925.181754   9979.581501   2401.368562   4292.679438   3618.038151   5532.740160   4998.229682   4389.185582   4229.238799   5358.989746   6673.159372   5483.516742   2522.707955   3626.302356   4101.770566   5149.890255   4090.431235   4473.643870   19140.812918   24406.223957   6457.808815   0.000000   
51.800000   3496.054902   3237.122542   3377.981915   3470.628941   3748.047715   2617.148140   3603.606343   3925.016667   4984.953559   3917.712622   2884.203077   3176.145964   3193.858488   4004.858604   4431.472574   8503.625112   2898.960183   3278.575478   3652.729677   3824.327902   4007.604136   3669.310691   3257.986368   3587.173756   4274.229794   5210.100510   2548.053427   3057.671654   3153.940428   3207.894411   3006.884643   3444.877365   19035.988070   21580.773549   6544.642148   0.000000   
52.000000   2125.114353   2450.986712   2826.301839   3295.151513   3517.164116   3217.220828   3511.373927   4819.377435   5426.480593   4860.519386   2540.158889   1861.988061   2669.391652   3558.945120   3333.297655   7345.710137   2134.040270   3088.066074   3907.514605   4934.807640   4657.972855   5482.564391   4125.891868   4069.088141   3842.787121   6827.083192   2400.146720   3292.847371   2713.616376   3474.090861   3311.752781   3831.791660   19006.063525   21806.631738   6536.758084   0.000000   
52.200000   2488.579729   2464.146743   3589.868222   3081.811386   3435.452970   3091.404496   4444.353894   4499.473292   5481.996211   3751.709942   2714.637394   2467.400616   2767.534060   3698.907127   3482.627579   8148.904963   2278.590472   3381.622789   3173.640803   3632.851856   4600.008158   3399.106469   4331.650315   3346.455735   4683.071490   4718.602942   2867.733361   3102.440961   2967.160779   4013.660537   3156.556235   3654.063747   18890.540937   14749.587136   6541.034513   0.000000   
52.400000   2720.218114   2277.937727   4076.569186   3189.889550   5031.685599   2950.741251   5630.602835   5290.870647   5613.372156   3847.601298   3094.380222   2255.210527   4022.559365   4059.745075   3028.038742   10662.189648   2232.397417   3467.319524   4932.325131   3942.490420   4343.995741   4646.537913   3946.359374   3632.666120   5940.901537   5363.473908   2114.580187   2955.092854   3516.484273   4337.071402   3671.468543   3742.126733   18845.137406   14716.726102   6302.608690   0.000000   
52.600000   3065.712496   2707.153997   4217.676328   3625.099321   5398.980578   3076.630893   5455.435311   3718.459098   5055.639606   3433.848687   4020.697169   2342.189524   4567.715341   4001.678190   3397.324920   10951.450728   3605.841997   3199.468131   4469.066651   3206.923312   3655.953171   5797.083217   3093.721934   3409.474951   6451.781195   6197.569935   2343.823330   3365.429271   3589.380325   6491.509657   5916.541088   5170.627412   18726.006895   19195.568088   6010.338817   0.000000   
52.800000   2098.352586   3355.767169   3190.272512   3100.876821   4220.555766   3730.304651   5962.147167   5252.058907   5545.577443   3661.046698   2533.354459   3099.448424   3331.242777   3874.028068   4493.930344   10244.846681   2549.680028   3400.123735   4181.838040   4693.614742   4631.871817   5136.125723   4566.599209   4151.459676   4342.535476   7083.843025   2439.741513   3566.325537   3515.156205   3543.846917   3271.134507   3402.966730   18681.688505   16174.690394   6069.976883   0.000000   
53.000000   2157.709889   2738.544047   3255.925846   2701.063415   3668.681581   2564.551703   5238.317775   3616.972643   4964.103974   3768.967067   2396.252935   2369.390140   2700.353096   3403.178520   4278.521578   9307.893192   2820.013910   2805.563803   3579.980975   3064.600852   4263.138284   4323.490958   2649.958600   3138.976789   3793.724589   8096.467924   1785.495262   2728.515265   3138.244538   3665.351399   3104.809398   3917.286848   18605.945885   15207.211457   6614.717389   0.000000   
53.200000   1852.482147   2209.637957   2787.593319   3179.714875   3246.633963   3569.371126   4118.525222   4551.909870   5413.448591   4393.512460   2476.754718   2262.016043   2188.341369   3548.865447   3399.023124   6615.208011   2202.914245   3417.351449   3537.543308   4031.109406   4364.060310   5406.614278   3794.536660   3506.076765   4336.486886   4979.102773   2595.173973   3726.193187   3585.244712   4056.734259   3244.988395   3589.198747   18549.743386   19621.690178   7282.923896   0.000000   
53.400000   2186.122780   2647.281223   3255.782373   3605.486515   3709.622322   3565.183435   4118.053057   3726.845961   5101.536137   3741.425317   3118.313004   2096.111568   2616.459939   3755.816383   4726.218456   9119.584083   2224.765140   3208.007001   3221.756414   2586.877659   4683.091286   7148.185132   4275.910662   3027.165787   3908.896695   5631.831013   2212.672334   3222.220261   3246.144745   3659.526661   3509.730551   3870.156372   18483.187140   20470.767458   6518.915540   0.000000   
53.600000   2934.327426   4510.928361   5149.584728   4457.735308   5950.279291   4314.222762   6227.703936   5414.109567   5221.427731   3482.957086   3583.220335   3192.025239   4803.172123   3851.726237   3621.127499   10678.678309   3128.091900   5365.418589   5527.748808   4234.652348   3926.702155   5685.991075   5459.386394   3965.847880   6457.042162   5905.221457   2673.991982   4058.350250   4618.106976   5020.702122   4212.444725   5295.536775   18368.006796   24680.353934   6061.992991   0.000000   
53.800000   2179.593879   3795.055850   3069.388244   4298.858586   3050.085119   4713.932817   3437.609977   5984.655275   5500.767844   3877.011896   2751.456677   3430.447607   2639.323147   4426.856126   4184.234966   7404.715077   2666.705028   4283.745533   2678.252347   4883.041283   4437.379616   6336.695929   5935.764047   4782.877407   5121.989314   5675.318766   3491.942461   4311.904864   4456.384743   4647.374152   4126.674611   4952.460425   18350.906782   23102.907314   6551.709369   0.000000   
54.000000   1756.292367   3039.283525   3497.672082   3760.418466   4591.117649   5092.039879   5314.152764   6018.537554   7171.370417   4746.439908   2319.216564   2832.232323   2864.461297   3592.522804   5705.391836   10206.966208   2157.615883   4134.111020   4081.230100   4397.549538   5583.994726   6016.771332   6284.962217   4228.924819   6157.593698   5995.894813   3089.336950   4180.748238   4310.889376   5328.252960   3926.956088   3905.331371   18308.202899   18580.922858   6601.770575   0.000000   
54.200000   2214.183036   3470.940433   4700.737463   3866.324944   4958.920579   4492.366918   5578.034281   5679.799971   5317.013840   3906.530450   3139.924280   2989.634161   3471.606341   3803.517622   3529.263370   9506.131732   2992.194258   3876.209932   5162.172280   3758.828869   3791.205523   4510.938530   5504.316307   3913.392508   5621.012215   7901.399245   2935.403980   3977.089074   4106.603055   5122.938095   4223.514429   4888.305300   18211.896068   19397.346668   6808.085039   0.000000   
54.400000   2050.583317   2844.111810   3516.899116   2801.922359   4118.856959   4026.776225   5309.197017   5625.361206   5662.934728   4113.726984   3092.166963   2287.434253   2793.633489   3458.571488   5379.801824   12060.460807   2108.883964   3673.505204   3605.445812   3885.188894   4239.098989   4495.308799   5323.420681   3963.177336   6011.492439   7016.917145   2297.678638   2952.359506   4171.426107   4273.975444   4133.024545   3349.070208   18163.775831   14062.305698   8214.187622   0.000000   
54.600000   2454.754750   2532.269023   3471.926052   2797.481657   2761.603207   3755.870036   3838.390174   5344.436833   4554.901172   3575.034057   3220.895742   2077.097822   3780.388797   3351.175080   3882.622270   9739.221855   2461.783669   2929.035818   2825.841221   3779.549970   4076.229882   4450.537065   5009.620914   3669.319456   3761.443420   6525.517775   1923.713102   3075.524073   3435.754664   3555.449492   3844.623214   2501.445760   18095.960683   12790.763301   6250.673169   0.000000   
54.800000   2734.789417   4766.631904   2878.515791   5925.510995   4027.971530   5563.310217   5775.916828   5800.106228   5308.621273   3785.964246   2412.563792   4066.919532   2495.818742   3478.839462   3720.844905   11357.804212   2704.462085   5714.929762   3658.548678   4591.363170   4671.531417   5126.185266   6125.683498   5148.905192   5855.882629   5688.232380   4632.864474   5867.105387   5420.850374   5127.090445   4745.571158   4996.729578   18056.903549   23124.572435   5662.122279   0.000000   
55.000000   1641.924463   2086.007867   2993.347112   2701.895536   4136.581683   4199.114866   6848.121459   4770.959897   4556.209725   3933.446566   2545.061819   2498.726593   2788.099932   3870.006942   4434.373558   5094.715381   1924.690927   2515.519177   3823.550114   3621.967340   3980.912973   5422.967284   5015.336235   3432.908348   5511.727247   5597.424231   2808.906140   3156.463539   3271.725280   3967.078440   3880.860696   2691.981995   17981.753310   11411.358246   6373.434771   0.000000   
55.200000   2049.252007   2818.795411   2893.283799   2715.902547   3899.520911   3592.961229   5245.575311   4128.748707   4812.011303   3845.079319   2128.649665   2318.784888   2378.925362   3568.182262   3289.260136   7113.180409   2449.577770   3132.280474   4011.653354   3459.576990   3916.923861   4895.246611   3647.173228   3938.121002   4603.539978   5957.068226   2130.374078   2978.758499   3337.219140   3839.894933   4114.789721   2706.832912   17895.429074   14146.994687   5778.800023   0.000000   
55.400000   1997.091640   2925.178110   2471.490782   3054.966426   3632.975650   4123.081946   4396.790392   4448.596148   4565.571552   4279.179721   2543.842990   2485.031773   3005.019023   4314.675869   4523.462067   9285.923532   2216.768358   3806.095946   4063.619312   4592.357695   3884.986328   5588.076422   4019.835330   4484.888022   4363.614933   7332.547631   2837.013009   3166.352954   3689.024125   3411.323592   3445.057816   4790.550424   17835.683462   21331.629725   6580.582976   0.000000   
55.600000   2232.567569   2885.494038   3265.647525   2806.895561   3609.693418   4469.353059   4740.150355   5596.973343   4216.203105   4269.173710   2581.339360   2281.533035   2999.217688   3270.722713   3633.240857   13082.227636   2375.379446   3038.648419   3643.430284   3921.223733   4466.800500   7197.470830   5941.544669   3458.712693   5183.696609   8285.470289   2669.192896   2931.823878   3123.954328   4183.176825   3848.989008   3884.053563   17873.004628   22083.306577   6228.834716   0.000000   
55.800000   1898.662965   2556.448323   3268.945263   3428.754439   4087.907029   4772.927161   4723.198917   6480.213906   4516.397954   4731.066634   2291.447851   2435.966096   2817.565375   3347.308615   4306.669616   10005.595382   3005.202930   4159.634412   3652.555138   4799.770882   3837.684642   7765.749203   6151.747406   4741.882179   3921.476332   7684.378242   2147.608685   3878.967362   4403.604206   3616.701452   3930.584102   4283.297259   17749.719544   22413.848593   6221.861815   0.000000   
56.000000   2059.519301   1810.975978   3240.886796   2261.174711   4072.548506   4151.254488   5630.638794   5011.590007   5217.047084   3977.437540   1988.352277   1620.953707   2447.445344   3563.701632   5024.881840   9966.713339   2956.982103   2990.131593   3462.578755   4186.981887   3588.802906   8341.535268   5139.401779   4391.080319   6854.885422   6186.652357   2090.941800   2871.211622   2973.600585   5201.719485   3998.373950   3807.559238   17720.635285   18747.523756   6190.273397   0.000000   
56.200000   1635.728984   2245.005583   3450.318672   2441.926659   3896.520857   3618.088181   5392.794803   5074.629802   4575.570233   3961.417118   2025.298874   1768.922694   2658.514566   2984.449695   3368.997793   8413.776350   1957.416849   2832.139685   3703.284398   4577.645243   3822.255112   5223.763500   4149.351535   4223.847607   5551.593745   4831.938884   2630.025274   2907.551900   3002.405351   3786.432797   3106.594030   3502.368048   17627.379680   14559.022979   6177.540265   0.000000   
56.400000   2302.706236   2118.983380   2373.191228   2354.280382   3434.845423   3142.926983   5066.069673   4615.864514   4728.489188   4363.478233   2199.234403   1919.652465   2010.768043   3469.598875   4697.184629   8837.426737   2456.075482   2484.814506   2873.945419   4119.324837   4186.709699   4929.852363   4117.602159   4545.098737   5613.246960   6140.849574   2253.858165   2137.367926   2404.992744   3065.332624   2986.646815   3009.707198   17651.601735   13657.692405   7238.153488   0.000000   
56.600000   2562.505963   2137.769678   2917.300309   2665.957795   3702.449641   3076.684668   4094.509391   5313.540267   5049.428742   3838.829735   2309.593720   2011.995691   2632.941374   3330.385831   4809.128431   13572.299320   2521.170477   3070.632538   3008.265516   3054.687402   4237.527058   6194.544113   4951.997000   2517.512229   4549.238145   9143.208040   2116.896957   2218.729319   2879.173620   4276.288589   4057.433693   3413.900742   17527.299041   12867.244698   6502.853076   0.000000   
56.800000   2417.813006   2143.637160   3665.155323   2511.764167   4287.512639   4195.191082   4854.350157   5080.504618   5575.885915   3917.783028   2980.628110   1846.004088   3276.846248   3021.064700   5269.638918   9221.014241   2404.153254   2978.152760   3234.850530   3529.192554   5019.525013   6441.109490   4989.344056   3760.284473   5255.557918   9999.232366   1871.399335   2734.381455   3163.741247   3616.181138   3693.454121   3716.663261   17520.571567   16344.888041   7285.091287   0.000000   
57.000000   1902.536245   2819.383380   2960.892200   2835.107048   4241.489194   3775.889808   4157.977807   4497.821064   6309.164057   4484.317356   2431.320514   2329.718454   3051.303705   3626.644972   3331.961223   8807.912194   2327.076060   3428.717288   3629.750393   4189.084578   5306.531129   4653.080982   3726.001860   3290.057923   5804.419491   6430.326986   2078.229679   2661.036979   2959.680295   5026.692889   4241.276499   4030.180059   17407.340957   18126.893386   7566.672076   0.000000   
57.200000   2098.315854   2031.465892   3358.225693   2678.345799   3749.813375   4310.585695   4224.404074   3432.065794   4309.449146   3715.792061   2908.522033   1530.901321   2988.492427   3310.365252   2678.382785   8609.035624   2526.477346   3477.835866   3840.173591   2410.738159   3334.687442   6300.625581   4417.790007   2965.028324   5070.567783   6340.822511   2000.602184   3140.641975   3453.696972   4057.760802   4397.247711   3038.272209   17287.042467   10019.971724   5890.690188   0.000000   
57.400000   2266.010565   2591.738758   3207.824525   2943.820265   3685.394382   3600.101782   4159.555066   5787.695941   4953.020534   4551.139259   2186.891983   2124.383474   2717.590477   2969.896744   3132.040337   11518.609711   2223.852504   3385.101294   2816.401969   4438.679585   4054.405550   4247.653063   4874.651647   4676.150863   2777.695797   10730.273152   2605.856989   2765.488337   2973.175259   3909.429881   3872.522326   3901.851298   17257.424750   14679.829047   6767.339260   0.000000   
57.600000   1704.390488   2112.540032   2758.421181   2750.222705   2923.366087   3479.828316   4512.366772   5739.904589   4662.129693   4002.489869   2318.846470   2166.881133   2019.596336   3406.818920   4142.707969   16365.253198   1730.405201   2762.187022   3645.913804   3739.856962   4120.427252   8123.006243   5419.704014   3217.195736   3461.124990   7355.324825   2214.083008   2452.988307   2271.341244   2219.564212   2214.256298   2371.699019   17172.028517   17227.376539   6859.030150   0.000000   
57.800000   1783.537221   2733.757206   2573.922564   2488.484207   3780.194617   2668.691721   6889.159730   5347.882123   5422.488520   3585.118949   1649.960587   1932.150350   2194.161775   3499.619585   5929.062164   14356.457870   2038.275704   2302.126670   4678.055137   3498.329987   4533.073332   5588.878940   4166.378316   3340.294256   5095.059696   8713.242082   1665.087395   2090.895771   2433.762654   3515.286371   3267.885421   3584.420353   17247.408619   20530.319485   6486.176689   0.000000   
58.000000   2779.819874   2424.604485   4875.230722   1785.370054   4376.300526   2560.651570   3302.074225   4678.455759   4096.945570   4077.379917   2862.035329   2041.639211   3322.781194   3231.197228   3839.967228   12928.062393   2527.986162   2282.672273   3818.351004   3104.089705   3280.953312   4746.873839   3767.132624   2466.393450   3731.875340   9892.469469   2109.915279   1765.868425   2310.105858   3850.454474   2660.816691   3246.456763   17072.788528   15598.604848   5949.399949   0.000000   
58.200000   2711.364094   2576.899763   3221.063710   2121.896205   4495.365407   3754.263782   5479.600408   5902.715896   4458.157697   3748.399399   2488.777394   1808.583969   2434.020723   2711.877363   4422.856727   14605.883877   2817.447713   2859.441491   4440.298207   3491.010377   3910.167187   6779.609802   5171.361804   3491.883373   4456.238546   9518.478230   1741.679293   2083.229371   3000.618738   3455.934049   2847.031557   3251.709111   17059.382614   11242.116914   6593.674345   0.000000   
58.400000   2509.955246   2390.446629   3676.513779   2683.719187   4601.137670   3774.337365   4427.541734   4463.422429   5619.166700   4041.303444   2119.297759   2888.043844   2676.804928   2935.897323   3961.096990   10102.216971   2208.845955   3071.100557   4389.608133   2716.548497   4423.274373   6226.139530   4501.559989   3036.806810   4698.253921   11090.319383   2348.846499   2530.992494   2785.218762   3490.468163   3024.864707   3726.671593   16977.389709   10485.442814   7736.699464   0.000000   
58.600000   2517.589948   2293.937595   3811.319395   2746.565340   3935.889854   4282.222957   5032.860223   4937.854854   5009.128026   3886.483339   2707.792763   2404.737884   3517.700256   2954.111722   3190.650358   10420.553747   2067.291117   3725.012908   3046.184900   2985.697006   4523.273124   7931.133629   4939.850441   2918.382032   4499.366496   7951.889160   2107.208441   3186.800586   2877.707120   4577.308882   3595.487967   3448.176470   16921.660695   10136.836787   6785.261204   0.000000   
58.800000   2133.698971   1641.385840   2568.841118   2418.675198   2979.506283   2570.931851   4362.402399   4240.186406   4041.052667   4228.444467   2048.997017   1857.501865   2057.741511   3353.221769   4166.420497   7347.136833   1978.381293   2878.364747   2208.583365   2625.228988   3228.917768   6899.359846   3394.954358   2389.550655   3358.526374   9598.114540   1710.792698   2696.453730   2994.890589   2355.857741   2312.580246   2974.083902   16836.505317   13630.525993   6893.794944   0.000000   
59.000000   2507.343051   2314.081739   3211.209417   2534.348844   4156.969436   3719.072008   5320.944603   5596.302661   4801.805890   3713.563346   2676.820153   2038.286693   2903.420372   2990.656709   4930.214693   9244.730982   2685.242521   2943.544888   3168.546834   4781.104684   4179.932959   4417.225111   5847.961147   4610.121655   5980.211128   10914.647621   2057.073255   3219.293318   3703.267735   4208.203857   4365.173171   3743.651485   16833.902933   14791.884382   6167.249639   0.000000   
59.200000   2154.720522   1587.303301   2902.408744   2161.297185   3581.278062   3346.206278   4840.793863   5350.948629   4965.739387   3915.550617   2052.889958   1778.777511   2600.373438   3122.751361   4312.961733   8889.851897   2048.980087   2425.899936   3373.081717   4232.470230   4007.919124   6739.329486   4816.867024   3513.269098   4256.139617   7743.787794   1775.695249   2541.068268   2253.376952   3366.436427   2745.268739   2358.460430   16796.216218   10607.167999   6298.205701   0.000000   
59.400000   1998.423708   2213.095758   3067.005747   2682.508754   3681.410437   4566.376543   3989.379479   4775.699606   4243.058217   3091.429787   2357.633635   2095.892222   2958.273945   2969.061840   3601.281391   7638.029328   1878.230149   3155.689375   2985.711041   3662.381575   3414.412392   5624.525294   4917.950363   4026.395231   5301.488948   7727.632852   2365.896343   2947.723959   3103.779878   3803.175011   3910.247894   2825.394673   16737.406919   11332.098256   6509.556699   0.000000   
59.600000   2288.060247   1974.508232   2685.643239   2695.118708   3382.738653   4809.603165   3873.364282   4954.688554   4604.941628   3860.670006   2232.649349   1980.572470   2792.072092   2684.399079   4597.039147   9151.587785   2219.211297   3082.987469   3938.890468   3956.997836   3827.998654   5427.033417   5716.117612   3955.736920   4136.055001   8944.264973   2038.511699   3517.498543   3006.246698   3448.721570   3397.744770   2789.649404   16700.239501   13120.106625   5509.090981   0.000000   
59.800000   2661.410071   2397.401080   3316.894586   2723.431849   3957.284090   3635.201093   4623.121666   3726.389535   4263.714595   3561.822547   2583.053293   2370.736430   2781.188777   3052.176038   3381.871812   10103.163258   3154.958982   2904.883155   4332.218321   3258.669630   3747.654312   6034.474353   3762.373328   3084.371956   5092.373031   12504.036402   2297.957874   3186.759574   3231.649887   4079.509527   3732.572313   3703.541286   16658.750045   18458.370068   6234.420232   0.000000   
60.000000   2182.706569   2438.199998   2758.124527   2374.838096   2927.821425   3172.980792   4219.901021   4796.710480   3965.538356   3953.254348   2067.669271   1791.885185   2627.119298   3330.347934   3076.469642   9701.269215   2398.250071   2667.751347   2161.473255   3868.121153   3288.722341   5951.633382   4232.018702   3440.810604   4650.311559   7419.311580   2058.128787   2559.043377   2741.751347   3673.201828   3489.011584   3722.796750   16676.400460   13289.825840   5862.208814   0.000000   
60.200000   1792.833050   2027.789911   2530.407227   2322.479392   5453.561914   3999.811633   4684.289701   4699.668853   5199.836124   4202.142909   2050.377395   1862.087267   3549.190134   3638.777966   2994.880464   7311.833851   2405.196795   2951.483211   4000.917692   3826.793930   4088.891913   6394.511660   4621.188811   3882.778289   5255.381449   9616.247432   2157.954898   3266.167213   3834.329404   3724.142881   3589.813876   2564.808889   16597.171680   12937.500268   6743.884937   0.000000   
60.400000   2288.539447   2550.895143   2667.328063   3532.911523   4930.237690   5093.851485   4738.370189   5244.519111   4680.609403   3770.894453   1898.539723   2330.933034   3141.311149   3821.281097   3736.292465   8948.915485   2047.420618   2710.272290   4401.961307   4112.844692   3954.317368   6180.870511   5620.726883   4505.876853   4569.565064   11309.002179   2891.060821   3980.723152   3487.904391   3661.976495   2993.139533   2096.315982   16512.059383   10763.686658   5655.322692   0.000000   
60.600000   1820.772591   2642.123253   2619.086686   3079.322293   3099.755316   3763.083358   4085.456970   4230.156716   5686.267230   3971.704365   1963.746948   2315.286028   2351.659496   2932.968653   3393.910947   9189.652079   1852.611557   3210.529118   2650.927267   3043.338150   4105.880824   5281.750628   4078.380257   3569.111957   3653.160166   6919.457432   2507.725557   3270.975523   2889.593285   2376.892688   2441.918568   2317.611080   16379.807261   9252.116016   6275.308091   0.000000   
60.800000   1806.127469   2430.602252   3292.543154   2687.788061   4285.051888   3914.360564   2962.497645   4742.567536   4596.071051   3393.973890   3083.065275   1928.269167   3387.927963   3023.678990   2868.737458   9628.582217   2301.137466   2772.455605   2608.820639   3266.548771   3164.021129   5776.753078   5419.673623   3206.904235   3622.812657   11696.501481   1972.139860   2574.042436   2882.599700   3627.138089   3619.917485   3098.059724   16354.495962   10831.798059   6196.675333   0.000000   
61.000000   2266.043552   2255.063094   3128.215606   2346.539964   3759.248662   4296.826850   3845.283790   4081.333076   4816.521160   4060.619020   2566.948405   1843.636383   3481.453841   3390.246706   2831.948726   7803.483598   2375.959066   2455.131466   3367.120130   3391.187322   4002.177711   7224.042578   5348.756778   3546.448574   4813.016174   9054.930572   2099.011677   2604.663035   2415.810950   4008.665227   4354.782595   2976.027139   16301.834777   13611.262571   6509.546372   0.000000   
61.200000   1905.607469   2417.045330   3280.521644   2748.693027   3682.022779   3515.843373   4132.964058   3579.517519   4719.908387   4052.848557   1940.072045   2145.652356   2321.029055   2439.466421   4108.056002   6824.209158   2190.014798   3192.463094   3158.010856   3169.006742   3457.599647   6332.815967   4062.461920   2831.300811   4811.302947   14241.251576   1872.342553   3044.059803   2819.028223   3958.220199   3594.415060   3320.501281   16243.935150   10141.913480   7276.706083   0.000000   
61.400000   2519.221541   2466.183825   3156.912983   3258.842870   3706.853652   3353.863988   3152.686599   3854.554205   3639.894875   3910.938179   1754.339606   2348.010798   2673.962829   2584.594350   3725.201444   10496.560812   2180.356619   2763.513261   2714.927202   2722.683911   3461.880969   3602.456954   3785.431744   2888.769984   4760.762796   8965.615752   2822.428120   3250.190258   3270.522585   4725.715780   3875.055100   3019.114504   16161.748934   11324.111602   6736.136368   0.000000   
61.600000   2077.678733   2057.551543   2930.364846   2149.675741   3638.318103   2995.959727   3745.415615   4848.194919   4725.555330   3934.163698   2481.154319   1857.438801   3096.995708   2757.866618   3077.896473   11055.785127   1867.683763   2403.561712   3308.342120   3315.263326   3961.873331   5635.953182   4111.887817   3214.389587   3990.730331   7573.649030   1925.333010   1907.027289   2347.895621   3663.445330   3622.135693   2446.977610   16122.185522   10149.499623   7336.564712   0.000000   
61.800000   2247.554853   1811.144913   4158.126281   1966.946013   4001.246828   2920.329198   4223.154583   4687.513585   5060.410862   3330.766160   3320.408254   1651.210944   3815.578629   2151.172578   4153.107297   9058.969746   2495.531727   2439.309920   3577.581103   3185.648117   4518.791924   4666.634952   4202.058237   2722.910021   3167.346959   11364.112409   1535.630898   1901.850534   2359.933612   4961.098487   4214.024149   3897.828607   16121.956940   16237.274215   7013.619153   0.000000   
62.000000   1577.031200   2305.938295   2885.790513   2597.082581   3259.521026   3025.191882   3432.633678   3966.270492   5951.629644   3709.873692   2178.928535   2188.864413   2541.490520   2774.418794   3617.575641   8574.712689   1969.560003   3059.037626   2903.060148   3249.969528   4974.225262   6506.230829   3931.178789   2955.597125   3553.541792   10616.862980   2018.350936   2720.193403   2575.142127   3436.405400   3378.741100   3824.349282   16010.784140   16865.788041   6354.018440   0.000000   
62.200000   2135.284602   2736.031951   2920.899469   2666.381290   4849.040380   3497.054051   3840.220256   3778.772472   4959.982933   3804.959402   2015.489889   1971.178027   2918.629689   2626.459544   3704.767144   6565.333073   2378.675325   2682.561576   3653.083716   3541.575812   4195.165362   3982.052379   4283.502509   3513.939514   4064.553114   14669.307545   2019.937299   3002.198471   2691.504843   3495.433124   3328.595774   3045.245401   15997.396444   13299.785842   5878.784839   0.000000   
62.400000   1565.061815   1778.023631   2475.623002   2240.048498   4047.684918   2954.318646   3269.083720   3134.506944   4561.231688   3199.163090   1620.784109   1464.990494   2556.222634   2315.750170   3822.144017   10213.870870   1627.860185   2778.028392   2385.345909   2481.126502   4330.752513   5321.955264   3446.773739   2374.816974   3029.704200   12460.310264   1951.692974   2276.416248   2351.880073   2187.960902   2351.120680   2206.933172   15947.026819   9189.693573   7478.534681   0.000000   
62.600000   2572.408948   1999.432210   3746.015257   2242.178853   5716.686304   3617.182750   5155.325334   4087.055207   4828.203120   3014.584815   2531.672488   2060.466457   3813.257252   2229.428945   3707.747638   7988.988462   3158.989659   1969.236781   4318.915921   2480.800647   4835.533860   7130.262496   4312.255915   2636.502553   4738.054283   13107.081031   2028.293939   2653.687123   2428.445337   3716.245913   3079.077996   3467.889830   15889.402333   11686.094356   7057.844900   0.000000   
62.800000   2224.912416   2465.673519   2978.076149   2873.086058   4295.722044   3373.049307   3736.549347   3488.339815   4254.339062   3406.604624   2191.333126   1936.346587   3069.214010   2658.413691   3195.668086   6678.345746   2226.049608   3216.524906   3145.232524   3036.071705   4278.542485   4658.663138   3257.752522   3112.806946   4537.294163   9285.916247   2241.913036   2876.303140   3159.004422   3851.649243   3461.674987   2075.239552   15877.610070   9643.619024   7223.489102   0.000000   
63.000000   1339.454748   2047.149247   2896.788504   2655.099436   3810.731195   2644.639732   3267.636521   4454.032779   4625.300024   3164.596305   2185.419768   2137.569330   2416.506766   3174.814119   3652.542212   10970.636637   1733.214076   2315.901599   3116.104035   2875.767223   3383.150161   4236.674158   3108.156262   2677.032545   3854.439588   10870.010598   2419.765742   3088.213662   2696.634848   3009.668705   3180.987103   1965.422753   15777.816417   12170.045145   6033.866609   0.000000   
63.200000   1526.239195   2119.103526   2294.896695   1927.819037   4444.752017   3109.412975   3679.227586   4194.512759   4598.368621   3312.943212   1856.693654   1642.998098   2761.933519   2658.161786   3131.301838   10060.411789   1748.891155   2060.767056   2606.757264   3145.184110   3789.574873   4010.928892   4144.565780   2912.639771   4352.438499   15667.372287   1874.346236   1939.919877   2192.312866   3314.409995   2783.926909   2374.958578   15770.892559   9934.221441   6901.042079   0.000000   
63.400000   1530.218478   1973.512800   3090.354385   1853.804433   3645.980631   2824.284633   4213.599999   4094.898501   4060.082260   3781.822265   2318.215022   1540.763281   2672.996162   2559.726869   4699.168276   7702.253480   1664.696410   1921.529641   3387.522482   3401.506679   3912.879125   3137.914524   3256.887496   3024.480767   3701.219763   11111.966855   1630.689180   1852.480754   1841.966366   2817.879493   2663.396886   3131.042663   15767.016408   12876.171390   6697.281051   0.000000   
63.600000   1369.564634   1671.352608   3117.930423   2247.208725   4135.049334   2971.571777   3972.856055   4173.486255   3864.364614   3491.585906   2357.484078   1530.057641   2797.482127   2411.933748   3790.682653   9016.853800   2065.555925   2122.869074   3502.292121   2990.945821   3229.535247   3952.006264   3964.031106   3083.478568   4208.755537   9806.659817   1440.813377   2320.282008   2694.314155   3078.011618   2987.485353   2631.245144   15634.325769   9767.915005   5581.707911   0.000000   
63.800000   1682.836355   2603.129044   3333.925003   2261.895248   3968.928621   3392.545331   4545.731434   3861.800645   4201.538138   3395.342714   2535.650145   1898.529895   2897.257220   2434.954670   3686.544790   8445.514245   1923.512281   2647.436138   3411.930734   3112.527751   3699.969889   4490.410041   4059.550619   3327.456642   4537.607604   8586.992703   1585.498725   2574.185090   2890.472960   4288.972317   3815.988838   2538.004899   15578.116753   9977.000103   6097.934562   0.000000   
64.000000   2359.802797   2400.860946   3442.936368   2591.882727   4726.779988   3229.117049   4550.794153   3913.475295   4623.027816   3134.475503   2550.999226   2154.319983   3623.151566   2867.336256   3098.938245   6722.039962   2725.558975   2603.385189   3930.045590   2729.145911   3444.712914   4837.266971   3950.030492   2945.034284   4120.023735   7942.830761   1829.401222   2772.026618   2358.877469   4644.841607   4463.516582   3456.496138   15619.319696   18118.392508   5921.976964   0.000000   
64.200000   1980.206442   2286.243386   3612.889296   2676.147476   5940.491839   2984.165523   4960.304812   3576.134148   4279.407285   3256.426951   2426.964668   2256.241343   3804.856287   2563.174280   3725.917405   6293.803309   2324.184370   3019.701101   4115.845738   2465.783635   3628.600008   3760.663464   3582.605257   2797.092553   4904.274411   11981.289447   1944.379916   2680.280289   2629.456880   4241.648024   3556.673989   2940.695130   15502.038645   12206.721728   5799.597661   0.000000   
64.400000   1661.031522   2160.233363   3007.577732   2509.319284   5246.685486   3266.883946   4694.879263   2797.172611   4246.965297   3222.617914   2529.290127   1594.383649   3138.410311   3027.671208   4526.325631   6950.254130   1938.186724   2810.341103   3704.910149   2242.730593   4442.846119   6458.288407   2950.344734   2537.223346   5099.211302   10995.574243   2027.356911   2812.201331   3032.696778   3707.319729   3133.579935   2826.883878   15467.237810   12352.400497   5307.448647   0.000000   
64.600000   1656.361362   2236.535362   2598.022957   2742.839066   4848.786168   3459.099235   3624.764280   5344.575121   4037.655782   3297.468992   1806.501755   2003.675608   2796.304348   2493.095218   3242.626797   7679.927497   1669.362753   3049.352353   3205.256880   3767.249365   3341.071408   5511.297968   4566.405963   3461.428985   4588.486183   11540.903717   2283.868784   3195.236165   3295.408512   3611.398575   3366.342774   2941.526953   15438.467290   11821.809073   5118.840875   0.000000   
64.800000   1729.241570   2590.969230   2579.913238   3027.320995   3630.320082   2754.927810   3475.153184   3192.340005   3784.685694   2519.602731   1935.314274   2285.149902   2509.469118   2430.005037   3360.515962   5796.839756   1757.324929   3333.072163   3208.358218   2251.928937   3079.730718   4390.440295   3267.981576   2360.880011   3469.373862   10579.902942   2110.109149   2387.081124   2925.121474   3537.927390   3102.060884   2333.202361   15355.728508   9560.309203   5605.128006   0.000000   
65.000000   1980.628050   1817.753327   2315.464279   2210.504858   4770.935736   3399.345756   3874.425343   2977.998715   4163.102600   2940.616599   1604.714838   1617.453985   2934.044183   2509.585637   4455.509648   6708.363622   1832.090577   2151.107393   3278.602811   2391.925072   4152.221453   5101.302671   3915.961304   2251.880333   4830.994764   12942.894819   1686.386483   2579.795027   2264.101778   3789.210236   3124.108461   2584.955155   15351.760453   11639.487824   4766.133879   0.000000   
65.200000   1645.824025   2750.412721   3003.338925   3279.729340   5002.785313   4493.137362   3625.611915   4298.646404   4485.624583   2807.664739   2427.259745   2473.604037   3630.313145   2992.165138   2668.642902   8858.221194   1665.586892   3158.539482   3760.493061   3435.706557   3787.068771   6646.947252   4879.764780   3397.035710   4266.367971   12246.366163   2502.925396   3734.030945   3544.160802   3838.788764   3348.379190   1955.008615   15328.640559   9771.564777   6151.566933   0.000000   
65.400000   1982.088198   2172.158284   2840.669472   2378.021562   4002.010697   2667.564304   3475.955333   2384.812755   3914.028049   2498.462129   2477.715583   1883.076349   3127.068322   2709.631053   3009.738921   4311.747095   1672.165452   2561.242937   2759.991948   1923.271997   3458.482972   4603.251845   2201.467265   2019.373851   4146.696148   10833.481338   2554.037031   2552.790358   2500.441475   3466.481737   3331.382622   2051.865714   15345.774227   10542.689318   5739.121488   0.000000   
65.600000   2499.653154   2310.247164   3057.426745   2218.324351   3586.702926   2700.592937   3554.368328   3223.961836   4052.067579   3012.439007   2607.479611   1966.425288   2522.582366   2090.312041   3005.424763   6220.796231   2316.034985   2059.389883   2764.672609   2112.128132   3589.347168   5032.208992   3548.008090   1751.106341   3402.961009   10297.248549   1382.884350   1809.376569   1632.521756   2675.679097   2764.019402   2453.780881   15216.125298   10987.993604   5719.683776   0.000000   
65.800000   1493.339341   1879.617729   2869.998442   2259.425174   4054.959416   2311.933461   3035.540557   2456.679547   3933.026513   3108.450933   2248.578415   1598.163806   2663.417084   2065.935498   2422.816873   5617.993684   1711.630487   2577.667317   2558.076237   2001.356222   3172.835533   4721.044798   2326.168039   1965.114593   3763.795747   11177.536701   1865.469548   2085.393651   2189.160659   3336.321775   2865.390159   1795.162010   15168.486895   8076.394104   6390.035219   0.000000   
66.000000   1741.195709   1673.660950   3024.073874   2176.739603   3906.046797   2556.003768   3118.136515   3192.475811   3497.646546   3195.463462   2507.962739   1970.788019   2922.869556   2476.030142   3597.892590   4718.475652   1657.872925   3092.488421   2569.437330   2507.256366   2753.408633   4137.412514   3063.996285   2885.871371   4578.232349   8201.237724   1986.770000   2570.799578   3284.966796   3948.157735   4135.642110   2212.611648   15113.594755   12954.815172   5664.983443   0.000000   
66.200000   1934.591197   1333.165061   2589.437808   1949.869413   4348.097466   2111.820330   3669.096254   2637.385521   4443.441047   3023.868365   1939.779980   1338.273179   2602.404447   2296.624394   2714.223031   6023.687467   1652.489314   1693.399865   2896.654774   2392.978843   3011.852025   5621.471876   2223.719018   2197.847079   4775.636200   10012.290964   1614.440936   1887.488585   1874.885290   3057.564389   2555.638418   2431.380091   15098.540723   10488.021371   5725.369202   0.000000   
66.400000   1340.514280   1667.013540   2053.355034   2017.309067   3070.467029   2252.379823   3595.341765   2949.316421   3744.510183   3282.482447   1464.931401   1657.147258   2510.439219   3457.223381   3638.507171   6779.911368   1746.737128   2326.431076   2698.385929   2432.834419   2849.202501   4785.258492   2600.712048   2246.666594   4073.553371   9020.816456   1531.903163   2281.913221   2312.618235   2616.639497   2560.352243   2775.160263   15028.181071   14310.682640   5080.579842   0.000000   
66.600000   1185.954740   2148.689926   2204.266018   2400.524275   3587.982578   2978.614077   4831.222994   4827.535761   4740.711421   3664.135230   1586.744746   1794.744964   2668.651190   2248.606326   2989.883544   4626.057604   1306.448151   2213.480284   2199.667937   3760.909314   3377.784163   4429.245968   4100.592322   2963.191596   4073.834717   14790.350480   1605.939694   2189.685960   2600.838814   2690.838712   2428.798038   2798.218960   15039.363804   11937.900363   5334.164726   0.000000   
66.800000   1325.347764   1287.090541   2242.386766   1172.238981   2821.275923   2632.741764   3433.790365   2452.254308   3900.142506   2376.679185   1679.792387   1061.550114   2201.095448   2267.814462   2894.707916   5699.538560   1284.782091   1676.824450   2013.332919   1939.415566   2700.186215   3641.827596   2678.879884   1758.871413   2917.512265   9773.526945   1066.347554   1715.828505   1425.990006   2111.498132   2153.890447   1383.434832   14978.488812   7202.389757   5040.927101   0.000000   
67.000000   2146.120842   1958.990074   2658.761950   2058.251606   2586.203764   3412.316891   3535.170330   3019.330817   3833.709998   2706.099318   2038.193208   1632.328353   2101.696892   2636.999656   3456.953894   4429.798678   1801.138578   2129.723971   2486.661269   2314.005396   2565.296498   3882.907750   3767.902749   2835.784483   3554.070913   10684.724289   1497.351229   2087.223834   2286.944695   3311.291707   2684.450820   2098.197358   14887.817733   7140.826760   5094.208537   0.000000   
67.200000   1427.653039   1534.632664   2155.380945   1738.201584   2409.901663   2800.810605   3539.368783   3231.102833   3744.248703   2656.583904   1769.214313   1506.994928   1309.104309   2067.515404   3247.184147   6355.529118   1432.265374   1892.763436   1995.096457   2338.408187   3031.221156   5164.665355   3725.733998   2433.382219   3603.129461   7884.543894   1253.357777   1844.590020   2098.984695   2700.186385   2439.962585   1953.572900   14868.562838   8606.505134   5024.574676   0.000000   
67.400000   1358.737902   1625.076020   2271.906482   1819.846391   2264.736155   2085.826014   3447.858838   2479.124937   3468.488435   2818.156901   1362.018195   1691.834953   1894.378938   2254.296190   3039.511021   7118.312782   1203.146241   2089.867077   1697.496401   1874.809246   2715.831700   4151.624081   2133.325969   1949.523853   2887.445158   6693.703782   1894.933639   1757.164575   1899.432642   2928.107119   2736.414324   2159.855301   14836.052818   8155.392784   5102.154229   0.000000   
67.600000   1525.895054   1274.458266   2529.937174   1468.515450   3182.193059   2739.719381   2719.966291   2525.170799   4153.728562   2920.434797   1842.863497   1267.266718   2589.809882   2618.163004   3189.439645   5487.659044   1873.647729   1651.577572   2980.048671   2307.193407   3053.999599   4382.588254   2793.409530   2328.703678   3079.806496   8244.732522   1361.257673   1702.481221   1760.802987   2881.296026   2878.809232   2012.355344   14770.084678   9916.952559   6386.720066   0.000000   
67.800000   1378.775577   1257.876858   2346.036999   1136.740998   2645.774708   1807.831656   3211.056176   2540.707060   4073.855145   3095.839859   1622.694487   1127.234439   1799.348399   2051.237354   3532.858609   4479.277014   1810.056805   1363.383960   2124.289084   2046.152584   3366.347766   3559.370039   2386.535883   1866.608008   2827.665736   7124.622901   923.155454   1030.007860   1142.456632   1985.694205   1716.895872   1680.516176   14751.599084   7290.537246   5661.811621   0.000000   
68.000000   1806.259136   1292.380933   1980.803495   1549.529604   2923.970387   2173.494269   2545.429043   2735.906216   3517.697694   3286.364969   1485.503240   1136.142844   2095.097007   2798.872836   2634.843771   7477.319909   1771.510916   1954.921291   2007.584093   2237.201109   3276.299337   3406.381281   2510.079734   2108.964347   2731.854112   8205.701879   1090.036541   1552.270661   1897.199191   2272.217253   2471.562679   2738.041687   14683.377332   9596.256778   5746.543984   0.000000   
68.200000   1437.670900   1211.614958   2168.386419   1843.749203   3056.752500   1679.711206   3258.727455   2956.822039   4073.145214   3135.546310   1733.816904   1160.354805   1593.010652   1928.071620   3115.349248   4613.879886   1723.711111   1812.134855   2407.188960   2576.689452   3163.740509   3296.094486   2462.284479   1981.441839   3315.680680   9604.218970   1189.284849   1834.191226   1858.905851   2170.315800   1731.199594   1799.972433   14691.068335   8263.735696   5446.733280   0.000000   
68.400000   1263.653456   1635.576735   2050.501982   1989.543498   2544.168773   2033.093732   2850.449069   2626.153210   4062.949768   2863.341972   1543.894390   1531.690938   1659.276915   2218.227321   3520.458890   4453.404667   1272.916779   1797.455510   2050.654731   2315.690734   3074.910438   3771.914176   2316.607476   2032.538550   2765.310074   10663.812592   1614.858923   1903.879319   1812.441498   1939.821259   1966.103879   1784.953075   14587.383436   9310.019277   5947.712748   0.000000   
68.600000   1221.110600   1419.814465   1704.286317   1726.610548   2249.549685   2443.537889   2272.097412   2536.865162   3668.853626   2958.639697   1368.889976   1170.793893   1342.790481   2162.099742   3210.113466   5815.976765   1299.752723   1647.501110   1816.404368   2210.486440   2879.594769   3134.646915   2801.008650   2068.844081   2757.569362   8676.690834   1369.309449   1837.455473   1784.861965   2062.686838   2070.911920   1953.675515   14584.564827   9482.491088   5819.618447   0.000000   
68.800000   1363.315692   1554.546606   1758.695440   1380.718354   1924.739635   1681.032210   2721.893064   2397.858319   3365.416819   2677.435864   1438.771681   1341.861551   1353.917178   1991.652582   2959.201716   5141.397648   1057.123020   1237.426779   1469.873775   2238.980264   2559.287819   2366.804394   2020.742114   1989.895971   2653.709903   6500.580684   1123.874645   1407.528228   1531.067689   1689.209227   1726.218794   1568.101101   14552.206439   7583.573431   5674.091481   0.000000   
69.000000   1498.548550   1371.405776   2184.930379   1584.364507   3497.879797   2298.312630   4074.895542   3364.560950   3477.374849   2595.033422   1710.022616   1252.101254   2387.958541   2107.354499   3037.585360   7724.428048   1488.122693   1582.047803   2771.441231   2435.231122   2997.459161   2665.684543   3304.357212   2295.486765   4250.325133   7483.840070   1213.791567   1701.865147   2007.907714   2877.073223   3085.402696   2171.136652   14495.753804   6187.787306   5844.931931   0.000000   
69.200000   1278.864085   1590.413489   1758.574266   2015.375069   3269.052176   2304.313463   3177.668145   3383.928897   3539.739465   2795.150219   1243.627948   1355.924452   1813.183370   2136.627958   2568.272109   7206.721009   1212.425196   1982.835625   2415.219341   2256.009597   3037.758966   3046.832197   3519.733606   2527.005834   3735.562867   8700.399330   1220.628649   1882.856245   2286.685625   1999.492910   2163.838808   1679.566928   14439.194152   6432.408271   4834.874410   0.000000   
69.400000   1416.128049   1242.971271   1779.307039   1433.002197   2865.778947   1920.785719   2860.771052   2415.414676   3718.333442   2785.691984   1180.368113   969.178854   1827.849998   1857.073913   3063.709490   3291.958805   1489.204202   1475.122825   2480.612327   2255.136738   2784.643806   2534.934863   2193.129668   2102.110537   3566.724630   7201.715289   929.486369   1343.144391   1640.928408   2211.064562   1881.827059   1632.384748   14386.749976   6102.566584   5371.643012   0.000000   
69.600000   1065.377838   1264.967715   1781.786172   1307.058201   2520.211142   2120.361629   2542.866637   2258.311292   3524.811683   2754.332980   1371.476180   1130.501470   2006.054687   1967.073646   2572.006390   4565.402646   1394.214662   1689.591606   1912.674891   1684.395412   3235.734193   3253.390468   2420.859433   1571.129034   2943.166778   6030.495054   1063.880448   1484.564703   1515.149607   2404.634483   2246.316010   1963.291289   14339.202121   8543.145087   5147.549684   0.000000   
69.800000   974.507910   1280.466450   1464.452430   1495.950664   2524.056968   2561.114201   3384.066792   2105.458686   3675.668715   2348.238381   1116.292881   1066.725862   1705.104840   2101.932956   3540.385784   5273.410941   1348.374908   1227.196631   1901.921410   2073.508496   2639.814047   3255.031806   2654.668409   2079.339447   2965.329941   6685.719592   1104.611370   1682.320863   1426.120083   1588.069805   1378.670967   1354.119079   14336.072260   6304.482147   4868.275988   0.000000   
70.000000   1499.728484   1551.037452   1935.528732   1612.801848   3252.732357   1823.106109   3031.411387   2282.677692   3575.751608   3099.958014   1484.228252   1318.300249   2385.294816   2158.213839   3115.818722   5660.913677   1417.347863   1533.860845   2292.798708   2007.214751   2968.748029   2694.150343   1922.953123   2017.600835   2640.336693   7155.488568   1563.403858   1722.304710   1873.421121   1944.493339   1726.991249   1491.772689   14287.569168   6337.018324   5029.835708   0.000000   
70.200000   1365.185473   1403.296536   1579.941249   1609.971626   2050.053880   2094.475497   1956.111780   2925.982471   3574.143733   2649.294779   1044.431864   1208.521345   1332.109692   2257.730810   2302.857563   3915.375836   1375.040407   1414.904849   1892.502951   1984.942586   2442.789664   1935.603159   2752.952802   2016.396087   2691.981085   5684.342978   1213.716536   1764.886772   1729.477386   2094.074097   1811.933475   1754.927104   14233.338062   6814.398856   4799.509950   0.000000   
70.400000   1657.171851   1663.481952   2227.809378   1612.021344   2077.669252   2067.729071   2187.443539   2633.078812   3131.410520   2525.748636   1645.154801   1335.959774   1753.252465   2228.816899   2317.011890   4895.561206   1852.541893   1472.428514   2160.268761   1875.107289   2371.159933   3026.319660   2569.110776   1765.414496   2446.428894   4792.051273   1485.410345   1849.754879   1664.067363   2197.781722   2139.124819   1789.587370   14205.750731   6784.354259   4599.679028   0.000000   
70.600000   1548.096498   1265.401037   1859.750126   1376.526840   2986.847840   1844.905782   3322.314729   2295.460727   3057.115293   2619.319294   1444.090281   982.061690   2148.823844   2179.525625   1961.631054   3919.638423   1874.794924   1313.025595   2450.121284   2237.101774   2488.318855   2234.623407   2146.420522   1960.317028   3139.961152   7901.780329   1172.023652   1673.510947   1303.353235   2151.568307   2062.985768   2111.195381   14169.549312   7690.699697   4557.255883   0.000000   
70.800000   893.159589   1134.507820   1633.040683   1223.240124   2179.968243   1591.662396   2629.847653   2054.833971   3449.871759   2217.948284   1143.174094   915.968349   1754.272815   2228.922902   3215.796365   4071.898082   1069.586008   1308.229871   1631.608504   1916.150599   2116.366570   2350.387876   2050.043182   1902.758696   2434.860933   5908.347914   1115.210223   1224.720963   1560.679287   2010.321072   2124.465186   1274.721441   14129.974934   6949.135731   4657.034378   0.000000   
71.000000   885.100631   1101.940363   1559.337161   1270.107286   2247.763752   1792.687010   2577.988111   2090.498486   3081.849282   2539.108625   1028.961215   1008.175236   1562.851659   1883.298548   1594.545629   5443.109903   1063.545577   966.924926   1712.107139   2032.311166   2392.341115   3970.343121   2237.860187   1803.637834   2476.921138   5556.744560   1017.738292   1317.802399   1248.029870   1757.857400   1644.186412   1301.864892   14106.930380   5885.483884   4891.258050   0.000000   
71.200000   1523.039774   1478.035405   1994.580814   1270.252129   2814.876184   1847.440659   2824.120449   2436.650497   3623.585787   2631.890045   1595.642757   1193.042884   1919.628387   1898.683395   1466.031663   3842.074730   1566.998697   1295.714486   1916.214957   1812.341762   2919.716392   2793.455646   2295.955142   1786.593448   3231.095819   5442.750567   873.745953   1329.204798   1420.565043   2448.538425   2098.042844   1727.625322   14078.386996   5131.817989   4957.802643   0.000000   
71.400000   2002.196335   1241.990262   1718.373999   1215.405194   3056.966200   2517.608242   2348.173038   3233.995813   3547.717099   3064.705941   1524.887722   1106.262361   1901.354070   1938.378150   1618.502427   3450.901580   1796.167337   1317.350544   2216.003191   2134.671358   2772.481204   2751.141249   3099.179345   2007.124722   2743.330072   7098.499025   965.556683   1375.001323   1563.694309   1955.376395   1714.792030   1500.650878   14037.806413   4705.805588   5020.220006   0.000000   
71.600000   1400.079835   1306.080490   1379.522095   1471.713178   2811.834935   2137.395382   3229.390502   2849.881018   2952.747493   2592.312851   1104.035181   1194.009595   1677.887780   1924.600189   2974.759370   4195.253281   1319.579745   1716.113426   2011.875982   2068.107835   2462.150482   2221.519845   2604.844517   1941.934370   3447.772496   5221.759984   1291.350553   1600.133010   1631.975773   2238.017398   2093.225013   1936.101531   13983.993310   6119.519146   4397.566429   0.000000   
71.800000   1407.583945   1719.574703   1653.474600   1679.916524   3240.473416   2245.563783   3100.626868   3276.118818   3265.979631   2620.264424   1370.925054   1462.046844   2095.046831   1942.117250   2176.938748   3871.893125   1469.149908   1967.162863   2370.830696   2378.943233   2547.875988   2727.246074   2881.975649   2490.525882   3391.673031   6343.501792   1225.596303   1741.694912   1753.028144   2043.481550   2069.992456   1681.969112   13939.373074   6148.209641   5128.802571   0.000000   
72.000000   1099.845169   1097.605121   1219.228407   1464.315406   2204.789945   2248.958352   2749.887912   2559.299887   3215.413269   2802.026646   1074.795829   1102.482981   1655.649933   2273.730058   1823.600909   3925.671879   1045.150321   1499.538150   1608.539432   1881.974133   2516.860993   2270.135842   2434.083892   1940.668356   2446.986405   5310.122878   1076.735903   1704.220465   1755.068532   2152.024232   2035.175715   1764.474624   13920.428887   5985.191962   4935.616968   0.000000   
72.200000   1232.335487   1141.575460   1408.851594   1269.522865   2325.508052   1779.042563   2453.862567   2146.238075   3480.414985   2538.410527   1240.787813   917.258878   1620.514675   1851.204406   3263.631643   4288.396066   1129.190753   1401.537532   1743.329477   1882.034891   2461.245744   1893.544165   2157.589635   1756.244553   2593.298438   5302.007128   993.311241   1297.800021   1369.747811   2008.951185   1964.058492   1608.371093   13883.064254   5674.617918   4647.944512   0.000000   
72.400000   1188.180229   1144.664389   1793.800117   1142.202915   2144.147576   1429.624673   2639.053995   2334.107790   3527.724647   2419.345373   1403.101230   860.699823   1353.373753   1829.055898   2473.001915   3970.227707   1198.842859   1305.324476   1799.984869   1602.350499   2938.508802   1730.022000   2133.602377   1566.693557   2692.972578   5491.572988   999.185624   957.912875   1223.897204   2120.411750   1959.100862   1923.884860   13823.574277   6676.228111   4937.952320   0.000000   
72.600000   1201.940994   1161.389794   1497.255943   1107.009903   1872.973004   1683.947463   2268.055378   2023.878859   3352.955657   2732.283042   1194.621586   788.956190   1113.678994   2039.922198   2339.794214   4693.672280   1476.489112   1088.144661   1862.876462   1807.337105   2682.853845   1685.585078   1933.763137   1690.416924   2337.176379   4836.621604   864.973048   1096.863074   1216.522391   2169.176294   1817.395927   1721.797172   13793.240325   6102.058098   4540.040309   0.000000   
72.800000   1383.150788   924.852117   1445.846868   1029.840885   1970.437681   1217.415778   2068.829064   2192.154697   3068.700661   2208.786552   1319.818256   796.501897   1590.081275   1867.960321   2350.964288   4892.622768   1560.761422   1023.572501   1838.735120   1562.881947   2414.168868   3088.621568   1826.812196   1350.726857   1744.631263   3921.339765   922.749084   1012.919906   918.498212   1888.937687   2093.068035   2066.336597   13762.799136   6945.892242   4663.560209   0.000000   
73.000000   1092.761928   1221.090072   1767.603466   1158.638583   2159.639989   1422.182445   2462.700807   1922.173313   3302.739368   2295.488306   1308.485178   882.168121   1996.785787   1965.493202   1888.299684   4070.508535   1324.840930   1211.705300   1618.611253   1719.090481   2540.530117   2248.622857   1869.282264   1467.589307   2383.669269   4093.018196   1017.568813   1118.913143   1089.734524   1609.150635   1683.452088   1011.327077   13733.155318   4640.350495   4784.504313   0.000000   
73.200000   896.418901   1084.516920   1647.079330   855.696372   2452.158843   1212.621536   2398.883981   1995.040042   3197.844550   2235.445763   1206.698513   656.098277   2004.378533   1672.595295   2048.375984   4482.189238   913.154497   982.244030   1723.145118   1715.673004   2334.057209   1843.930227   1665.454604   1460.880355   2733.426099   4765.926139   892.375517   919.440631   1020.605333   1761.895015   1627.270214   1099.531629   13731.909486   5147.786401   4453.804658   0.000000   
73.400000   943.117698   1003.675244   1573.878603   868.514646   2079.501124   1508.577466   2076.034417   1762.081211   2801.693861   2227.727784   1006.282809   804.102151   1259.017913   1916.785889   2195.748693   4560.808050   1000.465564   1066.474036   1742.346709   1515.692540   2011.803985   2050.511689   1710.311564   1599.130679   1683.219778   5606.501685   719.453346   1014.512598   1042.895248   1529.329895   1363.155720   1025.041513   13704.985438   4622.735404   4240.903943   0.000000   
73.600000   854.174055   683.050887   1407.786252   712.889408   2134.567593   1200.339778   2165.789667   1745.038992   2799.313535   2057.506429   843.856010   587.555097   1253.423043   1530.368923   2198.409074   3349.570064   923.181280   765.153101   1558.368161   1323.172885   2093.263045   1699.905435   1543.829011   1467.230564   2334.730203   5131.833493   609.841685   914.667648   872.096610   1316.220757   1176.674736   1053.109093   13606.166432   4354.832244   4331.468397   0.000000   
73.800000   934.645975   864.714636   1392.811727   850.450884   1749.676321   1476.097283   2091.135302   1961.653310   2916.692611   2244.283839   979.659475   725.342218   1265.484919   1623.923044   1955.101602   2916.209897   1133.549619   948.746569   1487.195890   1678.417385   2049.163046   2573.519549   1982.248272   1636.109656   1890.505312   3651.847401   715.612490   919.199252   937.561653   1230.944417   1234.545756   1331.933926   13597.266022   5043.441494   4225.150434   0.000000   
74.000000   976.021419   749.262385   1669.496943   872.129560   1470.814900   1556.737362   1792.247265   2054.034466   2750.735513   2431.039330   1119.320586   679.594080   930.639971   1717.431606   2254.994771   3621.309329   916.222491   1038.340417   1337.840109   1496.981023   2100.414022   2270.941055   2192.852977   1245.192211   2114.800371   4711.040096   635.834148   858.388513   896.307981   1347.687251   1448.953998   1244.628128   13568.176524   5409.358822   4147.636189   0.000000   
74.200000   1042.455468   919.851501   1753.213491   1056.670811   2010.017892   1607.373989   1666.641574   2082.179574   2774.141233   2148.310936   1098.675369   853.199541   1246.851522   1750.311521   2060.029157   5074.288269   941.693102   1088.432192   1749.700619   1465.440861   2180.566877   2217.746848   2004.730595   1418.307284   1986.054350   4177.299709   919.131347   1281.635037   1128.390595   1883.598418   1531.483770   1127.479253   13507.493743   4585.533869   4460.138665   0.000000   
74.400000   780.100498   1063.657066   1451.281157   1061.867443   1429.906088   1491.733334   1637.822941   1980.933836   3058.785134   2136.509851   956.349187   898.316920   1055.203886   1546.919465   1840.354046   4500.235327   722.560952   1283.416734   1083.946823   1259.575973   2185.575594   2884.465063   1941.249724   1330.845162   1627.672510   3286.077271   831.795116   1016.277831   1101.302962   1168.520214   1300.590471   1246.835753   13496.129211   5364.790818   4208.836006   0.000000   
74.600000   1025.722332   1101.535386   1409.275993   1104.968763   1833.512551   1227.738814   2164.012952   1854.119991   2901.099410   2328.962159   1066.632346   789.806536   1142.263038   1772.592935   2165.295977   3376.968899   867.873576   950.790457   1390.201166   1643.970020   2207.426448   1678.395146   1617.762425   1438.202890   2438.248594   3174.744445   933.795471   979.109022   1027.999431   1374.772756   1218.913946   1082.384366   13483.849986   4749.647806   4204.163528   0.000000   
74.800000   726.574993   970.818535   1234.317970   988.667389   1707.805363   1230.929985   1688.504196   1531.234449   2821.377209   2035.777155   836.634935   777.927772   1098.546144   1660.680265   2300.692568   2655.154572   691.757453   979.971738   1209.031055   1247.068708   2015.216020   1972.315791   1396.094372   1242.561044   1844.207522   2965.241719   859.207983   933.760711   982.683395   1164.436515   1171.817331   877.136593   13423.339518   4365.646941   4219.688117   0.000000   
75.000000   718.414050   670.186956   1129.601734   732.217716   1790.668820   1451.553597   1816.989352   1630.311383   2871.501819   2188.988250   666.886303   609.193310   1133.904250   1503.722058   2090.435045   2040.910068   946.157556   988.796381   1328.503926   1357.390979   2052.986065   1860.527306   1703.864542   1524.986536   1827.827937   4033.069232   742.552444   1038.252786   1003.699731   1102.573172   1050.819473   998.990960   13430.388120   4817.382427   4257.767729   0.000000   
75.200000   716.994910   713.965678   1171.749766   841.431981   1754.570386   1300.253993   2497.499532   1788.845097   3241.744189   2039.628374   859.590633   645.489826   1185.392223   1586.134098   1648.399263   3484.338293   694.855652   1038.564063   1230.963043   1340.491804   2319.552212   1889.611242   1600.324405   1346.387357   1829.010672   3172.872996   779.895483   936.199197   1057.657887   1119.218393   1089.122464   1177.518783   13359.017950   4944.032141   4383.633068   0.000000   
75.400000   749.013237   785.111341   1198.470222   835.041234   1641.056805   1405.958490   2050.710997   2386.788105   2998.724437   2138.052956   885.190431   713.558904   1062.205293   1578.386873   1881.556711   4113.966366   773.768601   946.027681   1419.310617   1512.076539   2388.395824   1769.883214   2014.054935   1443.785501   1915.921821   3234.745298   766.086339   927.300265   909.632687   1161.216161   1093.667412   991.286131   13328.988444   3523.530601   4219.259047   0.000000   
75.600000   731.181678   1026.388585   1222.250092   1061.609157   1552.138130   1380.415698   2298.806199   2036.584252   2825.923329   2124.910746   823.661451   849.648770   1164.613009   1681.956514   1486.631620   2909.154999   761.698433   999.548411   1318.778714   1665.264168   2079.424416   1193.277374   1689.601519   1515.228419   2024.011176   2907.818472   881.366874   1055.289224   1060.055220   1206.537469   1177.996985   1019.471820   13283.525133   4897.041748   4339.150533   0.000000   
75.800000   748.922299   1013.894267   1488.659758   1061.168231   1505.761190   1381.808251   2009.759878   2311.107521   2764.632828   2097.241084   969.233485   815.089942   982.172898   1608.714427   1272.696548   3940.621124   942.081715   1060.819401   1410.396093   1610.335626   2287.940986   1680.838780   1992.911239   1521.878717   1814.414797   3445.885797   824.683152   949.849331   1060.454678   1317.153978   1239.333422   1189.235463   13293.782802   4324.711253   4332.919452   0.000000   
76.000000   853.605990   885.137305   1303.224405   856.998239   1276.299687   1104.813682   1691.122805   1795.612826   2700.329956   2268.424226   915.036601   674.951202   1072.607423   1432.676185   1216.880690   3161.254218   876.133243   1044.376955   1240.160443   1510.450591   2198.427618   1799.459755   1508.964392   1341.691722   1779.139667   2408.944033   709.654867   906.308499   927.206558   1362.044976   1320.850139   980.062655   13234.697903   4460.086031   4011.879432   0.000000   
76.200000   730.269818   950.411614   1339.389786   701.352853   1627.940072   1061.491255   2433.282108   1800.371190   2938.010923   2320.063616   963.452884   670.409766   1018.409296   1527.148591   1767.649310   2855.456263   879.701535   791.114543   1253.189110   1493.944682   2259.733731   1606.760629   1547.414311   1239.685742   2195.379148   2914.211364   659.257277   661.997411   730.458441   999.266235   1012.212864   1032.234273   13197.118964   3725.673505   4495.314231   0.000000   
76.400000   688.019622   782.395484   1239.233549   911.501705   1621.986396   1192.200890   2125.050179   1638.970220   2653.473405   2151.197437   783.717276   727.937832   1006.349652   1575.779641   1368.110176   2520.943708   752.940750   911.456799   1383.446794   1537.123989   2174.753561   1840.445243   1483.460773   1389.272813   1819.401581   2266.844055   906.690041   905.640046   982.462898   1200.240557   1113.487533   980.865410   13174.866935   3594.391221   4330.297878   0.000000   
76.600000   642.414292   953.872330   1180.491601   887.850817   1210.755852   1211.048131   1471.674920   1529.671164   2753.292303   2010.774096   775.758516   713.054151   844.200027   1428.017317   1754.446794   2720.507230   889.612174   911.244066   1007.360067   1381.946473   2096.131546   1731.304931   1515.770013   1176.513481   1519.896606   1781.116166   617.714723   838.555404   985.608262   1290.882791   1212.827288   880.663861   13146.105281   4384.847125   3997.019592   0.000000   
76.800000   562.720043   908.230920   1083.043113   850.200337   1209.583806   1142.892089   1394.817857   1520.354117   2707.082829   2011.099506   684.247591   736.194947   760.266364   1575.642719   1423.560076   2459.888120   736.219306   821.989051   1076.925177   1191.998664   2079.754939   1439.804515   1421.985642   1172.633601   1510.756210   2375.008923   564.722498   991.063881   841.290522   999.734698   913.953859   751.976429   13103.837995   3462.194191   4071.662544   0.000000   
77.000000   579.289893   659.976402   1265.712075   724.025539   1490.739411   1158.691362   1565.703098   1615.549266   2414.067935   1945.469144   870.076991   563.724153   1077.671338   1521.870970   1469.212773   3212.620343   631.208855   911.030748   1111.723632   1218.167747   1850.949897   1398.469150   1540.853987   1287.679130   2035.254583   2913.585865   775.356628   917.634324   910.322857   1364.488840   1312.160763   803.893335   13061.158557   3260.483563   3989.746968   0.000000   
77.200000   595.265445   772.242545   1103.039674   741.000895   1274.291799   1150.379645   1508.401165   1591.681146   2458.568665   2068.983387   714.027956   586.520080   988.134360   1590.114260   1305.742118   2898.890634   633.693976   756.111402   1026.288912   1289.930397   2008.692735   2126.693582   1552.767555   1323.743745   1790.342125   2434.740394   741.635922   881.029120   857.784157   1041.873175   1063.740589   752.718267   13052.102661   3444.010201   3918.621398   0.000000   
77.400000   654.369053   591.671347   1112.002110   716.970001   1367.857461   1045.710635   1929.841592   1261.312534   2857.005013   2005.311666   846.627831   574.162986   963.687138   1503.092802   1521.053194   2379.394553   711.896887   774.040422   1143.510640   1172.889150   2187.626661   1918.813252   1207.122285   1180.014528   1701.851711   2553.920274   620.886042   787.534098   818.697066   1152.906439   1056.217336   969.768279   13028.963645   3238.439440   3942.292136   0.000000   
77.600000   613.628997   764.418530   1112.177661   741.763968   1232.185950   834.959178   1405.569595   1214.295171   2713.222455   1921.888285   777.273919   565.258787   978.380368   1402.982884   1234.329998   1868.952928   640.896488   745.816553   971.300908   1139.100624   1975.763412   1494.601935   1115.580329   1101.773525   1495.731076   2879.883616   493.346862   626.155516   747.651386   1151.264911   1156.610752   971.500124   12996.596524   4099.225726   3948.772189   0.000000   
77.800000   752.184582   786.521716   1193.563816   732.164658   1105.585335   956.280684   1516.629182   1128.660815   2632.897979   2050.974237   814.430837   652.634205   948.500746   1411.716812   1472.503415   2253.836885   638.752481   743.901846   894.827354   1044.360073   1936.346813   1671.125027   1182.527312   969.696041   1610.390079   1924.355847   619.322417   662.855752   666.795472   1021.884164   1155.458855   919.305525   12938.362216   3516.094905   3916.722664   0.000000   
78.000000   727.745013   758.858266   1174.026478   810.809501   1191.201175   1134.207191   1439.867220   1358.091159   2626.432593   1749.007924   792.069119   615.665494   939.069574   1431.268413   1454.612280   3165.702687   730.631889   876.615382   873.797537   1004.440170   1797.870057   1736.440034   1407.169256   972.997531   1181.998210   2692.282395   518.110605   835.840095   884.111573   1031.419463   915.469872   842.502560   12965.173964   3445.661629   3731.072359   0.000000   
78.200000   679.066237   905.916710   1125.216800   901.360530   1339.335071   1075.206333   2052.799729   1406.740065   2513.686161   1776.757456   768.035840   717.910998   884.445789   1567.199122   1378.480799   2756.907100   748.524544   771.346342   1082.646417   1190.767217   1946.209393   1959.236030   1358.784744   1202.003297   1672.015647   2219.149657   622.744123   779.493520   841.655168   1179.996340   994.603687   977.312525   12927.639482   3418.044420   3825.889062   0.000000   
78.400000   800.499844   687.506827   1104.326353   659.846985   1086.609150   912.791985   1454.545919   1449.041635   2483.028813   1837.751316   719.588382   546.307706   964.112050   1384.283368   1250.136335   3040.920693   780.103937   756.836262   950.512010   1084.540971   1841.436603   1560.018955   1348.138362   1061.288163   1288.070693   2302.017768   520.002015   662.159204   685.657087   975.862343   801.667088   785.198156   12923.430073   2047.156649   3733.900491   0.000000   
78.600000   616.658100   635.166355   1091.983119   672.404896   1321.023159   912.810383   1753.189201   1138.952914   2450.010710   1792.700519   737.151182   583.520185   986.438523   1382.996856   1645.970033   2753.601860   706.507426   748.528127   1094.459469   949.786669   1788.269635   1407.970735   1182.642403   963.826498   1331.533905   2299.125340   549.142660   711.596206   783.843104   954.126234   877.795493   758.899824   12828.574342   3420.171752   3740.459909   0.000000   
78.800000   591.205346   702.174245   1035.070251   699.560418   1261.444753   931.873913   2023.806037   1188.352672   2714.175559   1799.969623   667.877246   604.746784   707.626934   1376.190186   1718.113661   2944.057489   680.226310   850.461061   950.450918   988.457219   2002.455420   1964.598980   1197.166189   1048.714898   1782.829479   2032.972867   606.862968   780.741709   900.777062   1009.689414   901.754496   815.182096   12890.181056   2630.230608   3713.167626   0.000000   
79.000000   498.050858   590.467535   903.909264   611.641280   982.221318   804.511638   1460.625570   1231.716204   2451.536421   1741.220300   578.747462   534.095629   762.335260   1449.497956   1551.688496   2755.193340   616.242353   722.152692   901.940400   1011.521884   1720.898826   1265.989697   1012.873464   988.441491   1284.623473   2069.916174   522.448233   718.151660   732.480404   825.716241   763.161979   718.954782   12777.663598   2487.636939   3658.192186   0.000000   
79.200000   574.005025   677.184002   914.798640   652.220896   949.357962   776.466471   1108.345621   1117.594346   2331.168049   1729.000210   618.601763   551.587056   739.837173   1424.698661   1211.166581   1926.267641   584.183002   737.775115   771.117796   1010.861619   1683.507084   1232.931730   986.032659   940.750469   1103.805105   2257.403305   537.118136   671.192385   757.809950   878.194061   769.203833   628.752836   12764.784576   2360.688859   3585.465034   0.000000   
79.400000   574.634966   653.807798   888.584083   707.343046   766.620062   1079.513133   1184.509692   1469.981962   2484.751824   1862.403633   632.680088   621.191805   698.678909   1386.232648   1191.497366   2044.301012   574.087658   738.659539   802.071804   1083.914721   1783.926059   1186.676607   1442.348914   1037.235202   1092.827278   2097.154220   546.226643   683.801938   807.121339   908.842679   959.451627   800.540979   12732.178098   2563.775706   3735.221046   0.000000   
79.600000   582.111131   564.913935   987.403004   610.152882   990.033491   1005.044388   1135.240034   1486.420734   2413.209318   1781.835812   669.995683   559.926349   656.087620   1368.104370   1256.250794   2076.582460   534.710929   661.290964   890.205744   1149.018671   1799.461323   1314.684734   1373.588479   1065.509596   1210.806415   1810.917639   540.588896   645.333368   739.380932   907.862563   895.886471   668.672030   12698.701174   2646.715912   3550.550191   0.000000   
79.800000   491.973082   566.551332   959.661838   806.483249   904.510992   1376.345069   1159.478806   1597.942848   2422.758123   1745.756721   567.277028   602.356366   598.614984   1484.672078   1125.837940   1535.838512   510.464836   935.555767   818.010154   1271.808986   1732.754031   1239.526364   1705.088912   1224.770960   1240.746129   2009.967181   618.222277   855.551854   924.607513   1085.284147   1053.343487   909.941294   12665.616296   3732.339597   3539.520964   0.000000   
80.000000   496.184426   702.899835   994.519118   763.078237   939.280792   827.437797   990.311719   1082.318948   2311.471279   1665.730095   639.491766   605.244347   675.875048   1372.765411   1303.096770   2247.401919   528.491196   628.580562   883.379242   959.260727   1643.142614   1207.236141   1061.437157   886.315289   976.215161   2590.817808   599.253520   605.186865   722.108483   900.606888   846.531521   683.257998   12656.634758   2797.800237   3655.291211   0.000000   
80.200000   626.608078   785.004277   866.932424   796.295553   820.759717   1010.717134   1195.150338   1236.509933   2283.164554   1742.131104   552.151810   652.711350   567.411678   1381.965747   1214.767874   2237.538187   673.621909   743.080330   776.260227   999.473608   1666.415996   1462.561735   1225.270097   959.571750   1375.464784   1700.278551   591.915242   741.098875   768.693997   855.997908   837.533050   727.051866   12613.621038   2894.371167   3529.090086   0.000000   
80.400000   446.219905   604.746901   798.825855   575.445516   874.110277   796.960075   1379.001544   1033.185776   2350.370852   1756.752393   529.253911   510.798364   541.678832   1388.475931   1089.040674   1545.075162   496.713529   576.503687   754.216305   1015.334871   1676.270807   1076.666249   904.153904   969.619151   1180.404833   2021.798664   502.872310   527.851462   621.719180   698.416461   711.046443   614.587861   12554.174228   2013.834312   3425.612389   0.000000   
80.600000   446.256184   608.854806   801.854729   550.819821   817.515525   805.964688   1119.907048   1243.255306   2320.127358   1763.586750   494.448500   491.170319   498.481373   1408.985483   998.554723   1535.583124   505.089136   567.430825   698.754917   1066.690341   1708.905534   1148.883389   1222.162529   895.800128   1040.278794   1526.313999   465.361156   515.958413   586.557559   767.338873   728.919767   593.167146   12520.113030   2767.826035   3526.256437   0.000000   
80.800000   460.224518   484.320133   912.910801   552.685867   824.955468   673.031214   1257.202304   1039.519118   2349.449343   1756.925050   543.331354   458.298131   502.777724   1359.033951   1090.652142   2517.260987   509.582559   519.431395   728.558576   922.839936   1670.583632   851.152683   851.598092   869.637072   953.746801   1748.796331   406.732733   525.597345   558.055050   690.124309   713.952853   566.918526   12489.871203   2221.157553   3593.954663   0.000000   
81.000000   369.493062   505.444119   851.312535   547.606294   828.356044   737.540027   1063.763980   915.524085   2213.275160   1628.972523   518.071742   429.198489   537.842475   1405.224056   962.900493   1738.330769   411.905116   574.571203   783.714289   818.237067   1591.690832   1009.759476   927.032640   876.846332   952.829326   1623.557093   458.641223   517.558370   594.875012   611.262674   649.591423   622.547853   12458.784535   2255.839787   3484.605181   0.000000   
81.200000   421.576068   539.201920   828.720788   547.204153   892.959319   860.249213   1188.243725   1010.018797   2296.730991   1666.541489   475.626481   515.152574   606.364735   1354.350288   1083.258799   1992.878148   480.580888   613.503715   767.880054   899.011912   1643.432870   1131.854322   1045.275490   895.760314   819.088466   1958.032652   471.182227   607.155716   672.999095   661.707061   648.782544   644.901853   12430.035135   2157.591633   3415.527977   0.000000   
81.400000   432.325433   467.363022   806.181190   484.415204   808.312490   766.797492   1246.878867   960.340471   2317.078281   1706.419385   524.208180   423.025555   573.013448   1406.308234   930.628494   2066.841838   472.686691   541.926801   715.798263   902.115800   1634.597153   831.399974   866.949089   832.195782   1050.404243   1349.197534   508.059792   533.390219   533.909498   730.043025   685.424950   555.849946   12404.894738   2270.442472   3489.626588   0.000000   
81.600000   389.212414   466.412031   868.957337   487.013325   798.955163   740.416305   982.261516   1113.861590   2178.428516   1599.315796   537.851885   433.667403   740.374359   1289.834045   891.715109   2173.084303   460.469795   526.718334   680.711692   882.149416   1553.688561   1027.725268   969.362125   816.970475   809.969611   1477.420674   398.091686   507.157773   548.655516   679.845938   729.916325   589.678979   12372.209709   2113.357228   3405.091967   0.000000   
81.800000   471.435617   468.318741   866.374576   538.956940   903.658453   777.341687   1086.700389   1035.405275   2249.214773   1587.180370   565.048113   450.444363   738.530811   1281.305380   979.746936   2251.364013   494.169186   510.731462   817.330739   870.700362   1600.869997   872.110517   890.072183   828.629256   1051.216710   1523.807424   477.417229   526.087059   578.682052   754.594688   757.802250   599.063759   12339.938924   2508.590191   3496.543282   0.000000   
82.000000   516.784021   446.957573   907.754917   448.322405   1076.391565   775.491470   1311.282641   1014.962268   2235.422638   1647.247772   623.708145   380.168149   724.730760   1269.135738   953.845439   1600.959347   531.134574   506.931711   877.687641   984.198568   1606.632029   1059.800957   984.439974   1002.491622   1319.573930   1428.254159   389.133625   508.046781   597.117989   815.590011   791.606863   608.785083   12318.388285   2685.783155   3381.427296   0.000000   
82.200000   384.371701   413.177095   852.848040   454.491494   705.445720   748.854274   881.142589   990.506470   2230.906060   1624.937181   514.022433   377.470931   522.332606   1266.035878   919.523162   1635.818826   450.682654   509.495245   655.875407   854.853764   1561.263726   1020.494582   959.461716   805.306595   919.658876   1469.281617   364.766344   489.568811   566.124279   707.177299   683.092906   594.655980   12289.773528   2620.618747   3454.314578   0.000000   
82.400000   438.394939   490.725773   845.251131   497.252707   821.528991   635.887998   1058.097615   946.886723   2238.090190   1617.330622   572.011027   445.084075   533.525316   1295.378605   992.598702   1715.718345   493.553245   562.906853   705.810214   798.739358   1589.693499   954.816648   788.030519   785.763766   973.320689   1312.101069   394.076900   499.932044   572.496803   706.735240   672.633710   547.169702   12260.496862   1974.467172   3355.167223   0.000000   
82.600000   467.079708   458.329628   856.162727   479.518930   890.194988   652.323688   1167.638704   1006.515218   2182.555026   1635.972890   490.360856   400.101297   598.588043   1273.648946   1013.772187   1749.161544   516.840468   527.575108   756.286781   885.564988   1568.986077   1114.233710   864.325507   837.833032   1134.366367   1330.313410   378.406036   476.733772   529.005379   745.066446   702.033281   549.915078   12233.492043   1870.353180   3365.979324   0.000000   
82.800000   369.239900   403.176865   780.773062   468.174410   691.386458   582.125186   1098.758258   848.929982   2192.185363   1606.936844   498.424226   368.806224   512.942622   1264.873826   887.973716   1746.610519   423.946566   509.364966   616.572131   797.450599   1559.846032   939.613167   790.440127   760.821770   864.512569   1378.570261   397.419747   434.712145   512.743701   645.600859   657.131205   479.506992   12205.642738   1848.532011   3397.719545   0.000000   
83.000000   426.684067   492.800617   870.035234   467.076766   716.099025   579.280471   913.814378   794.696591   2141.985154   1577.908163   555.658483   427.246057   639.952183   1253.299499   852.601882   1361.911084   473.256957   585.808113   659.419104   784.332095   1561.684275   750.469663   696.697928   746.403801   925.337350   1249.275152   383.373670   455.841242   578.821135   819.626728   788.174838   593.176818   12177.350002   1774.938451   3314.813028   0.000000   
83.200000   381.638051   464.865089   808.233578   451.551933   665.791295   555.294021   901.373511   756.606116   2201.441722   1556.303607   478.391527   409.704974   487.035018   1247.716122   813.796229   1131.640441   428.801507   448.093805   599.890779   742.623128   1560.114525   851.857981   639.356062   692.123922   649.742789   1608.078237   356.235023   421.022979   480.654494   632.801954   630.177044   519.880140   12152.920074   1492.443789   3421.624223   0.000000   
83.400000   381.698802   433.348622   772.033288   442.032146   658.665366   561.750160   928.697540   834.182934   2179.798190   1548.305778   436.313928   404.357786   441.884801   1238.713269   823.179276   1639.778645   416.987855   447.986955   628.779518   775.863102   1490.027967   795.427489   721.790159   726.859952   720.330446   1166.776397   386.471999   453.254364   486.712683   591.693181   584.162951   492.338775   12127.310026   1690.197165   3286.196459   0.000000   
83.600000   357.190492   380.706268   800.207412   440.255210   639.030432   604.678160   848.863446   964.605863   2089.787091   1595.564503   439.059502   384.241151   480.829932   1258.373726   762.551221   1292.153925   399.931428   482.558570   589.266500   791.098461   1476.611431   779.007578   843.891261   730.057466   689.608863   1610.716498   355.230862   437.398163   475.452140   592.895448   597.470671   550.589294   12093.449257   2047.071410   3218.559106   0.000000   
83.800000   367.513168   404.410651   841.982088   409.950002   675.761032   552.548377   809.429697   853.896085   2132.398325   1539.849671   457.197272   376.848178   527.265498   1253.298771   819.313836   1415.298426   396.986498   453.717254   591.318164   766.080602   1510.415020   972.788871   704.923439   693.895309   758.983528   1455.678040   340.184568   400.688403   494.198616   679.079790   625.213641   504.812357   12069.278409   2099.290120   3280.820472   0.000000   
84.000000   385.750360   390.006467   790.776656   439.433548   612.104831   656.995494   801.572838   884.819993   2082.024789   1523.393582   444.719570   387.551784   512.522719   1243.047581   834.646311   1568.905914   417.899282   507.110757   581.212896   804.517202   1455.209808   978.204394   816.615633   768.406246   812.886356   913.040387   344.276875   479.571596   526.504195   661.117309   623.899301   517.111147   12045.855955   1868.102929   3202.727276   0.000000   
84.200000   357.468205   392.680267   759.037349   428.237676   569.951844   539.908461   945.027049   836.562609   2066.232249   1530.519669   413.290739   362.455746   425.823816   1217.402781   774.820601   1430.821392   385.167427   466.790789   566.577396   798.342387   1445.629220   799.553720   713.397320   714.017990   807.233467   1054.366389   353.834930   406.994387   468.541185   606.002511   572.998655   508.986304   12023.127992   1955.649624   3181.155164   0.000000   
84.400000   338.876121   396.919570   798.944031   413.065142   660.273274   483.603675   833.625773   773.447338   2072.058201   1536.034755   436.489869   347.443233   503.811618   1204.530687   761.139421   1123.166551   375.062758   431.998177   607.257336   741.160488   1445.334809   719.674232   653.002091   685.987653   768.312193   937.621845   316.255286   394.831255   455.673568   565.933805   560.983888   471.850586   11998.356889   1727.903581   3174.463956   0.000000   
84.600000   343.997391   448.643577   785.511030   426.365191   615.721089   571.883521   758.359235   820.316435   2054.988712   1514.247614   461.316570   376.200585   482.936715   1225.455408   807.331661   1241.495020   364.539363   444.496074   580.281795   762.087698   1426.840628   661.888071   749.580449   710.966520   694.446409   1091.585440   354.430979   417.150568   489.266456   579.596229   559.952379   424.281052   11970.061672   1647.038566   3184.031417   0.000000   
84.800000   329.419205   438.474257   768.614583   447.159103   607.650471   584.653333   740.081738   768.016835   2036.573850   1515.949515   444.167830   384.677115   528.419115   1241.621973   811.112945   1173.020966   377.760826   478.342228   580.140962   769.837632   1431.687144   789.858910   697.846860   711.619333   665.931511   906.010566   348.047158   464.938982   507.410738   589.028346   596.405527   477.363750   11941.187031   1450.207195   3150.585498   0.000000   
85.000000   319.868374   388.532640   747.756496   431.491088   583.758695   579.603368   718.665087   824.952698   2052.585897   1529.816182   406.808527   393.330268   414.322232   1228.761075   831.351912   1258.235221   349.392944   472.895309   545.556776   750.574509   1461.851607   853.584042   740.322673   695.842933   589.694214   1207.039435   339.855078   422.336868   480.339109   499.834976   486.882815   465.902804   11914.168277   1316.982454   3173.043285   0.000000   
85.200000   367.771811   410.839165   777.340693   448.077352   657.668518   574.776002   714.920087   809.668002   2022.447745   1506.049976   460.159650   376.553021   463.393424   1220.794274   800.999310   1192.595319   365.240256   472.013922   602.746073   751.675019   1431.797023   686.108376   712.207030   714.176931   659.344547   1314.796121   346.558738   444.881440   504.418675   588.234366   523.553312   419.908330   11890.741958   1323.267971   3175.482519   0.000000   
85.400000   370.397241   351.620407   765.022296   391.025172   645.756623   526.310729   808.967157   789.159734   2029.448655   1511.106247   422.552624   337.218628   433.330190   1202.774892   746.060790   1037.531392   389.168324   432.305266   584.141598   759.070928   1434.418401   636.455582   674.328999   733.822060   643.172344   1095.403657   331.144852   391.460739   460.339810   560.831745   469.294454   422.712778   11868.976951   1332.136218   3122.370498   0.000000   
85.600000   298.337906   382.605385   728.901920   403.380916   580.700317   551.551718   714.087797   774.047756   2036.872709   1521.037801   390.713495   341.338493   447.678104   1193.206481   695.071441   1019.630804   344.291910   421.573241   570.795522   752.464186   1428.387184   700.880933   677.283694   711.004529   547.627767   955.695993   329.550596   404.018158   455.615670   511.540937   451.898514   419.786173   11841.109384   1380.044847   3157.664854   0.000000   
85.800000   303.919545   402.615906   749.885993   421.496934   544.030062   502.842850   761.950397   692.995038   2016.885550   1488.684732   393.430938   361.525528   380.611689   1196.851683   736.824420   984.808803   356.208523   431.351772   538.589276   719.606837   1426.880407   578.671297   612.236682   667.569551   567.796299   931.341262   343.970151   407.510047   457.479065   555.962524   503.863201   434.504685   11812.855861   1438.654774   3104.045033   0.000000   
86.000000   297.271118   339.837087   716.441590   373.583804   597.093963   464.716309   735.632098   693.353075   2012.065338   1487.810282   394.530268   329.615384   394.267675   1188.911701   730.901192   1011.147720   334.486654   404.018417   553.226977   700.543982   1411.864762   601.834386   601.533069   654.694906   573.865926   1077.947138   309.524378   359.781975   413.434648   482.091216   492.303124   415.035469   11786.981136   1298.431672   3105.989119   0.000000   
86.200000   331.444897   405.488341   724.861750   422.467260   567.857950   522.446254   808.646229   764.505686   2006.771003   1484.071839   405.732356   365.241633   397.543903   1195.202182   686.210624   962.142769   340.155127   436.097255   540.680855   758.137531   1416.620354   518.624208   662.086904   690.976299   693.191800   853.087224   345.343854   393.618125   452.077586   510.977575   504.362538   431.998897   11763.957978   1261.887208   3098.141243   0.000000   
86.400000   325.640475   373.802490   727.116330   404.044208   570.582583   502.340832   697.937903   712.457937   1997.662947   1481.043476   404.299840   348.352834   424.874809   1189.509214   669.722782   1207.215099   344.923278   417.243557   567.106220   710.958507   1407.430501   573.623381   605.706857   661.876237   575.459723   1003.249597   320.334793   364.880794   426.874499   507.733736   508.554479   440.779729   11737.553840   1457.583132   3095.997284   0.000000   
86.600000   297.902997   347.510238   741.620892   382.508903   520.332103   464.638254   667.754701   675.515403   1979.907930   1481.871417   397.362232   338.872511   421.092893   1180.730684   667.568571   831.800881   342.512023   411.536721   545.400177   700.526266   1390.907698   599.638020   567.852112   668.682370   505.642454   858.530429   321.615768   377.410972   422.246549   479.954024   461.287824   402.268494   11713.136880   1218.083258   3075.994213   0.000000   
86.800000   275.734314   341.733519   718.050608   369.422542   541.578365   474.776139   714.441608   701.455431   1984.840585   1477.150582   384.907709   329.671041   404.855430   1171.908490   647.317416   1003.478518   311.109549   399.447020   536.491436   703.641840   1396.429862   526.024835   592.498123   653.201693   541.951743   756.253507   314.482993   363.145534   422.772339   474.402161   439.043422   399.727412   11689.815132   1205.810217   3078.733264   0.000000   
87.000000   285.725069   336.410198   717.274909   362.318975   521.194953   456.806035   713.147024   719.632511   1968.064293   1477.974359   384.718666   321.965225   407.544893   1182.933112   659.580697   971.099338   324.534871   385.050517   531.779914   710.353926   1396.745621   555.163088   575.833817   647.003593   536.073761   755.738925   310.290385   354.488898   425.116256   455.065450   424.820500   378.950635   11664.819459   1021.493207   3056.820015   0.000000   
87.200000   275.392525   344.410771   712.407242   395.646284   501.155195   515.138448   664.352914   726.132968   1979.654640   1467.847573   386.448111   333.364880   376.858701   1178.681238   672.200638   1055.887387   329.745839   411.911549   527.705294   708.412313   1388.955986   591.861342   616.759022   643.953526   577.479686   750.038904   316.936066   398.971662   442.517618   472.888897   464.877952   431.983322   11643.040111   1020.375890   3062.437583   0.000000   
87.400000   280.460247   325.702662   700.169722   359.755365   473.360833   471.417976   650.757061   684.113768   1975.415037   1463.854691   373.937710   317.140063   377.041698   1162.784048   660.120860   907.614983   319.862701   378.979263   509.425244   698.695534   1377.175222   555.997648   604.182494   638.764561   494.795755   746.797707   299.635703   346.166475   408.022164   440.700162   427.847575   390.690167   11616.264251   939.793081   3048.586496   0.000000   
87.600000   280.196484   350.922502   703.659219   374.038603   479.287051   459.460556   648.347923   685.882977   1954.094276   1449.050254   371.740761   327.237912   361.520354   1170.465570   654.686862   979.097468   326.162289   403.678001   494.159134   689.386122   1363.551420   530.008701   570.751145   643.747462   519.216007   655.206796   310.163072   359.923472   419.220964   465.586799   436.549183   378.787794   11593.088960   925.791128   3023.092092   0.000000   
87.800000   266.868739   326.726070   693.792789   357.314925   466.958125   416.917822   664.268096   626.919924   1951.836616   1440.059010   373.590479   320.268387   359.162277   1157.818126   661.572860   740.201686   308.516431   383.247843   486.147498   669.300051   1365.505693   569.042291   534.783111   612.232768   485.480476   738.239855   292.779005   338.608556   399.003253   431.130616   426.863155   377.573194   11570.473056   1117.794688   3014.203056   0.000000   
88.000000   278.684150   332.628415   684.936618   355.489916   486.402430   451.924703   642.360043   693.302672   1945.153501   1441.811483   369.410988   317.357044   364.988099   1160.065062   633.353733   890.996846   320.092479   385.072345   488.249102   691.491742   1375.665415   538.372541   581.306002   635.758928   505.275700   673.417358   289.314914   342.142413   402.638320   447.003580   441.314491   390.548240   11545.963732   964.097404   3010.214420   0.000000   
88.200000   275.561986   328.454394   686.867636   356.753436   483.326947   426.970310   626.211803   631.238974   1932.729085   1442.445954   362.680659   317.755529   346.741160   1152.262544   654.028031   795.503941   319.839345   376.186168   498.511781   670.866278   1361.995393   460.435277   532.745964   611.688583   505.190235   813.913966   290.537008   337.519651   398.814349   436.151168   422.732383   383.147727   11524.475959   915.674966   2993.655874   0.000000   
88.400000   261.537660   317.790590   683.865153   349.880590   476.839521   418.475936   655.251532   653.741923   1946.650481   1442.719110   363.783323   313.056484   367.553166   1147.412979   636.315757   723.476844   300.861703   369.702992   480.950492   677.240860   1379.558422   456.983273   534.271046   613.314847   484.139912   761.169131   290.545620   331.119466   387.390746   440.549116   421.840330   392.734971   11499.376615   987.708527   2993.008112   0.000000   
88.600000   266.971784   315.965371   690.306080   347.756741   450.995607   423.727413   622.008613   644.430225   1938.691542   1448.089862   357.965142   308.180550   329.227598   1149.923375   622.771645   795.872491   300.852343   367.342581   476.833118   679.935801   1367.757856   467.237421   522.931149   621.272200   456.165273   663.567331   285.720244   330.417664   391.449009   424.424563   400.791230   365.850706   11474.806467   923.255484   2988.991468   0.000000   
88.800000   259.444927   314.999280   680.043342   350.674821   469.846308   414.014013   642.651265   625.486927   1933.175557   1429.580804   361.545947   307.710076   325.478711   1147.098485   650.014036   756.077434   302.693083   369.011818   472.029059   661.663741   1358.734510   451.451567   513.397591   611.348732   488.395902   625.611901   293.961844   329.646126   386.325075   414.844237   385.723026   367.983507   11452.235130   833.054094   2969.302558   0.000000   
89.000000   256.246072   304.481737   669.945091   341.131766   432.208276   417.342611   610.397495   610.663692   1921.576047   1425.386897   351.427125   304.192805   323.859467   1143.125775   639.101639   643.701500   289.666786   368.081800   466.680996   655.871246   1353.644686   489.027344   507.205772   604.292471   423.970629   672.322367   284.821595   325.031834   386.129637   407.564064   383.769373   359.469362   11429.390784   883.648374   2970.867621   0.000000   
89.200000   252.268842   304.820572   671.544581   339.196216   424.548927   403.367339   615.484738   618.730212   1914.486082   1420.192333   353.185136   307.501634   323.935672   1138.125243   621.746498   692.394615   293.850081   367.721775   465.824437   656.049243   1339.393070   513.513674   502.129331   596.981744   432.705823   543.905370   281.986750   325.404821   390.849842   425.234594   396.359961   368.629785   11406.586987   849.216418   2961.981958   0.000000   
89.400000   251.846871   311.104778   675.854078   348.931024   449.042093   410.193298   624.833567   632.295525   1911.138271   1424.230106   353.872784   303.830130   332.223456   1135.931288   606.958189   729.320840   290.400698   373.283107   466.055211   658.883133   1335.318878   475.297423   513.535644   603.943543   435.076910   590.053738   283.829384   321.407447   393.007083   403.366669   386.059372   359.147273   11384.822957   801.640882   2953.287749   0.000000   
89.600000   260.305120   303.051794   672.719293   337.150811   426.493875   413.725280   598.165001   636.686706   1898.150544   1416.811549   352.357883   301.206563   328.760576   1135.175529   607.877371   727.540343   303.246239   364.409523   473.321306   658.196782   1330.817928   455.982506   512.117458   600.333834   434.865581   595.088005   283.073501   319.785367   383.752313   404.639932   392.962026   376.619571   11361.152371   815.127757   2947.649784   0.000000   
89.800000   261.483817   304.665615   672.293668   339.743068   423.442163   408.257708   608.006357   616.658710   1901.912481   1414.062288   355.599030   301.375414   321.141185   1129.380805   601.117968   677.260240   299.202494   360.766367   464.701976   656.206476   1334.316198   458.309981   508.511155   593.307135   454.474432   514.567470   281.170414   319.868213   378.089492   405.781694   384.759546   367.132445   11337.959913   892.904941   2940.854469   0.000000   
90.000000   259.238603   309.977246   668.810429   343.022771   412.169944   401.598218   593.720929   616.518625   1894.826140   1407.239863   352.397713   301.750463   315.145293   1131.001520   604.472490   704.660529   291.015644   364.322441   456.472473   654.772006   1326.729423   428.195441   508.639604   596.996098   412.285296   514.868768   277.858952   320.103294   378.501722   395.291994   374.060540   354.564226   11316.830912   774.867827   2931.577056   0.000000   
90.200000   254.419477   299.312831   664.764809   336.433544   431.062524   395.040226   606.239576   601.648894   1894.014038   1406.340093   355.390161   300.453884   311.836653   1128.180749   610.124961   635.484071   293.072976   359.894595   462.969871   647.464085   1325.794647   418.849938   489.506574   587.414515   418.957226   576.947328   277.925063   322.597990   376.667818   397.939536   380.689687   359.851667   11293.164168   787.264252   2928.103894   0.000000   
90.400000   247.282264   297.889485   671.908254   336.273898   424.944780   403.288579   598.980522   609.850992   1887.144126   1403.218036   351.860710   297.546281   329.003590   1124.419436   601.251288   638.260737   288.726989   358.183322   466.941068   646.736192   1321.288534   450.741681   507.333726   594.567147   441.020984   524.719395   277.439750   321.167548   374.186114   401.905440   383.700256   355.983760   11270.813217   761.383365   2920.816136   0.000000   
90.600000   248.576784   296.385606   659.616773   331.251665   416.597041   390.954750   576.955169   596.380443   1878.349579   1397.766701   350.043567   296.032092   317.521744   1120.108235   602.474252   626.610278   283.477779   354.764064   458.419480   644.070839   1313.839208   431.520307   488.139981   585.277494   438.563544   499.162484   276.701907   319.745924   374.859023   399.619761   379.905060   353.643818   11249.614743   797.997274   2910.722673   0.000000   
90.800000   241.570118   296.199968   655.800174   333.610627   398.670591   397.259844   566.633714   605.579900   1876.094832   1395.735955   338.495582   299.649239   303.996881   1118.228043   601.034981   664.017880   277.672589   357.512881   446.218568   644.648500   1309.020020   413.227769   499.685492   584.084777   394.962022   518.663059   275.875139   314.655557   376.930158   385.266274   376.030467   350.765748   11226.637630   776.016803   2904.216652   0.000000   
91.000000   239.092358   293.330273   653.873766   329.317362   406.948340   388.596668   571.515624   588.997213   1871.685986   1390.926847   342.062499   293.856482   304.963707   1115.782207   594.176926   622.811709   283.868385   351.547340   449.166709   637.458147   1306.648722   442.384629   483.503998   582.911862   400.491960   493.126148   274.559652   312.680874   370.738235   384.726589   367.528676   345.659372   11204.587463   757.627357   2894.884663   0.000000   
91.200000   241.237854   293.828568   657.859674   328.725697   409.412355   386.361509   579.023264   595.285184   1867.408770   1388.560381   341.002764   295.537620   302.957922   1114.260069   589.242569   610.517106   281.513109   352.315058   452.365965   639.729347   1307.290367   417.772532   482.111385   585.952823   398.910628   482.127008   277.244954   314.026685   372.665162   385.293931   368.020039   347.465260   11182.906815   722.523904   2891.371996   0.000000   
91.400000   241.786353   291.941683   653.198513   326.291832   400.231850   381.948538   568.970824   587.967855   1863.238376   1385.824637   338.667775   294.735342   304.225244   1111.262347   589.251783   590.421458   275.320247   349.033370   445.740529   636.013403   1304.180684   406.811304   473.868201   576.632067   400.466330   505.982459   272.860890   308.822728   368.606220   385.373814   369.777736   345.784745   11161.552136   725.662671   2886.431862   0.000000   
91.600000   244.941220   296.406159   654.524406   329.889934   404.810208   391.656017   566.041592   587.807424   1858.958670   1383.594267   337.813477   294.822712   305.860646   1108.032573   585.614487   607.364596   282.458095   348.653642   443.808139   633.310676   1298.999832   419.542766   477.693574   576.824763   404.851639   523.083934   277.169412   314.298008   374.805581   388.276953   376.374446   349.832663   11140.111418   740.191676   2881.021835   0.000000   
91.800000   242.148494   293.448466   652.406356   328.048471   404.726292   385.037569   581.286732   588.242389   1855.035603   1381.097626   335.443193   292.168772   305.497277   1108.905656   585.073038   602.999744   278.700582   350.776144   450.791693   635.611680   1297.231674   425.917706   475.771387   575.375122   397.486078   479.279551   273.433351   307.705338   368.643048   380.783035   365.912767   342.855872   11118.024707   727.405964   2873.979480   0.000000   
92.000000   241.625773   291.193816   648.188510   324.609418   392.979133   383.449187   563.263033   580.934789   1852.718843   1377.892671   335.525906   291.922656   299.749824   1104.347361   585.728833   597.118851   278.492056   345.655531   439.951398   633.589872   1294.520547   398.123790   469.060874   573.084071   396.634953   452.565587   272.842378   309.572175   366.062273   382.329196   368.023277   342.679372   11096.738399   730.885914   2869.482248   0.000000   
92.200000   236.961968   289.957067   649.083287   323.867887   393.610524   378.505747   563.621992   581.095714   1850.664676   1374.953153   334.741184   293.245041   298.205991   1101.504044   584.903526   578.140785   272.108807   342.480544   438.646039   630.431506   1293.873752   397.405435   466.301764   575.370632   388.848033   467.871925   270.104252   305.376842   363.830890   376.803394   360.269961   339.530898   11075.718299   690.944052   2864.172308   0.000000   
92.400000   236.430961   287.716277   648.645737   322.870351   392.842000   379.943762   558.343139   580.401357   1844.103275   1371.269652   335.143136   290.824225   297.963009   1100.165926   584.133312   588.706260   274.964003   342.828701   440.050550   628.631805   1289.796947   402.388311   472.195856   570.298559   389.579567   486.127879   269.369188   306.816797   364.636471   378.616372   360.016410   340.838968   11054.378434   684.527921   2855.565278   0.000000   
92.600000   241.481416   286.541698   644.812842   320.615707   393.821045   373.087809   557.465838   575.232479   1841.924540   1369.784036   335.042219   291.572690   296.888635   1096.687621   579.733395   583.212243   272.157586   342.856287   436.862036   625.869976   1287.019548   400.478668   464.111954   566.213582   390.973225   461.691273   268.860910   304.625049   361.892835   381.101496   362.564596   338.913645   11033.051611   708.248742   2849.892824   0.000000   
92.800000   235.681617   286.408912   642.278564   323.737017   389.118430   372.073134   552.422585   574.247295   1836.804686   1366.031470   332.265655   289.707778   293.503772   1095.424347   579.718420   572.927388   271.388939   341.450571   435.805816   624.418118   1283.226831   390.214759   462.929477   565.979080   387.158891   460.235327   270.286728   304.522362   360.393095   376.252410   359.943408   337.944766   11011.825125   712.890922   2845.241271   0.000000   
93.000000   237.755470   286.602915   641.189492   318.894203   390.606855   373.724894   554.619584   572.282309   1833.170657   1363.881538   334.824769   288.143304   296.624063   1093.316886   574.749303   567.432006   272.171696   342.268482   436.067982   624.032181   1281.060565   389.308208   463.785781   565.817162   389.018076   450.213840   268.181425   301.626528   360.408160   375.647127   357.927585   336.748822   10990.986656   668.672290   2839.491891   0.000000   
93.200000   235.684547   285.389856   640.467317   318.074575   392.419259   373.544042   552.972923   571.643043   1828.444245   1360.934926   333.652687   286.405952   295.437511   1090.199946   574.136635   564.587863   271.264969   340.433761   434.445678   622.326811   1278.036960   384.277520   460.606233   563.683969   385.440333   453.262140   267.763904   301.855780   358.665233   373.132823   356.625716   337.078506   10970.194239   678.329037   2833.717175   0.000000   
93.400000   233.630163   283.438267   639.893176   317.338293   387.997323   371.005822   554.555559   571.723796   1825.621558   1358.420665   330.367107   286.514588   297.854446   1088.702334   573.166193   559.128252   276.120072   338.985414   434.018092   620.960096   1275.265614   382.545413   460.017071   563.127916   383.004192   454.460665   268.261823   301.267689   357.692562   376.103421   357.103571   336.358728   10949.788745   675.539083   2827.433303   0.000000   
93.600000   231.865703   282.966839   637.978014   318.316297   383.968561   369.055041   549.844222   570.153506   1821.804442   1355.543367   330.000392   287.667414   293.405511   1086.436488   568.636241   564.840156   270.779478   338.266593   432.096275   619.707351   1272.685909   383.858160   459.043175   560.785011   380.929110   433.161823   266.851549   299.949903   358.368720   373.116949   356.172365   335.786092   10928.983326   672.988904   2821.784027   0.000000   
93.800000   228.677303   283.848933   635.824461   316.364665   382.377305   368.462236   548.652397   567.847286   1817.643425   1352.803790   327.947472   285.417280   290.153428   1085.144574   568.308825   563.465495   268.657294   337.697913   430.531811   619.230425   1270.037734   382.235332   457.427150   559.014892   376.539153   429.695077   265.552811   300.151928   355.234919   369.852424   352.964703   332.608221   10908.450202   661.364734   2816.949216   0.000000   
94.000000   228.166711   282.305380   634.208373   315.716577   380.767348   366.278748   546.136303   566.300840   1814.480341   1350.151421   327.716354   284.607254   288.601158   1081.852600   566.304823   555.193325   265.770605   336.799524   428.525044   617.568074   1267.601165   380.372604   456.422737   557.911554   378.371316   423.582618   265.500956   300.054970   354.875385   369.401796   353.449281   331.829595   10888.055658   666.798722   2811.675898   0.000000   
94.200000   229.728611   282.367919   632.469971   313.495591   383.060855   366.812362   546.649678   565.635046   1811.566456   1348.111285   327.819944   283.526399   291.600469   1080.116408   565.910225   552.819122   269.203214   335.710607   428.312002   616.126756   1265.454722   379.889042   455.416891   557.558769   374.940459   432.266727   263.996195   297.991122   354.070318   369.871697   355.031205   335.051290   10868.069974   653.398244   2805.792072   0.000000   
94.400000   228.642986   280.416518   631.817400   313.176513   378.314617   367.826339   542.602631   563.537673   1807.634476   1345.129041   325.227536   283.534561   287.169107   1078.390991   565.657277   548.363464   268.643557   335.006416   427.338215   614.588073   1262.834218   379.171594   453.891909   556.303068   374.949459   421.333716   263.540964   297.171879   354.201787   366.272774   349.843998   331.100726   10847.928524   648.814411   2800.466311   0.000000   
94.600000   229.136990   279.137633   631.067981   313.910010   380.140397   365.090295   542.994856   562.862546   1804.516032   1342.700002   326.024833   283.425570   287.253749   1075.650948   562.934530   548.877936   269.299866   333.977711   427.315976   614.024779   1260.188667   378.795162   454.855513   554.940279   374.926699   423.365871   262.695314   295.781986   352.246714   368.855032   349.554133   332.001197   10827.714019   650.394711   2795.407513   0.000000   
94.800000   228.178581   279.337230   629.463770   313.092483   376.682861   364.487258   542.336032   561.297277   1801.573171   1340.309231   324.413361   282.735621   286.279256   1073.801172   562.860340   546.021313   264.983604   333.322249   425.277112   612.429052   1257.492535   375.393991   454.350395   554.727673   375.701207   421.085552   264.345015   295.533450   353.432250   365.712649   349.496302   329.479483   10808.113931   652.519153   2790.302501   0.000000   
95.000000   228.744812   279.753978   628.683666   312.589160   377.409350   363.156361   538.674490   560.223844   1797.728020   1337.233060   324.456661   282.925850   286.218454   1071.426602   561.970839   545.951471   264.795471   332.798013   425.053795   610.562232   1255.296728   377.012719   451.244619   552.721076   370.846345   421.571979   262.196165   294.842377   351.543375   365.335767   347.413709   328.534986   10787.912353   641.950407   2784.748771   0.000000   
95.200000   227.116447   278.087731   626.997597   311.385914   376.629725   362.173004   537.672278   559.365632   1794.260574   1335.085607   325.261928   281.340431   286.303109   1070.187407   561.305221   542.539447   262.920730   332.534433   424.698835   609.117279   1253.351535   373.876231   449.813244   552.460866   370.392794   420.465651   261.171366   294.196695   350.725001   363.007223   346.832466   328.082017   10768.347761   640.937201   2779.583196   0.000000   
95.400000   226.123682   277.952563   625.382933   310.338867   374.736681   361.038546   537.139740   557.587692   1791.300966   1332.816723   322.736319   280.482006   285.131500   1067.893153   559.597979   541.880731   262.829611   331.105741   424.488430   608.073612   1250.320743   373.543497   449.179794   551.444778   370.272876   412.306245   260.724079   293.440741   350.261222   362.616302   346.401283   326.984476   10749.235525   638.841339   2774.156501   0.000000   
95.600000   228.011884   277.170820   624.836396   310.272104   374.789520   360.488816   537.382513   557.023363   1787.286769   1330.131987   322.392025   280.103240   286.389351   1066.372650   558.131047   540.917165   262.186729   329.952948   422.330074   607.069733   1248.174713   371.393778   448.218922   549.361828   368.902830   411.883534   260.756098   293.228012   350.244061   362.786435   345.551564   326.480087   10729.272414   639.328629   2769.069709   0.000000   
95.800000   226.487073   276.815423   623.247718   309.191020   372.427269   359.394679   535.284956   556.047572   1784.738068   1327.633702   321.555319   278.857672   284.187101   1064.335672   557.252113   538.299547   264.331225   329.131468   421.863567   606.272767   1246.235739   370.489070   446.700210   548.262137   369.094891   410.225667   260.629859   292.992399   349.300382   362.207717   345.438058   326.272060   10710.303983   632.750129   2763.874329   0.000000   
96.000000   226.424638   275.805002   621.667742   309.869891   374.263348   359.165990   535.077676   554.789587   1781.361100   1325.072273   321.405112   279.114785   284.557078   1062.302869   555.531000   538.521003   261.980100   329.325648   422.025419   605.807331   1244.194751   370.865844   445.945092   547.597607   369.185872   409.886619   260.855447   292.717477   347.704100   362.586425   345.306744   325.721263   10691.054740   633.623901   2758.709186   0.000000   
96.200000   224.933934   276.024813   622.215342   308.601617   371.701068   358.110021   534.936421   554.252005   1778.441592   1322.666593   320.822215   278.790859   284.138287   1060.711627   554.367953   537.136853   263.910980   328.946230   420.057677   604.645028   1241.609486   369.229634   444.863585   546.061740   366.614501   408.191880   258.254280   291.054615   347.461423   362.784799   343.431507   325.006443   10671.699866   629.197474   2753.740496   0.000000   
96.400000   223.696010   275.367065   618.960867   307.370800   372.133232   357.155908   532.517786   551.913474   1774.643913   1320.566792   319.779604   278.439223   282.108816   1058.351386   553.743692   534.824112   262.062215   328.444219   419.208848   602.534151   1239.325235   369.632731   444.728391   545.544769   366.434422   407.676253   257.889699   289.932074   346.288180   361.106713   344.021027   324.330895   10652.668485   628.186743   2748.760037   0.000000   
96.600000   224.730702   276.595708   619.765010   306.141023   373.132467   356.798132   531.886996   551.698529   1771.992488   1318.067399   320.445039   277.731326   281.382094   1055.929958   553.890467   533.838814   262.869833   327.726553   420.600066   601.868882   1238.329151   367.114392   443.558768   543.782462   365.692220   407.115114   257.524751   289.795595   345.670162   360.397062   345.601959   325.000974   10634.411577   625.272325   2743.655437   0.000000   
96.800000   224.612604   273.291576   617.852095   305.793665   370.640170   356.040580   529.381341   550.553243   1768.460122   1315.394968   319.803340   276.954220   280.328695   1053.975650   551.088041   533.320931   262.240177   326.479194   418.846768   600.321635   1235.730074   367.536541   443.211550   543.139729   366.149052   406.820913   258.131393   288.943141   344.484786   358.172976   342.294708   323.043644   10615.826636   625.447387   2738.805629   0.000000   
97.000000   225.063855   273.146944   615.563006   305.502930   371.238003   354.762963   528.769317   549.392919   1765.062769   1313.358425   318.365845   276.079170   281.671880   1052.415709   550.436599   531.735220   260.647343   326.502410   417.812002   599.071529   1233.166368   366.569337   442.425509   542.122107   363.948660   406.335265   257.283280   289.079800   346.152813   358.323803   341.283785   322.531625   10597.192096   623.337777   2733.982053   0.000000   
97.200000   225.488810   273.240651   615.573788   305.571001   371.940574   355.284060   528.186269   548.426366   1761.964053   1310.736415   319.241861   275.711817   281.072771   1050.493190   550.149291   530.375641   261.711204   324.754806   416.948176   598.234360   1231.599216   364.868593   441.062534   541.062633   364.682181   404.323801   256.391702   288.254295   344.185454   357.411232   340.329832   322.424792   10579.354364   620.546511   2728.993733   0.000000   
97.400000   222.627904   272.415739   614.434937   304.612420   368.737255   353.913029   528.667177   547.179637   1758.725738   1308.277244   316.608647   274.986725   280.183103   1048.657671   548.039456   530.174306   260.096680   324.340801   414.792725   596.971496   1228.368941   364.325783   439.994422   540.373689   364.529875   403.493530   255.446721   287.561882   342.643539   355.807913   341.591575   321.930954   10561.334208   619.416900   2724.128977   0.000000   
97.600000   222.213077   272.497498   613.087947   304.666335   368.145593   352.943847   526.163993   545.840105   1756.244848   1306.189444   317.268033   275.969386   280.367949   1047.087327   546.781387   528.394156   259.164866   323.849835   414.975892   595.920835   1225.963637   363.684260   439.506013   539.314276   362.265629   402.418627   255.666668   287.748792   343.017596   356.302095   339.525776   321.159717   10544.114941   620.899313   2719.195919   0.000000   
97.800000   224.893915   271.329856   611.480921   304.055107   366.224967   353.093931   525.616458   545.662259   1752.043342   1303.931148   315.979123   273.958135   278.934848   1044.721823   546.485874   527.011196   258.533691   323.453737   414.599349   594.939423   1223.539759   363.253769   439.516928   538.001185   361.425842   404.305664   254.192518   286.380062   341.052880   355.150118   339.640330   320.395498   10526.883240   617.689905   2714.208928   0.000000   
98.000000   223.245210   271.279952   610.288123   302.536642   365.267216   351.537578   524.168970   544.026633   1748.975547   1301.848475   316.246037   273.238293   280.536570   1042.985462   545.413956   526.418708   257.202113   322.604671   413.662593   593.938184   1221.598142   362.568021   437.547017   537.611139   360.411025   401.032286   254.497647   286.860009   341.511877   354.642274   338.854129   319.440128   10510.735716   615.743317   2709.407168   0.000000   
98.200000   221.806129   270.324762   609.559547   301.972770   364.809334   350.994689   522.730915   543.239105   1745.887819   1299.545926   314.791735   273.647202   276.958145   1041.627378   544.436815   525.494020   258.188476   321.760281   412.350785   593.060564   1219.671946   361.772023   437.542939   536.069109   359.469885   399.382833   255.691051   286.307424   341.347581   354.879614   337.202022   318.566703   10495.186670   613.993449   2704.700351   0.000000   
98.400000   222.220469   270.151937   608.346675   301.572653   364.924240   350.715525   522.348636   542.212771   1743.454228   1296.701059   313.652052   272.873130   277.610757   1040.029990   544.761522   524.526347   256.501453   321.847980   412.943414   592.024745   1216.983159   361.168480   436.824650   535.474479   358.872852   400.057737   254.514905   284.645655   339.780089   352.239630   336.675823   318.329244   10480.647246   612.236138   2699.788688   0.000000   
98.600000   224.869902   269.986356   607.121865   300.874481   363.989177   350.105041   522.516947   541.454520   1740.115993   1294.320255   312.068417   272.094721   277.474790   1037.516686   542.610774   523.868223   260.468820   321.308154   412.888916   590.961429   1214.615601   360.491134   435.887611   534.492743   357.858788   398.485198   252.520284   285.373006   339.004887   352.838129   337.026332   317.700900   10468.199389   611.249702   2695.099536   0.000000   
98.800000   225.024564   269.660323   607.206842   300.415334   364.112243   349.438222   520.113356   541.067457   1737.284882   1292.417752   312.237979   271.879264   276.476687   1035.419050   541.578744   523.042310   256.960500   320.252432   410.691713   590.902472   1213.490227   359.815127   435.248359   533.203506   359.763339   397.806357   252.376244   284.083261   339.298890   350.976549   335.608023   317.065122   10458.349306   609.558649   2690.345045   0.000000   
99.000000   227.268376   268.478441   605.123218   299.450382   362.056857   348.071575   519.623986   539.738682   1735.127655   1289.956561   312.617077   272.351985   275.672312   1034.021314   541.609531   522.348923   257.262897   320.093027   412.020274   589.532119   1210.849196   359.644716   434.505315   532.547441   356.866055   397.991226   252.247950   283.072760   338.058786   352.629902   335.154255   317.437982   10453.483297   610.270119   2685.645147   0.000000   
99.200000   231.654771   269.075769   603.813223   299.975619   361.635505   348.311424   518.795097   539.512123   1730.537964   1287.947688   312.805089   271.746221   276.066214   1031.775009   539.605579   521.898254   255.102549   320.265232   408.485830   588.933382   1208.483746   359.208558   433.392068   532.940305   356.847575   397.845434   251.316474   283.025784   337.329873   350.540126   333.938264   316.199052   10459.099294   607.083653   2680.983526   0.000000   
99.400000   241.403684   268.827772   603.267186   300.160442   362.744878   347.803228   519.164830   538.533211   1727.987506   1286.059595   311.225296   271.707339   276.683760   1030.282302   538.736916   521.152214   257.820345   319.844769   408.526844   588.405693   1206.845816   359.521025   433.216812   531.341956   359.525016   397.648821   251.730088   282.709131   336.543053   350.517300   333.990577   316.691218   10486.179945   606.160485   2676.287959   0.000000   
99.600000   259.317027   269.148981   603.038402   299.486304   360.505831   348.314933   517.819082   539.453777   1725.147538   1284.916542   310.763227   273.270304   274.664817   1028.403694   538.671295   522.196040   260.639214   319.778818   408.051706   589.006592   1205.564023   357.960293   433.335965   531.579611   359.429027   397.031764   250.449303   283.030869   337.672936   350.258682   335.294134   317.143876   10579.825462   605.221661   2671.781502   0.000000   
99.800000   329.838844   267.790498   604.831872   302.727871   361.811427   350.130806   518.951436   544.011773   1722.216028   1286.087291   311.512327   281.171859   274.045844   1028.519755   539.468840   525.925682   275.859199   322.449708   408.720626   596.645931   1203.838976   357.942530   436.709442   534.342714   365.153400   402.618712   250.779559   286.174611   340.841377   356.168742   340.074851   320.582666   10955.924639   606.089672   2667.054470   0.000000   
100.000000   1073.915264   288.666691   627.845789   366.464896   363.644739   412.891177   559.282990   672.213440   1730.458449   1359.348440   344.982751   424.092101   280.749195   1056.244811   581.479933   645.290816   484.518343   407.438280   453.195798   752.058725   1234.064865   385.954582   515.429770   611.441775   504.767083   499.931171   255.580430   360.100615   412.865694   432.237618   465.165466   398.952796   18416.343563   641.751289   2663.833923   0.000000   
100.200000   503.576771   269.949093   605.418051   311.413678   360.664659   361.090254   523.458361   563.990805   1717.888024   1293.676944   317.324842   302.753795   274.413519   1030.062832   544.489146   544.594082   315.734808   335.200962   417.168456   620.480619   1205.838403   362.608160   448.920127   545.105758   393.600824   417.894900   249.904998   296.321567   350.623222   368.316435   362.922118   334.249170   12232.840121   610.625788   2657.994039   0.000000   
100.400000   283.055942   266.351728   598.462372   298.666788   358.936545   347.355512   515.482714   538.052897   1713.401661   1277.299194   308.882105   275.040988   273.618802   1022.389826   536.023853   520.472945   264.463364   319.148326   405.352091   588.711878   1198.386651   355.746371   432.110371   529.145483   358.574962   396.948038   248.394080   283.406118   336.238056   348.498720   335.166867   316.166474   10670.656058   601.718703   2653.168192   0.000000   
100.600000   246.282299   266.080068   598.563551   297.085554   358.890517   344.890999   514.213671   534.184496   1710.471082   1273.278531   308.593714   270.275555   274.519063   1019.585648   535.982398   516.663480   257.226000   316.650742   404.705438   583.251565   1194.246439   354.118172   428.864828   526.721355   356.148401   394.735837   248.056000   280.647048   334.276167   346.765443   332.784049   314.127960   10432.887174   599.357773   2648.670747   0.000000   
100.800000   234.896606   265.230124   595.742856   295.972391   357.433618   343.675375   513.474455   532.745658   1707.202283   1270.993680   309.775784   268.926753   274.542094   1018.670106   533.645048   515.426523   256.983706   315.663050   404.264329   580.916492   1193.182606   354.079819   428.299891   524.284339   353.619706   394.641212   248.990905   280.229773   333.592664   348.684836   332.463972   314.008810   10338.603641   598.312414   2644.278400   0.000000   
101.000000   226.379464   263.600999   594.217653   294.708816   355.023000   342.676948   510.529909   530.616539   1703.623821   1268.269143   305.483600   267.588924   269.757644   1016.428058   531.267084   514.324545   253.018614   314.732951   402.025433   579.744202   1190.062304   353.997374   426.531161   523.144079   351.007743   392.247883   247.337693   279.022242   332.898371   345.579473   329.733492   310.731207   10287.819493   597.340970   2639.524266   0.000000   
101.200000   220.538079   263.710383   594.441276   295.228008   355.458423   342.889474   511.251456   529.641057   1700.685582   1265.712539   307.242206   266.477454   271.065504   1013.943813   531.250619   513.172694   250.940326   314.034111   402.876705   578.180020   1188.316797   353.133928   426.196658   522.081996   351.285688   391.114602   247.257699   278.743808   330.591595   343.929922   328.037895   310.375581   10251.841132   594.679219   2634.977138   0.000000   
101.400000   218.418707   264.640038   592.972606   293.721478   354.815438   341.718422   509.508731   528.550846   1698.724632   1263.884415   304.961347   266.721183   269.470689   1012.285326   530.078659   512.309214   250.551857   313.131105   400.111024   577.111031   1185.567317   353.803926   425.433764   522.387350   349.939327   391.609789   246.632562   280.301114   329.915674   343.250878   327.462146   309.505085   10223.104045   594.125126   2630.733577   0.000000   
101.600000   218.383828   262.520868   591.442164   292.306854   354.625144   341.815371   508.424150   527.689279   1695.014286   1261.377215   304.393603   266.949275   269.021964   1010.786993   529.770366   512.057352   249.278142   313.294169   400.074299   575.503226   1184.189813   351.974032   424.139535   520.294632   349.352742   390.901413   246.557222   277.331280   329.532919   341.959188   326.870981   309.593152   10198.374207   592.547720   2626.065199   0.000000   
101.800000   218.407217   261.996281   589.882902   292.862130   354.432495   340.097249   508.572119   526.690854   1692.412169   1258.763266   306.285948   266.336438   269.561131   1008.703204   529.048142   510.603001   252.824722   311.869982   399.228581   574.847437   1181.552859   351.446146   424.788785   520.094788   347.996881   390.849381   246.236271   276.971324   328.778240   342.760764   326.056259   309.551864   10175.972419   592.178149   2621.615662   0.000000   
102.000000   213.996019   263.563728   589.330521   292.496059   353.747887   339.941633   508.355965   525.957752   1689.712390   1256.865717   304.754766   264.359059   271.259499   1007.210025   526.936422   509.860387   250.276608   311.924092   398.039545   574.347592   1180.404214   350.273983   422.718294   519.066867   347.449594   390.017558   247.512036   276.375326   328.777844   341.339157   325.564254   308.657488   10155.173483   590.687843   2617.318759   0.000000   
102.200000   214.065983   260.571842   587.703472   291.696601   351.445345   339.184162   507.271922   525.128362   1686.476993   1255.264551   303.801511   263.905621   268.929168   1005.940332   526.285096   509.300215   249.442233   311.186552   397.303944   572.917605   1177.780559   349.552495   422.619281   517.903596   346.938965   389.689098   245.933114   275.672679   328.311794   341.556630   326.227389   307.722428   10135.384705   589.485113   2613.049112   0.000000   
102.400000   213.075402   261.921872   587.250189   290.355925   351.800027   338.859904   506.487141   524.272244   1684.867299   1252.697151   303.417873   263.974462   267.886020   1004.076289   525.027238   508.762755   245.918156   310.499216   397.416206   571.811005   1175.307937   349.410564   422.208086   517.546299   347.962063   389.757403   245.622472   274.911274   328.432158   339.345412   326.041526   307.184768   10116.607449   588.481574   2608.514848   0.000000   
102.600000   214.889201   261.672435   585.928808   289.635478   351.068088   338.375892   506.322416   523.006093   1681.542254   1250.711438   303.838392   262.962545   268.173821   1002.799184   526.259242   507.533818   247.081356   311.455392   397.856999   571.156082   1174.152345   348.553343   420.600913   516.775939   346.219566   390.652905   244.271615   274.095904   327.040377   339.958264   325.728196   307.454286   10097.915868   586.829684   2604.039754   0.000000   
102.800000   213.946576   260.649097   586.832065   290.238398   351.845512   338.422259   505.995957   522.578354   1679.219364   1248.481437   302.245610   263.129167   270.244168   1001.479673   525.336053   506.823371   248.961045   309.656153   396.806729   570.301567   1172.613219   348.419159   420.014213   516.204750   345.642620   389.382121   243.478510   274.015363   326.597325   338.658499   325.235084   307.750971   10079.779673   586.385230   2599.714327   0.000000   
103.000000   211.756312   259.232952   586.803360   288.976882   351.600155   337.419434   504.654324   521.805586   1675.949881   1246.363684   305.011673   262.888313   269.353021   999.360631   523.939217   506.314565   248.070961   309.209078   395.909451   569.474180   1169.582655   347.770176   419.280633   514.818470   344.854841   390.869226   243.728027   273.151477   325.330921   338.170982   322.253373   306.334488   10062.062454   585.093264   2595.880656   0.000000   
103.200000   212.195096   259.972627   584.685755   288.814409   350.286985   336.509253   502.964783   521.336135   1673.009438   1244.362655   301.074762   261.702688   266.145001   996.898490   522.478346   505.790133   247.329268   308.167768   394.173492   567.968326   1167.893922   348.030608   418.913414   513.322848   345.888445   389.096035   243.205514   272.521277   324.813792   337.268339   324.835929   305.253754   10044.348883   583.543898   2591.574615   0.000000   
103.400000   211.819790   260.064472   585.419970   289.248979   349.635276   336.033263   502.277815   520.763985   1670.237175   1243.259104   300.164757   261.835111   270.730787   995.157945   520.862740   505.766518   247.957182   310.270357   394.021578   567.040043   1166.422092   347.870030   418.708178   513.165580   344.685803   388.630418   242.462853   272.134982   324.242647   335.688596   323.687376   305.531196   10027.077381   584.369595   2587.004954   0.000000   
103.600000   210.104270   257.812461   580.909658   288.230970   347.499367   335.977948   501.004609   519.194684   1667.217483   1240.086021   301.038443   262.595012   266.850188   993.702888   520.908909   505.471907   246.126532   306.945953   393.094786   566.457413   1163.624581   346.780823   418.576119   512.407564   342.997139   387.714590   241.987143   271.860240   323.169045   336.007266   323.548452   303.770078   10010.039368   581.716041   2582.491917   0.000000   
103.800000   211.497422   257.430403   580.097711   287.322768   348.585381   335.680851   499.630635   518.390124   1664.958941   1238.368152   299.115648   260.511956   266.007599   992.354471   519.995191   503.809766   245.417987   306.999156   392.542143   565.715548   1162.092724   347.724339   417.854176   511.052338   343.397081   387.869773   242.068662   270.947983   324.900475   337.718614   321.933539   303.880788   9993.266466   582.108573   2578.775928   0.000000   
104.000000   209.230882   257.399913   579.168312   286.764762   346.555418   334.718412   498.769260   517.999914   1661.619326   1236.227952   299.426135   261.150212   264.722761   990.618518   518.732825   504.341184   244.705804   306.535083   392.048369   564.503914   1160.542087   345.426462   417.412988   510.023342   342.774936   386.220537   243.855440   270.638421   323.176250   335.306350   320.711640   302.456952   9976.423441   580.687169   2574.387874   0.000000   
104.200000   208.733066   257.528372   579.495155   286.868606   349.744948   333.761043   499.246565   516.793104   1658.835860   1234.307314   298.195367   261.602277   265.598059   989.228357   519.494013   503.425683   244.122274   306.073019   391.946458   564.613236   1159.720706   344.809306   416.515046   509.927316   345.372927   388.548774   241.435264   272.901418   322.202230   335.030487   320.491151   303.518450   9959.464045   580.382808   2570.079688   0.000000   
104.400000   209.114135   256.832217   578.125344   285.512374   347.767235   333.845214   499.966153   515.896067   1656.069184   1232.512505   300.563125   260.525540   264.838608   987.010271   517.462839   502.695198   242.856979   305.512616   391.251292   563.152946   1156.868922   345.115805   415.513680   509.077341   342.624875   390.961582   240.076152   271.156321   321.180514   335.958976   320.795142   302.818251   9942.962845   579.070991   2566.218352   0.000000   
104.600000   210.682319   256.777015   576.748108   285.689521   347.807038   332.819698   498.438938   515.848364   1653.909777   1230.173989   299.453189   258.748610   264.153672   985.932740   517.870914   502.658812   246.301892   304.973686   390.169086   561.164702   1155.024594   344.791576   415.662372   508.471704   343.799690   389.065899   240.757579   269.594297   321.663474   335.284399   320.509123   303.078342   9926.390843   575.911549   2561.621794   0.000000   
104.800000   211.209504   254.991521   577.021536   284.845428   348.972965   333.207963   497.244568   514.967395   1651.361454   1228.117438   297.393173   258.977495   265.975034   984.247760   516.968739   503.199817   243.873323   306.330892   391.014363   561.059212   1154.034516   345.086907   414.093976   506.790024   342.976646   388.690982   239.196195   269.026224   320.457854   333.705541   320.279551   301.766853   9909.855951   576.853626   2557.662007   0.000000   
105.000000   209.350613   255.685296   574.381841   284.320117   347.582073   332.686508   497.318461   514.354111   1648.435839   1226.225123   296.213972   259.233506   263.588996   983.948841   515.714843   505.566618   242.606656   304.151335   389.750455   559.752912   1150.314230   344.956826   413.755721   506.835410   340.960080   392.197598   239.844102   269.119296   321.032344   333.599937   320.724349   300.725166   9893.576895   575.190819   2553.434654   0.000000   
105.200000   208.404339   256.459179   574.133612   284.246821   345.525008   331.202558   495.363465   513.606989   1646.404082   1224.272835   297.067721   257.638125   264.519670   980.757258   516.593392   505.455771   243.724560   302.268556   388.311542   558.878884   1150.600536   347.539908   413.677628   505.597893   345.228917   391.357534   239.150988   268.689592   320.102475   333.002001   319.204358   301.227961   9877.631065   580.296221   2549.518242   0.000000   
105.400000   208.782576   255.220507   573.918895   284.031211   348.296114   331.281224   495.467775   513.989746   1643.212147   1222.318977   295.338484   258.467881   261.976208   979.118470   514.808286   505.546686   241.984928   304.098656   387.938240   557.773160   1147.983777   345.509328   414.031996   505.855465   344.125226   389.866960   238.594716   268.064227   319.594646   332.222062   316.817781   299.483017   9861.629135   575.320830   2545.650987   0.000000   
105.600000   208.677346   255.250916   572.085240   284.757684   346.968910   331.624072   494.996678   512.393961   1640.886256   1220.609346   296.180678   257.049429   262.498194   977.856679   515.795268   502.456500   241.145317   302.600626   390.387044   557.775292   1145.389116   343.132926   411.846778   503.831501   341.399183   392.034539   239.956474   269.760811   319.080030   332.880257   319.234647   299.741900   9845.517561   576.006661   2541.701182   0.000000   
105.800000   209.220184   255.597681   571.113456   283.538559   345.852685   332.102801   496.143525   511.980635   1637.815886   1218.498908   296.024993   257.754343   263.095716   977.020904   514.509870   503.785722   242.860590   302.136944   391.412386   556.163935   1144.723460   343.590034   412.244722   503.211912   340.703991   389.479240   240.566271   269.789360   318.908124   330.887724   319.448338   300.312870   9829.965942   575.474191   2538.038926   0.000000   
106.000000   210.561537   254.100308   571.046586   283.987163   346.429817   332.075750   496.770990   513.394079   1636.642681   1216.636224   296.150041   256.326331   263.606404   974.892871   513.625586   511.380361   241.465652   303.053175   386.376422   556.423333   1143.373798   344.861453   415.631630   503.251302   345.700873   392.261108   238.369973   269.728603   318.459041   334.234515   320.490277   299.259007   9813.685987   573.343277   2533.840795   0.000000   
106.200000   205.495081   253.412706   570.118530   283.981405   349.324205   329.566766   495.334524   513.332868   1635.193501   1215.998292   294.432951   255.866320   263.874714   973.216801   513.837683   512.794673   243.598664   302.254781   386.552278   554.781224   1141.887058   345.919401   411.696779   504.737968   344.025256   416.991865   237.886928   267.499640   317.272481   334.931010   315.453312   299.614261   9798.396816   578.169383   2530.261509   0.000000   
106.400000   205.515083   254.253780   569.050949   283.131034   354.450792   330.159907   497.358700   509.374453   1632.174620   1212.681103   293.859943   255.664384   264.311204   971.845417   511.075801   510.708442   242.289493   303.833693   385.918177   554.486578   1138.785032   347.751939   411.309853   502.646613   343.455232   400.576686   237.729876   266.745266   318.224877   332.483481   318.827102   298.156956   9782.528551   573.562061   2525.893831   0.000000   
106.600000   207.611578   255.459907   568.476860   284.033816   345.554057   331.898943   494.167909   511.219212   1630.486874   1211.428208   293.520344   256.733655   262.986321   970.615035   510.781723   514.183632   242.144003   301.245043   385.205347   553.459349   1137.183361   346.396431   416.164168   501.283193   340.085534   413.397925   238.772360   267.791658   318.109026   332.190323   316.177969   299.423747   9766.618648   573.226390   2523.443773   0.000000   
106.800000   206.556011   253.347010   568.093096   280.777044   347.847951   328.350579   493.159424   509.796563   1626.180895   1210.075713   292.965175   256.020398   261.057548   968.826964   511.535939   515.157172   242.376323   300.078726   384.734683   553.567220   1136.810410   346.796355   414.222396   502.080391   341.007739   400.788685   237.177065   265.345438   316.033703   328.772205   314.838191   296.579434   9751.345349   572.034578   2517.715747   0.000000   
107.000000   210.486219   254.840916   567.388402   283.304981   349.822017   331.835222   498.749122   511.037865   1624.954761   1208.960305   291.984030   256.133064   261.877472   967.446197   517.858601   518.491691   242.167638   299.552783   384.421107   553.158222   1135.726910   343.078456   414.837688   499.559687   343.548960   405.803500   237.260322   265.269009   315.799252   329.522242   318.551899   296.792724   9735.903729   571.768767   2514.987585   0.000000   
107.200000   205.633298   254.490333   566.855311   281.938719   347.436928   330.787658   497.214872   511.342524   1621.477796   1205.972819   290.141497   254.214765   261.611113   966.633445   508.462399   533.428059   239.367078   300.578049   389.334088   554.057066   1131.526505   352.474347   415.550579   501.727876   343.703330   406.445929   236.597246   266.398445   315.503267   330.859037   315.881703   296.626387   9720.479263   573.855950   2510.655873   0.000000   
107.400000   204.388558   254.074003   563.861430   280.239999   354.093925   331.179125   503.136767   513.591374   1623.141860   1205.004336   292.735348   254.594066   264.545282   965.829934   508.868623   526.598258   239.777681   300.909748   387.986315   552.913283   1134.677222   350.718780   415.534259   500.222347   349.222471   419.973577   235.854686   264.159875   316.064004   329.091079   318.270717   296.559028   9705.692789   578.659546   2510.281972   0.000000   
107.600000   207.185393   253.167151   565.511145   283.159177   347.372408   333.141494   498.408394   510.767171   1616.784039   1202.599259   293.365066   256.748808   261.902952   964.799902   508.241731   512.419944   241.977903   300.999286   384.523639   553.569234   1128.632903   344.690987   414.170108   499.393382   349.616032   425.673618   238.483481   267.822842   319.338159   330.593804   317.420104   295.882321   9690.094890   567.703473   2503.863164   0.000000   
107.800000   208.287530   252.371092   564.070257   279.466446   357.659040   334.090087   500.646675   522.341254   1618.992790   1202.527561   296.338014   257.518721   270.902341   962.067990   508.078547   551.369185   242.857919   299.683361   386.017266   553.390809   1132.056823   353.483930   420.389570   499.444779   348.428949   421.565231   235.199905   267.557009   317.474026   329.394070   317.730004   296.982486   9675.022144   576.249726   2503.730773   0.000000   
108.000000   214.559628   254.638485   564.168902   280.987926   360.269329   338.859587   492.753293   518.528323   1616.905139   1203.509235   297.232683   256.193838   266.911172   962.001654   512.572353   532.977164   240.772813   303.116630   387.859273   553.937265   1127.005356   354.271049   428.339813   500.299281   365.205297   431.346975   237.987077   266.377660   319.244741   342.907536   326.659910   302.336817   9659.717882   574.435679   2500.471285   0.000000   
108.200000   205.497800   253.508389   562.126652   280.340139   345.644109   336.192321   495.193975   512.651548   1611.101272   1197.546841   290.820394   253.242571   266.521150   959.612003   515.577488   527.969778   239.670910   298.627431   384.771021   549.794938   1124.737929   377.132488   423.614975   501.739343   351.534171   433.673450   235.882350   266.896500   316.936710   331.894471   318.842463   298.167672   9644.486067   564.087487   2492.906205   0.000000   
108.400000   210.258197   254.372526   561.624181   279.292905   346.789810   331.141658   490.364013   514.378913   1606.722536   1198.198755   289.437949   252.769788   267.846275   959.453355   508.063468   523.159346   238.102687   298.862513   383.402550   549.506841   1124.994776   353.279737   418.291557   498.208372   343.390113   427.346341   235.067673   263.510666   314.692125   326.683012   316.777198   294.553627   9629.644510   575.239460   2490.718893   0.000000   
108.600000   214.109660   257.390411   563.014632   279.716979   349.528887   331.938037   494.932046   509.496416   1604.964254   1196.761054   293.196456   254.405174   263.285343   956.001885   516.014239   539.269168   246.539127   300.595093   382.668310   549.169987   1123.959837   360.628102   415.271768   500.002482   355.821031   456.295613   239.561093   266.157937   315.474350   330.619191   324.239313   296.555554   9615.586621   583.772654   2485.444997   0.000000   
108.800000   209.446563   255.567043   564.494474   282.500747   355.476403   329.342921   508.867101   508.380888   1605.588293   1193.654835   292.222243   252.276137   264.923680   954.932885   509.219992   533.374321   241.253327   301.908739   388.466911   551.222207   1124.317345   348.290208   411.738188   499.909889   357.052175   451.295273   237.206799   267.092242   313.958952   330.355340   318.346438   295.410295   9600.371285   578.760167   2485.962691   0.000000   
109.000000   207.385166   262.224523   561.282398   286.074496   360.713065   337.735074   495.765312   518.476416   1601.117370   1190.997140   294.128679   256.465503   270.683320   954.902998   515.752840   582.484851   239.955682   301.911908   384.874910   550.069750   1120.359348   356.545046   418.195626   499.598516   358.386711   488.377804   236.913357   268.013956   314.973863   333.696326   324.724217   296.969007   9584.960983   570.491083   2476.584919   0.000000   
109.200000   209.705872   258.142093   559.982178   287.428002   362.919301   333.986839   503.002750   511.475728   1599.805989   1190.829458   291.626126   253.153074   272.870137   957.359228   530.474311   579.497750   242.395463   307.330594   384.409475   546.128823   1118.337935   358.371720   419.995827   496.147745   366.640738   543.798520   236.651338   270.414754   318.185398   335.187180   326.898182   295.862783   9570.815316   566.045952   2478.369643   0.000000   
109.400000   210.207974   253.867256   563.569264   279.173079   364.846451   334.916422   498.339533   515.971411   1600.814068   1192.043901   302.563321   254.553457   270.464774   953.806617   517.846411   588.678504   241.954466   298.143111   390.816814   544.103962   1117.342946   405.770768   418.578582   492.599001   347.011126   507.783053   235.483186   263.630067   312.753279   327.586833   319.826677   297.468988   9555.707504   586.634222   2471.658552   0.000000   
109.600000   205.192140   257.706472   559.488992   282.525136   373.208371   344.207434   502.218899   527.963535   1599.654754   1191.149294   291.979349   259.092554   277.177082   952.391994   533.404858   590.937439   241.668642   301.610396   386.595919   549.741436   1119.399190   386.412627   433.196357   501.640406   373.465284   514.990421   236.935471   270.326380   312.833950   347.682460   332.810990   301.121210   9541.414670   588.576338   2470.659142   0.000000   
109.800000   219.229513   263.031023   562.777435   290.815386   396.421858   361.492560   508.453719   526.637749   1596.746129   1188.969412   305.763338   261.388047   287.106964   956.011291   537.202199   573.399480   261.531174   307.152079   402.767107   557.125726   1115.851508   375.756688   430.602243   515.193732   378.108764   532.397927   239.386405   279.676718   328.703351   339.717038   337.000097   298.853077   9527.043918   576.547948   2467.020856   0.000000   
110.000000   208.686309   260.046428   560.497961   283.888910   370.265413   337.704274   508.535098   513.958308   1590.014413   1186.636724   292.453369   262.408655   279.127900   947.494921   515.983025   572.257530   246.615733   299.063424   385.850899   549.286838   1113.818248   422.319732   420.904678   498.943274   379.305016   559.579260   236.524426   262.302581   315.881262   331.161643   325.992194   293.627669   9512.443516   575.433614   2467.446261   0.000000   
110.200000   217.901288   257.753228   563.554362   289.627318   368.945537   350.870842   551.035078   523.352971   1597.510581   1185.526661   302.715676   256.518028   280.846213   952.941930   528.696476   573.440456   246.573558   312.096686   395.740201   553.295480   1119.913577   374.684833   438.178083   506.134049   373.490028   514.222804   244.990337   271.565995   318.902381   330.311870   321.096087   297.641051   9498.450148   563.798040   2462.792812   0.000000   
110.400000   226.291272   260.331902   558.906443   280.949737   380.192327   334.266431   502.401239   514.183071   1589.788779   1185.365187   306.015331   260.851966   272.184233   949.705225   536.013676   669.334666   253.898985   300.154487   389.797779   546.833416   1115.203045   386.179372   421.222519   500.527068   362.590243   554.640120   238.965005   267.668307   314.520473   328.784563   313.893773   301.204755   9483.203061   576.621371   2456.221303   0.000000   
110.600000   237.362327   280.654422   561.847627   299.475312   403.225511   359.514611   520.695737   537.373549   1605.223812   1187.133161   297.186398   265.563050   287.643211   944.981663   551.912400   634.307455   267.564570   312.277112   406.774035   556.886150   1119.108021   429.295744   452.941914   510.403656   400.410407   641.477745   243.769377   288.401807   331.648490   354.999102   332.203086   300.747911   9470.237952   568.217923   2460.031930   0.000000   
110.800000   229.595944   271.361512   568.019934   293.319374   428.113147   372.411159   570.771589   555.709721   1589.368316   1183.071621   309.429372   265.224262   335.681948   949.369129   520.835060   650.502638   258.753553   311.905493   420.610285   559.910472   1117.294210   419.237497   478.728027   511.328964   377.701773   694.942383   245.761377   281.196658   329.534239   331.330601   320.703989   308.526685   9456.950172   601.510621   2466.241370   0.000000   
111.000000   213.140743   268.850098   556.047857   286.612371   377.032586   368.972324   512.991740   552.112798   1596.293396   1181.246371   290.622522   254.629804   285.392348   946.363381   524.190829   730.865336   240.938521   304.431506   386.827073   551.341797   1118.030778   438.932231   462.203022   500.908691   373.843496   615.446718   241.326822   272.638469   319.984112   339.761581   330.331817   295.216879   9441.790999   564.196652   2457.088339   0.000000   
111.200000   210.338068   264.787091   557.310516   282.582418   403.398756   348.786076   558.075695   534.877556   1595.697442   1181.517334   303.726045   256.350155   289.659432   944.986192   522.106589   746.263017   252.378032   296.396081   399.952873   550.200128   1112.564952   435.353460   439.860398   506.025197   377.433413   738.334110   235.974819   265.919849   316.004098   339.920882   329.084213   305.466046   9426.707636   568.838243   2457.984177   0.000000   
111.400000   222.417180   284.990521   567.576892   306.497257   434.868585   434.930426   546.888012   604.060962   1590.874856   1183.553438   302.236997   274.417501   305.486339   947.223538   557.501016   860.980953   267.470814   334.370238   414.946600   565.619272   1117.799125   540.603077   539.375914   530.832321   451.945848   815.818815   254.209290   300.101917   347.398743   373.902606   374.946850   317.008715   9413.412898   601.927892   2442.230254   0.000000   
111.600000   249.276842   277.622055   563.007196   293.233038   411.353828   374.838242   562.783883   540.474785   1595.223392   1177.321564   306.615316   264.663246   300.377945   943.043364   573.237440   646.538961   263.257857   320.460489   416.653905   564.834941   1115.870739   445.812779   464.470466   520.874914   422.792020   519.931928   236.521336   276.605838   331.370822   363.869953   350.202927   310.688808   9399.640693   597.705822   2461.925575   0.000000   
111.800000   231.648133   270.584736   557.371259   299.005792   423.963514   381.504668   579.469165   546.917105   1586.306792   1177.807491   300.057772   271.479292   287.782414   940.712597   575.420343   746.851984   261.929256   313.820672   414.816445   570.588331   1114.446274   464.043992   461.870190   522.399386   423.851208   666.184311   242.924486   285.281744   328.332991   344.864149   348.148101   305.408553   9386.881143   607.057396   2441.937358   0.000000   
112.000000   234.426218   274.676452   566.160072   295.197649   412.402210   365.163158   564.778754   554.541312   1618.892262   1182.130006   301.731605   270.383409   311.272476   949.625135   541.573642   719.545108   261.385518   308.216825   410.809961   557.925441   1140.880164   476.093279   456.795539   504.093259   446.676105   636.618074   250.778815   282.840837   323.546274   369.125330   359.124857   320.916785   9375.864571   598.456468   2450.589169   0.000000   
112.200000   217.173000   282.539360   553.806110   309.731482   390.673966   376.322788   572.928420   544.104099   1604.968930   1173.239688   295.982499   264.033013   322.510204   937.878678   556.019892   765.837588   247.106329   328.907930   387.837664   554.606389   1115.187824   558.935756   463.100359   500.268013   456.383800   932.552752   248.890317   298.443191   334.737997   380.878064   363.883961   339.242669   9358.905722   579.568574   2452.240364   0.000000   
112.400000   225.804034   285.314196   554.328126   305.408917   423.609645   374.938763   622.144892   555.440747   1592.002044   1171.469394   295.865947   267.250233   299.562497   943.864450   599.315012   812.048089   255.360478   324.776109   413.840279   555.026895   1113.429044   457.285481   478.722613   506.210599   478.529340   841.234488   254.673964   285.736052   331.791897   395.218866   381.166930   322.779116   9344.629718   576.941665   2428.494235   0.000000   
112.600000   272.066529   331.460985   578.595502   340.349702   471.973567   437.027260   604.464295   575.555314   1597.382944   1179.953615   328.084263   292.256416   344.256267   951.910623   600.752645   819.228697   281.615917   348.892480   435.883668   576.338782   1122.568473   450.462909   513.386717   527.102528   491.247888   837.660024   258.976734   318.809996   353.643308   402.704907   396.819325   322.302051   9332.521666   580.536702   2448.435497   0.000000   
112.800000   241.879202   301.990280   572.030762   327.664319   470.605596   413.816793   616.764147   562.566798   1594.030923   1183.089107   308.813226   298.191221   362.731689   958.009089   577.337018   1057.171618   276.809339   328.833111   417.722488   587.140951   1111.620093   622.149330   497.047086   548.349265   480.530879   876.241101   268.431372   309.734401   349.974390   367.327485   389.843835   309.245584   9317.006020   600.047217   2438.281575   0.000000   
113.000000   244.666308   306.211665   576.410898   343.982710   495.402795   510.906575   624.536602   638.105930   1589.367190   1184.205589   329.059035   302.729894   345.318644   960.422378   588.337934   913.124415   284.066561   369.866625   474.653204   625.670637   1122.461970   595.023835   607.743139   568.311914   588.916857   716.409992   258.572409   350.923876   403.496096   453.531362   470.195816   315.371877   9307.948607   573.116492   2443.584060   0.000000   
113.200000   246.542678   279.916888   561.446732   303.051038   481.116524   401.082852   610.162881   597.380291   1587.779453   1181.194727   301.431461   272.600300   339.776364   942.385339   567.642582   1012.564116   270.621345   313.235943   435.949641   587.471611   1127.339080   534.565731   497.935904   545.709604   462.675487   946.508926   256.142156   294.511523   344.693115   356.442839   350.579724   302.176400   9290.713513   579.550691   2456.973415   0.000000   
113.400000   231.186428   290.300326   578.103484   320.594501   520.443639   437.120012   694.624567   676.011663   1588.497106   1209.586080   323.287840   281.472366   329.386947   944.154453   655.540005   1099.817963   264.752472   341.957412   478.864683   603.930365   1126.620714   537.898217   543.936988   573.431703   576.129752   1006.817793   257.300290   314.729576   359.361142   378.491997   357.707578   302.487864   9276.945781   579.103281   2459.549583   0.000000   
113.600000   258.413981   268.006241   597.119356   297.621403   493.521297   403.269461   630.528120   628.789071   1585.643781   1196.515665   347.823713   268.292575   350.662994   957.130918   649.002044   976.270247   284.596472   331.323011   439.850736   578.546953   1120.683858   550.294378   535.881659   531.592443   486.286236   974.518266   261.549314   295.058442   334.445549   360.045253   339.647071   328.604414   9262.607206   606.044320   2471.036983   0.000000   
113.800000   267.472634   278.399306   579.512592   302.092653   460.489662   408.656731   640.048323   673.601744   1591.796828   1198.008202   314.079622   266.448196   339.914328   957.060635   587.406956   1061.066844   274.982753   328.597763   428.035421   583.146718   1130.940056   651.143070   545.638042   514.617498   506.954651   1034.382187   276.958280   290.790954   347.292422   375.375550   353.636485   329.406024   9252.013709   597.397166   2455.017974   0.000000   
114.000000   281.557422   296.009306   599.000461   308.624997   504.788158   412.490400   753.416588   609.078246   1589.093649   1190.305995   342.168404   293.281031   349.801061   982.306013   628.669836   888.298945   295.748560   351.235505   462.090365   578.502140   1137.560129   553.994757   535.413943   547.001010   593.823419   719.541060   283.662416   312.253921   360.873806   402.815170   375.065259   353.995532   9238.216234   639.444403   2472.322476   0.000000   
114.200000   242.913390   312.284580   565.299225   314.097368   486.206904   471.359435   641.924364   621.032931   1593.249952   1176.704825   313.458975   286.651143   317.287343   956.287907   733.369824   1287.642993   261.355172   327.031360   449.520528   572.987812   1117.741561   623.253462   573.722674   541.199401   474.434120   935.847904   273.015441   330.003767   355.276035   378.470228   363.646869   323.050626   9224.418048   586.831107   2452.616127   0.000000   
114.400000   295.680664   304.809809   574.542052   339.710563   517.859485   462.541772   629.626416   632.413144   1581.919201   1177.944656   317.555857   296.579627   333.757361   977.918236   722.075974   1101.891300   278.257726   364.620540   458.723361   599.680141   1093.347281   635.389617   573.575700   559.689235   531.650687   942.522359   285.760969   324.687695   370.534418   411.055985   404.081460   337.900182   9213.161875   576.786302   2422.793233   0.000000   
114.600000   298.055053   375.339464   606.885888   350.680505   537.077448   495.961950   666.570973   815.245779   1567.102529   1180.877437   344.602186   326.890406   405.931298   947.344224   797.216675   1263.497602   302.828999   371.527085   479.739785   623.162354   1123.039735   585.349731   662.299822   571.274799   524.056990   1065.791919   290.992394   337.936133   391.503604   447.149667   443.548486   329.738292   9204.335614   621.454541   2446.306552   0.000000   
114.800000   313.947895   320.763227   639.830505   364.000121   707.788084   533.325060   760.446908   758.764280   1565.246663   1205.105064   361.061323   318.379240   460.245298   944.886476   645.535643   1055.011990   300.185895   438.981016   542.640466   685.620889   1114.015414   546.726604   700.677600   664.943082   631.990428   1540.244651   294.087357   387.834159   453.108346   445.929948   443.218551   332.048105   9196.565050   614.705202   2420.516232   0.000000   
115.000000   273.231185   342.039213   628.640405   368.870889   634.787287   532.857511   811.918326   725.346949   1597.820208   1185.932336   334.743027   326.373387   443.136944   976.263113   671.179461   1240.421600   276.672171   376.774262   458.573715   638.064220   1142.812260   572.757871   657.204165   571.913309   729.356383   1397.040974   315.571594   361.679175   403.277014   485.503502   443.979866   363.075943   9176.289650   618.276479   2454.484525   0.000000   
115.200000   297.906026   398.876385   594.466489   398.894972   525.240412   445.500521   783.084845   650.903697   1578.049340   1182.360707   339.926357   333.723867   414.839487   947.471258   638.725028   1370.409009   323.957428   378.336869   473.231027   610.853392   1114.945173   719.724438   572.475750   556.162291   627.576593   987.926736   303.566058   351.965741   392.960538   462.366840   412.847999   346.855936   9164.825097   592.397498   2398.822131   0.000000   
115.400000   348.958894   314.957498   584.762320   322.296134   604.049486   487.630549   737.632099   756.562168   1574.017667   1199.692471   401.014544   285.446825   379.747636   959.881675   709.000350   1483.063008   375.334451   334.227558   490.958973   610.866375   1141.771579   778.683887   644.501588   555.170619   637.971336   1184.474232   272.619508   316.016400   356.932554   480.630941   494.672285   407.038493   9150.816796   604.922368   2456.871577   0.000000   
115.600000   283.287995   349.050836   579.503761   360.501774   490.469541   506.533769   666.071386   757.330419   1587.192951   1174.513005   344.466557   309.821215   421.034029   954.955196   728.209618   1692.487509   289.322762   394.635000   447.248328   592.829143   1136.908691   825.696327   701.603396   532.464461   530.129771   1171.482240   313.170777   333.440886   392.585173   517.746354   547.280507   411.792929   9138.115795   655.823048   2603.462813   0.000000   
115.800000   273.022986   318.899654   574.859228   335.116033   532.476896   463.259268   857.234948   749.024962   1618.062337   1238.445797   350.692754   289.736928   478.970673   981.734227   790.085090   1543.401415   317.396697   374.410111   453.775377   644.712414   1159.809510   724.096790   656.715108   581.642377   661.044862   951.199128   288.952622   325.633246   389.512928   459.276163   527.215598   370.992155   9129.755027   625.813574   2420.568628   0.000000   
116.000000   338.854861   340.697794   626.817841   333.352644   778.894857   466.203645   853.486969   777.231836   1694.246335   1225.435721   359.793118   301.198672   545.734960   984.374614   808.507431   1510.932891   330.646457   357.154115   537.318922   657.217437   1180.419898   675.561719   639.470701   593.530294   791.652831   1466.934674   293.359308   331.873038   374.547824   507.759628   463.829887   382.604131   9123.487557   611.160315   2448.447005   0.000000   
116.200000   308.788600   373.787064   609.454092   412.641145   773.002924   725.445610   787.269213   1040.862717   1570.492167   1223.050076   354.115266   334.111426   567.426929   988.506308   716.987453   1753.541177   319.217477   422.895578   585.042926   833.581220   1117.353969   799.062671   1006.298288   772.831886   909.803741   1548.699706   346.626342   456.525251   495.221518   599.173305   607.066435   412.564706   9102.053736   640.686491   2438.307936   0.000000   
116.400000   275.244398   459.676151   645.119885   450.677195   693.183291   574.297065   791.910285   717.709802   1634.985501   1198.548847   364.741763   348.637785   488.413728   988.965161   773.407830   1403.549405   334.615512   471.968455   536.609321   695.291986   1124.190694   802.601031   706.596159   712.778337   838.392103   1587.971868   362.688397   419.299130   494.290760   550.645961   517.293852   354.382060   9083.825906   598.919589   2497.659783   0.000000   
116.600000   381.047092   334.588395   680.732370   390.789000   772.837727   527.499583   1007.038066   814.232178   1682.910011   1279.250839   421.886843   332.811020   521.144163   977.853642   767.076027   1833.012052   389.878783   447.243158   582.560343   727.187797   1198.545513   992.381738   636.303133   662.903554   849.070091   1554.412462   315.895085   383.949994   453.709207   552.820899   523.943213   404.912815   9074.010642   576.933297   2454.298103   0.000000   
116.800000   318.107195   531.752562   625.562718   512.506639   752.710715   836.977148   919.251550   1194.595480   1595.555516   1271.943533   379.986649   469.348887   486.243186   1013.530743   840.276478   1918.187006   323.204195   540.453282   604.664614   853.457576   1147.106979   1141.889170   1078.833778   867.250033   1030.599287   1561.011582   446.873131   544.828575   595.684405   643.563197   620.100960   383.782357   9070.423566   689.478749   2429.287288   0.000000   
117.000000   371.536569   469.139930   636.950650   439.027980   826.967730   645.801948   1076.721506   1122.844374   1655.101792   1224.391337   410.387512   391.897704   571.793294   1042.376820   1026.076430   2370.790689   356.204259   488.696360   666.841147   752.397692   1193.427130   854.632770   926.845868   776.709840   985.051061   1530.916344   370.045879   430.147312   492.611977   576.455491   514.872295   383.787755   9057.828962   600.926143   2581.814439   0.000000   
117.200000   401.478805   388.065120   712.362741   370.687789   734.780824   604.474912   895.944029   991.442546   1713.917309   1218.698723   457.118248   352.338041   605.112925   946.364117   872.166459   2631.281866   369.845729   395.948938   551.188420   706.859999   1289.376809   1054.581374   875.923513   605.734561   761.073044   2103.135696   305.342425   375.590067   409.131846   631.567917   588.415437   464.677388   9035.346418   632.215826   2635.284661   0.000000   
117.400000   348.741605   397.705741   671.229014   384.202283   774.157427   718.080073   850.887366   890.561000   1620.176378   1237.889326   375.199132   325.499020   518.802426   985.089532   937.576648   1561.905021   334.103155   434.001456   668.063898   723.278926   1223.478945   1124.200364   899.911982   691.730229   918.073966   1729.508167   312.189091   398.175741   437.526120   518.889339   443.457615   336.405099   9029.518075   600.542886   2523.815881   0.000000   
117.600000   302.599904   406.449064   612.329459   402.401754   748.309919   663.026545   1039.042048   1015.982403   1600.507153   1269.845066   390.948468   345.428000   492.372059   1009.263347   876.459095   2022.783107   301.711253   445.082529   582.049894   758.665133   1199.593047   1033.017377   848.388620   700.636273   966.312105   2020.749604   320.036938   395.286533   472.807706   606.610329   558.810925   396.685051   9019.987605   660.471639   2503.670967   0.000000   
117.800000   465.278737   534.581427   680.751372   522.907029   929.855641   712.509069   961.672091   1042.611699   1672.107761   1246.855974   470.040919   440.035019   619.519768   1037.747262   843.100825   2450.277598   471.769644   514.086225   697.738208   787.138309   1210.569516   1047.837239   922.154870   739.629119   920.220174   2172.122758   394.607711   499.485317   522.546510   692.055910   623.071144   429.107670   9017.421836   612.553734   2729.280288   0.000000   
118.000000   344.278634   419.606370   729.701429   421.167395   950.465239   631.721752   828.946142   894.349519   1715.504618   1241.869399   433.589783   372.243829   698.350250   972.374070   817.876282   1963.899115   363.042818   479.562262   665.664669   692.829963   1224.064055   1096.729046   784.625438   693.873993   1028.080600   2413.596110   344.411086   435.727653   496.581751   647.693999   587.782395   396.450586   8992.471739   656.446792   2575.161721   0.000000   
118.200000   447.485781   481.832714   707.777218   464.700872   1101.352753   839.532696   1071.930123   927.355438   1763.618986   1291.584817   466.538381   414.834216   765.174518   982.997642   1454.644430   1922.202420   457.301863   448.429092   723.562188   762.222527   1315.720086   1462.678506   945.941182   782.149490   1146.047847   2879.585687   361.815796   501.100225   495.803829   680.065166   604.935809   481.717672   8990.557953   730.274190   2565.129932   0.000000   
118.400000   415.883745   493.473287   823.024420   524.683797   1139.076690   764.141305   909.732202   921.576310   1766.005015   1264.703815   480.423843   399.770492   717.882448   961.757131   1162.585865   2132.027989   450.146348   554.381328   786.419811   712.335506   1240.966547   1079.062364   885.432256   757.061425   970.573448   2889.102999   425.256121   542.934229   586.720184   834.408170   656.244724   457.658771   8974.480417   624.546668   2779.471802   0.000000   
118.600000   512.389379   491.352872   832.729377   487.099838   1304.219496   764.049549   1105.840895   960.351670   1645.974232   1212.251773   648.599992   398.892274   944.494940   1032.089282   1022.220545   2026.978168   540.870579   602.888375   915.517800   772.658079   1159.508977   1228.946884   957.307900   760.471505   1076.687308   2734.787877   395.633260   512.664645   606.228454   663.384632   673.486835   477.913893   8959.640929   614.865351   2513.498082   0.000000   
118.800000   581.565658   377.540908   795.586374   446.382708   1160.819684   725.750469   1236.717253   853.094137   1755.531137   1293.140041   572.353199   389.826097   852.317600   1043.579810   1139.982211   1901.957146   494.980812   463.494010   832.173249   718.046878   1223.392653   1258.992730   870.279156   729.709524   1081.713564   2745.029275   345.613837   479.309120   595.530003   760.208570   659.499944   517.886149   8964.492921   610.981853   2688.614156   0.000000   
119.000000   392.670462   591.628694   730.808415   487.140100   1035.926371   750.705437   930.326987   797.544230   1710.721172   1240.202436   455.317794   397.055459   623.532040   985.347129   1371.267409   1921.222346   403.759982   509.611550   658.361557   681.256509   1229.073198   1463.897877   811.594473   685.124342   917.054600   2904.815593   354.819093   495.947206   540.207582   665.375569   595.997971   440.293249   8941.007228   694.895567   2752.419099   0.000000   
119.200000   380.850313   468.133306   802.435411   470.549272   918.586338   748.357484   1129.920088   977.889521   1795.658958   1312.808744   475.665968   395.455865   775.807235   1052.212454   923.767009   2601.176338   383.898487   557.522571   650.232995   747.656415   1303.494371   1323.206048   938.186941   730.447339   926.398990   2299.344363   370.425682   448.063632   534.410500   674.293234   652.850283   430.616912   8939.793309   658.365927   2658.857820   0.000000   
119.400000   470.328113   495.059049   719.846846   497.979061   1021.026309   629.178537   1105.545031   943.537703   1832.136501   1264.132170   495.684261   399.342776   666.371975   1025.382001   1470.909190   2565.848925   485.225899   552.321167   722.228308   670.795457   1379.915944   1124.320047   753.090284   599.757001   703.633578   2674.041083   346.326915   483.598547   499.669398   650.562748   596.208818   494.251198   8915.998915   734.856801   2753.196281   0.000000   
119.600000   626.880292   543.852070   807.295586   486.886688   1361.005363   682.508820   1248.391856   918.102614   1657.275343   1321.734384   520.257405   446.205748   847.477204   1051.138917   1512.235742   2052.850593   462.894802   558.519876   856.239106   788.973421   1249.097126   1125.455905   794.625498   854.164747   1142.017587   3804.891801   409.841073   506.087127   592.718305   560.329355   575.056142   397.707990   8920.374860   672.412130   2695.302917   0.000000   
119.800000   462.493750   569.324488   813.376537   509.164000   1131.353262   773.016138   1212.683844   1178.827065   1744.962120   1277.312956   553.650718   467.379032   947.990938   1013.551431   1044.093174   2526.885547   400.298089   638.902472   753.110314   860.592642   1354.269869   1245.030938   969.306293   823.014534   1039.028135   3062.833822   343.944659   495.346548   593.711398   718.586694   813.385265   486.659573   8909.740122   670.601404   2924.424923   0.000000   
120.000000   456.975195   516.062507   836.334373   510.771125   1004.619558   926.888519   1360.588430   1204.594033   1739.731121   1308.841241   629.737223   350.710490   783.926437   982.330867   1170.727991   2291.149532   446.130813   634.346060   756.562732   867.947735   1318.297793   1373.558595   1162.609284   796.092291   966.927528   2611.711757   395.474598   559.228105   599.131018   681.666793   690.240469   515.568957   9061.112792   717.162979   2775.220157   0.000000   
120.200000   647.408200   681.913776   815.764404   642.047690   1029.523403   1056.089909   1050.888288   1309.550275   1849.604172   1460.973870   545.030802   557.732082   645.152506   1004.110418   1412.836308   2829.540705   523.592857   682.962143   757.470115   865.197985   1457.044552   1725.826827   1280.257517   833.859760   1201.851893   3556.237445   484.820771   677.157705   627.713837   875.856106   845.607868   616.922943   8896.768606   704.864280   2829.333951   0.000000   
120.400000   480.108009   633.980183   772.635225   720.025303   1281.457978   1373.528078   1417.707723   1451.239646   1841.247080   1322.744286   476.105852   550.714443   734.338154   1153.845985   1351.381318   3262.593927   427.209500   867.061792   984.852274   1110.877802   1290.321542   2035.814294   1527.607721   1116.965138   1650.248076   2977.802157   419.234859   732.772719   845.704622   1053.223795   939.210064   591.308377   8913.827766   786.887361   2798.454979   0.000000   
120.600000   456.759429   589.245069   894.123890   733.044495   1296.211787   1423.209557   1323.095684   1571.350715   1919.543797   1521.720155   637.978869   527.025605   1069.874272   1141.923216   1283.946815   2875.186896   500.987502   894.815155   962.688337   1162.547401   1523.774653   1562.393671   1597.873604   1064.455937   1262.079782   3616.095235   615.136971   819.150709   841.179195   923.772994   971.354467   637.136366   8915.833500   714.276700   3131.053382   0.000000   
120.800000   642.882870   746.996442   829.199204   687.049057   1131.653297   908.833709   1428.009158   1467.844800   1789.498226   1408.838801   625.040235   561.743404   876.504071   1083.274000   1413.099271   3812.304790   643.182836   747.418636   788.759096   841.626379   1410.353143   1393.867047   1307.331476   790.662596   1291.902292   3672.941645   548.789429   653.383233   648.135148   891.121057   923.900509   604.099974   8920.652214   688.513659   2957.453512   0.000000   
121.000000   622.989018   730.547583   855.942681   625.762601   1536.134350   1047.896709   1717.491136   1470.992326   1891.483636   1382.831472   707.574240   521.241675   1010.419639   1189.147028   1475.751647   3556.967901   554.317890   701.509405   969.483623   934.910286   1502.475303   1441.610161   1340.544292   899.841300   1524.083629   3102.932840   517.769113   635.838351   638.072302   1065.518221   1088.226453   642.389756   8971.972312   757.274599   2682.347591   0.000000   
121.200000   643.471108   659.485381   927.021113   628.859610   1253.985295   1078.464010   1319.104330   1487.904464   2071.594420   1625.780630   693.158924   539.655172   1067.753865   1170.923889   1376.984928   2962.749662   569.803222   733.133983   849.738334   1069.622603   1617.077366   1758.772909   1442.814029   956.633485   1327.232789   2850.623527   540.970718   633.684945   694.232610   937.638074   866.735111   566.261712   8858.009128   810.071379   2990.658632   0.000000   
121.400000   656.357866   661.313209   689.740271   602.042202   1219.890117   880.813132   1283.366007   1363.174398   1695.325010   1350.077583   509.515610   501.986305   923.450583   1066.643404   1141.380011   2205.401877   591.385684   590.846771   839.998808   902.087007   1401.184691   1120.487680   1194.813524   818.850131   954.352762   3097.037629   445.862875   573.807234   620.939107   848.987393   794.120892   631.643649   8903.512218   645.532996   2641.069610   0.000000   
121.600000   684.502546   795.596306   899.268613   795.238076   1462.181327   1278.185782   1602.189397   1994.595114   1795.178196   1451.577104   663.586593   577.544802   1177.271113   1085.359315   1298.720513   3598.272896   591.452005   740.802780   1060.400545   1303.669832   1594.142766   1436.628946   1615.374115   1201.527140   1287.295023   3697.560342   623.010558   797.807780   781.243673   925.554901   862.619298   706.599191   8879.088881   833.641572   2868.461659   0.000000   
121.800000   667.596590   781.433071   925.172642   770.193794   1372.874807   1056.590825   1182.086811   1560.110491   1893.178667   1258.546710   754.675530   642.227185   1132.619844   1178.525333   1038.049538   3196.700760   614.961182   703.462741   1008.868463   1062.629743   1391.920391   1540.505579   1425.542907   1086.506328   1366.222939   3086.248726   553.111063   694.494217   715.881734   869.305144   900.994123   611.053471   8954.016429   815.012669   2727.766361   0.000000   
122.000000   496.332548   789.750081   815.267614   715.170570   1306.645620   1250.210846   1368.694341   1930.381933   1816.932996   1464.525455   625.400291   702.970477   1193.668508   1214.871119   1319.904330   2565.010107   549.622623   723.610339   744.794735   1126.788332   1393.893208   1519.682346   1644.290213   937.128719   1272.804293   3486.350096   583.312019   683.831996   668.654864   1039.278596   1231.821444   822.772759   8851.829500   868.341300   2618.197661   0.000000   
122.200000   733.857377   836.754861   1019.570181   752.627852   1692.584281   1431.367855   1208.247893   1933.639139   1874.073765   1662.392365   679.619436   614.607096   1271.823658   1046.591061   1511.227087   2866.566417   689.230051   1017.322758   955.494745   1298.720946   1446.540311   1565.558113   1702.562123   1171.487400   1743.457426   4120.173760   551.474928   845.221083   983.131490   1432.781273   1405.456127   747.748429   8808.752091   833.651014   2769.015258   0.000000   
122.400000   621.208988   577.942920   1105.551487   675.181585   1873.298906   1409.525749   1970.571050   2006.813966   2079.036908   1395.822062   798.943977   577.395876   1155.225840   1305.472855   1125.566176   4496.578922   639.985492   885.532078   1376.631861   1312.526734   1666.123145   2529.413849   1861.081785   1248.668948   1686.493430   4183.439367   652.919286   735.814647   838.526326   1006.779968   944.042853   687.351492   8803.592418   777.379573   2697.916412   0.000000   
122.600000   749.545693   639.997733   880.587121   651.965428   1425.327946   1195.272098   1084.275334   1707.057591   2008.766135   1495.381059   681.667191   652.536126   994.911653   1243.360943   1383.619443   2783.801602   852.684403   869.629833   915.201804   1050.673111   1347.606864   1639.776713   1546.437828   952.991981   1107.016824   4901.551388   601.314890   763.702507   795.177165   954.186930   984.202454   726.017159   8750.257101   786.397190   2811.831412   0.000000   
122.800000   595.172521   503.174157   1088.487208   592.776311   1132.117107   915.455592   1287.861300   1283.340607   1923.032604   1493.203408   904.123162   503.127105   1161.577218   1125.732003   1456.063316   2296.057374   657.535215   772.309997   833.033189   874.035123   1309.482515   1851.353646   1125.432496   810.023060   1076.860463   3181.542027   512.761300   571.854289   711.155579   756.618081   843.986656   703.303930   8760.997570   852.530649   2787.605204   0.000000   
123.000000   683.978980   953.731986   1145.018245   742.398894   1453.065425   1130.286758   1467.248611   1445.840164   1989.744358   1329.917078   834.175262   676.725823   907.939699   1100.146438   1247.065414   2157.280003   724.087968   767.513115   923.211162   952.873014   1278.385990   1656.641064   1410.520322   840.347691   1034.678860   3515.287175   567.440276   686.482293   700.203864   866.302061   853.829684   866.432930   8753.501666   784.531266   2922.661825   0.000000   
123.200000   754.819239   734.444972   1002.008557   686.414115   1608.019384   1067.750608   1637.921779   1292.648414   2017.452870   1322.771395   689.953006   621.159216   1044.085806   1220.344132   1632.657152   4010.121451   687.587628   875.368655   985.300613   874.685420   1463.604988   1668.788293   1136.211301   864.012388   1279.722858   3619.324072   568.432924   670.797020   752.728311   886.457452   807.256943   808.059521   8713.393236   919.594284   2681.121834   0.000000   
123.400000   549.021995   895.380240   1042.089368   801.030180   2112.403535   1030.880738   1877.733510   1840.742973   1854.590198   1307.384392   684.841588   684.861815   1285.220365   1304.263958   1636.397103   4899.662444   639.877634   884.032878   1061.762777   1029.225417   1416.409161   2068.595339   1699.055838   1113.279562   1884.562834   5555.777723   653.215174   746.822379   913.672263   1224.744960   1039.854927   667.289401   8732.483932   846.481093   2822.430435   0.000000   
123.600000   784.019442   608.432906   1254.174392   598.664279   2194.793440   1035.004250   2575.742664   1313.577087   2024.770323   1343.734486   905.349299   504.007568   1260.074337   1112.872223   2107.477138   4224.425707   881.544998   699.558262   1421.186905   972.021511   1600.246843   2473.319253   1325.663967   984.342827   1873.510553   4522.332011   551.533439   625.529121   705.806340   961.990633   922.085215   843.821312   8727.708555   845.305539   2788.189710   0.000000   
123.800000   682.242628   804.237826   1247.900174   751.142086   1829.009823   1547.193847   2355.536897   2364.591647   2124.342674   1747.173527   927.851004   589.659510   1461.528677   1127.964220   2050.660746   5061.153291   642.350676   799.604726   1441.057466   1596.864636   1557.094630   2630.778216   2065.136078   1431.682410   2340.180269   2920.269247   631.951782   878.015630   932.012520   1485.643260   1429.715622   790.624597   8709.459864   981.325144   2915.591506   0.000000   
124.000000   692.537624   841.780089   882.631867   838.592188   1844.993576   1808.735863   1969.719748   1864.154097   1884.647361   1584.596040   653.963609   629.594649   1139.798334   1103.436126   1402.402322   4237.395367   688.791051   834.997736   1347.380803   1415.897291   1524.856015   2678.179083   2174.935158   1259.772068   1954.741674   4689.989551   557.995146   961.492758   894.990895   1110.128365   1050.497127   620.208604   8708.217345   945.137600   2913.296832   0.000000   
124.200000   1347.983587   748.187498   1544.332377   853.021527   2581.416644   1984.473266   2164.352038   2727.313844   2089.035799   1623.434622   1272.108689   693.572770   2103.179561   1412.917142   1964.122485   5882.948178   1120.481952   993.661868   1758.510252   1729.689927   1711.095704   2317.264970   2487.969439   1538.001245   2434.548609   6186.531467   671.220572   1092.606127   1117.825677   1574.571489   1737.949403   1021.262481   8680.881635   1066.662312   3336.588021   0.000000   
124.400000   1049.675321   923.172288   1192.406614   997.568075   2225.899032   1977.273961   2533.237376   2356.672910   2457.032085   1761.692277   975.333276   777.333492   1263.796505   1208.994254   1781.123920   4474.509898   936.002027   981.617075   1463.523028   1550.798006   1937.288196   2699.961694   2434.787320   1403.729122   2276.832835   5297.628235   771.412108   1054.123628   1020.255487   1266.551992   1346.483280   814.361545   8688.645496   812.600284   3384.793093   0.000000   
124.600000   938.416566   866.915624   1028.259450   871.042859   1619.624368   1340.414725   2151.617881   2256.335745   1868.814337   1478.165197   841.294786   775.324292   1011.045013   1303.192599   2833.197323   4259.719151   874.073372   948.856334   1115.105471   1433.069665   1370.550502   2146.364339   1846.381858   1242.312585   2013.014741   5416.969311   677.528827   889.943683   845.352320   1049.956343   1042.912352   569.690323   8635.960315   889.643715   3259.113202   0.000000   
124.800000   833.487639   847.453235   1225.728351   891.234715   1884.067137   1394.948047   1995.333407   1777.586565   1902.382110   1542.803115   1058.697792   733.881021   1517.267828   1455.609604   1788.537195   3410.611205   872.328455   945.985822   1446.030389   1186.273432   1385.798793   2215.776791   1635.461883   1199.089763   2069.927929   5186.685105   753.170055   914.498368   1019.704731   1452.227981   1498.742736   784.717406   8642.376549   731.562809   2855.559026   0.000000   
125.000000   1013.185223   880.630619   1387.679754   885.882797   1997.068692   1318.301725   1999.965627   1848.863478   2283.247139   1664.205143   1197.214400   736.984304   1880.506088   1329.088467   2215.207131   4772.398729   1063.756328   1019.782921   1378.950320   1290.438209   1478.978584   1589.011258   1688.662479   1236.825250   2136.599188   5135.426585   773.797146   861.047938   980.513057   1064.254407   1449.540933   602.206196   8611.768430   786.078586   3171.565082   0.000000   
125.200000   825.968543   946.415763   1114.319087   1101.868082   2131.070787   2251.563315   2253.578739   3102.094415   2075.999874   1889.102250   871.869673   742.899390   1538.146613   1576.816045   1665.974654   3446.822188   782.829337   1191.755913   1468.568461   2066.933691   1621.657950   2562.059947   2955.886799   1825.655799   2952.688545   3918.140181   909.899727   1261.412053   1306.308640   1842.307670   1843.901554   785.064595   8683.343645   1169.716400   3150.780370   0.000000   
125.400000   771.446140   766.690578   1213.513509   834.354128   2041.439924   1504.802954   2096.226735   1926.603021   2304.181611   1464.147300   955.063977   591.201756   1363.883813   1319.699311   2018.685579   4964.689446   859.991617   883.150972   1430.511259   1322.970137   1597.407247   2140.254870   1826.246206   1279.707638   2213.495837   5725.881297   675.026058   832.969660   979.556400   1338.495168   1410.291884   764.321216   8623.739733   916.069195   3953.874191   0.000000   
125.600000   724.867590   661.154116   1089.333836   732.137571   2124.730978   1791.408953   1929.953796   2183.617630   1985.686277   1451.955844   750.162370   556.362567   1237.255146   1464.156181   2076.693120   4222.698971   817.631962   743.962252   1195.035363   1376.618824   1448.356218   3129.739812   2339.353096   1231.036458   1882.005589   6826.357828   631.241789   847.737549   822.724434   1188.575387   1304.820049   803.483367   8644.482089   1125.572840   3123.875805   0.000000   
125.800000   1202.098365   1136.626474   1274.977615   975.178165   2154.897939   1515.561503   2858.896301   1901.003276   2289.610740   1441.937422   1021.148361   740.279635   1307.797531   1350.704698   2454.844567   4499.637471   1074.800522   883.621951   1384.450992   1426.720272   1582.609979   2419.494463   1717.907339   1262.219426   2385.451021   6745.120832   774.512430   962.312696   877.051021   841.219377   870.842740   778.225908   8620.751152   794.322435   3716.173538   0.000000   
126.000000   950.713290   885.162887   1323.112755   920.703113   2130.590521   1638.217156   2909.403267   2290.136708   2067.799290   1515.873454   993.515609   724.816140   1481.887133   1293.912333   1945.653076   5040.422596   898.789176   1136.066773   1372.458739   1464.520605   1816.941279   2861.075665   1974.810183   1321.604064   2288.801126   5718.629736   781.528427   945.681751   1037.337994   1142.572870   1205.087058   788.039745   8569.243642   886.346467   3237.465636   0.000000   
126.200000   913.557054   1010.894007   1355.288338   912.570006   2189.325252   1525.116759   2212.716155   1759.071541   2425.307352   1515.519507   1074.003277   765.238643   1708.562571   1352.013332   2062.155109   4465.398601   892.181393   935.248188   1418.354051   1302.739554   1940.898804   2407.277350   1763.984501   1328.744865   1748.845450   6056.996714   725.940465   901.248777   954.523823   1251.135235   1163.349235   786.241483   8560.265375   1000.891622   3247.425228   0.000000   
126.400000   890.191201   698.559203   1261.245286   713.864458   2338.449320   1636.014273   2470.111361   2357.277651   2234.324466   1660.791788   1116.165285   588.730227   1790.850539   1239.507797   2056.816292   5320.952228   1017.153307   895.417771   1551.653436   1493.167929   1686.648462   3055.318112   2230.690516   1400.040880   1906.014818   5870.282889   666.517018   915.389450   958.286890   1212.069074   1232.012300   767.169019   8532.567047   1051.563460   3391.619708   0.000000   
126.600000   738.534061   1072.417582   1238.005591   820.701618   2501.843384   1591.810808   2561.364419   2243.158033   2276.116323   1656.075987   1056.515031   716.588464   1799.964359   1336.355287   2421.053300   4557.393745   806.941640   1038.903450   1465.475761   1427.411800   1586.329528   2591.756153   2021.629855   1393.110744   2082.436264   5891.511470   861.851207   961.350471   1042.792289   1368.235504   1505.050223   887.182377   8538.377177   1051.502635   3649.317346   0.000000   
126.800000   902.996731   858.765775   1402.191417   806.947002   2852.331480   1666.559406   2221.727483   2566.641785   2640.027751   1665.732226   1139.727854   724.455807   2030.245669   1247.579598   1920.775602   5165.163932   863.223941   936.729136   1769.079927   1650.834907   1892.353680   3595.168343   2152.535902   1671.428104   2201.136365   6212.918897   702.472483   880.988574   1038.255793   1294.795090   1320.709126   722.932827   8616.475766   1128.906424   3698.807135   0.000000   
127.000000   833.783973   1352.360675   1200.773053   1363.927131   2140.768083   1987.939470   2536.496029   3015.402215   2690.375141   1811.317374   1010.026724   1126.088672   1466.395455   1564.157360   1972.981479   4901.929682   825.678132   1382.665421   1479.791622   2174.335248   1940.722762   2197.408246   2694.148856   2009.723539   2886.569414   4387.137746   1017.478843   1339.322516   1486.532813   2068.353668   1738.370610   1032.716356   8567.063457   1094.331100   3796.817045   0.000000   
127.200000   1044.569170   1129.999107   1015.917944   994.856517   2303.806059   1251.655232   2257.441183   2393.355878   2175.927147   1717.768070   993.063968   867.876214   1795.195504   1230.541749   2338.030021   6330.541108   1208.447571   754.125420   1345.180945   1461.697702   1820.788251   2913.854651   1779.892771   1227.239681   2073.948699   6509.745451   676.094619   761.741455   797.054290   1054.104466   910.294695   760.571595   8522.350808   1093.087439   3609.257486   0.000000   
127.400000   1067.395623   1510.351249   983.916956   1253.066531   1688.803531   1664.291423   2714.911603   2485.925077   2335.431093   2017.762435   858.410260   1177.669640   1247.207472   1239.676040   1861.714984   5108.320488   905.921161   1093.411804   1349.293810   1846.231766   2011.537677   2561.337710   2223.654559   1532.118493   1666.442160   5585.274049   918.708070   1085.782665   957.337590   1428.961698   1387.849636   1095.257291   8522.761397   1297.249957   3526.275725   0.000000   
127.600000   1030.672462   1477.130886   1631.882483   1535.335081   2710.732807   2151.061621   3415.305202   2812.472178   2839.177317   1944.706703   1110.026317   1450.413305   1868.918217   1480.243220   2130.887183   5268.124474   1061.917016   1564.314714   2098.608599   2175.927756   2123.679275   2624.858565   2495.854531   2101.227796   2946.871025   5466.209134   1163.725150   1638.194446   1574.640980   1800.186162   1601.492360   957.057307   8482.532489   1087.354741   4385.293127   0.000000   
127.800000   1231.919378   1066.623269   1640.160463   918.888899   3209.036783   1731.419389   2756.997548   2142.824830   2192.514303   1769.712583   1271.515100   821.931217   2783.441178   1213.954958   2911.052402   4421.022397   1133.214235   947.216872   1902.935766   1312.559336   1839.179905   2588.826969   2045.135417   1280.264934   2320.417179   7364.566922   739.163985   880.887981   984.167939   1675.345806   1762.872731   1292.260661   8485.173724   1456.778517   3301.153247   0.000000   
128.000000   943.131705   1189.125291   1269.949464   1063.035897   2200.128076   2022.065933   2315.987989   2493.758393   2392.081827   1918.310341   1029.163877   931.237854   1893.946903   1578.382858   1801.950510   5178.339119   879.496831   1305.745579   1453.393055   1599.474170   2048.599343   3399.353155   2483.302517   1403.807765   2162.926691   6204.127950   1011.696607   1164.145355   1110.369058   1503.389440   1483.395755   955.166399   8494.331980   1181.509144   3941.353408   0.000000   
128.200000   1201.647100   824.040298   1369.309484   924.252800   2976.222629   1767.124647   2712.964286   2261.847957   2854.104893   1745.281256   1112.800934   760.522852   2071.113956   1574.462682   2688.004280   5471.174902   1034.788717   1144.711439   1674.402023   1640.818791   2334.228880   2648.785574   2082.130657   1525.331760   2928.097136   7387.830606   1001.349756   952.114118   1088.725086   1544.692892   1646.179872   1154.464422   8473.890957   1007.101243   3881.039113   0.000000   
128.400000   1113.482176   926.346392   1295.871856   986.431215   2620.944942   2021.003134   2801.797853   2526.477905   2319.986532   2068.814421   1143.960402   849.036680   1986.512719   1351.753394   2465.019095   3542.409744   1045.516798   1245.326894   1657.284029   1770.840188   1836.759177   3249.141613   2303.639019   1523.934298   2481.499159   7723.996605   770.370837   1010.286999   1196.752603   1547.324261   1700.925779   1017.072057   8443.408199   1247.832321   3900.626990   0.000000   
128.600000   1022.291390   928.928184   1331.674358   1047.638664   2224.283718   1806.002876   2552.407301   1852.665250   2412.752921   2082.982030   1038.822706   914.034894   1569.399569   1737.489524   2764.627170   3839.410628   840.235803   1152.564179   1452.506050   1669.929133   1926.765529   2929.762726   1755.916903   1601.210472   2388.870067   5136.237789   1023.387095   1227.377444   1245.979242   1725.017414   1588.363249   997.163670   8445.490990   1095.046602   3672.661189   0.000000   
128.800000   1138.763981   1302.474138   1755.612327   1137.995511   2739.266642   1621.591543   2638.653893   2238.603025   2364.206100   1778.665599   1304.153330   893.960573   1763.844714   1381.357456   2969.574102   6161.223805   1283.988227   1233.493164   1885.929191   1483.224859   1534.011451   2657.433895   1797.133147   1641.454665   2326.068117   5614.874066   867.782993   1039.722536   1208.796206   1371.471328   1347.002208   773.623177   8491.993985   994.417910   3402.293819   0.000000   
129.000000   1137.992296   1028.723217   1339.544768   948.906432   2081.097756   2066.766927   2515.748945   2345.773288   2545.640809   1668.503843   1108.644744   865.373023   1545.131663   1370.231522   4044.626416   6677.211629   1038.693671   952.451549   1647.318063   1648.424349   1811.829407   3079.756815   2406.255231   1661.643233   2022.457998   6047.485133   894.363579   1116.816148   1217.438320   1566.397266   1316.465816   1100.279802   8464.227369   1044.479868   3556.816397   0.000000   
129.200000   1170.479849   1113.710411   1425.644313   921.449372   2445.811190   1912.203213   2913.232692   2374.372336   3002.547593   1771.593963   1075.027774   770.968157   2055.681284   1547.835007   3432.604150   4723.376273   988.350689   950.651820   1664.299990   1464.646835   2224.443814   3130.398087   2329.737931   1442.376732   2495.703728   5576.632320   751.356112   1072.267785   1048.067850   1500.027437   1215.079269   1188.020334   8422.458588   1141.408030   3611.889679   0.000000   
129.400000   970.561989   816.237880   1118.899523   943.441857   2347.021474   1920.228080   2712.269748   2276.601334   2168.556342   1548.982682   1020.550481   703.559432   1819.856879   1284.420380   2139.747492   6614.887754   1037.860525   984.932016   1590.163749   1433.811003   1852.774306   3443.396228   2475.990746   1472.192079   2149.535753   7885.012042   681.874475   1020.421453   954.752619   1452.988352   1390.207455   997.835046   8392.501442   1118.798799   3507.152442   0.000000   
129.600000   1296.659584   1204.307731   1668.550164   1198.094467   2528.241366   2216.217666   2836.664954   3002.120782   2728.500205   2465.786611   1381.743956   820.255018   2150.074212   1318.364623   1831.377496   4782.325043   1307.279951   1126.241878   1760.368361   2287.128929   2053.777494   3063.939696   2704.283158   1870.457256   3185.391677   7398.104689   895.226537   1247.167619   1300.479016   2077.849507   2060.911971   1251.729171   8403.581151   1319.671628   3503.504152   0.000000   
129.800000   893.470895   1455.648058   1504.229846   1298.252836   2231.579954   2043.496862   2368.501001   2651.870707   2226.424272   2083.486625   1024.614128   1179.170967   1592.745964   1316.932317   2230.616576   4837.828480   739.375455   1407.158390   1170.485564   1780.973230   1761.078234   3052.380599   2510.802206   1485.098411   2206.595122   6408.287653   863.198049   1222.156671   1149.200988   1735.507136   1617.329856   1113.083125   8377.211604   1393.017711   3234.450910   0.000000   
130.000000   1225.215002   1426.456994   1792.474731   1507.971328   3015.063594   1538.027287   3136.423143   2709.781950   2518.045499   1965.835257   1370.518558   1075.030886   2291.643081   1495.155602   3064.985639   5239.033140   1153.632511   1192.632286   1862.155400   1472.666534   1687.514867   2188.686363   2167.448695   1503.090488   2705.484316   8988.320511   1011.195030   1159.903276   1174.615341   1829.032583   1693.708370   1376.908011   8393.728515   1333.444978   4190.692059   0.000000   
130.200000   1064.332797   1189.201676   1836.930545   994.263280   3181.835782   1623.981699   3380.329325   2564.455365   2570.324052   2098.273725   1135.294589   851.018184   1948.112197   1172.439450   3707.053908   4724.509035   1056.046918   899.157805   1710.774983   1840.296130   1862.537743   3637.163647   1941.943812   1458.640098   2806.958439   9198.556042   747.320215   823.513989   899.234423   1238.398220   1314.084808   1274.528393   8391.315099   1244.316007   3443.922240   0.000000   
130.400000   1111.991749   1659.914672   1342.544343   1385.862909   2077.086685   1822.846485   2711.579918   2700.128104   2881.194225   1820.217331   1013.767234   1258.335692   1330.278476   1419.910804   2331.026464   6636.662324   1177.452940   1107.312389   1424.854010   1708.831979   1764.349272   2997.263036   2537.293387   1516.680973   2270.315851   5060.848203   917.019502   1122.984697   1063.339989   1368.259300   1513.020976   1219.623886   8354.440499   1162.599991   3054.924356   0.000000   
130.600000   897.958053   1087.177520   1143.926008   896.407112   2487.712381   1791.741738   2918.910649   2039.188255   2316.572474   1789.344746   958.726098   757.840884   1517.534013   1415.947815   2181.365232   4871.345834   847.066472   917.709419   1650.425087   1391.805531   1882.940228   4043.784483   2428.813793   1474.554983   2282.042302   6683.216679   849.916473   1024.990387   1016.669279   1320.955304   1222.946530   1005.962228   8333.621749   1065.530991   3156.412611   0.000000   
130.800000   1105.556581   1261.405377   1681.008066   1178.486046   2555.807952   1832.915730   2668.323089   2821.775123   2516.398970   2068.543895   1212.056881   1055.392008   2183.473906   1262.993082   3000.336989   6802.269467   1084.625192   1249.344948   1645.469481   1781.235510   1795.115527   3181.271819   2619.110836   1632.112921   2863.814829   6220.541368   1023.033772   1144.280410   1269.773307   1782.381000   1977.026803   1134.548969   8335.906603   1100.522305   3285.143201   0.000000   
131.000000   1171.015091   1032.161778   1380.435418   990.239930   3031.019526   1731.315007   3011.864678   2344.261781   2300.831093   1648.418639   1189.422121   871.427800   2066.630634   1421.928753   3333.726609   6159.666780   1062.162280   958.463084   1686.049070   1622.591133   1609.435130   3070.892680   2353.009290   1573.230695   2965.674054   7769.437656   779.329137   949.259671   979.870188   1571.827554   1572.944044   1098.681681   8336.951456   1346.366870   3287.313644   0.000000   
131.200000   1073.969962   948.809022   1673.141435   1062.781253   3603.200000   2207.759851   3163.644377   3523.307783   2495.963941   2011.605281   1476.082018   898.933350   2517.410990   1614.275292   3600.898579   6607.901661   1174.286017   1087.625441   2114.288143   1706.160639   1920.728089   3265.319380   3031.394449   1871.351232   3430.048375   6412.979326   835.280458   1131.264511   1402.502071   1891.484852   1664.402236   1072.215452   8377.383802   1137.250586   3621.011465   0.000000   
131.400000   1199.709610   1096.050673   1965.071516   1235.645578   3249.417928   2283.119453   3461.163818   3066.371772   2129.674998   1857.387530   1613.817527   940.344746   2293.034567   2029.442174   2587.425937   6276.658960   1256.603966   1598.312826   2250.130507   1860.453806   2027.194765   3329.695175   2874.664397   1829.818200   2738.574977   7780.149045   960.115601   1325.233337   1499.395369   1839.976102   1936.255165   1207.748497   8355.870549   1323.878469   3630.147073   0.000000   
131.600000   1316.095329   787.665461   1639.391083   860.372518   3345.346200   2034.800469   2981.919219   3160.099039   2057.002173   1724.565565   1207.674322   772.789740   2273.555757   1420.113580   3282.824129   8117.073558   1190.444326   831.548931   1957.192031   1773.716452   2045.131907   3450.443445   2701.312246   1590.059966   2748.772960   8866.918098   634.861859   950.751541   930.196959   1358.277677   1267.456497   1116.605927   8361.584487   1149.419606   3222.259096   0.000000   
131.800000   1583.936516   1564.166160   1847.159672   1362.630517   2999.797092   2040.488794   3110.410047   2813.258903   2802.402345   1780.865456   1467.094816   1220.698266   2049.684333   1535.572084   2961.383486   7880.446032   1532.414933   1203.116565   2202.663403   1710.191358   2396.992329   3177.657859   2581.197247   1734.598977   1955.979742   7945.650503   1123.496990   1404.293992   1281.095800   1374.831390   1407.829844   1261.175133   8304.796695   1358.521633   3100.719443   0.000000   
132.000000   1146.364188   1450.730030   1364.461702   1676.054953   2780.567025   2935.282708   3227.916225   3124.453221   2920.884903   1750.294357   1159.781769   1135.435710   1988.463191   1635.474746   3069.821573   7702.407910   1020.500446   1637.521059   1786.516722   1780.102701   2165.640719   3728.406641   3026.816663   1871.834222   2955.066034   4713.049906   1448.361952   1823.054865   1722.611120   2735.602594   2649.967653   1458.388218   8413.346349   1338.542558   3107.922090   0.000000   
132.200000   1431.588190   1996.410818   1828.993996   1911.254485   3260.797771   3600.004628   3996.760882   4379.913512   2580.743077   1911.193858   1584.518689   1823.694714   2357.499885   1842.603299   2853.743262   7103.168486   1368.499793   1793.038825   2507.816665   2598.421794   2017.588424   4039.706724   4399.979649   2436.157342   3481.813496   6289.200855   1503.771570   2103.565313   1888.359874   2427.633209   2169.717014   978.955183   8254.902704   1210.366038   3386.263418   0.000000   
132.400000   1182.987104   973.694034   1454.247472   982.791260   2576.535383   1816.107032   2320.514542   3078.844203   2217.390849   2396.390504   1073.146467   960.315529   1773.131993   1686.814194   3200.906252   5968.351327   1092.805994   1108.039555   1502.541250   1660.021858   2012.910354   2548.610380   2636.378904   1278.368900   1914.069638   8179.510364   813.632364   945.006043   972.243248   1640.364170   1809.982146   1118.578866   8312.572874   1337.470707   3736.966404   0.000000   
132.600000   956.611395   1239.758319   1404.684098   946.843479   2147.721104   1693.628243   2663.891598   3023.769393   2675.402814   2059.457255   1157.502154   1110.304910   1642.637150   1505.646711   2482.083770   8116.523267   937.164031   1166.992735   1333.596652   1483.751226   1970.452180   3362.323839   2513.244534   1299.478921   1766.036024   6453.017799   996.704850   877.754021   997.223789   1360.698373   1504.299820   900.428294   8262.241834   1201.690809   3261.308192   0.000000   
132.800000   1258.392875   1666.983686   1398.492506   1284.650948   2813.874112   2286.362722   3114.709689   3169.338775   2346.814858   1913.082022   1167.767769   1208.379880   2024.195563   1516.392011   2911.309244   8031.127102   1124.171750   1147.820597   1977.001836   1861.624028   1758.242000   3919.160459   2893.134574   1893.726611   3706.125135   5770.020030   898.137314   1250.905432   1244.770736   2373.954470   2430.190742   1274.618167   8313.854741   1233.574533   3261.156724   0.000000   
133.000000   1070.703180   1551.838616   1462.709595   1103.271344   2844.765597   2233.870369   3427.980150   3307.765772   2754.240726   1882.683021   1167.060121   995.519952   2376.753350   1330.939743   3684.035575   7242.148478   1057.369682   1112.512056   1946.760199   2083.699106   1831.801077   3186.982619   3107.116039   1938.852026   3827.257949   5952.575714   781.804720   1077.150119   1191.200115   1792.831683   1823.425275   1137.310266   8240.109184   1482.372209   2961.620976   0.000000   
133.200000   1146.254049   1461.015327   1566.994285   1016.320736   2705.093096   1765.951561   2896.237836   2445.803174   2466.902191   1817.325240   1271.753473   850.548580   1391.930230   1649.045647   3628.232983   5226.948137   1075.430848   875.406559   1604.284566   1583.802106   1943.453738   2833.430713   2035.032856   1491.509192   2603.968963   7312.156633   892.883844   923.319783   891.782318   1468.077613   1777.500569   1028.167983   8263.844802   1036.296436   2814.409609   0.000000   
133.400000   1412.425833   1683.927303   1844.631833   1855.643900   4069.899699   3943.621210   4023.411885   5702.029122   3155.318442   2740.613773   1272.356936   1316.053591   2285.670482   1522.965250   2712.268545   10774.741100   1329.533197   1701.839764   2915.715277   3609.699589   2547.399474   4580.882929   5294.031747   3247.244086   4734.015627   7310.370713   1390.462601   2084.051217   2147.232619   2726.677912   2336.631796   810.694433   8329.515006   1278.659824   3248.157757   0.000000   
133.600000   1332.438254   1671.213633   1903.596998   1882.026451   2717.799605   3336.357915   2228.588386   4827.308809   2730.000647   2406.362207   1541.654385   1543.411174   2214.799850   1858.324613   2095.740861   8186.400744   1571.066102   2205.951477   2188.440997   2826.712509   1979.042347   2996.604477   4295.492643   2441.488355   3144.894387   7011.268778   1538.415464   2043.996388   2042.781103   2659.019563   2668.914737   1574.211250   8284.252862   1206.700478   3125.990843   0.000000   
133.800000   1109.977455   1333.238392   1251.744025   1193.972751   2210.444734   2027.931797   2523.913378   2916.902261   2258.523434   1809.807977   1033.608466   1038.393036   1391.767681   1772.927574   2759.060586   5958.681000   1045.139539   1304.097532   1550.078975   1844.709309   1706.712559   3273.864798   2987.707136   1769.672941   2354.221350   5984.053561   946.775051   1109.260213   1226.262054   1501.703315   1528.680707   827.646857   8223.738191   1033.366025   3572.552490   0.000000   
134.000000   1046.533423   1516.544235   1325.751220   1306.408766   2483.945306   2430.833267   3429.963783   3472.802703   3304.876679   2546.037638   1175.867913   1221.676562   1890.279030   1911.727731   1995.472256   6019.499691   928.542992   1446.925303   1847.488772   2489.534572   2543.019459   3190.136926   3063.967316   2098.338241   3383.111549   7485.832107   993.447068   1348.935766   1351.296893   1962.512760   1888.832002   880.589499   8250.499589   1168.875505   4082.019567   0.000000   
134.200000   1110.264855   1166.791484   1518.308104   1286.698919   3478.083336   2884.138445   4512.999538   4523.452847   2972.709925   2506.389754   1200.026407   1167.630529   2082.536472   1672.463438   3195.129151   5980.237333   1008.129199   1249.766517   2560.939048   3047.492619   2328.861061   3992.793647   3971.491601   2777.824329   4343.341309   7453.082129   1111.476778   1672.119123   1508.886492   1910.752254   1947.024588   857.873501   8196.957273   987.345476   3648.816448   0.000000   
134.400000   921.139389   1143.795210   901.994471   1056.560728   1753.735276   1750.628240   2968.551819   3381.696643   2125.504644   1917.227715   832.086181   978.539416   1659.750409   1543.205599   2320.859149   7613.408454   849.182349   1167.828419   1169.365181   1491.314679   1605.007490   3101.315977   2953.631875   1431.516135   2134.305023   5487.918409   794.014573   1013.556800   1056.054909   1708.491990   1921.617789   994.046294   8209.417682   1087.775420   3468.211596   0.000000   
134.600000   1292.540600   1237.165123   1393.149817   1066.025444   2707.441392   1667.973006   3540.776525   3197.501944   2524.744545   1843.364394   1251.366772   832.714224   2570.438636   1855.245516   2652.825948   8168.015279   1291.731166   1121.304922   1986.408980   1679.388998   2307.593553   3695.511729   2584.492671   1442.247230   2289.093144   5556.524166   1093.941482   1014.691961   999.374916   1807.483383   1881.322116   1219.191822   8257.961988   1047.611165   3274.069877   0.000000   
134.800000   1585.507646   1436.257647   1336.982561   1109.706264   2664.848842   1748.022617   2881.643620   2282.627218   2616.537781   1665.543734   1196.932300   817.290632   1939.620825   1401.002266   2968.759860   6827.065215   1249.978678   1262.073613   1509.735242   1515.832096   1992.065276   3263.675787   2229.845515   1427.006746   1993.836051   9023.325522   793.248248   1110.802476   1232.372348   1833.393039   1997.531596   1095.434873   8305.047267   910.109206   3637.727974   0.000000   
135.000000   1486.969869   1203.352842   2256.424843   1090.641366   3700.568488   1869.147104   2639.045302   2685.598301   2961.660400   1440.301145   1798.128637   859.951292   2867.809174   1749.067353   3087.774013   6075.581581   1533.594621   1419.404657   2333.095439   1590.221745   2042.181588   2892.488094   2425.176635   1483.540353   2353.153006   8510.543611   854.143354   1099.754462   1339.285625   1944.967983   2029.560745   1288.348120   8237.682535   1077.420968   3108.330099   0.000000   
135.200000   1075.092226   1266.818895   1920.933505   1157.655177   2939.446163   2363.686998   3449.301296   3163.905433   2694.903444   1948.372369   1521.001856   1029.521545   2448.233055   1912.184103   2950.091932   5591.449074   1058.360637   1589.069272   1932.144915   2156.369387   1910.815076   3878.978788   2931.414748   2090.860359   2820.334126   7556.420358   1066.647838   1236.400464   1388.671704   1689.642305   1795.334660   945.488896   8221.021040   868.809926   3384.500066   0.000000   
135.400000   1206.407188   1185.007904   1404.601081   1215.550574   3137.625997   2973.664017   3512.001313   3370.057493   2716.887852   1720.403618   1359.761657   957.489371   1980.256020   1718.211171   2093.518392   6314.098586   1134.558899   1377.241184   1722.899588   2185.943675   1699.450816   3826.104372   3481.356946   2046.045023   3347.122502   8075.561438   1060.652124   1512.654502   1484.825763   2140.330983   2204.763407   1135.495785   8136.034017   1086.093617   3267.336832   0.000000   
135.600000   1498.752305   1142.311155   1705.013250   1112.551406   3103.478827   2047.686525   3332.739478   2468.284622   2563.611185   1630.632388   1410.757720   874.469728   2251.024559   1344.005368   3421.049444   6262.097722   1374.923869   1314.910945   1959.063974   1510.148779   1618.623097   2775.771712   2460.193915   1501.449498   2743.770678   7691.307918   839.199428   1313.753293   1330.846613   1845.541908   1813.341825   1235.150800   8113.439225   973.056151   3452.387986   0.000000   
135.800000   1464.382351   1091.197362   1463.511534   1117.696382   3974.129298   2303.410863   4134.760921   2927.237473   2541.171442   1999.395648   1137.327138   1066.691111   2520.904157   1345.848610   3809.562424   6281.253307   1239.674960   1309.570035   2237.699080   2278.837674   2101.877267   3137.348783   2984.332986   2190.567237   3246.762444   9725.692179   818.098316   1267.257300   1456.039035   1653.662265   2067.094178   1244.244884   8129.290741   1116.166907   3508.165330   0.000000   
136.000000   1080.015546   1488.552106   1221.069875   1179.312299   2802.964097   1631.060921   2780.803220   2374.491815   2732.055774   1606.761382   1063.700741   1103.853015   2307.649254   1868.573383   2844.116749   7538.287146   1089.875808   933.924319   1636.846784   1368.736296   2033.048306   2956.278556   1936.136146   1338.648546   2582.068091   8232.392484   942.530926   1157.108741   994.254960   1590.393000   1577.752006   983.074443   8131.301069   964.361855   2918.522734   0.000000   
136.200000   1138.109718   1367.716905   1251.627300   1120.419418   2441.554313   2060.792293   3140.371839   2770.290911   2166.246354   1680.468349   1133.769154   1004.446776   1659.325926   1635.266023   2710.527872   5957.177227   943.320268   1111.615480   1524.210393   1667.593423   1670.951593   3321.576172   2630.635256   1396.192226   2177.871831   7184.182148   752.032822   1110.142259   1080.853647   1509.239948   1501.893080   1133.168322   8176.084542   877.041889   3257.547457   0.000000   
136.400000   1540.540062   1497.290010   1594.491267   1301.967417   3025.714107   2532.288496   2672.807653   3540.973664   2565.200908   2113.714087   1399.563934   1038.931479   2447.226966   1821.454462   1866.123075   5491.001634   1493.498546   1371.727362   2079.269535   1907.674902   1948.918520   4102.184220   3321.472079   1780.090499   2678.349742   5950.171118   973.530105   1423.600733   1390.415279   2224.164622   2194.290364   1421.679066   8078.458596   1223.049087   3471.756069   0.000000   
136.600000   1295.702397   1071.961000   1344.615291   798.535511   2430.426832   1345.333286   2667.512388   2546.732559   2276.623819   2015.068292   1139.115167   828.938845   1676.150861   1521.322442   2243.740056   6618.347636   887.581534   990.811297   1435.367430   1506.345797   1903.632402   3208.674279   1943.852923   1357.968807   2552.916616   6692.772980   841.626284   794.599948   912.585077   1665.126986   1867.112196   1067.763657   8078.820956   1117.253354   3231.276888   0.000000   
136.800000   1196.978348   1499.190328   1522.215541   1778.008314   2868.383822   2679.468085   2425.566096   3277.205176   2329.903050   1669.341296   1294.104290   1593.881536   1856.152171   1778.346785   2820.397143   8366.634836   1228.203262   1566.887863   2029.839616   2277.372239   1817.820905   3871.733764   3290.428362   2289.763786   2963.298237   5652.088067   1358.788902   1633.603707   1682.862450   2255.568156   2188.690528   914.150380   8218.889127   1203.530243   3559.823119   0.000000   
137.000000   993.998156   1321.305291   1339.637934   1158.368227   2105.416789   1953.575948   2575.990046   3311.733591   2540.341049   1681.778680   1059.947688   1071.492971   1953.139116   1979.081228   3045.085713   10222.393717   877.179987   1215.103675   1407.695381   1477.438381   1718.675898   3979.512091   2679.902333   1346.850496   2068.636950   5628.159062   1009.472375   1108.946958   1183.797875   1724.055080   1662.348948   1145.825508   8119.389943   1178.280831   4171.790125   0.000000   
137.200000   1914.745255   1498.303559   1429.776068   1349.122314   2757.422939   2051.857280   3042.604463   2544.943894   2664.924149   1786.398564   1332.405067   1111.836047   2285.469168   1506.405074   2421.468803   8791.256377   1503.255043   1251.994723   1587.274557   1728.059239   1910.397557   4524.405613   2621.713249   1587.692106   1811.294890   7444.994018   1059.715000   1221.501606   1215.424365   1622.444019   1696.419885   1336.179687   8067.606013   1067.409131   3719.082849   0.000000   
137.400000   1352.681516   1313.262782   1674.847935   1260.545055   3672.963993   2047.559261   3127.428003   2287.386969   2729.492237   1660.442497   1518.549812   1167.258552   2595.463827   1753.713751   3326.495950   5276.329158   1342.943407   1211.229605   2425.559087   1831.335323   2036.959385   2400.986492   2198.395153   2002.020984   2988.137484   8496.107717   1207.259678   1356.263074   1310.216723   1544.367057   1283.499163   1021.438100   8063.836663   1088.286630   3197.328504   0.000000   
137.600000   1502.950273   1756.020167   1712.707082   1947.151278   2955.943687   3051.721482   4565.732577   2901.145107   2474.181152   1650.569360   1506.590647   1499.075534   2027.949326   1792.693080   2783.079675   5684.335996   1299.603754   1805.047487   2150.279959   2457.758352   1973.560438   3532.913857   3154.070055   2378.338758   4198.749393   4564.713100   1438.549226   1981.564071   2005.187563   2624.898907   2628.473980   1556.656594   8082.876019   1523.940889   3245.915511   0.000000   
137.800000   1435.649282   1301.254994   1303.501872   1292.500452   1938.276665   1895.896192   2612.447460   2519.801344   2323.220361   1530.984617   1003.904304   970.531296   1408.979156   1310.227642   2759.384094   6669.813400   1120.985386   1091.767481   1481.595976   1697.409040   1353.783659   2993.508897   2208.525530   1578.141436   1937.675993   4975.933991   868.113131   1151.342786   1161.010282   1282.834906   1339.494291   928.082092   8044.788156   1137.481188   3236.470820   0.000000   
138.000000   1150.574108   963.257319   1348.044958   903.797385   2558.870587   1765.256167   2768.098949   2388.673161   2345.995534   2036.890660   1048.303893   749.793617   2089.058517   1497.051468   2860.119714   5669.463195   971.957834   1119.381363   1463.377524   1487.867602   1829.065860   2956.112989   2391.884118   1398.925241   1960.412309   5970.073823   725.551970   873.878993   988.853954   1586.997212   1762.894452   1497.687760   8041.268680   1112.847265   4164.600251   0.000000   
138.200000   1042.317414   999.784892   1242.437539   1169.360211   2583.380537   2330.856197   3242.727682   3016.614446   2330.346637   1952.432854   951.182991   827.612680   1680.024023   1576.741344   3597.997337   5830.327943   975.330214   1487.227587   1964.408620   2165.050692   1992.386218   2613.465580   2803.804951   1971.685807   2749.378107   6270.585711   953.133974   1388.998092   1288.978263   1822.045148   1670.698717   1112.681522   7986.765091   1247.345018   3573.209497   0.000000   
138.400000   1035.945588   1096.612542   1515.105099   1200.904407   2877.028102   2018.197128   3073.244230   2924.521982   2566.881415   1708.237445   1328.900178   1149.596780   2206.231245   1458.615478   2662.396850   5901.487528   1104.831026   1477.380105   1750.512730   1927.616603   1621.090177   2837.203223   2404.161858   1719.038641   1934.617765   8662.666841   871.194152   1196.601061   1323.858589   1476.036883   1437.094024   1030.517975   8081.149239   1351.659492   3873.873080   0.000000   
138.600000   1051.200012   949.114332   1290.180346   999.719645   2423.349321   2214.720767   2296.519772   1819.627527   2209.864045   1667.488468   1064.776634   829.482505   1342.206869   1290.781023   2414.999537   3614.974584   806.590060   1112.722340   1587.252323   1447.676893   1717.505135   4092.866976   2318.710932   1444.014955   2201.317801   7724.932520   849.305427   1149.451659   1003.412624   1519.920177   1216.859349   816.601663   8001.103651   1009.623811   4450.561222   0.000000   
138.800000   1016.393488   993.996358   1039.869667   889.811734   2400.626030   2430.965502   2074.752127   2840.333798   2118.469280   1734.258277   925.665539   725.936638   1962.401846   1303.252591   1919.416651   6835.216377   1025.665811   781.379789   1424.357632   1765.817551   1740.125009   3884.789143   2927.159465   1652.775315   2695.464168   6670.686642   629.626237   1079.054288   963.443860   1590.047676   1329.336968   1097.181417   7982.271738   981.840511   3316.953750   0.000000   
139.000000   1221.629845   1714.138802   1289.016769   1588.973219   2708.139709   2654.259376   2452.480147   3315.891441   2795.025471   1796.073469   985.297899   1248.681529   2009.495541   1768.036984   2728.301572   5141.586382   1033.952134   1386.727898   1930.605953   1721.127275   2071.110323   2986.194645   3375.235570   1947.170146   2448.896794   6237.754408   1210.990397   1546.049222   1520.387730   2349.437904   2204.475680   908.816043   8046.150739   1261.473221   4014.459866   0.000000   
139.200000   907.992349   919.488088   1281.555969   920.648949   1753.904526   1862.576027   2844.470641   2349.627196   2346.142423   1865.782476   904.290330   681.009167   1388.698737   1400.247627   2936.659737   4496.992014   834.825939   1177.608594   1266.915535   1446.937214   1665.075453   3099.342379   2312.682594   1330.203521   2471.060169   5212.706700   655.328537   1030.177782   951.952017   1666.682155   1453.397726   1133.181154   7959.650498   1309.037165   3369.509686   0.000000   
139.400000   731.835770   1406.536460   1093.540375   1283.657838   1809.644677   2193.489031   2254.688664   3116.434851   2633.520208   2083.857386   745.729408   1070.901025   1299.754759   1700.555796   2941.794213   6133.905160   656.814047   1124.396967   1272.369330   1963.718338   1775.011605   2541.814255   2888.044062   1660.283852   2364.366691   5254.241474   788.491465   1180.798874   1177.260575   1616.646615   1754.150071   848.796653   8002.643224   1115.178581   3461.700511   0.000000   
139.600000   1056.525888   1323.651065   1146.521340   1122.092289   1999.981665   1876.053273   2246.643315   2616.765780   2298.722520   1716.579037   940.198065   875.865793   1302.618982   1413.093444   2333.595621   6081.540229   797.946847   1153.987420   1454.535517   1711.294454   1976.097915   2712.128484   2307.349981   1593.522455   2172.490281   5259.867615   815.937897   1024.509664   1123.495782   1485.389100   1548.698920   1108.664815   7983.955941   1072.038253   3537.842882   0.000000   
139.800000   945.545640   1275.416757   1302.808606   1259.729918   3028.254227   2169.042156   3321.923855   3001.078192   2202.709554   2110.881449   1177.992128   1042.958803   1847.732585   1412.058145   3647.396695   6190.626776   938.650313   1256.403346   1916.530535   1843.031363   1953.079288   2575.285473   2771.721064   1707.467949   2489.983435   7635.598959   839.968888   1133.968916   1326.867010   1740.786718   1629.280817   1138.115650   8056.086717   1290.222908   3226.288223   0.000000   
140.000000   964.878621   1179.752563   1173.683399   1149.318739   2658.840459   1842.003969   2831.492525   2147.467595   2082.268158   1557.449258   1011.410563   1031.740098   1771.001664   1286.932859   3345.184546   5248.031546   834.581665   1101.606937   1874.506760   1549.655368   1653.759578   3216.262021   2055.369056   1577.031534   2452.332980   5125.918321   955.169580   1223.122915   1265.568449   1369.081037   1358.736995   819.750678   8179.115910   1684.297217   4109.462345   0.000000   
140.200000   1162.943821   1252.013755   1343.894191   912.667385   2671.110515   1553.885446   2600.725623   2075.132847   1981.022637   1685.222017   1061.776776   797.214607   1955.136523   1376.767499   3000.898801   4204.763979   1273.199826   936.208307   1608.241152   1488.549778   1524.867643   3480.815320   2131.917144   1372.944709   2075.044841   6166.520641   692.446599   815.163609   961.165184   1533.785621   1710.879130   1042.297792   7962.585115   1312.352640   2861.416497   0.000000   
140.400000   1344.480940   1228.512164   1590.495788   1173.722971   3336.238983   1896.627142   3724.467251   1908.786801   2282.521382   1505.631943   1315.440366   995.686595   2474.947164   1669.305286   2896.704299   3119.846432   1490.951960   1262.766955   2176.385839   1769.518094   1803.817392   2189.476348   2123.039571   1690.533177   3205.441975   7527.910137   823.983296   1178.471353   1311.387830   1704.278387   1656.960962   850.548752   7966.437004   1204.410391   3599.355584   0.000000   
140.600000   1025.057403   1193.522819   1288.589335   980.384514   2054.231903   1596.499300   2270.065112   2465.923085   2206.001318   2002.324638   1048.161333   982.465541   1806.200954   1313.333347   2056.136796   5587.767138   1051.839869   1076.868312   1148.929406   1589.402779   1830.722770   1987.149082   2047.311270   1336.458285   2100.463268   5661.280398   800.558805   906.557881   994.689544   1335.563964   1393.110761   876.631957   7959.749802   1114.946499   3314.915365   0.000000   
140.800000   916.510659   1317.841453   1269.442376   1322.648326   1783.677535   2155.852449   2098.405815   2674.035707   1942.031585   1708.991002   1076.152296   1064.212304   1434.930746   1214.330110   1871.339303   5416.268802   942.662299   1484.542114   1305.465710   1778.386737   1501.754296   2753.565970   2796.417338   1538.289356   1996.353298   5869.709705   948.834626   1349.877480   1302.586512   1865.840305   1986.366689   1064.277479   7954.517331   1075.834045   2896.524297   0.000000   
141.000000   1039.334420   1055.299979   1176.545415   1040.297794   1855.159837   1605.477816   1953.290224   2016.751807   1908.358908   1459.300477   1020.548195   879.691123   1305.454073   1262.989431   3028.040907   3763.478343   1105.704620   955.074041   1333.796766   1249.155989   1544.951392   2216.490795   1914.064977   1107.950555   1600.859367   5500.742188   732.520038   984.205003   978.558226   1269.065781   1260.992667   829.784195   7927.779596   907.476765   3244.901633   0.000000   
141.200000   1075.458177   750.632005   1435.368687   740.860672   1936.721607   1564.190453   2669.111791   2115.009249   2262.491093   1622.211011   1086.318639   646.255565   1543.182778   1503.800477   2904.318623   4692.046190   1085.370478   855.885212   1604.120020   1546.732874   1845.132450   3192.431847   1884.812654   1206.368665   1958.695937   4923.782600   669.089104   828.152586   851.040580   1104.911370   994.978117   717.406393   7950.665813   1136.739689   3106.666993   0.000000   
141.400000   915.488522   960.432922   1074.451431   721.540949   2311.044601   1668.975341   2748.249340   2807.744211   2204.155610   1885.677340   930.313696   788.827654   1425.420374   1289.852719   1959.273760   5659.866205   955.658258   846.275816   1437.448439   1679.238464   1712.253595   2417.357186   2071.849548   1317.477220   2191.878589   5777.715840   780.887721   848.254029   851.270810   1143.835691   1073.413203   895.806820   7870.607985   1101.647360   2706.864936   0.000000   
141.600000   1047.707539   1276.994964   1452.666452   1274.672283   2555.335478   2449.996879   2350.594873   3276.741932   1998.530513   1684.689517   1157.032416   1038.018464   2105.277067   1398.670091   2100.219498   7087.669978   1024.736228   1461.489468   1817.772635   1968.198338   1322.183352   2878.941053   3070.507920   1774.155681   2253.829329   5419.548667   1015.956008   1412.786625   1443.725599   1856.118803   1943.830102   846.548481   7901.684900   1048.282195   2839.004616   0.000000   
141.800000   727.000988   1484.638143   1275.939497   1510.073366   2669.318028   2698.807626   2687.036480   3236.260752   1775.812610   2252.152872   906.374245   1214.178192   1449.661308   1719.229803   2544.206332   3687.879220   836.718672   1574.745085   1499.565285   1996.282514   1480.209531   3354.717570   3239.683445   1741.661159   2768.535986   7153.089051   1070.338218   1523.599227   1468.125937   2230.430228   2128.795663   1348.205726   7831.916558   1549.992326   2848.130430   0.000000   
142.000000   779.957267   1033.573080   1158.764040   1075.358324   2343.885210   1929.291081   2864.000957   2329.461903   2096.823037   1693.286441   925.124983   915.852451   1391.676023   1307.729872   2917.889805   3223.574971   918.862349   1128.688365   1420.881563   1619.012153   1605.914606   3102.877746   2444.666991   1287.010965   2335.082417   6777.427869   728.654665   965.451719   987.669178   1624.738595   1779.727157   1260.457549   7885.473987   1419.744629   2454.443577   0.000000   
142.200000   958.803533   1112.020185   1202.912162   1081.933021   2550.407436   1671.528504   2104.163865   2338.713244   1846.717875   1755.082660   1023.364282   1051.322192   1712.671249   1465.391775   2614.649836   4098.057079   949.783210   1124.337927   1722.371342   1751.130962   1482.810640   1706.901979   1942.027275   1457.871646   1892.904440   7181.202287   820.816860   1006.293275   1111.563256   1380.979041   1522.351978   841.573469   7879.954239   1369.845066   2622.736002   0.000000   
142.400000   865.753966   1309.093674   1323.228409   1438.004795   2342.146319   2008.125562   2689.147287   2542.690250   1902.785649   2013.136158   1049.443701   1373.341902   1924.025204   1888.316261   2731.497806   4407.738185   780.627899   1389.139475   1497.099272   1755.058484   1648.514111   1808.867474   2388.423045   1553.358885   2933.523213   5687.258367   1075.317127   1340.504018   1300.597651   2272.403556   2226.034611   1187.161965   7921.808752   1303.456334   2611.725516   0.000000   
142.600000   1117.060662   812.122340   1302.477038   716.397451   2957.350668   1303.842557   2772.712003   2128.111339   1875.611080   1494.887695   1110.711985   669.572770   1870.592160   1059.961501   3173.997034   5150.781624   1030.210961   759.731352   1714.234996   1284.824925   1573.684517   2050.430811   1693.304699   1165.659067   2164.874582   7739.793627   642.143887   742.404756   846.242809   1509.750111   1427.335099   1028.794993   7811.386464   1108.022046   3093.260684   0.000000   
142.800000   755.944186   549.922601   1158.679117   522.579987   2528.702393   1342.570418   2496.330018   2026.919365   1995.493628   1597.872873   897.802996   584.297758   1861.916002   1475.510905   2797.319737   4402.202124   832.049033   642.370837   1425.258308   1268.783897   1555.068597   1826.974791   1615.269213   1108.107008   1811.525426   6772.156662   582.725565   734.577113   799.944114   1038.235058   1275.360561   953.127472   7837.005624   1288.819207   2826.085395   0.000000   
143.000000   1164.260678   875.000165   1391.045530   811.750455   2934.320943   1234.069981   2698.922662   1463.558142   1909.266873   1349.055084   1303.964239   675.366767   2019.321437   1052.897686   2080.312244   4970.879719   1103.851967   903.000160   1573.088026   994.384037   1538.450552   1943.341600   1465.115298   1007.726653   1949.083808   6763.528384   639.748847   683.247915   785.192995   1084.617906   1098.654930   966.454751   7819.635173   885.238725   2905.197374   0.000000   
143.200000   737.050604   855.236482   909.610241   739.129070   1808.964873   1515.825696   1707.544580   1862.145460   1859.857019   1478.488970   727.097072   632.211793   1182.502371   1102.197783   2212.175401   6398.641238   724.979747   914.015755   959.973023   981.686176   1293.729319   2632.628432   1862.148167   939.760218   1751.742498   5366.490578   611.219490   746.316190   733.707762   1252.956197   1076.483297   848.514912   7803.920249   1087.900142   2530.879415   0.000000   
143.400000   911.103862   988.463770   936.184079   835.590171   1683.369826   1517.465291   1807.249006   2362.607116   1720.301364   1602.109182   884.266654   664.866261   1253.754181   1343.355908   2443.058209   5215.433466   944.583972   903.139315   1124.293720   1256.448341   1294.190793   2144.025652   1994.780227   1061.202023   1907.950420   3930.854521   688.688977   789.382952   823.580683   1428.969985   1481.849679   859.253649   7926.238015   869.900793   2640.881461   0.000000   
143.600000   953.779375   998.346363   1123.556288   873.447323   1816.780435   1770.017637   1881.381744   1843.409255   2183.060333   1665.013180   927.095052   759.115161   1298.912463   1301.956371   1672.714554   4379.664747   753.781422   937.799371   1182.787222   1219.026778   1632.429504   2422.243315   1651.860464   1087.557674   1776.346028   3801.921639   695.140603   874.583096   896.601536   1466.816673   1397.819117   893.457176   7837.801807   1089.986167   3008.600643   0.000000   
143.800000   984.061196   1029.850583   1163.052764   1042.937968   2191.390392   1810.454476   1848.680903   2423.107418   2039.517476   1582.987073   1029.785726   929.277259   1513.572410   1296.857839   2186.451317   4174.688632   886.868380   1217.656987   1572.356757   1530.668246   1680.310725   2494.090981   2241.784477   1451.063895   2103.613008   4545.870509   777.543047   1122.939123   1203.687289   1521.237127   1309.798608   607.455217   7873.068988   1015.872878   2616.595264   0.000000   
144.000000   759.397582   716.988949   1122.627855   736.806151   2213.379026   1478.480339   2268.460001   2026.509286   2095.296418   1532.951666   771.262172   575.920082   1234.682795   1279.314792   1823.741998   4664.171443   711.498358   852.989137   1433.458583   1250.966370   1606.196033   2669.294131   1815.001190   1188.833745   1866.879659   5533.660096   614.529246   830.766606   830.968751   920.593242   795.307951   629.244362   7775.813526   968.096041   2905.171736   0.000000   
144.200000   764.083430   692.538331   1064.434862   751.982558   2011.907088   1076.053515   2165.376928   1985.845342   2034.449409   1410.060358   868.064305   566.514588   1389.613690   1074.407908   1818.057561   4343.058702   865.752455   729.251609   1269.670851   1432.594496   1549.147361   1876.387888   1647.909997   1203.760996   1675.178032   4660.557377   538.758667   689.780744   697.651583   930.992542   830.830967   769.359717   7785.373107   1079.991676   2990.346852   0.000000   
144.400000   837.479206   633.428104   1089.430353   653.627963   2115.396101   1111.636780   2533.437747   1456.602174   2141.011038   1397.640400   786.801088   491.058028   1126.584793   1362.101786   1784.286101   3258.659367   808.122936   703.299809   1484.439194   1157.456022   1751.229546   1960.199041   1366.701244   1021.566722   1503.980956   4559.305573   576.822379   679.551072   670.452657   897.719529   843.817058   802.909920   7767.265412   997.368025   3016.853043   0.000000   
144.600000   871.466849   793.281743   1057.114732   653.952415   2127.421045   1167.000662   2381.659623   2054.391289   2329.476694   1367.649633   772.542041   548.475598   1312.124054   1075.529184   2085.969138   4658.839233   731.104111   639.352561   1390.492644   1287.756568   1698.414804   1785.443000   1877.269035   1128.643905   1657.029491   4849.962220   545.992839   681.586123   698.777526   1107.093833   1097.003123   808.856881   7816.392739   1098.923632   2726.738501   0.000000   
144.800000   1070.445701   554.682259   1048.513849   615.958790   2033.385300   1238.906786   2209.678781   1777.834780   2101.307092   1538.986590   905.244445   476.963116   1283.741361   1055.128416   2176.498798   4138.287527   958.737892   674.201881   1362.221002   1293.603966   1783.433440   2306.898269   1492.993197   1045.734245   2072.459594   5481.067990   585.802923   747.324443   696.560416   1385.175240   1302.699761   932.013019   7733.429929   785.369717   2695.277492   0.000000   
145.000000   802.867009   676.727503   842.191495   645.168175   1613.830088   1335.019858   1924.612545   1696.799718   2213.286308   1556.206684   693.961025   543.296124   1260.062470   962.988292   2208.084049   3955.491384   632.117088   707.225125   1186.865200   1135.279041   1774.701638   2064.929972   1620.854739   973.589775   1317.638683   4494.839992   535.720918   691.732023   688.803419   803.076359   793.272466   601.773393   7736.762077   763.859512   3431.342410   0.000000   
145.200000   499.242245   696.032010   836.344084   640.505597   1641.328236   1189.774045   1679.297568   1686.425181   2072.432017   1350.212504   582.442138   530.680484   1055.506152   1159.734232   1507.806019   4320.403808   427.872506   797.193243   979.176559   1092.371312   1432.679847   2343.964006   1486.647065   1023.099415   1349.228659   5518.166479   585.846327   683.885262   703.952184   892.428769   923.365239   576.405946   7708.090681   714.618579   2720.169144   0.000000   
145.400000   620.695062   863.413993   1001.038916   732.415611   1994.431067   1382.281516   2339.679450   1702.613296   1878.972285   1328.349614   734.454500   609.974902   1229.156567   1138.410111   1562.761029   4344.041366   648.938339   797.678936   1253.351999   1317.074724   1537.531720   1971.233093   1606.813556   1246.171768   1845.939133   3548.804400   627.990154   744.253861   760.546985   707.979058   681.612534   554.450082   7727.237405   871.931566   2994.655168   0.000000   
145.600000   612.497621   693.935193   926.566674   804.656296   1897.038996   1423.169043   1943.902734   1801.963799   1972.641260   1433.799628   680.136702   625.016686   1361.188703   1052.666598   1268.623675   4203.982616   613.866096   836.858240   1202.402827   1176.017786   1475.581061   2123.255588   1585.111196   1102.384512   1433.816366   4609.299859   616.554146   873.864239   865.876425   981.455174   1060.301802   670.028971   7711.020342   730.697205   2827.479467   0.000000   
145.800000   707.049798   945.121773   1113.684216   935.494196   2024.588651   1588.466607   2221.760951   1659.947365   1873.022776   1338.557715   881.324849   739.639400   1491.374280   971.488637   1995.077984   3514.538138   729.267026   899.179733   1439.325145   1188.625904   1440.593100   2043.074808   1888.140693   1206.426882   1580.423654   3748.146008   640.271975   906.788366   983.064239   907.354076   980.115457   607.236895   7706.032184   744.545294   2539.759964   0.000000   
146.000000   596.123729   1006.689023   923.964297   974.150661   1691.248096   1498.497320   1658.251378   1993.816461   1889.364441   1742.588257   692.213185   812.504692   1122.190884   1302.565856   1780.248691   4113.406295   697.595899   970.348959   1046.128211   1334.051299   1498.059551   2194.089463   1730.803572   1152.918249   1806.702340   3338.116238   676.224028   895.867992   896.972960   1327.141749   1267.742995   827.580440   7671.929467   944.123026   2982.802290   0.000000   
146.200000   867.744973   503.654001   809.113115   496.730167   1865.122292   1231.050040   2104.549475   1319.249962   1861.367477   1235.335114   665.566853   418.613748   1437.426741   1029.220903   1616.351938   4566.516106   652.754786   507.767257   1024.234053   887.383109   1405.891022   2202.513738   1323.189639   891.251934   1624.674008   4136.417799   470.830225   574.101393   582.154028   936.667968   1022.632361   662.821677   7698.809617   854.513087   2594.536309   0.000000   
146.400000   655.435085   487.177436   688.219216   586.177410   1287.278167   990.717462   1401.569360   1135.303368   1650.330531   1429.094330   540.553764   461.629447   842.746809   1023.010785   1409.693752   2801.159500   586.951288   583.251857   771.733449   797.116364   1451.690654   1581.708523   1116.535474   731.162839   1204.185022   3494.036529   495.082780   595.479063   576.301001   890.986835   823.729690   697.847214   7662.915537   933.627239   2886.469547   0.000000   
146.600000   899.510285   794.781962   903.739435   668.703593   1551.476099   1050.005137   1691.109713   1318.599127   1710.685994   1274.162441   686.454737   558.244365   1300.548883   1119.915072   1436.727443   2810.826415   953.176658   585.488537   1049.254330   944.488126   1292.142987   1694.095621   1225.321387   867.917278   1008.203490   3560.582815   494.611864   589.490125   599.086412   834.138126   851.739309   697.011918   7633.180520   841.660616   2754.170708   0.000000   
146.800000   512.986509   421.692553   709.200295   420.996180   1128.491502   752.229944   1331.623460   1437.303892   1587.876659   1332.349886   447.114024   400.469426   932.784378   978.615630   1349.334796   3564.881527   474.621622   507.365014   691.034123   958.022413   1257.257420   1164.841991   1115.119036   714.061135   1064.914691   3194.887241   323.948015   400.682713   511.870768   736.347956   735.570989   525.345676   7663.849542   726.744865   2489.998983   0.000000   
147.000000   496.396657   435.420956   653.794010   506.981137   1120.382933   1214.072012   1366.391227   1492.709906   1902.674518   1378.800332   510.396608   506.913993   793.021940   1009.751241   1275.870024   3533.933055   520.954649   527.444121   713.115690   956.827022   1366.042012   2386.924075   1529.713894   807.418920   976.632794   3279.577793   541.258151   585.192820   584.074589   685.749621   741.843259   434.623174   7635.768797   683.644132   2947.577943   0.000000   
147.200000   370.894677   628.633573   623.185934   495.031005   1009.583050   980.682969   1390.602670   1557.990811   1611.060658   1202.967902   457.269994   445.420818   692.152598   893.656002   1230.562487   3860.477483   387.849820   519.552932   671.389333   980.853903   1202.946093   1888.732712   1390.349579   858.129393   1148.814664   2931.210609   383.268795   507.191655   535.118652   645.138012   645.748298   509.800316   7639.011173   740.023459   2466.662823   0.000000   
147.400000   445.747324   546.152407   690.071766   466.441808   1304.521176   953.395105   1592.152840   1436.743084   1900.686522   1384.094546   547.229897   438.060694   822.734133   991.020999   1602.975468   2964.971907   497.393335   438.047479   838.359004   934.703713   1332.266430   1493.013923   1220.192946   693.926478   1116.303212   3830.671361   400.793565   430.064074   441.810436   726.806724   651.364372   591.115570   7625.041004   722.572939   2441.500255   0.000000   
147.600000   584.624135   464.670419   830.054199   510.372332   1380.022692   887.710484   1630.957318   1238.800872   1859.114078   1240.177698   658.042159   402.295252   1146.971212   1006.258839   1459.889698   2504.568055   646.462027   516.661289   965.303568   975.043698   1405.062589   1522.286672   1186.465475   900.358796   1374.352439   2366.775875   537.473278   552.379043   549.957026   709.524339   737.179387   496.590098   7607.694922   630.025857   3020.216776   0.000000   
147.800000   568.390059   638.382841   695.491350   492.777175   885.235745   876.527491   1515.620750   1384.180761   1837.460414   1258.067901   563.103742   501.047883   607.888268   1060.212694   1309.852759   2747.056989   552.401754   523.252072   715.324801   859.989774   1286.501989   1230.769248   1189.357005   718.277139   841.265446   3242.765696   444.355072   537.542162   501.917120   708.006054   769.140211   516.427633   7628.327832   648.006874   2462.216245   0.000000   
148.000000   500.813112   530.239866   777.855079   514.977882   844.315399   843.236992   1469.350114   1472.665125   1704.463203   1177.648420   529.113222   439.857677   675.281491   875.157999   1244.637261   3537.641654   461.570537   566.170847   664.312525   915.825547   1223.441776   1332.611002   1332.936822   787.887433   1021.713870   2768.718374   364.163776   486.132794   486.994933   761.391676   777.860790   503.541226   7607.755696   749.628190   2742.732473   0.000000   
148.200000   401.219923   468.588972   768.742546   419.213916   953.335512   969.244272   1007.282029   1066.680933   1578.563373   1136.935609   475.565816   378.824023   646.419661   992.591740   1056.742758   2284.272035   418.430047   495.183375   660.587299   768.767933   1099.534918   1628.200451   1098.235467   726.792224   967.787831   3221.481569   371.123320   484.736179   445.111614   745.987596   726.912818   514.184476   7643.660955   823.070895   2346.548372   0.000000   
148.400000   534.884378   687.693863   660.567898   530.818144   912.833588   714.605176   1182.480131   1168.901284   1653.915931   1090.561493   510.183498   480.094096   623.398586   939.729152   914.318624   2796.946956   542.261499   530.698548   635.581163   736.440902   1213.667905   1360.961126   1026.630549   661.054025   954.218897   2604.751181   358.962463   424.907108   478.827416   712.369354   643.360140   506.939144   7576.944689   728.173602   2240.155181   0.000000   
148.600000   492.555950   596.482480   709.088846   543.290759   1157.721281   886.805153   1220.206034   1602.369024   1726.902714   1250.369676   476.795409   424.437366   777.617321   910.346803   1232.170246   3986.306160   449.567959   513.863177   724.303693   883.201050   1199.817015   1321.737501   1281.511797   695.720434   819.519910   3432.275257   415.594024   472.416948   497.095780   778.396829   886.483570   664.290292   7588.881290   1076.974176   2581.023782   0.000000   
148.800000   549.668901   521.197873   783.772167   490.711418   1138.827504   837.492287   1202.956140   1008.070151   1652.674717   1126.022336   548.752045   476.117112   762.273270   948.924781   838.958127   1844.968617   500.097861   543.064315   847.693213   795.416665   1193.513474   944.978652   959.663640   737.182710   965.900529   1963.709720   348.031134   445.819057   511.033423   578.718252   589.093631   503.693618   7640.711294   682.661412   2396.071863   0.000000   
149.000000   506.651903   568.284840   719.535053   505.854002   860.834841   758.130250   967.794951   1066.434737   1494.214846   1125.889296   546.695535   468.424153   720.250627   887.805338   1068.851373   2494.242031   466.057503   540.463079   578.390853   702.977689   1176.592879   1417.940363   989.191766   634.292384   823.725827   2369.279522   322.125767   441.536694   442.096690   644.028963   651.613231   522.197284   7596.430622   701.390375   2213.871978   0.000000   
149.200000   582.054700   572.527093   776.030157   495.883718   1098.493207   859.066257   1257.080857   990.603492   1608.974100   1174.609844   551.663446   407.855667   859.863479   947.157594   1101.976912   2106.770291   502.309440   623.751244   813.225991   820.428716   1239.655442   1155.283305   914.976015   727.087214   1078.344614   2294.476149   321.495075   508.875161   531.315762   659.918766   662.541060   456.560371   7558.335929   600.232394   2398.191455   0.000000   
149.400000   651.060928   580.972733   861.090079   536.494309   1488.966371   970.597278   1256.474797   1154.066220   1603.694541   1140.601656   605.534548   417.894468   1111.033962   934.953359   1082.405616   2423.805051   487.470864   646.869168   974.572972   811.404616   1230.308470   1240.657894   1113.424715   766.718693   1099.155545   3210.989973   424.613055   563.034096   585.673654   734.982219   734.194764   529.679864   7539.292285   669.552458   2239.471449   0.000000   
149.600000   715.249909   662.460855   778.913155   509.750348   939.925847   826.894159   1029.161012   1121.893484   1625.194524   1081.223316   447.650329   355.099970   702.865951   953.201937   842.835193   2049.800398   432.127881   713.558042   769.807736   784.641666   1209.055173   1340.757611   975.487618   685.744295   894.441692   2319.631802   340.486453   440.909052   447.154499   594.054231   593.975204   397.700844   7534.827825   623.810033   2172.997473   0.000000   
149.800000   1076.973119   1010.729837   962.876777   602.160030   925.723377   793.273020   1271.765006   1116.096874   1712.874356   1082.439800   395.252471   466.934867   819.827341   996.156067   1159.184648   2267.633791   388.044285   1006.223105   903.530466   675.480688   1427.732505   1084.248041   938.928514   613.522918   795.148447   1952.619153   252.403817   404.267164   428.456566   634.026689   588.457625   462.073649   7531.875559   616.432819   2185.079999   0.000000   
150.000000   3205.919741   2898.134380   2524.589876   1544.515184   1646.331996   1501.352306   2315.730918   2034.329446   2845.901394   1722.846359   534.090587   1015.835916   2210.632296   1675.704918   1044.428174   2371.863735   972.883369   3009.081803   2213.716028   1082.635615   3043.117343   989.815111   964.651431   646.621610   1038.055802   2277.539923   345.995627   418.363383   399.166287   781.183914   755.181460   661.397021   7538.986026   955.521904   2258.628238   0.000000   
150.200000   3394.641400   2713.696720   2020.047469   1164.098963   1505.402560   1215.393018   2002.207348   1556.463362   3067.380502   1450.291967   660.593488   809.355458   1947.333111   1323.729661   1101.546603   2070.943847   887.397870   2515.708072   1898.765119   865.476676   3124.695922   974.997055   789.518556   607.474717   861.848984   2454.714406   356.388117   369.295321   444.785523   834.572247   802.507432   755.236028   7524.884047   1162.139309   2166.436981   0.000000   
150.400000   1154.602131   945.622742   934.237563   535.526518   747.677562   638.805849   1018.790179   820.546257   1699.657727   1063.315500   432.665057   401.392913   733.388035   945.207750   963.819922   1905.916952   499.317886   952.746069   782.195533   550.775955   1434.246501   884.074373   594.956405   492.598543   621.624074   1324.046390   259.336606   307.538448   349.726455   551.519796   538.147478   438.991974   7498.827135   783.305001   2252.335279   0.000000   
150.600000   704.331981   649.988526   701.269439   409.068134   648.263090   601.398481   975.525357   823.163848   1541.892905   1057.809833   329.198530   348.553938   536.789566   868.677262   1168.294069   1751.914610   396.609846   642.835512   569.733822   586.311807   1195.682520   930.730939   738.251045   541.081583   720.583947   2139.658708   255.069958   335.963611   373.307914   549.532764   534.781384   403.215146   7495.470725   715.520977   2089.311977   0.000000   
150.800000   530.826733   531.284503   665.925311   410.615300   897.886276   589.734848   1189.276499   1022.790540   1465.735772   1040.703253   370.776741   337.587275   684.082150   843.512024   956.433898   2058.087086   365.850026   552.033695   640.287925   716.738856   1124.786965   615.388472   804.543956   636.690197   903.561237   2497.187249   280.490305   351.574228   407.001488   524.026257   467.818202   327.223773   7492.812145   707.809994   2009.286141   0.000000   
151.000000   513.640083   437.687224   608.533039   360.235555   637.092546   628.990853   1083.063023   854.127707   1455.146485   1070.188723   379.152974   327.011555   487.861872   827.215021   812.050094   1470.479106   377.069367   434.613255   560.649944   656.705983   1093.274179   898.821284   749.803678   563.515329   602.520012   1480.122744   266.383820   340.788779   369.094957   478.069156   539.421492   433.347662   7512.142634   639.778647   2115.182256   0.000000   
151.200000   411.379256   466.573769   632.175853   433.184478   824.863630   695.907753   957.487647   953.919277   1450.994278   1037.139140   391.374447   368.756473   561.550107   842.664778   758.880270   1726.894519   379.455264   501.927627   665.498186   723.313520   1039.285601   841.433194   904.915569   644.613462   748.158990   1783.304472   349.451831   418.617225   446.675038   531.799393   530.369017   374.794294   7527.321145   629.712098   2125.423857   0.000000   
151.400000   382.384054   484.535040   598.247932   432.323460   806.551926   592.319054   774.004025   736.489312   1384.263161   1028.917810   373.961967   343.785528   602.021061   868.701275   1059.920848   1611.616630   360.961702   470.677084   549.208452   586.860510   1002.518652   717.683570   660.735247   526.047313   584.293701   2280.724875   332.259669   380.294180   389.537197   535.620314   600.129246   366.304047   7486.052594   590.760525   2125.065195   0.000000   
151.600000   338.824479   366.724427   561.340305   360.548446   610.209803   518.454547   861.427207   690.329204   1416.612346   1008.943408   303.772535   309.149834   420.362527   875.113533   951.308328   1384.749614   317.137864   419.687449   474.761173   585.769242   984.263903   580.851738   641.689550   504.367798   540.285584   1541.695603   313.106536   339.267837   342.818685   489.411123   453.506793   319.948970   7457.892263   595.995036   2032.039903   0.000000   
151.800000   439.596139   342.164546   587.730879   317.214148   703.342196   451.144376   871.028457   677.782999   1341.846623   991.186030   417.992254   299.933841   543.227915   803.315280   978.076444   1300.342379   367.340703   374.236472   504.599720   526.883288   991.081959   509.548933   592.220663   501.001286   537.113055   1422.441702   240.707544   299.874169   327.026851   319.036399   322.820017   316.505663   7481.392859   525.089830   2085.528053   0.000000   
152.000000   360.595406   353.115233   559.633445   324.865579   747.643162   572.590087   730.081783   836.444827   1317.226069   1000.228888   363.262648   282.649175   584.173320   816.364490   756.974173   1168.477437   346.258343   363.764211   525.866217   606.271593   945.167899   640.250351   763.299049   551.292966   616.266722   1691.582968   274.888037   333.733041   349.697447   488.889288   435.379028   333.403000   7454.881546   610.577173   2047.135115   0.000000   
152.200000   320.290288   341.223020   588.132842   351.425686   1035.538399   577.276247   1120.090485   825.689714   1330.623152   1012.104763   408.475616   307.771338   652.333322   868.807494   755.258167   1321.442523   339.749411   380.126187   669.725037   671.686989   984.163622   536.159082   671.716906   636.603077   903.972297   2089.855799   273.813165   335.254929   417.879340   456.883381   477.389951   325.407346   7449.548391   604.975578   2043.941597   0.000000   
152.400000   323.089162   327.042251   528.578101   296.467527   669.988316   512.570494   786.673966   804.493929   1302.593619   1021.266931   329.823075   257.533350   507.750834   802.750589   667.677715   1456.262600   295.153137   340.462982   499.754571   583.003858   927.918964   659.366035   674.611644   536.800308   686.642994   1345.982526   245.660464   290.954896   331.730022   424.396305   411.616890   341.164394   7434.254104   681.977281   2067.614408   0.000000   
152.600000   328.581100   298.908297   550.384370   298.534492   676.625186   480.703138   722.896455   664.850264   1299.658414   1002.444106   315.157080   261.684480   448.875224   763.658059   659.101338   1155.483564   333.005538   326.597126   457.619988   502.530957   914.331925   660.134232   575.168339   497.063761   655.636728   1547.419919   239.335410   289.806236   325.133000   457.208589   418.316355   343.202522   7426.643442   624.665770   2032.360977   0.000000   
152.800000   265.997199   339.210780   515.909600   339.494604   681.034936   433.728347   578.730770   694.986596   1309.522270   1006.879090   272.329653   289.040163   475.857192   834.158783   741.786797   1436.312969   277.408783   330.888350   413.366626   507.918154   964.067969   619.122406   515.839685   483.859734   567.603496   2013.569471   264.858995   287.827595   346.817528   453.004462   387.075628   300.812589   7425.439380   626.758882   2009.649360   0.000000   
153.000000   285.350532   317.055829   470.618580   273.017885   589.586944   383.966826   587.720214   564.326423   1324.818516   956.057724   279.168574   248.153159   409.049194   790.692379   647.794620   1245.403607   268.104180   289.613194   409.417842   467.200144   925.031736   681.489213   485.064200   424.602873   405.090101   1831.818916   253.535740   268.250802   272.808915   320.505734   322.113298   296.750261   7404.195074   530.092190   1997.770068   0.000000   
153.200000   287.628384   297.865685   523.429650   285.407721   613.903959   468.977468   659.034470   629.399189   1296.372249   961.236421   310.396274   256.022629   442.548723   781.838222   661.319273   1528.223874   301.242201   329.704468   468.766261   488.542195   907.138236   648.383031   551.873118   481.715800   385.881062   1626.653567   251.910274   276.809630   332.931377   308.455355   330.845834   295.050194   7414.156170   564.381214   1993.916110   0.000000   
153.400000   216.418030   283.469226   486.150260   284.638739   471.259370   471.399371   630.706870   572.342593   1300.884140   955.043652   257.715255   246.850867   329.314550   784.278335   590.159164   977.016063   218.100348   304.202609   375.767637   497.123178   901.100195   653.785382   558.244702   468.327149   448.279289   1732.058218   238.019534   279.170516   301.238745   361.113197   369.635009   300.556780   7388.138909   532.027397   2019.402277   0.000000   
153.600000   231.011356   289.549138   508.590747   307.994960   464.255979   385.475314   635.124251   543.140840   1289.865169   942.727716   271.080830   286.152397   361.019158   778.711632   683.225728   1003.589236   250.385344   315.165403   380.812328   472.349613   890.832458   499.005207   444.135619   449.316004   448.133477   1299.540817   247.555119   262.554470   295.962790   361.380773   362.147679   303.758019   7391.279327   565.377015   1951.839878   0.000000   
153.800000   247.861821   271.561969   471.927948   269.985916   410.230479   439.939820   560.196732   647.618735   1288.253606   935.659545   274.854477   248.387624   285.845330   778.859488   589.184141   871.132981   236.041813   310.578320   365.072071   522.108181   888.389503   453.963771   555.328960   469.860902   451.261188   942.475083   221.987316   269.110630   292.201885   366.496562   368.459381   275.948502   7386.805931   532.069770   1969.273535   0.000000   
154.000000   275.619630   297.448228   483.558122   278.148701   554.717533   455.879649   672.100227   611.557274   1292.051691   950.033692   298.529799   258.679906   366.479313   789.695007   597.201240   1060.843899   269.267542   309.639191   444.708692   540.215728   906.850169   608.141642   581.580456   493.845249   496.899668   921.742477   217.886728   277.372595   312.035882   346.306295   359.261898   296.960105   7376.863743   539.782980   1967.454039   0.000000   
154.200000   230.944102   257.206727   489.083530   259.526251   422.714711   354.857666   481.282992   497.740787   1259.070088   935.631488   288.817859   238.153208   325.625508   759.119727   637.322841   897.581864   226.693519   289.114147   346.492031   469.520927   877.139197   517.660902   429.678133   431.174431   430.385856   873.335050   210.965386   240.951301   288.480060   322.410576   345.424985   262.587978   7376.716583   504.851275   1949.144876   0.000000   
154.400000   210.014529   275.210430   478.099599   285.249916   486.366581   438.866171   633.701591   540.317168   1294.514918   934.486337   274.398238   242.788760   388.545999   766.766547   514.683808   868.430307   232.193175   318.586515   411.550644   487.813709   911.033768   576.103776   512.864279   457.438975   407.096379   926.547418   239.673498   281.757196   308.567191   356.256845   380.854484   286.750670   7369.634529   478.133860   1940.184358   0.000000   
154.600000   211.078776   272.492717   463.434172   274.002248   424.104696   386.282176   545.442519   574.128605   1269.256379   937.276361   263.361277   242.514191   311.596696   765.359245   624.989255   1082.559712   223.454184   292.714961   374.797061   474.753964   887.568514   499.984873   487.017534   431.354994   390.849768   960.230614   211.475409   246.959850   281.936094   333.930269   328.059367   263.596519   7354.432367   496.936799   1946.507966   0.000000   
154.800000   202.789772   266.364923   500.790119   265.131036   393.480883   348.747396   529.775282   483.550673   1272.604997   925.402214   297.550224   232.528983   368.698877   755.665798   533.199161   667.579098   235.673454   299.757991   363.497924   449.539409   894.055111   369.510350   429.298665   425.739237   381.245621   761.180849   226.280726   243.533896   300.780133   334.922854   348.025956   259.745289   7351.553653   496.453781   1914.470657   0.000000   
155.000000   223.307264   246.054357   490.297763   250.669913   444.943320   353.353995   630.994347   489.072659   1280.563505   943.143492   273.270342   226.124143   325.535548   770.018233   534.882086   852.301979   239.270062   275.560903   381.228096   462.467842   914.968249   499.310887   411.851015   429.342727   453.426336   671.471887   203.617696   228.914025   280.779075   326.888840   320.463159   262.169147   7348.185515   479.358936   1915.169872   0.000000   
155.200000   253.621560   251.314467   460.761766   256.760494   453.237731   383.305332   576.381134   510.483605   1289.266574   930.704236   274.779606   226.518713   321.804296   761.555201   509.472359   907.284882   252.186569   270.609715   383.587807   472.472384   907.898413   618.801828   485.348280   443.118411   378.266641   1054.719699   201.837445   249.499937   289.018762   323.206840   335.674259   270.167745   7341.082591   478.145823   1931.421573   0.000000   
155.400000   204.389054   230.264145   465.194000   241.867231   401.395285   338.693690   574.184880   509.915295   1252.435337   920.034083   270.615461   217.638801   308.206845   756.291207   539.775688   986.106405   235.006457   269.255874   384.251968   459.249992   877.337126   506.740895   416.384806   419.951620   384.459853   683.657015   196.802457   243.525401   273.403589   275.946509   278.858631   252.896220   7338.592452   478.029787   1919.575179   0.000000   
155.600000   181.534862   230.031272   450.373255   230.245977   393.488852   323.212274   474.752819   454.101843   1242.682152   919.314514   250.626457   210.084197   257.340216   752.403485   533.989892   841.261632   212.654117   249.057714   333.526111   448.190876   872.460645   419.349477   372.482095   402.452776   323.686521   946.302551   194.323321   225.562656   261.956525   286.397908   285.074105   247.564933   7325.605793   440.238317   1915.578832   0.000000   
155.800000   193.649862   239.562873   445.945800   242.403518   410.713183   322.756021   529.127340   496.091115   1260.861887   922.714417   248.125529   211.357507   293.966668   738.905460   458.409651   837.892904   200.467393   264.692441   342.230324   454.840405   875.450455   393.019881   391.358795   411.049918   379.139261   845.345946   197.630299   232.385151   267.529547   308.963385   306.310347   256.288064   7317.726047   448.806566   1959.371309   0.000000   
156.000000   210.136206   224.499057   445.664032   233.851142   388.933861   303.063388   490.621372   482.674203   1250.217981   918.732016   248.358711   216.639909   291.068074   747.012944   549.221405   782.728592   213.187205   243.970558   339.284057   450.683625   880.036280   422.486432   396.592243   405.497513   359.946665   744.981481   196.734475   220.669596   248.482599   298.786935   295.169346   260.718783   7319.879072   472.026929   1916.637143   0.000000   
156.200000   201.938024   217.454031   440.962815   235.066029   398.471380   316.744277   483.818849   458.505637   1250.113580   910.306012   252.966834   217.272204   309.654420   736.904106   514.067287   761.391666   220.578720   248.201359   356.049427   427.653463   869.930382   416.195355   376.490717   395.332231   332.101322   680.764850   189.714681   225.193753   254.787991   293.318301   281.823678   256.568969   7318.974806   471.293461   1910.139183   0.000000   
156.400000   206.562751   235.488881   444.676818   237.950353   372.243691   301.982466   521.346363   445.586328   1242.227004   913.459039   246.834937   213.374631   285.270292   749.565733   497.365879   774.135993   225.608972   257.021851   341.910173   436.942541   861.482062   377.498921   373.046291   409.262407   333.249920   617.535411   198.686345   226.409981   263.601643   279.549799   274.486184   247.106172   7303.492259   457.922512   1901.706909   0.000000   
156.600000   198.806101   230.439586   437.914413   236.040176   363.747078   315.135372   502.591178   478.825653   1241.833599   911.334448   252.625976   211.352592   318.956823   739.899877   446.984072   774.863818   215.990956   250.954880   335.541318   438.370313   865.615605   376.339849   388.591093   394.475840   335.060148   577.371990   202.734513   225.411073   262.048867   293.118749   276.023150   253.402531   7316.114469   429.848890   1902.857284   0.000000   
156.800000   188.006694   212.893519   446.998673   231.140471   329.437847   311.948019   453.297753   479.488145   1233.635013   914.225678   244.887026   205.834674   265.920916   738.154331   464.347008   635.869096   215.730802   247.532587   324.070808   443.292971   865.219964   360.458000   395.674738   403.078387   325.945276   620.631653   195.167872   218.514499   254.955659   282.265503   278.629816   247.820508   7282.247533   458.143450   1907.501336   0.000000   
157.000000   200.689173   228.900218   437.932734   233.019105   319.196028   333.781712   426.474047   463.694823   1235.688880   917.445121   239.659433   215.529042   231.217748   737.644147   418.769074   577.052867   230.357894   246.502733   328.556289   447.616842   859.485034   349.250515   413.473975   399.823125   308.613220   514.836502   192.394516   223.467683   252.600382   268.810722   276.129110   239.583352   7282.211718   449.861912   1903.336816   0.000000   
157.200000   190.486088   212.039689   437.108335   224.143031   327.785638   301.111889   438.591144   430.995093   1229.467776   912.387352   239.180191   209.453043   227.597233   730.994556   446.722374   633.963294   208.695535   239.971460   320.316846   427.453596   860.932517   352.227987   363.829155   388.402817   286.914800   542.704145   187.361356   212.016852   243.200314   267.106063   262.698554   238.739102   7274.705539   432.551702   1894.239286   0.000000   
157.400000   183.243830   204.341442   430.676965   214.912228   319.175775   270.959349   404.024702   413.965896   1222.056367   909.473455   230.724326   198.557534   221.924322   732.020178   455.533000   631.032660   200.946487   230.952559   306.203789   425.483308   854.157249   307.971949   334.716691   382.413841   287.483031   648.252103   180.041430   202.880383   241.258062   262.905400   256.154463   234.152996   7266.648176   423.657983   1892.623333   0.000000   
157.600000   169.928995   217.177766   428.974182   227.770187   329.404291   307.422137   408.215752   429.809438   1219.905278   904.018248   226.329738   204.442349   217.383568   728.237205   442.817500   558.511602   192.541563   243.770034   308.801243   432.392958   851.298175   351.005566   365.585352   390.833350   323.612985   651.699049   188.154547   212.647215   255.257512   281.274741   264.361686   232.178885   7260.902145   423.027403   1887.884225   0.000000   
157.800000   184.558504   215.422604   430.450046   224.500626   312.499355   273.655956   399.125780   425.291765   1226.063765   910.527494   240.515805   198.933839   237.130882   727.931464   413.663514   596.631398   206.695947   233.162477   311.461560   429.116380   855.676937   322.835664   346.867382   383.266234   293.319168   494.028054   179.308001   202.670645   241.940259   257.522668   245.361459   233.159278   7259.715105   420.009347   1888.199369   0.000000   
158.000000   174.694159   212.536844   434.382096   221.867875   310.629635   270.732841   439.562661   410.746553   1219.939663   907.383180   233.507995   201.759700   231.072288   725.321902   431.136941   502.127630   198.971601   234.368391   305.212480   420.211382   850.573590   312.283383   334.423882   382.188681   281.835476   495.016856   181.016955   201.772826   239.483879   259.164155   243.308233   234.309135   7247.481367   418.890474   1882.448898   0.000000   
158.200000   174.775550   205.320856   437.283404   227.632733   340.746697   297.296851   414.291546   434.010175   1217.344298   905.166070   237.848174   205.273258   263.620999   724.700577   403.322969   522.528556   204.633396   251.239500   328.623498   434.332229   850.732035   320.504389   368.399126   392.866463   281.204602   581.964431   179.517677   211.048792   255.889630   267.439634   257.177241   239.168294   7237.530586   441.708683   1883.087306   0.000000   
158.400000   175.395235   199.759924   424.493599   216.391748   291.730117   264.796942   393.861392   405.021727   1210.325387   899.442917   222.377311   194.565767   221.937033   722.923219   404.230079   490.222222   197.912561   234.290381   299.458218   424.208235   845.532850   312.053756   332.999036   376.431505   292.461907   401.785959   180.712212   206.173699   237.700070   257.483379   250.912261   224.590071   7237.119913   417.611977   1879.580020   0.000000   
158.600000   165.874699   203.184115   426.493578   218.177095   284.912539   262.717098   386.381092   405.513835   1215.565539   899.783544   227.966643   195.659751   212.562644   721.381732   398.872285   484.606858   183.860068   237.339682   296.518253   416.712257   844.274178   289.987276   325.063882   375.508363   282.544440   418.100758   180.673112   206.959804   242.718569   262.454819   261.477605   225.777342   7227.590794   414.161971   1871.725426   0.000000   
158.800000   171.362155   199.337590   422.077598   212.446767   298.347326   260.147657   403.730124   410.932024   1210.957371   898.244163   223.024087   192.962099   213.946274   722.411009   404.491271   508.173683   190.766808   228.194692   294.177453   422.225691   847.534255   295.115856   328.634728   385.813057   306.346137   434.843524   176.212729   202.268088   238.139673   257.368560   244.156037   224.285806   7223.113694   415.511707   1871.038573   0.000000   
159.000000   173.736217   196.582069   428.200211   210.030476   302.471811   253.484258   386.729589   396.000305   1205.978559   895.998251   229.800603   192.562752   230.538718   717.280265   406.398126   483.781750   192.072754   227.777848   293.457261   414.343691   847.112292   281.330168   319.628074   371.953447   274.767159   474.783137   177.106707   198.871221   236.296633   247.347735   246.831932   229.390239   7214.339419   415.023174   1870.895894   0.000000   
159.200000   168.363523   195.152484   429.867012   212.034452   289.071040   259.215342   392.114412   393.115037   1211.128559   895.199875   221.192341   192.385958   217.743700   717.975516   403.953287   485.683120   188.662032   227.743252   296.333526   411.601718   845.129705   277.785000   318.646895   374.666994   281.465053   493.190031   179.298632   202.603864   236.522766   260.618266   246.603571   231.641378   7211.836044   415.238528   1867.809945   0.000000   
159.400000   165.150852   194.559275   427.862864   210.416588   295.115430   252.547561   409.377958   392.260032   1205.006645   894.319186   224.102910   193.336838   212.335480   718.580861   400.908855   445.105389   183.515688   232.674677   299.433704   415.242054   841.852729   271.132111   314.482785   377.019821   281.738110   381.824471   177.568319   201.094806   234.911336   245.666950   237.561144   225.069823   7205.809017   412.077276   1863.297681   0.000000   
159.600000   156.468647   193.860754   422.825419   213.697415   275.652975   265.356871   385.953642   387.277898   1202.016894   892.262283   217.466681   194.178431   210.762199   716.947088   410.888343   438.805330   179.957093   227.875409   292.770686   412.461552   840.601909   285.684032   319.561458   377.215742   263.539623   394.310293   174.964222   201.196790   235.134054   244.716377   240.994842   221.497254   7197.148726   409.616149   1860.434236   0.000000   
159.800000   157.794091   195.678152   420.652680   210.957630   270.513433   255.849336   379.439966   386.607181   1201.974190   894.461119   220.100677   189.791357   201.348061   717.545619   394.002016   421.471476   179.077918   227.423066   287.653181   414.110379   840.879440   275.649450   312.768688   370.373773   267.140614   357.361093   175.355214   199.550119   234.056927   245.886179   246.622660   221.285181   7198.022929   407.133244   1857.926041   0.000000   
160.000000   158.821606   196.278434   422.144936   209.108383   269.636196   252.915046   380.841834   388.521797   1200.453914   892.707700   221.783420   192.027284   205.359522   714.720142   381.033825   423.661811   184.643166   226.155123   291.441838   412.427142   840.114764   269.931601   313.578641   370.585509   259.410382   371.685707   176.208060   199.256748   233.388884   246.293733   238.192173   221.859193   7195.508929   408.745402   1858.009869   0.000000   
160.200000   159.761317   194.986996   422.175302   209.827653   277.777577   248.906734   376.927314   387.587418   1202.400674   893.351806   220.067463   187.542745   208.593117   715.421915   395.156679   444.858404   183.816674   227.053869   292.766829   410.367644   840.916832   261.361366   311.419670   371.876382   265.417169   360.692916   176.676497   197.758167   232.556010   250.891195   241.332061   223.518343   7189.783496   405.673438   1858.705331   0.000000   
160.400000   157.984990   199.126095   421.726258   212.998950   281.719504   256.209990   383.305631   390.997729   1201.883836   892.344188   225.336902   190.769441   210.337301   714.992383   390.097918   428.683125   186.178424   230.226013   295.742107   411.963940   840.391180   266.665329   318.231374   372.745140   265.185360   335.271796   178.483343   202.373199   235.746718   245.937576   240.088443   220.372279   7175.486910   405.676150   1851.417360   0.000000   
160.600000   164.883125   189.408933   419.249264   208.557631   266.431716   252.735476   380.197910   388.850252   1197.059002   890.924329   217.233254   187.912710   202.284939   714.835945   386.055717   424.470369   182.112424   222.746293   288.271785   411.239584   837.235293   267.657810   316.484253   371.226148   261.616528   323.768320   176.506061   197.494775   233.418361   243.870307   238.280324   219.611183   7166.719771   405.691919   1851.940326   0.000000   
160.800000   157.239532   189.931800   416.419124   207.601390   270.328494   246.961121   376.770570   383.695578   1198.609778   889.484291   219.297310   188.224588   200.451689   714.805075   380.104427   419.024265   178.270451   222.620031   290.311631   410.600921   836.697206   258.689990   309.432860   369.230063   253.783130   324.143364   174.755652   195.932347   233.632592   241.092557   237.741202   218.948870   7159.170515   406.123871   1848.640267   0.000000   
161.000000   155.906889   193.489378   417.279054   208.450097   268.647335   252.120843   368.893371   383.475470   1194.751785   889.569185   218.406126   188.443775   201.104388   711.547979   383.084359   414.912500   182.031894   222.083061   285.874296   407.122062   833.604928   264.869327   315.859449   369.161037   257.718532   340.730738   173.360162   199.398028   233.631126   242.091512   233.578815   217.594642   7156.224542   406.061589   1846.150111   0.000000   
161.200000   154.668399   189.282225   417.466648   208.699865   258.158547   249.050927   365.438281   383.077579   1194.270425   886.514092   216.448255   189.256941   198.754334   711.532658   379.820191   393.873926   176.573566   221.266347   283.544905   408.561699   833.291852   259.125063   305.205640   369.377582   260.870967   315.989864   173.229310   194.228330   231.584293   243.303472   236.470530   218.434911   7151.273458   403.490104   1845.401414   0.000000   
161.400000   153.576050   187.348020   418.461944   205.871713   263.252831   243.244767   366.582373   376.834606   1191.807045   886.208020   219.654979   191.281327   197.615632   711.880994   379.390178   388.036553   178.094599   221.077821   283.130314   404.778636   833.604011   254.145900   302.205550   366.296668   255.839580   320.860267   173.554653   196.703856   231.185223   244.937358   231.659481   218.440336   7142.269221   400.903222   1843.093703   0.000000   
161.600000   152.065626   185.483415   414.409106   205.882419   260.433339   241.676752   363.112738   376.424573   1190.321097   885.912356   213.405116   188.918227   198.491506   710.600171   375.821837   397.796577   177.701430   219.125025   282.125573   405.553634   832.866966   259.885108   306.708059   366.505425   253.539662   320.474666   173.628369   194.316467   230.000917   241.057649   229.323641   217.949223   7138.443484   400.073740   1841.466056   0.000000   
161.800000   156.309346   187.201327   415.258755   203.532250   260.741097   240.004650   371.933166   372.862582   1190.938587   885.032126   216.446804   187.890641   196.828073   710.092289   376.378698   386.007130   179.253067   218.557575   283.246405   404.350753   830.807927   254.140747   299.987515   365.863846   248.767030   307.387318   174.490673   192.924047   229.309773   237.171431   229.524344   217.635760   7130.346154   400.884975   1840.993418   0.000000   
162.000000   154.009164   185.550466   415.975598   204.277888   256.259467   243.311428   364.340833   372.911811   1188.498435   883.664105   217.791301   186.224418   196.488699   709.015372   376.596424   377.101311   177.275099   220.393042   282.220448   405.584383   830.221815   250.880342   300.197010   365.891413   254.131140   313.651111   174.559180   193.141139   230.453118   238.553627   231.977646   216.492196   7127.399123   399.427565   1838.581609   0.000000   
162.200000   157.530190   187.772523   414.241581   204.438596   256.779609   242.088102   364.044621   372.848634   1188.265428   883.208490   215.148948   189.376404   199.789565   708.147608   375.410788   373.346376   179.042284   220.075012   280.109116   402.211552   831.038434   252.892226   302.269744   364.191899   248.483529   314.117881   172.469121   191.934483   228.480361   240.578217   228.863253   218.398543   7120.523520   403.044122   1836.941971   0.000000   
162.400000   155.069648   186.515451   412.715639   205.096143   251.967585   244.091604   361.047983   373.406146   1186.235313   881.526117   214.051761   188.091821   191.943818   706.625881   374.714771   382.921384   177.193645   219.360488   278.978623   402.527767   828.338737   251.731334   300.010117   363.996613   250.657035   302.724376   173.839082   193.522321   231.173103   236.840381   232.298160   215.997529   7116.251296   399.667692   1835.964018   0.000000   
162.600000   155.236112   186.544262   412.926066   204.799922   255.341312   240.884596   361.785687   371.646570   1185.037977   881.131299   214.221351   185.853298   195.386957   706.299867   379.675662   382.770237   174.575537   217.943445   279.600063   401.431225   828.487946   252.167252   299.647513   363.767094   246.116563   299.532700   172.221399   192.418173   228.318394   237.264145   229.737408   215.700577   7108.573852   398.737564   1834.068069   0.000000   
162.800000   152.948231   186.590740   412.902106   203.189175   254.249105   241.678089   361.165040   371.479428   1183.447018   880.957678   211.840932   185.162286   190.193716   705.842798   374.266026   371.418937   175.005217   217.487953   279.010679   402.207512   827.464296   250.156546   298.292413   363.793721   247.225412   305.233324   172.116691   192.244222   228.320506   237.477774   229.861776   215.575106   7104.968119   400.565371   1833.157937   0.000000   
163.000000   155.271260   184.879429   412.927391   203.708507   254.698830   241.492230   361.822497   370.038864   1182.791346   879.604707   214.026668   185.145519   192.206936   705.914569   371.494393   369.650976   176.634405   218.459156   281.370956   404.269960   826.378292   250.029697   299.331115   362.901334   244.606673   301.157176   172.721294   191.474897   227.423802   238.700917   230.294327   215.158131   7099.012123   397.940981   1831.698926   0.000000   
163.200000   150.247121   185.064955   410.842362   206.526089   249.042023   237.404270   358.505749   369.186590   1182.624717   879.075481   213.210056   184.494041   190.867295   704.062805   372.997034   370.567709   174.426140   216.571523   277.795179   401.743862   825.946236   251.529354   297.070541   363.318275   250.128975   301.138963   171.598265   191.091634   228.000958   234.929142   226.723268   214.191353   7095.784503   396.736112   1829.797181   0.000000   
163.400000   154.336257   185.116519   411.525329   203.630551   252.648813   236.876150   359.499136   367.897873   1181.429364   878.393483   213.498379   186.563893   192.747312   703.681038   372.024162   369.846212   176.098511   216.752725   281.547530   400.713921   826.733187   249.266169   296.091270   362.941267   246.665961   293.667273   170.932901   190.510659   227.159024   236.204041   227.287232   214.882355   7086.714742   397.561099   1828.614574   0.000000   
163.600000   154.192512   184.885787   411.128285   202.463883   253.196583   238.597919   359.345158   369.263688   1180.249363   877.040318   212.113460   187.507980   191.577885   705.621361   371.734863   367.567511   173.266771   216.335927   278.929370   399.679954   823.805332   248.136336   295.319052   361.459579   243.638829   288.297238   173.403458   190.522067   228.102211   234.622420   228.559266   214.902972   7081.413450   395.977795   1826.922103   0.000000   
163.800000   151.577816   183.727888   411.588678   203.096095   249.545277   238.173995   358.629844   368.841899   1178.978870   876.749905   211.287728   185.174140   189.137429   703.903058   371.516197   363.035897   174.611868   216.063097   279.701157   400.653233   822.998762   247.073542   295.378206   364.167531   244.812146   286.711011   170.983006   190.454394   228.472229   236.496113   228.658272   213.699881   7076.595877   395.644019   1825.980689   0.000000   
164.000000   150.841999   184.000430   410.704136   204.115339   252.332135   238.782952   358.741869   366.265642   1178.909584   875.692020   212.131643   186.644062   189.158770   703.577454   371.110204   362.968349   172.600762   217.421398   279.711007   400.875475   823.936984   247.645411   295.875139   361.175698   244.639790   280.500339   170.795668   190.024782   226.043648   234.374205   225.670550   213.720829   7070.548024   396.447479   1823.998663   0.000000   
164.200000   151.203287   184.488045   409.973610   203.481515   248.301862   237.680978   358.242541   367.441800   1178.184316   875.711670   215.361358   186.573659   187.991595   701.344630   369.416668   362.751662   175.875109   217.806622   278.725041   399.799733   822.476725   247.834286   296.542044   360.433665   242.990595   278.877312   170.905437   189.711813   226.221479   235.689262   225.934398   213.985087   7065.403631   396.423306   1822.887071   0.000000   
164.400000   152.333342   181.668416   409.605928   202.056557   247.441893   237.407469   356.469654   366.582095   1176.754482   874.798618   212.571660   185.782357   188.386095   700.770877   367.823755   362.956321   175.292150   216.419239   279.114584   400.120749   822.668167   249.808023   294.581876   359.465761   244.271185   279.068680   171.219746   190.319361   226.819433   236.628577   225.768423   214.435611   7059.378844   394.717743   1821.295544   0.000000   
164.600000   151.615850   182.058435   411.948989   201.687800   252.278425   236.528612   354.931869   366.539631   1177.323231   873.676846   215.014353   186.413419   189.034772   700.228845   367.894865   363.317513   174.183429   216.232217   281.280675   398.539680   821.365785   246.851725   294.086931   361.583651   242.074208   276.732438   170.906072   189.425926   225.699258   235.396072   225.537778   214.972236   7054.093697   394.243400   1819.882396   0.000000   
164.800000   150.892145   183.536720   408.033729   200.476677   248.784443   235.569213   354.859777   365.643512   1175.318748   872.895909   213.251368   183.619515   188.613610   700.124751   367.790356   360.302795   175.822529   216.559981   276.496449   397.497574   819.734025   246.075884   295.519722   359.546829   242.213184   278.943536   171.362059   189.303648   224.591393   235.243286   224.056311   212.911062   7050.072786   394.689050   1818.332832   0.000000   
165.000000   149.710170   183.580579   407.798125   202.568994   246.730302   235.022045   353.175062   366.292135   1174.053421   872.255949   214.098567   183.036500   189.524506   699.934879   367.055804   359.842062   177.116917   216.498508   277.258878   397.530379   819.242516   244.001188   292.995467   358.617269   241.977376   276.941842   171.636092   189.754587   226.019663   237.923427   226.417016   213.519074   7044.445386   393.811149   1817.176735   0.000000   
165.200000   150.206854   183.374563   407.557583   202.643727   246.373637   234.092992   352.923722   365.753709   1172.953053   872.723334   210.111020   184.312457   186.835966   698.999043   366.045307   358.268583   171.916280   217.237907   277.176668   397.050678   818.312884   245.844978   294.439242   358.495624   240.475074   276.174904   170.800177   188.458026   225.423425   235.873083   226.301018   212.576830   7038.882433   393.126974   1815.955250   0.000000   
165.400000   148.759181   180.697723   408.618819   201.622357   244.153053   234.942188   353.544554   364.162117   1172.271625   872.103854   214.510825   183.756388   188.384742   698.692371   367.429666   357.029030   175.525196   214.919686   276.723201   397.126510   819.768035   244.662097   296.437407   361.839608   240.450458   275.478455   170.840780   189.580434   224.537514   232.981043   226.280811   212.249708   7035.785092   393.279272   1814.255756   0.000000   
165.600000   152.522247   180.425759   407.999119   200.205319   245.822123   235.065437   353.192534   363.807786   1170.606742   870.823761   211.459340   183.037313   190.940272   697.505649   369.651044   358.548239   173.476810   216.082796   275.662347   397.451889   818.090592   244.109898   292.401314   358.699632   240.825337   274.006636   170.080488   191.233308   225.843800   233.369189   229.487298   212.997091   7027.950732   393.419767   1812.776621   0.000000   
165.800000   151.597027   180.643429   409.959285   200.572063   245.596600   235.420896   353.149220   362.943640   1171.641881   870.824831   210.278686   183.313767   189.954823   698.249253   368.984980   356.473571   172.787862   217.120000   276.279266   396.837942   816.754711   243.530809   292.286384   363.142924   240.581653   273.644555   170.421389   189.068760   225.746564   235.145739   228.019653   213.584196   7022.833111   392.283656   1811.568758   0.000000   
166.000000   148.437122   181.050524   405.825247   200.491513   246.946312   233.713843   352.001449   363.349870   1168.927650   869.503933   209.588165   183.742635   189.819456   696.675550   367.410041   355.937246   173.179307   213.734231   274.583542   396.423592   816.546084   241.795104   291.349569   359.412141   240.260755   271.242809   170.028499   188.800552   227.430720   231.813321   224.767483   211.264822   7017.650456   391.900080   1810.107013   0.000000   
166.200000   149.487378   181.608872   406.811829   201.746242   243.493595   234.209332   350.848324   362.687576   1169.779195   868.992629   207.681507   182.121049   187.758375   697.131561   365.325489   353.707196   172.917432   214.493742   275.552289   396.193480   817.086817   241.273441   291.995585   357.161338   240.813245   271.887628   170.821721   190.453082   223.273748   233.673580   228.981948   212.500843   7012.132344   391.739430   1808.951121   0.000000   
166.400000   148.133150   180.953823   405.591813   201.858580   243.999689   232.982376   351.218493   362.005657   1167.099320   867.991448   208.476441   186.497978   185.972631   695.537297   365.752416   354.286120   172.353985   214.049392   277.453644   395.194880   815.096514   242.674263   291.357203   357.489866   239.503206   270.373531   169.297458   187.944765   224.173625   232.895741   223.731306   211.185522   7007.359919   391.171216   1807.914124   0.000000   
166.600000   152.601174   181.145356   407.928470   199.419229   242.950416   235.667390   350.893381   363.141808   1166.901998   867.738869   209.641029   182.822291   188.095190   696.553486   366.069321   354.149514   173.571150   212.801963   275.251763   394.766856   815.261834   241.475079   291.235698   356.531620   241.965908   270.784622   169.759776   189.510161   223.302537   235.947585   226.090571   212.369306   7002.843347   391.759115   1806.397335   0.000000   
166.800000   151.141997   180.310288   407.110881   199.514135   248.092102   233.027951   354.645353   361.509313   1165.573665   866.888778   212.390164   181.582282   192.260273   695.049720   369.448217   352.287790   180.883418   212.686098   277.123132   395.123882   814.956245   240.716738   290.218683   355.877228   245.487043   271.436837   171.490142   188.714805   222.786246   238.001532   227.351733   214.225844   6997.022929   392.001401   1805.040411   0.000000   
167.000000   148.752993   181.673419   404.954617   199.798508   244.107076   233.069493   351.614661   362.472039   1164.690255   866.643713   211.107339   183.761876   186.727053   694.047551   365.808877   351.934384   172.731515   212.802014   274.172238   394.582840   813.730061   241.784855   289.675652   355.732723   240.906046   269.059952   168.718918   188.363819   223.879860   234.379008   224.749865   212.256672   6991.657025   390.182671   1803.459650   0.000000   
167.200000   146.008018   181.115444   405.218754   203.480637   241.734909   234.050976   349.566276   362.163409   1163.813066   865.370947   208.152022   181.731174   184.619693   693.876499   364.695365   351.720242   170.555949   214.518102   271.980940   394.601471   812.201455   241.243621   290.281563   355.634811   238.943385   266.872168   168.359384   188.583238   222.548357   230.420055   221.926932   210.586207   6986.778796   390.929039   1802.010299   0.000000   
167.400000   148.642382   181.854209   404.359600   199.168129   242.698971   230.843719   349.302634   360.705678   1163.435039   865.172884   211.120502   185.606983   185.166824   693.107244   362.907885   350.621561   171.591247   212.237515   272.171788   394.757600   812.870894   241.114730   290.534566   356.838257   238.446877   266.819240   169.231666   187.572624   223.376125   230.049927   222.776051   210.252456   6981.518724   390.002313   1801.081238   0.000000   
167.600000   148.893301   179.958287   405.689510   201.271735   245.151525   232.784708   350.190974   360.897427   1162.415921   864.634268   209.808607   182.172732   188.039396   692.583247   363.849955   350.371006   172.558014   213.749997   274.251874   393.904110   812.043320   239.592488   290.671432   355.098462   240.570010   267.064357   171.411077   189.255660   223.824658   231.637180   223.643453   211.491152   6976.725640   388.453870   1800.242475   0.000000   
167.800000   153.377268   180.666084   407.565037   199.376602   245.334917   232.488931   351.944636   360.336625   1162.830545   863.469941   209.630866   181.304658   187.909247   691.970428   363.866704   350.173447   176.448538   213.159277   274.928830   393.387637   813.638945   239.263934   289.823185   355.448947   238.704580   268.207700   168.146542   188.071864   223.464482   236.526685   222.230725   212.883505   6971.208431   388.033123   1798.135060   0.000000   
168.000000   149.591670   179.169298   404.626348   198.135077   243.694411   230.820723   347.365182   360.596230   1160.745685   862.790908   207.689431   182.882098   186.289480   692.199618   363.054893   348.494518   175.476518   212.220114   272.229757   393.334600   810.594526   240.306510   289.022163   354.973371   237.864740   265.771075   168.246666   188.005766   223.332851   230.768809   221.480660   210.216198   6967.076510   388.496639   1796.865064   0.000000   
168.200000   150.629060   181.331114   403.551737   197.727287   240.600928   231.998276   347.609872   360.566735   1160.647723   863.064668   212.155229   181.291904   187.681885   691.805645   363.141358   348.099011   174.778300   211.193740   271.521817   393.189914   810.605634   239.248796   288.333527   355.245771   237.786390   266.252946   168.485548   188.738546   222.275044   230.945788   223.304054   210.760736   6961.453159   389.485329   1796.253924   0.000000   
168.400000   148.080366   181.279476   404.307934   200.451028   241.333231   230.805024   346.767257   359.665887   1159.635610   861.555520   208.602062   181.379573   185.157881   690.850773   363.272553   347.387502   170.029759   211.827269   272.950819   392.672630   809.154532   237.844715   288.774635   357.295009   236.420414   264.266542   168.515922   187.354098   223.433297   231.430851   222.840639   210.606355   6956.842404   389.136762   1794.928875   0.000000   
168.600000   151.268016   180.131112   403.637170   197.564223   241.364258   231.191069   349.265305   359.875366   1158.046166   860.901611   210.372789   181.351911   184.938576   690.189511   363.689861   347.333529   169.907201   211.922980   274.178384   392.978284   809.125557   238.450728   288.123975   353.875902   236.522104   265.393006   169.067964   186.657462   222.722334   230.167393   224.190217   210.559400   6951.452442   388.265117   1793.284641   0.000000   
168.800000   151.359081   184.345315   404.049940   198.040430   242.432542   231.002842   347.963132   359.052841   1158.153235   860.342904   209.583732   183.295062   185.660715   689.933901   361.230304   347.106628   171.753232   211.183110   271.844490   392.845623   808.378344   240.424291   288.214851   354.432368   243.957650   266.837759   167.226837   186.667788   222.776121   232.056054   226.247687   211.649204   6946.817297   389.326457   1791.676540   0.000000   
169.000000   149.582015   178.552132   403.804070   198.038514   241.636195   230.870290   349.513768   359.189979   1156.704006   860.018145   207.282102   181.161114   184.878288   689.147610   361.351860   347.024199   171.063738   211.626367   273.738516   392.194952   808.522412   239.330846   288.547508   354.286062   242.259227   263.639134   167.463462   187.329459   221.944544   229.191676   222.898735   210.572895   6941.577254   389.034466   1790.655433   0.000000   
169.200000   148.292683   179.572676   402.721379   197.981790   240.020395   229.610746   347.343076   357.730735   1155.450340   859.331995   207.110863   180.461244   184.471318   688.813518   361.330779   347.229295   170.042162   210.960787   272.376154   391.911663   807.758688   238.248469   288.113097   354.981702   236.632887   262.815199   168.585004   187.469306   220.919896   230.025498   223.763326   209.804649   6936.772056   388.160627   1789.130228   0.000000   
169.400000   147.397491   179.429967   401.364466   197.321811   240.442812   229.471145   347.011933   357.720165   1154.797706   858.718735   208.348806   180.661074   182.890661   687.898500   360.328067   345.997154   169.490408   212.432447   271.090194   390.999409   806.714014   237.647054   286.993438   353.758763   236.594788   262.863180   168.573462   185.360186   221.062671   229.872031   222.402268   209.669850   6931.695526   386.973679   1788.076269   0.000000   
169.600000   146.055339   178.461925   400.826697   201.640031   242.095733   229.906136   345.555574   357.539510   1154.159419   858.384277   206.693056   179.585941   184.025389   687.858531   362.113235   345.472364   171.833340   209.633351   272.114511   390.977379   805.647697   238.411945   287.305984   352.679101   237.417555   261.910138   169.368508   186.548108   224.009764   229.331195   223.407277   209.818671   6926.808120   387.204405   1786.847239   0.000000   
169.800000   148.690807   180.200893   401.024581   197.996937   241.948708   229.655653   345.300640   357.340937   1153.424236   857.523790   208.242598   180.777915   184.049796   688.049973   359.841560   344.797411   170.188798   209.856607   274.595283   390.793675   805.639938   237.211125   287.634398   352.919653   234.455956   260.968664   168.869411   185.305473   220.872912   230.328283   223.829040   209.109452   6922.123886   385.620557   1785.617272   0.000000   
170.000000   148.925863   180.863918   399.993509   198.025883   239.583516   228.763396   345.792407   357.869413   1152.606643   856.830741   204.670987   181.068412   183.262221   688.213608   358.936843   345.290875   170.287697   212.548191   271.693628   390.078066   804.149462   237.465182   286.862345   352.010846   236.086306   260.978319   167.486857   186.950857   222.951970   228.451998   220.668780   208.800494   6917.501778   386.603331   1784.943346   0.000000   
170.200000   148.859059   178.367073   399.461255   197.463591   239.654614   228.581782   346.263635   357.019034   1151.445607   856.620952   209.040746   180.927875   182.484428   686.355962   358.386814   343.919963   167.706043   209.105014   270.879172   390.363134   803.169187   239.568186   286.631034   351.178937   233.170267   260.065244   166.981638   188.795179   221.010487   229.298274   222.221761   208.346391   6912.643288   385.149288   1783.283292   0.000000   
170.400000   147.237506   178.628025   400.740146   196.308450   242.649721   229.746398   343.938353   356.753865   1151.587377   855.878420   209.215960   180.938693   186.470787   685.448399   358.522142   343.734270   169.042161   209.448251   271.625833   389.448347   804.016587   236.858081   285.442321   351.692765   235.738089   260.690425   167.348879   185.082982   220.075726   230.734375   223.177361   209.699087   6907.735239   386.310445   1781.972341   0.000000   
170.600000   148.935535   178.839071   399.636161   196.578500   238.336412   229.057221   344.102307   356.037378   1149.842395   855.770263   208.545927   182.413476   181.826253   685.505609   357.987982   343.413211   168.806602   211.597863   268.733825   388.671517   802.035870   236.590766   285.504152   351.915352   234.264295   259.870240   166.190542   184.868736   220.375771   228.966421   220.689898   208.604194   6903.072576   385.862850   1780.620725   0.000000   
170.800000   149.298158   179.699574   399.245013   198.615735   239.705797   228.237819   345.079816   355.626384   1149.704423   855.067134   207.164987   180.104825   182.829848   685.164089   360.920456   344.747052   169.301168   210.379061   270.281056   389.044905   802.089359   235.614038   284.882001   351.855050   236.264743   260.403842   166.534082   185.371465   220.447915   230.994869   221.931111   209.475393   6898.338216   384.998634   1779.200286   0.000000   
171.000000   148.316679   178.040596   398.940487   196.965422   239.737017   228.362871   344.519280   356.084346   1148.325818   853.618167   207.424212   179.956592   183.135821   684.530868   360.462588   343.035940   170.301925   210.390572   270.234608   388.338899   801.550265   235.023433   285.148967   350.992463   233.989575   259.046750   166.755999   186.746746   220.740773   228.290622   221.429989   208.783691   6893.565993   384.588278   1778.334531   0.000000   
171.200000   149.105857   179.560980   401.049602   197.055079   239.686522   229.723316   347.296331   356.208266   1149.084909   853.482435   207.197125   179.125036   184.053382   683.756930   361.065399   342.856484   167.535812   209.248771   270.043801   388.077477   802.411150   235.307475   286.371783   351.751624   233.224061   259.035469   166.060696   186.525998   221.464470   228.520836   221.153739   209.145407   6889.024629   384.969489   1776.923464   0.000000   
171.400000   148.748953   178.615594   399.514136   195.156152   240.544814   227.916533   346.456075   355.085740   1147.477110   852.635056   208.912985   179.088964   185.633940   683.222400   358.584927   341.713789   173.889169   209.617473   271.693461   388.691040   800.805372   235.587860   285.174547   350.535698   235.525182   258.969981   166.612192   185.124975   219.298237   228.342235   226.503174   210.038975   6884.367654   384.610802   1775.812907   0.000000   
171.600000   144.454396   177.703207   399.257349   194.911777   238.097585   228.893881   343.567343   354.547046   1145.651312   852.042328   205.949659   179.429859   181.987542   682.975265   357.560508   341.693344   170.130003   211.995743   269.490279   388.302405   801.022581   236.552162   285.244638   350.880329   234.062657   258.029356   165.315500   183.620273   219.481879   228.826748   225.109512   208.746641   6879.629318   384.744114   1774.386041   0.000000   
171.800000   144.053133   176.238052   398.071560   195.068898   237.664856   227.615390   342.887169   354.592501   1145.417608   851.745278   205.676641   178.713919   183.225431   682.763392   356.907334   341.649144   170.615649   208.588676   268.764414   388.539586   799.515978   235.899060   284.534597   350.504260   233.642554   258.285238   166.362197   184.457048   220.476234   225.659010   219.098879   208.194667   6874.885742   383.940986   1773.239255   0.000000   
172.000000   143.032962   176.991237   398.003415   197.376031   236.907006   227.457161   341.322056   354.709049   1145.867783   850.802944   205.630697   178.174893   182.723959   681.742799   357.143185   340.770896   171.284898   208.318906   268.777676   388.472527   798.983550   234.573656   283.823038   351.424380   233.939484   256.360599   165.229161   183.798999   219.731950   226.404239   219.887830   207.026955   6870.204914   383.655423   1772.167757   0.000000   
172.200000   147.566530   176.388649   397.421341   196.153799   237.596174   228.007908   341.464709   354.971177   1143.541728   850.290613   205.808385   178.656208   180.837837   682.045018   355.600635   340.538770   171.092482   207.696384   268.075788   386.885404   798.789286   235.310357   284.226076   349.628904   234.358771   257.551632   165.528444   184.082656   219.003852   227.155497   219.849907   207.352897   6865.783719   382.988595   1770.883763   0.000000   
172.400000   146.252343   176.347198   402.085695   196.122203   240.723764   226.973651   343.153326   355.777832   1144.308838   849.841663   207.149113   178.111271   180.918427   682.640328   356.430464   341.846666   169.903397   209.292117   273.788751   386.404196   798.256686   235.965839   284.774821   349.320516   231.099294   257.146624   166.112964   184.919854   218.903011   232.437888   221.935883   208.851815   6861.168228   383.577991   1769.730942   0.000000   
172.600000   146.382262   176.834659   397.312009   195.325385   239.986097   225.939460   344.471445   353.848051   1142.505415   849.218841   206.998036   178.459875   180.851904   681.140767   358.715602   339.774836   172.828113   207.344240   269.093772   386.608707   798.795800   235.318162   283.909433   349.826395   233.308824   256.550041   166.292879   183.284646   219.151161   227.066336   220.317452   208.064174   6856.562034   383.447749   1768.573517   0.000000   
172.800000   149.022953   176.044221   396.271254   198.336410   237.030243   225.268768   341.258729   354.467823   1142.489452   848.863007   208.996929   179.399483   181.026994   681.126128   355.262135   339.613049   168.464912   210.911314   268.283690   386.469302   796.833312   234.197293   284.534605   349.226265   233.126288   258.133294   166.173907   184.570502   217.650653   228.115065   220.326859   207.870354   6852.002263   382.082265   1767.292562   0.000000   
173.000000   143.949244   175.202793   396.826792   194.594382   237.034609   225.478144   342.209815   353.516904   1141.784026   847.876966   208.317011   180.861668   180.872211   679.391633   356.753598   340.055925   167.722912   208.327137   268.586028   386.705826   796.295460   233.158019   282.686345   349.560458   235.094096   256.040651   164.735252   186.871038   219.081478   226.003640   222.902746   207.708609   6847.342013   381.975391   1766.219792   0.000000   
173.200000   142.382379   176.437605   396.213330   195.198484   239.253225   226.833160   339.991223   354.592640   1139.914241   848.125522   203.798023   177.354351   180.411040   680.333919   356.408310   339.412234   168.806516   208.184998   267.911117   385.642666   796.082389   233.254571   283.093985   347.546096   234.402489   254.907021   164.821001   184.101018   218.549562   225.985417   217.799659   205.967148   6842.887148   381.904135   1764.988769   0.000000   
173.400000   141.593448   175.788415   396.984263   194.781274   235.643381   226.372711   341.495550   352.784196   1139.708730   846.944176   204.272074   178.173979   180.105109   678.742833   356.340486   338.976753   166.688019   207.295846   268.363347   387.078290   795.244570   233.066071   282.523496   348.040416   233.052523   254.404173   164.119593   183.556911   218.577905   225.687615   216.494222   206.207320   6838.379699   381.049845   1763.989072   0.000000   
173.600000   151.578134   176.996557   395.865462   195.937353   237.939598   227.402245   341.565746   351.863506   1138.555727   846.249847   207.178505   178.810596   181.335335   681.110321   355.377036   337.447793   171.732317   207.681338   268.020321   385.200962   795.846060   232.372167   282.158908   347.618218   233.442077   255.288431   163.876831   183.118803   219.163557   226.110054   221.156468   207.906872   6833.931757   381.513904   1762.597632   0.000000   
173.800000   145.597421   176.526541   394.599752   196.251015   236.359242   226.450324   341.502982   352.158043   1137.666338   846.360205   205.668696   178.524372   184.604192   678.321535   355.756961   338.820730   170.629243   207.706184   267.195533   385.985095   794.297021   233.514574   282.052324   347.557044   236.443018   253.003350   164.983030   185.002953   219.000381   226.326616   220.274132   206.891479   6829.466307   381.182495   1761.966720   0.000000   
174.000000   145.637564   176.152864   396.269696   194.913609   235.748618   225.609667   340.687858   352.347401   1137.392452   845.230131   206.113430   178.322364   180.355838   678.113380   355.745143   337.092988   166.258945   208.011297   268.324499   384.841829   792.628769   232.412557   282.822897   347.186738   234.013381   255.248601   166.870063   183.141959   218.305237   226.975204   219.299929   206.351232   6824.926839   381.615534   1760.498761   0.000000   
174.200000   144.496730   177.807416   397.859416   194.745158   235.611092   225.958899   340.903579   351.675874   1137.741651   844.546520   204.810979   179.222490   183.945540   676.900068   358.316050   337.729281   168.829159   206.618382   269.271722   385.347881   794.745550   232.006742   283.022023   347.819984   231.699455   253.209973   163.744316   183.527532   217.938948   229.398803   217.963114   207.895004   6820.501590   380.446763   1759.294945   0.000000   
174.400000   143.572252   175.901214   395.928007   193.150227   235.016044   225.318191   341.533358   351.140361   1136.024650   844.060577   205.812543   179.330834   183.381064   676.706868   354.308540   336.847108   168.711413   206.715578   267.621989   384.959636   793.815512   233.481012   281.573110   348.485001   233.877623   253.639747   166.487050   182.641498   218.193126   227.836143   218.585775   206.639876   6816.136632   379.820989   1757.904931   0.000000   
174.600000   144.220418   175.466132   394.107477   197.056432   234.674738   225.161469   341.432970   350.549881   1135.691907   843.496717   205.350429   176.651737   182.525854   676.082147   354.128565   336.715197   168.853996   206.343295   267.425523   384.854171   792.175533   232.477461   281.034978   346.777408   231.042235   252.917517   165.649846   182.764896   217.997616   226.500098   216.235478   206.127119   6811.704696   380.150101   1757.120988   0.000000   
174.800000   147.549268   175.466536   393.533903   196.306417   236.232051   225.067629   338.062362   350.542681   1134.403401   843.456276   205.845838   178.391611   183.591053   676.399367   354.588925   336.229835   170.182922   207.913136   267.810212   383.681310   791.342610   231.719064   280.483212   346.034566   232.711616   253.185481   163.807636   182.842008   216.657021   225.973282   216.922890   206.350121   6807.437958   379.808935   1756.112451   0.000000   
175.000000   146.373865   176.652873   394.575214   194.119043   236.109188   224.624252   340.278539   351.392665   1134.591886   842.868932   206.771931   177.432792   181.351291   674.903214   351.695073   335.736781   169.779191   207.142720   266.848401   383.851401   792.433548   232.010826   280.835126   347.786826   234.508126   253.575789   164.341515   184.194984   218.274016   227.586401   217.584936   206.557379   6802.972580   380.087622   1754.726543   0.000000   
175.200000   144.096803   176.094818   393.350786   193.344246   233.991826   225.338020   339.330001   350.092950   1133.713505   842.126155   203.422883   176.032926   178.842962   674.704495   354.178061   336.082272   164.160557   206.693682   265.985358   382.984973   790.799225   230.588990   282.106425   347.362770   229.654860   250.588942   163.667828   181.307493   217.524158   226.365854   217.045789   205.646352   6798.661280   380.919445   1753.838556   0.000000   
175.400000   144.724773   176.748014   394.501417   193.453589   233.518693   225.324486   339.423613   350.212397   1132.609519   841.529998   204.761671   178.638075   179.838241   675.191403   354.126369   336.098555   166.377458   207.438948   268.514214   383.188550   789.818696   230.990986   281.063236   345.903928   231.392905   250.036537   164.677462   183.245834   217.560656   225.144115   215.823283   205.830018   6794.316211   378.945262   1753.005757   0.000000   
175.600000   141.543855   173.983546   392.439092   196.524008   235.601644   224.796174   338.643036   349.108150   1132.945123   841.508207   205.445646   176.736415   179.568117   674.675811   355.359926   334.863502   167.152681   205.932283   265.699843   382.644575   789.133561   231.313417   280.753524   344.985397   231.046355   250.752379   163.756384   183.142635   216.896106   228.255463   215.388763   205.597241   6790.010754   378.633719   1751.264953   0.000000   
175.800000   146.109660   178.060319   392.896824   191.975791   236.452373   224.300664   338.344546   349.923050   1130.415849   839.976297   205.127817   176.001306   180.799718   676.003958   354.938238   334.163751   167.291583   206.464039   265.477387   382.942003   789.710289   230.567380   282.435025   344.997254   233.416890   251.610823   163.463515   183.258846   216.722661   226.318031   215.706522   206.229848   6785.756163   378.377756   1750.019574   0.000000   
176.000000   144.146820   173.818642   391.606145   192.117688   235.183201   223.815677   339.385886   349.148701   1129.090076   839.561192   203.111960   175.168491   180.566043   673.015778   352.467871   335.152534   164.312086   206.620574   265.108188   382.658903   789.010176   229.997137   280.716631   345.932300   229.523218   252.743337   163.576737   184.084096   215.405367   224.921088   214.402280   204.645244   6781.493893   377.621472   1749.457647   0.000000   
176.200000   146.610076   174.843910   392.346767   192.543694   238.598077   224.808433   338.804331   348.989379   1129.279663   839.408870   209.084629   178.044374   182.449722   673.873896   354.711478   334.378601   170.179886   206.369073   265.142984   382.062681   788.677435   230.800317   280.167227   344.567919   232.781541   252.390492   163.254150   181.722534   215.406649   226.029900   218.150326   206.308267   6777.103096   377.261213   1747.929770   0.000000   
176.400000   145.205239   175.470140   393.881101   193.460685   233.985356   224.526391   339.691791   349.015669   1129.019113   838.662057   206.299811   175.858756   179.947389   672.596145   352.239804   333.311710   166.462204   206.160593   263.873482   381.354018   787.559258   231.331382   280.326672   344.649739   228.940091   253.407540   165.074282   181.711287   216.372501   224.413519   214.570573   205.443307   6772.933584   377.968913   1747.039353   0.000000   
176.600000   141.050876   175.227266   392.181929   192.018949   232.883605   223.708055   335.817679   348.821504   1128.282553   838.113357   202.688437   178.557607   179.993261   671.759941   352.319117   333.338494   166.245820   205.323480   263.761384   381.317508   786.729306   231.242723   280.376758   346.485599   229.657578   249.485669   163.290335   182.832773   217.727730   224.510930   217.630704   204.015761   6768.594634   376.377112   1746.045450   0.000000   
176.800000   144.124950   174.318968   392.643188   191.859359   234.747329   222.915619   336.690147   349.516658   1127.566289   837.973983   204.336998   176.149381   179.027277   671.543016   351.968274   332.807264   169.717176   207.202944   265.603339   381.596716   787.186081   230.065327   278.911928   344.478761   229.920579   251.435317   164.005407   181.269453   215.912079   224.561326   218.267403   205.832850   6764.360118   378.042581   1744.697245   0.000000   
177.000000   143.379451   173.173153   392.564294   192.457526   232.273563   223.084920   336.888602   348.531753   1125.524435   837.147740   205.538426   177.287109   177.439033   671.673268   350.122360   331.997612   167.574975   205.589818   264.806311   381.120630   786.315841   230.178916   278.525689   343.756185   231.114148   250.680965   164.460113   180.457720   214.903126   223.011907   216.599343   204.348636   6760.170274   376.257332   1743.919594   0.000000   
177.200000   144.944361   173.492311   390.969913   192.992135   233.079274   222.987663   336.641344   347.429807   1125.460292   836.633940   199.929164   176.874864   179.183654   670.259900   351.230198   332.518031   164.456052   207.463438   264.769932   380.784736   785.933555   229.912727   278.506563   344.227923   228.800413   250.255235   166.250946   182.003720   214.909049   224.497773   214.871945   203.724429   6755.953581   376.716531   1742.804476   0.000000   
177.400000   141.564804   173.891182   391.820377   193.822128   231.592365   225.558342   335.401811   347.708374   1124.543961   836.295398   201.601369   175.255806   178.749705   671.433403   351.457398   333.391530   164.072879   208.815690   264.817839   381.218851   785.242390   229.657384   279.729983   345.055552   231.259081   247.235052   166.445943   183.424332   216.583554   223.389747   215.212370   203.768908   6751.776056   377.138199   1741.704189   0.000000   
177.600000   141.389733   174.378731   391.077640   192.476774   233.059852   222.426365   337.205967   347.151884   1124.088545   835.869959   203.244611   176.894681   179.105580   669.155375   349.781143   333.138824   167.357526   206.038019   263.499754   381.527765   785.340126   229.279665   277.610857   343.931827   230.512577   247.404791   163.115370   180.373148   216.288696   226.249950   215.108280   203.891157   6747.635902   375.601760   1740.474256   0.000000   
177.800000   144.092215   173.385717   390.576042   191.556490   232.204189   222.529811   337.124074   349.455455   1123.453179   835.187324   205.814969   175.441495   178.806641   669.705785   350.255181   331.471554   168.423442   205.307432   264.777772   380.858478   785.377746   229.069309   279.022278   344.504247   228.279901   247.850253   163.722824   180.870589   216.412569   223.520248   214.397138   204.415681   6743.522578   377.638466   1739.983206   0.000000   
178.000000   143.090099   172.737066   389.921798   193.007246   237.456309   222.295202   337.042459   347.402961   1122.986251   834.865218   204.553407   175.552189   176.773936   668.855983   350.992039   330.997293   169.489863   203.804451   265.538967   379.863764   784.522685   228.837165   279.054981   342.552804   230.974653   247.611602   163.686093   182.003165   218.423615   225.371142   217.864588   205.247917   6739.339450   375.958979   1738.464757   0.000000   
178.200000   145.692162   172.791903   390.033110   191.705598   234.504996   222.904581   335.479762   346.577572   1121.616015   833.810682   201.339332   174.631804   178.598810   669.139863   349.558449   330.800092   169.106435   204.202100   262.906233   380.096479   783.898577   228.223867   279.170101   342.816110   228.362673   247.545615   163.504290   181.207516   214.721169   225.637359   215.574598   204.051617   6735.281825   374.541383   1737.331338   0.000000   
178.400000   143.991344   174.539763   390.131036   193.155703   231.252329   222.345381   335.022227   346.146539   1121.213129   833.175819   201.668957   176.676387   179.332480   668.895790   349.460946   330.441326   167.770848   203.731671   262.609111   380.291269   782.237279   228.073382   278.394552   344.430309   227.998552   246.515243   162.516849   182.235786   213.494527   222.226052   215.511390   203.230751   6731.175490   374.309713   1735.955883   0.000000   
178.600000   140.873454   173.742571   391.078100   192.940771   230.831923   221.752749   332.993173   346.540121   1120.932043   832.819871   200.712035   175.680373   176.574348   667.540901   347.310131   329.845651   164.202741   205.162823   263.221083   378.784783   781.625934   228.569108   278.620069   342.875908   229.164462   244.995356   162.601303   180.883222   213.556572   224.625407   214.634368   202.203883   6727.186395   374.214410   1735.046317   0.000000   
178.800000   143.292040   174.964059   393.107200   193.109081   231.239590   223.345802   335.875090   345.794295   1120.247325   832.718608   201.821145   174.722926   179.466672   666.947895   348.744124   330.329964   164.936725   204.432860   261.369491   378.995160   781.135523   230.775555   278.721188   342.426170   231.188969   247.123403   161.508152   179.000771   215.234235   222.914500   216.124406   203.022361   6723.082057   376.020460   1733.935311   0.000000   
179.000000   143.133449   172.896989   389.123133   192.204197   230.461044   222.546193   333.352016   346.255620   1118.825909   831.691554   199.624340   174.065600   176.569131   667.702890   348.351796   330.195515   163.259239   203.827192   262.559744   378.735802   781.206469   230.417455   277.621288   342.581975   226.617217   246.881454   162.157626   179.181220   214.102750   221.354082   215.986751   203.106337   6718.904941   376.381960   1733.019386   0.000000   
179.200000   141.591833   171.767333   390.730457   190.670449   234.901334   221.847937   336.331597   345.162651   1118.934191   831.107239   200.391188   174.866569   177.526563   666.171939   350.023944   328.851553   165.870510   204.762470   262.660492   378.426962   780.960620   228.746961   277.880731   341.898171   230.055160   246.986646   162.040333   179.509693   216.206584   226.462347   217.424203   204.153808   6714.907479   374.673040   1731.741704   0.000000   
179.400000   145.614093   171.762767   391.228309   192.405959   237.317380   221.508524   338.799845   345.456684   1118.915526   830.811462   205.512395   174.251926   187.099255   666.899990   351.490709   330.566804   170.707016   204.424543   264.815373   378.283200   781.397199   228.415730   277.139950   342.281541   231.984563   248.070710   161.926771   179.218810   214.016241   228.035752   221.257184   207.826494   6710.870015   375.658804   1730.956455   0.000000   
179.600000   142.846207   172.801536   388.381282   190.426613   230.545442   222.150435   332.855173   344.925622   1116.903465   830.304454   203.912410   176.081107   176.687375   665.683353   349.265159   328.872428   165.479430   202.989590   261.124708   378.239551   779.899596   228.439536   277.510183   342.380311   229.025006   244.854940   161.623044   179.866008   214.966291   223.196233   215.928072   202.115219   6706.896894   372.961358   1729.831960   0.000000   
179.800000   143.000761   173.622912   389.526578   191.294202   230.464568   221.419723   332.881058   345.612071   1116.473150   830.613238   198.851847   173.915290   176.869109   664.370393   347.530835   329.594131   166.854157   203.868060   262.215974   378.391943   778.900104   227.250531   275.847034   341.947007   228.383778   245.429565   161.681726   180.477095   215.103444   222.494644   214.113466   201.882377   6702.891889   374.472734   1729.057069   0.000000   
180.000000   139.968357   172.171246   387.127303   193.404743   228.222387   222.045799   333.593386   345.540240   1115.901982   829.227271   199.825244   173.133681   177.695972   665.696439   347.642659   328.347868   164.552542   203.313627   261.857780   378.104094   778.220541   227.488735   276.674359   341.294905   228.366166   243.347668   162.401673   180.828636   214.712671   221.558555   213.388052   201.499293   6698.991593   372.484313   1727.838735   0.000000   
180.200000   140.270962   172.255993   387.008454   189.826895   232.785377   222.427109   334.767777   344.531698   1115.785247   829.212284   200.681236   175.612253   175.824593   665.052845   350.297281   327.829201   162.864808   203.366313   265.118239   377.410586   778.840505   226.264272   277.153531   340.220478   231.461039   247.741923   162.099819   180.024426   213.676878   222.364086   213.769812   203.409394   6695.041638   372.712956   1726.650678   0.000000   
180.400000   143.718401   174.466372   387.262123   190.272946   232.914641   221.590773   332.978900   344.269887   1114.863111   828.254296   201.407552   174.874952   175.379391   664.454724   347.264818   328.158498   163.508237   203.495582   261.266134   377.370098   778.349418   228.858845   276.513465   340.228597   228.535249   243.767859   160.394804   180.826758   215.081081   223.082804   213.236535   202.441298   6691.062440   371.793318   1725.885470   0.000000   
180.600000   139.721844   171.608434   388.447047   193.332030   230.581966   220.210292   332.333840   345.011455   1114.438669   827.928432   200.600141   175.352479   175.372474   663.263160   345.503033   327.697212   162.673434   204.071342   261.151524   377.576427   778.196990   226.996210   275.966751   341.236504   228.739734   244.197222   160.998987   179.486508   212.927594   222.128503   213.073051   201.501543   6687.181117   371.663316   1724.538941   0.000000   
180.800000   141.199933   170.534332   387.340629   191.744464   229.199782   221.628081   331.886074   344.367910   1113.869200   827.227322   199.745868   174.602272   176.676327   663.359692   347.089195   326.901346   163.608385   203.084346   260.540988   376.715271   778.752564   226.460348   275.377625   340.607410   225.548714   243.635611   160.714479   180.284104   212.611280   221.624911   213.147434   201.369951   6683.220094   372.304714   1723.709662   0.000000   
181.000000   140.736136   172.771923   387.843124   191.117593   235.012841   220.241022   330.793673   343.486728   1114.627088   826.759690   201.225128   175.266942   178.835092   663.256793   347.521221   327.283638   165.146893   202.807059   261.975070   376.500969   778.197658   227.461701   275.638657   340.011144   228.840198   244.522442   160.799522   179.744616   212.588279   221.477369   211.723596   202.595863   6679.293343   372.581856   1722.822842   0.000000   
181.200000   140.113103   171.005960   385.541199   189.979406   229.131951   220.104068   332.715720   343.849177   1111.466566   826.037943   202.222840   175.732779   175.849198   662.729468   344.829351   327.250645   164.867359   203.049937   262.592622   376.340054   776.163707   227.135866   276.029483   339.278987   223.997251   243.684326   162.705727   178.852618   213.359557   219.244795   211.462953   200.826882   6675.459191   373.501184   1721.646280   0.000000   
181.400000   140.244704   173.593630   386.461362   190.629723   230.565123   219.701264   332.463742   343.886989   1111.611344   826.326901   202.294904   173.479830   176.210923   663.760030   346.502094   326.711135   163.840052   202.710521   261.451933   377.402899   776.386584   226.184693   275.734750   338.830976   228.526166   243.280498   163.232428   178.262661   212.451735   220.126628   212.981204   202.964139   6671.579354   371.740916   1720.612288   0.000000   
181.600000   140.941171   170.894239   386.358779   190.337359   229.387297   220.116757   330.930183   343.357161   1111.349143   825.467576   199.062320   174.433671   174.048681   662.505699   345.618404   326.121448   161.836796   203.722344   258.983350   375.535189   774.817312   225.690637   275.452004   340.889037   226.040646   242.498488   164.139805   178.775061   211.465913   219.440368   210.197350   200.478388   6667.715229   370.623363   1720.036217   0.000000   
181.800000   143.062434   173.625027   386.962881   190.353180   230.823292   219.789771   332.056750   343.135348   1110.536074   824.863600   201.958403   173.586907   176.612764   661.803145   346.190681   326.152543   166.271932   201.332453   260.610586   376.480280   774.976234   226.555988   275.170609   339.604788   228.796165   241.294708   161.584288   180.075253   213.791345   225.392055   212.268865   202.270203   6663.853065   370.117370   1718.727599   0.000000   
182.000000   140.610772   170.493433   386.024706   189.521854   230.854094   220.711637   331.613271   343.853030   1109.791973   824.737875   198.692586   172.652766   176.438391   661.376697   346.527330   326.022197   163.557789   201.547435   261.189349   375.308613   774.746857   225.877951   275.574969   338.480216   229.135408   243.192730   161.157033   178.359847   212.606605   222.023790   213.456497   201.965731   6660.059447   370.888308   1717.708583   0.000000   
182.200000   140.466381   171.338962   386.074463   190.781159   234.256706   218.883085   331.551496   344.144040   1108.434329   823.889521   202.977616   172.277391   176.396958   660.705743   347.230928   325.197334   163.575052   202.524660   261.457911   375.758549   773.698792   226.074265   273.712898   339.276585   225.093109   245.458008   162.168809   178.609199   211.864534   223.118116   215.811574   202.285597   6656.300743   370.634731   1716.931085   0.000000   
182.400000   140.401520   171.840319   384.516562   189.443958   228.954396   221.066349   329.796142   343.544390   1108.816504   824.214203   198.433678   172.965661   175.124900   660.392854   345.644811   325.411263   161.370122   202.116118   259.128087   375.338194   772.878840   225.898810   274.269005   339.184314   226.303685   243.322729   160.749178   178.655660   211.376242   220.012501   212.235217   201.223675   6652.487414   369.559598   1715.657037   0.000000   
182.600000   142.264069   173.807855   384.995639   187.850275   230.345519   220.569943   331.141319   341.948514   1108.025832   823.628844   199.441636   171.980319   175.711511   660.241148   349.143097   327.068379   163.276996   203.075452   259.621012   374.629859   774.828689   225.321768   273.073391   338.826066   226.822891   244.646884   160.903530   177.616139   211.055721   221.049349   217.409445   202.732323   6648.748946   369.791792   1714.658683   0.000000   
182.800000   137.888717   172.678452   383.469428   188.975286   228.705692   220.013871   331.796434   341.714224   1106.744905   822.724758   197.565458   173.507821   174.840313   659.846247   345.060560   326.373691   160.639312   200.981167   258.504799   374.568695   773.113557   224.555840   274.439695   338.279946   225.206301   240.919318   160.816220   178.132405   213.096824   219.545327   211.965316   200.199284   6644.984361   369.967247   1713.900956   0.000000   
183.000000   140.536058   171.131961   385.233070   188.481081   229.298613   218.225690   331.399521   341.549654   1106.415055   822.530455   198.310640   173.108117   174.240896   660.421225   344.516276   324.644593   162.748306   201.961531   260.821271   375.296265   772.289301   225.665264   273.475935   337.789251   222.561551   242.458245   161.855978   176.942672   211.526349   220.126934   215.090398   201.165007   6641.149250   369.243740   1713.598456   0.000000   
183.200000   138.258229   171.532363   384.579872   190.124481   227.811848   218.482623   330.626981   342.080257   1106.815787   821.702412   198.129006   172.655398   174.075712   661.363739   343.725794   324.525674   161.449438   200.859099   258.309809   373.490361   772.394166   225.446201   272.968340   337.880625   224.246000   240.944792   160.724131   178.049915   214.092995   220.330889   212.297337   199.607825   6637.474975   368.719990   1711.768095   0.000000   
183.400000   138.900733   170.454319   383.345072   188.252309   226.764087   218.937085   330.110927   341.178513   1105.045170   821.298160   197.551988   172.876223   176.191453   659.541119   344.511205   325.307535   162.006922   201.552964   257.639010   373.622960   771.256767   225.109571   273.412632   337.664634   224.920030   240.913277   159.717378   177.504259   211.396135   222.924690   210.907856   200.012020   6633.838594   368.938970   1710.947807   0.000000   
183.600000   141.429409   170.453038   383.281234   188.492928   227.564114   219.006331   329.966209   340.825663   1104.774721   821.118872   197.842873   172.512339   177.485098   657.696297   342.938716   325.678583   167.688777   200.996599   260.079065   373.727757   770.547029   226.204818   273.431786   339.200873   224.533926   240.875378   159.120306   177.158934   210.902373   220.389431   210.518201   200.424353   6630.061293   369.434217   1710.350693   0.000000   
183.800000   141.810813   171.314425   383.910151   191.279520   231.162611   218.381271   332.535140   340.227824   1103.681407   820.145543   202.509858   172.071015   173.952342   657.825721   343.478101   323.328875   166.831722   202.120002   258.650512   373.808431   770.917204   224.488994   273.438685   337.436713   225.463300   242.391405   159.456349   177.285437   211.011653   219.084073   210.726903   200.445259   6626.299188   368.474480   1709.008094   0.000000   
184.000000   141.491092   171.469046   383.034519   188.058481   229.148768   218.396158   329.476948   340.732198   1103.307312   820.308041   197.410665   172.018425   175.935919   657.123400   342.906495   323.173510   162.827466   200.233230   257.681845   373.284177   770.612878   224.482905   273.970044   336.509710   224.070184   241.473469   160.201287   177.411938   210.862728   218.253867   210.179576   200.160501   6622.653206   368.097449   1708.155672   0.000000   
184.200000   139.201386   172.348888   383.676805   188.213935   226.260266   218.872011   329.169683   340.544688   1102.115821   819.681346   198.138807   172.830641   173.592918   656.718714   345.496842   323.146707   162.228119   201.139154   256.002661   373.708798   769.077334   224.330905   274.337109   337.992200   222.256786   239.195575   160.945901   178.077049   210.834962   218.851632   212.753786   199.906842   6619.015761   368.009873   1707.144556   0.000000   
184.400000   139.614698   170.696110   381.743942   190.624097   227.355493   216.973614   328.115427   339.728555   1101.754175   819.155498   199.600581   171.699408   173.289392   656.653565   342.074997   324.035832   161.476007   201.414895   256.144207   373.117659   768.618060   223.647714   273.114354   337.891011   225.339067   239.635837   159.765638   178.810626   210.909683   217.327346   209.196396   198.935144   6615.350719   370.789423   1706.091840   0.000000   
184.600000   141.462306   170.158093   383.900514   190.465209   226.807463   219.214465   329.065029   340.303942   1101.837234   819.183248   198.649845   171.555946   176.725974   656.098999   343.069667   323.180997   162.392894   200.823963   256.568870   372.946208   768.856539   223.496772   273.608441   337.963653   224.828353   241.877064   160.518284   180.958392   210.885205   218.689340   212.880936   200.057937   6611.740337   368.587069   1705.359491   0.000000   
184.800000   138.732679   169.423797   382.265568   188.336934   226.159520   217.088853   328.967953   339.133677   1101.482399   818.288381   196.623660   172.333171   174.585797   655.667313   342.893801   323.024886   162.343252   201.381508   256.722592   372.534465   767.921371   223.182008   272.829825   336.993024   224.910827   239.791135   159.119779   179.035663   210.854403   216.461956   212.892544   199.042093   6608.169614   367.432391   1704.402691   0.000000   
185.000000   137.446399   169.955747   381.126685   188.084417   227.475657   218.201637   327.379279   340.271818   1099.957198   818.137595   196.395764   172.807616   172.898195   657.165855   341.440990   323.084832   159.775226   200.555764   256.784229   371.695165   767.400706   222.959454   271.672065   337.682731   221.724417   238.455018   160.449964   177.033306   209.812533   216.181687   210.178143   198.052321   6604.554381   367.806855   1703.523625   0.000000   
185.200000   139.588154   170.526616   382.698711   189.910651   228.004386   218.513308   330.640003   338.677105   1099.816231   818.114846   199.987691   172.324832   178.210479   655.130392   342.094616   322.381521   166.337109   199.544388   261.370029   372.508632   767.944872   223.769723   272.906926   336.194914   226.397997   240.111658   159.484044   178.428926   210.634213   218.172566   213.759729   200.043491   6600.886975   366.755458   1702.559291   0.000000   
185.400000   136.469317   168.774950   381.067501   188.789735   226.223457   218.407069   329.173584   339.232628   1099.049060   816.982373   200.306402   171.931929   174.309380   654.971536   343.047762   323.504767   165.523378   201.030541   257.965090   371.570081   768.635797   223.286071   271.516206   339.184049   225.290792   239.169817   159.070910   179.466852   209.179346   218.851324   210.411674   199.757354   6597.425711   366.866436   1701.353368   0.000000   
185.600000   138.987488   168.833131   381.537515   186.542699   225.699285   217.096915   326.901151   338.684631   1098.473339   816.536863   197.306706   173.389380   172.647035   654.253253   341.478346   322.330412   161.386374   201.213287   257.985344   371.545818   767.039517   223.013510   272.607048   336.681691   222.216208   237.664326   158.857574   177.589900   209.339871   219.143013   212.000868   198.978218   6593.858684   368.048586   1700.690229   0.000000   
185.800000   141.453662   168.117283   380.532559   186.559934   228.999672   215.958950   326.307801   338.878854   1098.605721   815.609326   196.608077   174.686500   173.835015   654.267302   341.293598   322.012704   163.477205   201.472799   256.921935   371.124946   766.830257   223.210496   273.011042   334.899002   225.269409   237.991160   157.776605   177.295148   210.153748   218.095421   213.125768   199.048712   6590.302979   366.497690   1699.657233   0.000000   
186.000000   144.342659   167.433701   380.750223   189.235969   228.377939   216.131997   326.107055   338.893211   1097.218376   815.838619   194.937323   169.801104   172.680171   653.488035   341.094916   321.483961   161.727664   201.043830   256.783150   371.440947   765.906689   223.033411   271.440040   334.044994   221.983203   237.187522   160.811510   176.313223   211.348739   218.288274   208.037632   198.463167   6586.764738   366.389241   1698.652819   0.000000   
186.200000   144.876879   169.150982   382.028474   186.045719   228.813199   216.472633   328.105595   338.167921   1097.477309   814.851994   197.015418   170.439556   174.301941   654.465505   343.000588   321.564398   162.724314   199.771132   259.538283   370.895945   766.495910   222.432171   272.513026   336.191634   226.782050   240.480534   160.987517   176.049858   209.004648   221.547507   213.693399   200.224296   6583.250862   366.212593   1698.114851   0.000000   
186.400000   138.444292   168.749257   379.431197   188.590308   227.495241   217.095385   326.647691   338.518881   1096.274970   814.737888   196.849100   170.733904   173.390349   652.963948   341.592126   321.372808   161.820964   200.640642   259.569531   369.916657   765.336718   221.967341   270.909528   334.752714   222.994707   236.384164   160.656568   177.021864   208.584813   220.253921   208.489593   198.534930   6579.737148   367.077625   1697.244946   0.000000   
186.600000   140.349908   169.633224   380.114784   188.914373   224.923551   216.998233   327.045830   338.672483   1095.786028   814.171062   197.024899   170.766618   176.885329   652.111392   341.264711   320.241173   159.204442   198.957907   255.446607   370.119018   764.348826   222.065860   272.103500   334.605451   225.363934   238.977162   159.620277   175.522052   210.881150   216.771253   209.904787   198.279149   6576.228239   365.196546   1696.181099   0.000000   
186.800000   139.708370   170.213828   379.852546   188.265165   225.215303   216.570673   326.161947   337.918451   1095.663678   814.306392   196.327080   169.468696   171.688238   653.047453   341.135715   320.169153   159.905637   200.978584   257.855542   369.525302   764.276009   223.285750   270.592577   334.728840   222.280128   239.832560   158.899742   175.597748   210.340546   218.883484   211.424260   199.072058   6572.692475   365.998602   1695.264109   0.000000   
187.000000   137.530570   168.785891   379.095646   187.771939   223.813370   216.976695   324.721399   338.336544   1093.989105   814.898337   197.218763   169.971185   171.175531   653.451540   339.802156   320.766290   163.832951   197.976621   257.250395   369.984909   763.235420   225.130827   270.453421   334.482417   222.091864   236.264909   160.802491   175.047717   209.876145   218.449967   209.148708   197.349007   6569.267672   366.348792   1694.232752   0.000000   
187.200000   138.125301   168.021297   379.875599   186.332036   227.379877   217.587670   324.878754   338.032348   1093.385921   814.188068   196.969248   171.499816   174.590965   651.317168   341.992126   319.868101   163.663648   198.281147   256.968193   369.610821   762.696457   222.886013   270.324827   335.015979   224.536172   237.488584   160.061272   176.397299   209.959385   217.003501   214.168359   198.296308   6565.825732   364.092765   1693.304004   0.000000   
187.400000   136.699903   168.260965   380.864231   186.233446   225.493289   215.427989   325.310006   337.491410   1092.637908   812.403990   194.413643   171.028505   171.810113   652.203454   338.806977   320.256833   159.584630   199.394780   256.343811   368.926213   762.605415   221.736711   271.514851   332.852115   222.120453   236.603817   159.819496   175.840583   210.200089   214.135175   207.492338   196.877031   6562.354702   365.589327   1692.928836   0.000000   
187.600000   137.764617   167.881253   378.795521   186.919189   223.605693   215.022185   327.205740   337.273341   1092.068785   811.870947   196.577258   171.579034   175.444564   650.555356   340.481516   319.324228   159.352755   198.055805   256.693168   369.073899   762.564367   222.272689   271.555188   332.883106   222.450080   235.432160   157.809973   175.309075   209.772869   215.454850   211.626512   197.710839   6558.991594   364.846277   1691.522547   0.000000   
187.800000   138.093552   168.240247   378.604554   189.524972   222.542276   215.404949   326.000215   338.174201   1091.580154   811.461137   198.001289   170.053438   169.630183   649.864795   340.740061   320.736865   161.095236   199.526788   255.125225   368.785378   761.700717   223.374083   271.638937   332.208825   221.383663   234.935119   159.093495   177.403086   209.119188   215.379574   209.237342   196.917197   6555.630732   364.903068   1690.792746   0.000000   
188.000000   136.651560   168.112388   379.551266   187.327824   224.849748   214.638278   326.585155   336.908858   1091.440631   811.488018   194.926914   171.045136   170.981206   649.804652   339.024178   319.037767   163.380623   198.533186   256.094787   368.704842   761.760933   225.357803   270.523298   332.396896   220.310183   235.287784   158.441528   176.523852   210.286300   215.046587   208.904974   197.646631   6552.188163   365.609841   1689.780448   0.000000   
188.200000   140.955678   169.011907   380.579457   186.102587   224.946748   215.402024   323.995970   336.307884   1090.922311   811.259512   195.770301   173.447670   170.478884   649.645314   339.308411   318.617867   161.068038   199.751024   258.453344   368.452608   762.342830   223.925532   271.894746   332.852196   222.802949   234.313532   159.981018   177.260074   208.073550   217.057586   207.725382   197.827041   6548.832704   363.674107   1688.923737   0.000000   
188.400000   140.014022   170.113360   377.756972   186.929593   223.423214   214.893333   324.606005   336.410529   1090.071719   811.007168   195.841465   170.441221   170.808806   649.606606   338.726052   318.870137   161.144034   199.468860   255.087679   368.899818   761.993482   221.570876   269.111380   332.244240   221.807523   235.061597   160.312607   175.373479   207.543370   214.394637   211.864040   197.464213   6545.467744   363.425905   1688.408695   0.000000   
188.600000   138.331275   166.325983   379.272425   186.302713   227.555987   216.161302   325.613853   336.134401   1088.853042   810.218103   196.304703   170.009895   174.185102   648.820145   338.270141   318.439247   160.296757   199.179158   256.488659   369.245590   761.442153   221.141121   268.839202   332.843359   222.312982   234.954413   158.068855   175.300783   207.307936   215.990166   211.991252   198.238273   6542.086257   363.234320   1687.312710   0.000000   
188.800000   139.857515   168.011225   378.178276   186.874809   224.001461   215.268152   326.423954   336.370656   1089.772846   809.835890   196.128832   171.889226   173.012899   650.307198   339.384207   318.163837   162.297571   199.579240   258.022641   368.969630   760.478913   220.805448   269.122610   333.008990   224.540888   237.423866   157.251493   175.354473   207.692751   220.653205   209.482045   198.778340   6538.747181   363.178123   1686.447634   0.000000   
189.000000   135.259787   168.279862   378.465496   185.892200   222.755861   214.294346   325.418030   335.386409   1088.525793   809.893674   197.472379   171.763559   170.697022   648.508130   339.127425   318.002035   158.683214   198.547541   256.153560   367.948870   759.882801   222.797128   268.093116   332.050264   219.307415   235.973698   159.585879   176.135307   208.464693   215.357123   209.056313   196.929212   6535.430262   363.082712   1685.472006   0.000000   
189.200000   141.771364   167.565082   379.230801   185.654468   225.444435   213.792353   324.266238   336.682133   1088.231103   809.367614   198.602671   168.559856   175.239861   651.364239   337.106617   318.172391   162.814937   196.735586   254.318404   368.041078   759.646173   222.075574   268.129960   332.764939   220.513611   237.018284   158.791631   175.857869   207.878726   217.014571   207.239416   198.033704   6532.108935   363.222592   1684.568751   0.000000   
189.400000   137.287434   167.151485   377.283712   186.816145   224.712733   215.055633   324.045372   336.231904   1087.524107   808.242303   194.832548   168.929103   172.054167   648.034231   337.027486   317.509011   159.481759   196.936825   254.658507   367.597043   758.562671   221.001697   268.206516   331.576149   219.785707   234.776284   157.360702   174.654005   208.669871   217.541094   206.757398   196.646888   6528.865117   363.708891   1684.004937   0.000000   
189.600000   134.283219   168.417494   376.574795   185.511543   226.638500   214.586130   322.801768   335.420401   1087.393025   808.439420   193.695927   170.821946   171.269704   648.087324   338.204179   317.378637   161.140669   197.218450   254.588154   367.824359   758.598365   220.874313   268.367512   332.180442   220.770687   234.316428   158.331965   174.888043   207.874166   216.754436   205.781811   196.368651   6525.494517   362.334660   1682.969573   0.000000   
189.800000   135.084348   169.689077   376.893213   184.938656   226.256887   214.723442   322.840995   334.852677   1086.275177   807.853294   195.542773   169.350690   172.610103   647.334779   337.500806   317.594059   156.509107   198.713996   252.726010   367.625549   759.668161   221.501400   269.448633   331.415290   219.369790   234.396111   159.520450   173.939754   207.869911   215.743416   208.446088   196.042723   6522.313770   363.541050   1681.965078   0.000000   
190.000000   134.250032   168.320302   378.242505   185.134318   224.203065   213.893744   322.232247   334.362263   1085.880913   807.575425   192.966763   169.066423   171.845765   649.085865   338.084692   317.795745   160.105314   198.392647   253.992376   367.705956   757.370755   221.154402   269.523594   332.473892   219.095087   234.657701   157.224854   175.249575   209.013805   214.182371   206.556437   196.367390   6519.063784   362.637603   1681.380220   0.000000   
190.200000   141.910185   167.550238   378.405312   187.659160   223.970465   214.189431   323.508475   334.381176   1086.463008   806.620560   194.040833   168.677920   175.346106   647.096811   340.095903   316.515723   160.929686   197.820983   255.795012   366.836723   757.735915   219.714427   269.310976   330.803429   223.538751   234.315781   156.412526   173.312113   207.556312   213.429079   210.623616   197.850528   6515.826040   364.130457   1680.416006   0.000000   
190.400000   141.834543   167.136276   377.319705   186.859997   222.614956   214.608990   323.236753   334.336220   1085.495580   806.931773   196.014111   168.588265   172.709419   645.723558   338.925920   316.315773   161.366006   198.415850   253.371281   366.031362   758.470434   221.955780   268.179146   331.047729   223.986698   234.864273   158.509095   173.371277   206.727277   216.214054   208.564706   198.807969   6512.553180   361.418872   1679.553648   0.000000   
190.600000   136.968737   167.299193   377.565191   185.304637   223.514069   214.751214   325.725128   333.873226   1084.569863   805.860171   194.777671   168.457741   171.414719   645.958331   336.603218   316.246189   159.273227   198.294946   254.457737   367.660637   756.328274   219.628098   269.447321   330.705307   221.822671   235.502838   158.386695   174.376008   206.218681   214.886630   206.032377   196.374413   6509.378643   364.945101   1678.537498   0.000000   
190.800000   135.019963   169.177672   376.416993   185.920522   223.714671   214.740987   322.685345   333.901706   1083.319859   805.469118   193.539102   168.264503   170.826046   645.509301   338.251412   317.156013   155.978834   198.120054   253.872128   366.447525   756.194175   219.266455   268.749222   332.853985   219.899804   233.753867   159.494133   174.267203   207.700577   216.025089   207.459903   196.071492   6506.189476   363.925194   1678.284235   0.000000   
191.000000   138.607679   167.604033   378.770616   187.861019   222.502367   214.256230   323.210291   334.724607   1083.691145   805.531827   195.319210   168.681167   172.925618   645.617247   338.784682   316.050018   162.000698   197.388463   254.040958   366.817133   755.574227   218.871715   267.777989   331.071963   218.579659   235.528540   160.547079   175.871439   206.739362   214.309953   207.828517   197.149526   6503.009472   362.008331   1677.059382   0.000000   
191.200000   138.054835   166.436349   377.160095   186.694664   225.982733   213.202590   324.451381   333.980100   1083.793253   804.961783   195.326161   168.906871   174.422083   644.363237   338.492129   317.268040   167.873761   198.331383   258.997072   365.935215   757.360237   219.487203   266.957485   330.587676   220.462027   235.203343   157.061931   174.909279   206.830462   217.309221   210.420340   198.161013   6499.836744   361.170212   1676.157106   0.000000   
191.400000   137.684948   168.667271   377.315155   183.884648   225.744679   214.004230   322.192400   333.580286   1083.299253   804.590547   193.201765   168.436803   177.086957   644.883057   339.489595   315.810635   159.321526   198.563959   258.049209   366.093362   755.513518   219.372170   268.330539   331.336505   218.519603   233.697784   155.798239   173.289980   206.035518   215.987938   211.059708   197.406940   6496.628881   362.928760   1675.511989   0.000000   
191.600000   136.732816   166.272536   377.084380   184.925482   222.195473   214.700791   321.249401   333.184714   1082.046709   803.987596   196.483377   169.542447   170.147855   644.229456   336.892791   315.759243   156.831870   197.427913   252.550476   366.640917   754.116031   219.190304   267.355133   330.294309   219.303956   233.619059   159.555548   174.305101   208.012034   215.850367   207.948440   195.905359   6493.545090   360.613536   1674.909559   0.000000   
191.800000   136.331942   167.450505   374.496537   184.954895   223.586496   215.218279   320.708414   333.956098   1080.555207   803.556487   197.264744   168.824729   169.317007   644.686327   334.813790   315.396750   159.541119   196.126691   251.732995   366.724430   753.530128   219.395410   268.819666   330.058030   217.788679   231.439505   156.904865   173.579621   207.161104   214.488368   207.102429   194.958600   6490.453708   359.943027   1673.911267   0.000000   
192.000000   138.856388   166.091895   374.721702   184.376461   222.750444   214.195514   323.238823   333.132014   1081.421071   803.108960   195.881290   169.214958   173.364255   643.929582   335.283471   314.854755   159.065968   196.990138   256.383788   365.950731   755.260330   219.297313   266.087220   331.079233   219.454272   232.119661   157.728034   175.102990   207.670125   214.390816   204.926338   195.536262   6487.227660   360.072331   1672.811687   0.000000   
192.200000   144.424226   166.351951   374.884743   183.934120   222.953645   214.633329   325.938162   332.516896   1080.178707   802.406571   191.563159   170.618366   175.854018   643.727201   336.084558   316.832009   163.710405   196.865668   255.759790   365.916580   754.555713   219.780806   266.039731   330.167203   221.723986   234.010348   156.789659   172.981476   208.591812   216.352901   206.216976   196.458474   6484.187022   360.449775   1672.272549   0.000000   
192.400000   137.442003   166.557866   374.425784   185.395468   220.734946   213.750961   320.472776   332.583672   1079.317664   802.592358   192.333900   168.313932   168.615154   644.153961   336.188914   315.081629   158.750163   197.324211   254.213050   364.821634   752.971256   218.708171   265.983467   330.816350   218.209299   232.650612   157.884594   173.682774   205.899792   213.771212   205.760021   194.889548   6481.061351   359.340679   1671.382723   0.000000   
192.600000   138.246774   166.671608   374.659896   185.824635   221.872429   212.359385   324.100735   332.692374   1080.099349   801.945596   193.104048   168.236642   170.897316   642.688424   334.797957   315.322575   157.882838   196.583868   252.385817   367.400365   753.405231   218.808450   266.931806   329.336746   218.497018   232.433542   156.853615   172.642615   206.680562   213.834590   204.830144   195.690267   6478.007211   360.299805   1670.665947   0.000000   
192.800000   136.909232   165.127448   373.972310   184.814421   223.073036   212.187604   319.987961   332.134401   1078.294613   801.979737   193.410113   167.282149   170.371343   642.430637   334.837161   314.648193   157.012077   195.856473   251.988997   364.925279   752.640734   218.530492   265.781785   328.843781   217.055514   232.379978   155.701482   173.259619   206.639028   215.128055   207.983152   193.921552   6474.904745   360.142057   1669.522355   0.000000   
193.000000   136.256811   169.060083   374.157918   186.362909   221.679268   212.387263   322.643103   332.304603   1078.139699   800.967145   195.299760   168.219303   168.269618   642.142832   334.905910   314.344741   157.601325   197.076761   252.873359   364.166596   751.953403   219.267169   265.426680   330.716105   217.889390   231.962182   157.255100   174.245433   205.788805   211.861743   206.835722   194.505685   6471.811573   361.018625   1668.901799   0.000000   
193.200000   136.143583   168.688562   374.539640   183.587978   222.811846   213.076485   319.595853   332.461754   1076.912946   800.792314   192.425603   167.957884   171.895066   641.911010   334.718485   315.437780   163.026288   196.666704   251.925808   363.821561   751.159685   219.810314   266.558214   328.400040   217.615486   231.593159   155.798937   174.005205   206.335170   213.919821   208.304222   194.503317   6468.840672   359.417213   1668.502473   0.000000   
193.400000   142.699369   167.092482   375.107904   184.683998   227.523793   212.819388   322.074471   334.175896   1076.828440   800.425314   193.102938   168.816389   171.876217   642.027015   340.969471   314.585589   161.557268   196.480648   254.989581   363.926004   752.095052   219.314957   265.938194   328.926710   218.388405   234.979463   157.626931   173.949093   207.714979   213.688757   209.899203   197.106913   6465.845034   359.707810   1667.508257   0.000000   
193.600000   136.622621   165.281703   376.176181   183.598903   221.350504   213.295765   319.771780   332.036897   1076.444643   800.414910   193.795876   167.916166   168.960411   641.100482   334.759335   314.288731   160.437746   195.363195   253.336866   364.572378   753.171363   217.030705   265.951344   328.873539   218.773707   231.162143   159.133009   173.555447   207.098022   214.125292   206.645729   195.555391   6462.821540   358.889661   1666.855547   0.000000   
193.800000   135.305617   166.097827   374.031035   183.971841   219.546122   213.137886   321.045108   331.984311   1075.873216   800.320802   195.832749   168.500590   170.198454   641.005176   335.999187   313.019058   160.714026   196.484361   253.318590   364.657363   751.056829   217.672871   265.983860   328.872743   219.732805   232.561331   156.304610   173.872529   207.243744   211.189070   204.696685   195.451535   6459.828872   357.371278   1666.137752   0.000000   
194.000000   136.716164   167.066529   374.393560   184.774865   220.837878   211.509227   320.835142   332.253965   1074.281022   799.577575   191.826209   168.602939   170.364225   641.849226   336.223162   313.688457   159.813690   195.302803   252.176309   363.717931   752.150924   217.428851   266.489000   327.840461   219.705541   231.234000   155.105440   174.178907   205.763529   212.657087   205.501079   194.829873   6456.739030   358.537210   1665.088660   0.000000   
194.200000   139.310776   165.315964   373.626288   182.244284   221.860518   212.958997   320.778559   332.223059   1075.198933   799.086866   194.303871   168.210645   172.411405   640.056655   336.271143   312.919382   161.119809   196.596601   252.518623   363.192329   750.802870   219.139380   266.331817   328.203854   218.972661   233.632978   156.648575   172.910655   208.212719   212.545670   208.624320   197.273689   6453.778480   358.704001   1664.217458   0.000000   
194.400000   134.887556   165.319470   372.910152   182.845204   221.922916   211.799882   319.369012   331.628871   1074.254946   798.896241   191.512895   168.142725   170.494415   640.505873   335.859069   313.021680   160.680726   195.706113   252.341267   363.170778   750.063368   220.705447   267.048262   327.613893   220.927876   230.943478   158.078871   173.086547   204.520818   213.159101   203.021774   195.586812   6450.807092   357.724443   1663.531723   0.000000   
194.600000   134.290191   166.063383   374.744113   184.768533   221.594633   212.672885   319.500140   331.971603   1073.610343   797.966384   192.983815   167.555372   170.821027   640.861627   333.647043   312.444716   159.578055   195.194324   249.981620   363.604450   749.265429   216.639463   267.654400   327.448078   220.792849   230.626856   155.003851   174.785075   206.665999   214.587454   203.046602   194.963162   6447.880599   358.323562   1662.596003   0.000000   
194.800000   135.039087   164.934477   374.736279   186.269431   220.326440   213.175490   322.643959   331.079963   1073.407060   797.490388   192.924795   168.880374   170.237183   640.107754   333.075209   311.990594   161.155662   197.027681   251.403377   363.515557   749.219259   217.666604   266.209917   327.073739   217.425295   230.959025   156.115657   172.374185   205.396739   213.050108   207.640975   194.868903   6445.024083   358.229137   1661.876627   0.000000   
195.000000   138.935528   167.610212   373.321964   184.138842   220.454287   213.227448   322.479626   331.045624   1073.583955   797.560419   192.831924   166.933941   174.438817   639.994577   333.190921   312.043616   162.760835   195.860041   253.938722   362.394448   750.356504   217.068578   265.663063   327.132577   219.121685   230.789596   154.742812   173.071475   204.655745   215.689341   208.469578   197.017115   6442.031908   357.771114   1661.419354   0.000000   
195.200000   138.389886   167.627464   372.796634   182.771831   222.807142   211.584659   322.017734   330.684561   1073.508365   797.343257   191.115617   166.718612   169.502896   638.468065   334.359431   312.942700   160.564558   194.524603   250.847087   362.480408   750.552034   216.442913   265.871345   326.969246   216.084437   230.921011   155.671449   173.288358   204.842901   213.399817   209.453413   194.521027   6439.131212   357.945369   1660.522151   0.000000   
195.400000   139.940016   165.376061   373.907367   182.952743   219.658289   210.632603   321.465098   329.760257   1072.311412   797.359438   193.866362   167.602757   170.859947   638.723270   334.174324   312.198500   164.384573   194.216520   251.122982   362.447626   749.341059   217.787427   266.157004   327.750940   217.099911   232.617357   154.958950   172.073870   205.154092   218.202690   206.349500   196.498763   6436.262991   357.334408   1659.671111   0.000000   
195.600000   134.873239   164.956910   372.101744   183.745331   222.514069   212.303311   321.456035   330.630365   1071.031886   796.295444   192.849857   166.626908   169.536433   639.827755   334.909538   311.796860   167.270280   195.553555   252.980202   362.040798   747.875409   216.912492   264.505359   329.030992   220.670298   229.373822   156.609191   172.612632   204.272827   212.725111   208.205884   195.939341   6433.360143   357.674839   1659.069193   0.000000   
195.800000   135.803182   164.828340   370.837081   183.715218   219.438852   210.536776   319.292230   330.334980   1072.423524   796.169296   192.226675   166.301227   168.696451   637.614873   332.257511   311.922740   158.333808   197.018351   254.746944   362.259451   748.207479   217.988040   263.882742   328.216726   216.592543   229.668183   155.375434   172.072796   205.006186   210.503044   204.896812   193.880552   6430.388105   356.577673   1658.171894   0.000000   
196.000000   136.498296   163.330502   373.344648   182.545845   222.465814   210.877371   320.364223   329.672376   1070.780887   795.701684   194.691968   167.276408   168.272445   638.698149   332.709795   311.733515   159.770452   194.707849   255.163023   362.691806   746.805590   217.380749   263.721768   326.894300   215.872789   228.945601   154.812852   173.243385   204.096962   212.636449   207.775800   194.609721   6427.602326   357.586383   1657.955289   0.000000   
196.200000   135.665932   163.394972   371.928311   181.704569   222.219859   209.712873   317.333638   329.507092   1070.994760   795.833220   196.909169   167.114787   172.790590   638.638452   334.501977   312.083091   157.717398   194.375321   250.944125   361.554750   747.604309   216.235403   265.701162   325.941405   219.587995   232.652953   155.412855   172.278530   205.647315   216.439486   206.287313   194.619738   6424.727010   356.969744   1657.358504   0.000000   
196.400000   135.142515   163.725377   371.262293   182.295669   222.841202   211.442120   318.976227   329.223496   1070.010790   794.760741   191.698854   166.660244   170.731729   637.799560   334.920588   312.615634   159.068281   196.520450   251.177524   361.557216   746.363014   216.151319   263.419067   325.879727   217.799758   230.881390   156.119318   172.033629   205.192960   212.161086   204.138736   193.879690   6421.916107   356.951464   1656.200412   0.000000   
196.600000   135.547616   163.932251   372.529745   182.775836   219.688166   210.542633   320.253555   330.250173   1069.367907   794.338680   190.096721   168.772647   168.144101   637.642955   333.281507   311.143560   157.410445   195.419994   252.074268   362.150147   746.171486   215.901909   263.755045   326.508543   215.874636   228.861718   154.892458   171.209289   204.333784   213.114941   206.535713   193.593450   6419.083453   356.409664   1655.910536   0.000000   
196.800000   138.867635   163.972209   372.463534   182.683796   225.667605   211.433986   319.016767   329.523509   1068.880698   794.463706   192.697158   166.630590   168.321629   637.290983   335.956200   311.869500   163.807484   193.909144   254.610825   362.226066   746.273439   217.168395   263.064006   326.232796   216.182403   231.654884   156.454554   171.685950   203.999971   213.244244   204.717700   195.215728   6416.246477   356.115362   1654.722015   0.000000   
197.000000   134.903360   165.786008   370.016680   184.140338   219.825267   211.760181   318.119396   329.395107   1068.105262   794.226116   192.456066   168.078024   169.053323   636.751832   331.694749   312.246963   160.383760   193.716522   250.424794   361.592704   745.163874   217.288243   263.262802   327.309495   216.935047   229.050136   157.058473   170.891412   205.918278   211.224179   204.330960   193.311676   6413.501312   356.007274   1653.867255   0.000000   
197.200000   134.041641   165.253442   369.422750   182.878034   221.068821   210.527287   318.293716   328.914082   1067.361062   794.007172   194.774962   167.008688   168.890819   636.038751   331.707460   311.090283   156.351760   194.317595   252.328113   361.523577   744.955276   217.400595   264.158689   328.268057   215.992511   228.889544   155.986466   173.537354   203.658074   214.347824   204.551738   193.567643   6410.889417   356.262166   1653.204579   0.000000   
197.400000   133.092543   165.097150   371.594432   182.846998   222.080277   210.452840   320.906218   329.354369   1067.465320   794.004857   192.688507   165.826046   168.939895   635.935162   333.589551   310.410880   159.361573   194.503651   251.449244   360.708003   744.698104   217.202258   263.066229   325.258275   217.827926   227.384996   154.212005   171.959212   204.247357   211.766912   205.536014   193.595234   6407.965656   356.092879   1652.563909   0.000000   
197.600000   137.632783   164.385780   369.146230   184.739722   224.675421   212.248531   316.980445   328.118308   1066.444489   792.891069   192.303886   166.073724   169.971207   635.909157   332.515796   312.368239   157.806506   195.841804   250.923611   360.828041   744.652810   214.958541   263.217119   325.370783   214.052368   227.813379   155.087913   173.216834   204.014906   210.679691   205.005994   193.037926   6405.166731   356.249121   1651.862954   0.000000   
197.800000   138.088710   164.243614   373.001615   184.168146   221.038903   210.538323   319.883952   328.554348   1067.231478   793.093498   192.497060   166.773050   171.467081   635.302424   334.562266   310.773419   156.989608   194.424040   251.174765   361.065956   744.604979   216.041235   262.899807   325.197578   216.878998   229.657581   156.002017   171.292223   206.122323   210.847231   205.583811   193.996096   6402.560441   356.237164   1651.066603   0.000000   
198.000000   136.383686   164.459452   369.212776   183.099986   218.883410   209.830445   318.340443   327.679637   1066.361661   792.741888   192.281744   166.304443   167.741343   635.451496   331.538234   310.360076   158.831093   193.866104   247.951379   361.188827   743.790873   215.284315   263.960122   324.585798   214.630245   227.461446   154.919684   170.940625   204.484543   209.715441   202.549878   192.549872   6399.790429   355.014334   1650.660688   0.000000   
198.200000   139.489291   164.588584   371.088357   183.065758   220.992131   210.269130   320.699764   327.879738   1066.600861   791.873690   194.439205   165.189286   170.467069   635.577202   330.047216   310.039718   157.522169   194.425515   251.692477   360.947337   743.875594   215.843979   262.972378   324.603946   215.755569   229.177887   155.043098   171.362275   204.762333   211.667236   203.964415   194.287355   6396.967441   354.947811   1649.790476   0.000000   
198.400000   135.693631   165.372276   371.457037   181.607636   221.199415   210.958644   319.341865   328.999402   1066.370530   791.896689   194.594606   166.132182   170.741988   634.328310   333.098796   309.531588   161.560393   195.134423   249.268267   360.822756   743.523830   216.471584   261.774055   325.076488   218.590729   227.169131   155.345251   171.822981   204.139678   214.651662   208.822119   196.033637   6394.424410   354.203092   1648.999168   0.000000   
198.600000   134.314850   164.360198   371.808029   181.787189   216.719353   212.408142   317.953885   328.214112   1063.986410   791.138464   190.481440   167.045761   169.128508   635.132911   330.031037   309.982155   155.200385   193.721979   248.582890   360.456093   743.496983   216.317557   262.579640   324.982111   214.763934   229.053208   153.613597   171.930933   204.642007   210.464394   202.063408   192.902790   6391.711029   355.686541   1648.421555   0.000000   
198.800000   132.624194   162.432140   369.412891   180.500116   219.760611   209.996542   315.515383   328.985148   1065.145198   790.763676   190.619549   166.320354   167.211571   634.577700   331.373778   309.627418   158.189868   193.357001   249.387916   360.406748   742.103128   215.818788   262.706086   324.350883   216.320939   229.056795   154.872521   171.537493   203.981063   213.247646   203.297635   192.714995   6389.069782   354.593734   1647.872895   0.000000   
199.000000   133.568786   163.852581   370.815025   183.784270   216.846263   208.999606   315.620871   327.828940   1063.156060   790.970503   191.551715   166.436033   165.581208   633.255992   332.412066   310.522794   156.733289   192.763107   249.146857   359.059648   742.812663   215.516629   262.579993   324.617617   215.362161   227.415081   156.306822   172.096176   205.814209   210.625083   201.516996   191.802088   6386.408733   355.048593   1646.913401   0.000000   
199.200000   135.597962   164.960999   368.032987   181.355750   217.473264   209.294581   318.207029   328.298641   1063.201275   790.836396   189.338175   164.971775   170.888701   633.166198   330.182323   310.050558   154.544776   195.729021   247.084397   359.328079   741.141283   217.549963   263.291581   325.128793   214.204289   226.244777   153.639634   170.558158   204.540748   209.771085   202.441215   191.603078   6383.908529   355.597125   1646.304959   0.000000   
199.400000   134.496330   163.415593   369.611819   181.652992   217.399205   209.455931   319.054512   328.638997   1063.210334   790.464959   189.017952   165.859813   167.669442   632.681531   331.090624   309.564049   157.236826   193.618314   249.243283   359.621831   741.272371   214.956380   262.644069   323.855756   214.603738   228.548302   154.422685   171.046064   202.815175   214.827957   202.757017   192.429958   6381.634767   354.099847   1645.335967   0.000000   
199.600000   133.807739   165.483273   369.855791   181.247744   217.121133   210.622615   316.543667   327.827861   1062.181024   789.396644   192.874664   165.634895   168.063125   633.959835   331.125304   309.474436   157.064177   192.694839   249.104119   359.363721   740.759637   214.399499   262.390906   324.139885   215.528191   226.378686   155.436095   172.338824   205.156368   209.295552   203.267829   192.209913   6379.899391   353.160462   1645.146497   0.000000   
199.800000   133.853385   164.488860   370.590304   182.306769   218.287619   209.976749   316.927247   327.266188   1061.349938   788.807512   190.616269   167.230784   170.534986   633.104512   330.823989   310.136340   158.032776   192.028013   251.014250   360.027900   741.343628   219.412560   262.310707   323.205560   216.274355   226.758659   153.548239   170.580399   204.184930   209.855090   204.174402   192.911213   6380.037125   353.250876   1644.321846   0.000000   
200.000000   135.520871   165.765371   369.347301   182.536089   220.037181   208.395412   315.913217   326.782241   1062.400636   789.027720   190.325636   165.839779   171.041998   633.328316   332.446656   309.837339   155.982444   193.377981   248.724391   361.378795   741.346787   216.827375   263.565755   324.213374   218.154477   230.262515   153.992878   170.516165   203.214345   212.510869   204.304630   193.706499   6755.618115   355.219008   1643.764369   0.000000   
200.200000   138.609669   163.148693   370.105055   180.515235   217.768534   208.916220   317.160493   327.125983   1061.289803   788.903403   191.421038   165.260745   172.606531   632.206878   334.667241   308.863981   157.726316   193.131466   249.923335   359.369475   742.401021   215.647531   262.673361   323.303173   218.551316   230.331545   153.801770   169.678821   204.324208   211.498869   202.098054   193.833181   6405.266675   353.966774   1642.954492   0.000000   
200.400000   135.148178   162.980428   368.951061   180.329334   221.765114   209.514694   316.229153   327.399286   1060.312139   788.232899   190.864942   164.663295   168.383446   631.270268   329.332249   309.991567   159.278066   192.852120   248.557062   358.474167   740.984590   215.795445   262.936580   322.895169   213.827937   226.617773   154.133758   171.807422   203.950036   209.039179   202.107554   192.868892   6371.478897   355.166198   1642.050986   0.000000   
200.600000   133.008045   161.387407   370.515244   181.451956   223.186975   210.686267   317.712679   326.724315   1061.208101   788.120508   190.317706   166.824058   166.658506   632.169215   332.129893   309.052559   156.409228   193.535971   248.688826   358.844008   740.666559   214.299705   261.854882   323.981261   217.943601   226.500605   153.404548   170.951162   202.634426   213.707507   203.076780   192.782526   6365.992321   353.149281   1641.932054   0.000000   
200.800000   132.520326   164.160364   369.672706   180.720839   222.497773   208.602319   320.931234   328.015034   1060.926148   787.856583   192.292249   165.450582   171.673991   631.459391   331.100246   308.434018   160.455787   193.101600   249.509915   359.010723   739.956813   213.258839   261.086493   323.402478   213.460793   229.094559   155.700784   171.721492   203.192449   213.271596   203.675306   193.149962   6363.214725   352.876386   1640.824892   0.000000   
201.000000   131.620478   164.365976   368.427019   181.181955   219.626532   208.672484   314.736894   327.832703   1058.940983   787.735543   189.822396   165.996052   168.059355   631.543854   329.022239   308.871590   155.013523   194.845065   247.419536   359.052650   740.619631   212.964566   260.771171   322.791035   214.107374   226.295521   152.659241   171.415520   202.617852   210.617369   201.312008   191.906209   6360.542804   353.428345   1640.210027   0.000000   
201.200000   134.689454   164.482588   367.504504   181.725677   218.063891   208.408495   315.564264   327.487718   1059.558003   787.043121   192.428555   165.765923   169.283923   630.843372   329.803008   307.481359   155.322445   193.208553   249.634041   359.319528   739.522049   213.217044   261.143628   323.508437   216.504154   231.375775   153.164381   170.515949   202.586178   212.280580   203.806992   192.958356   6357.786502   352.253269   1639.667855   0.000000   
201.400000   138.932679   162.863389   367.143677   180.294597   216.441445   208.650198   313.284502   327.844256   1058.982899   786.835035   190.353066   167.169612   167.406628   631.582742   331.007592   308.998774   158.567442   193.189715   251.914195   357.813646   738.802459   214.941321   260.833159   323.362688   214.408017   229.024434   152.954509   169.280900   204.179508   212.021221   202.945868   192.692852   6355.324869   352.460638   1638.925231   0.000000   
201.600000   144.166554   164.094564   370.748332   181.402522   219.243838   209.907610   314.699339   326.391041   1058.288406   787.040504   191.974345   165.039725   165.768078   631.048152   332.237144   306.999902   160.349188   192.033225   250.479811   357.414349   738.852344   212.902530   261.979000   322.979599   218.067433   226.466329   154.096443   170.131453   202.175659   210.141507   205.557685   192.813837   6352.785663   351.425274   1638.471533   0.000000   
201.800000   138.448646   162.746382   368.181188   180.356485   219.855663   208.047511   313.614401   325.927664   1057.882083   786.310584   190.610954   164.819354   166.488531   631.468149   328.715605   307.519328   155.422905   192.304761   252.394976   358.601020   738.263812   213.055905   261.326029   322.349239   214.736735   227.203462   152.736925   169.149838   202.515586   211.661456   201.147628   192.174998   6350.145719   351.218786   1637.987211   0.000000   
202.000000   132.188201   165.079885   367.708633   179.242820   215.604236   209.446651   314.425839   325.082611   1057.371490   785.997509   192.993269   165.825585   167.342706   631.491879   328.399071   306.886779   157.129296   191.357471   246.367514   357.260982   738.415349   213.480880   260.343988   325.335354   214.238642   225.749887   152.526583   170.150310   201.246303   209.735381   202.346264   191.447356   6347.571632   351.177430   1636.975744   0.000000   
202.200000   135.284242   162.577174   365.860874   179.716600   217.239621   208.869784   315.405083   325.889746   1056.934031   785.925953   189.145800   165.173763   169.734136   630.100015   329.548271   307.178466   155.937578   192.739070   246.315850   358.220233   737.806935   215.005768   261.578888   322.172672   213.429711   225.584246   153.452686   171.314310   201.207133   210.680638   203.156206   191.149426   6345.079758   351.851944   1636.651287   0.000000   
202.400000   136.182270   166.321399   368.261822   181.403358   215.102599   208.826260   316.784149   325.764883   1057.228416   785.841140   190.578514   165.408451   169.135552   629.960148   331.417804   307.861917   155.194338   192.585934   248.216548   357.235566   738.884067   215.130679   262.477868   322.212492   217.145040   228.119926   153.220092   172.044539   203.670230   211.101654   202.021976   192.293458   6342.754036   351.374706   1635.852873   0.000000   
202.600000   134.652260   162.942065   368.025020   180.424974   215.356543   207.989366   313.251827   325.747291   1056.382541   785.065855   190.241686   164.374941   166.762287   629.454238   328.786263   307.130951   156.891088   192.494960   246.702479   356.733243   737.225875   213.565238   261.284449   322.195869   212.314759   226.700992   152.084578   170.043697   202.856084   209.124346   201.932034   191.649402   6340.168656   351.356844   1634.954495   0.000000   
202.800000   133.432659   162.127190   366.242730   183.155173   216.622107   208.660316   313.521246   325.342063   1055.681681   784.795496   187.702582   165.192411   165.002466   630.407006   326.997296   306.616374   156.266127   193.479716   245.612912   357.650241   736.541270   216.039873   260.833395   322.629168   210.597789   223.865836   154.369100   171.303492   201.442630   210.190857   201.513517   190.451067   6337.766478   350.971455   1634.741531   0.000000   
203.000000   131.503212   164.548000   366.183525   180.340261   216.978494   207.998538   314.594582   326.530741   1054.832985   784.506970   190.173773   167.297150   165.413757   629.160169   327.699111   309.137680   154.011965   193.072776   245.654132   357.000337   736.723772   213.975319   259.967858   324.051954   210.375034   224.511140   154.204698   171.010275   202.076365   207.944339   200.573174   190.499868   6335.287448   351.238939   1633.818427   0.000000   
203.200000   137.610105   162.030978   365.791420   182.856548   218.009779   210.172247   313.346357   324.636629   1054.341487   784.069904   189.556299   164.159698   168.366447   628.167793   327.504560   306.023660   158.493894   193.051792   246.512204   356.615190   737.294160   213.951405   261.690957   321.679127   213.745654   225.405041   153.128765   172.357754   203.113940   210.073149   203.179245   192.431081   6332.922553   352.814782   1633.076293   0.000000   
203.400000   138.001294   161.845687   365.744507   179.167291   217.235713   207.490577   314.387714   324.508008   1053.876597   783.514131   191.913460   165.322082   166.139556   627.902863   326.598799   305.836128   155.587017   191.398669   245.673396   356.126221   737.194707   212.977443   259.614269   320.699748   212.387860   225.339937   152.279325   170.609653   201.838365   210.210346   203.977785   191.260479   6330.541552   352.291411   1632.624416   0.000000   
203.600000   136.824963   162.119165   369.040247   179.679561   216.620367   209.884793   316.128855   324.613317   1054.723427   784.090751   194.043431   164.179521   166.376259   628.638280   329.679240   307.268767   155.098881   192.423185   248.150591   356.375622   736.233851   213.019161   260.092243   321.205383   218.234607   225.840313   152.757082   170.603804   202.673243   208.841118   203.082854   192.006525   6328.097877   353.273445   1631.809790   0.000000   
203.800000   136.993243   165.117550   368.647116   179.593522   217.247114   209.640025   317.212166   325.193666   1054.066468   783.933915   197.414548   165.365367   168.050713   627.657387   328.471715   307.150877   155.467222   191.069014   247.783507   356.280810   735.455770   214.268276   260.155323   322.054448   216.082108   227.208530   151.969965   171.200664   201.702440   210.638034   205.039838   192.472601   6325.640921   351.410160   1631.267288   0.000000   
204.000000   134.139191   161.810970   364.545521   179.314255   215.561732   208.503151   311.615934   324.959011   1053.456229   782.829761   189.781548   164.837179   165.846962   629.235734   326.540865   306.185135   157.593097   191.065554   249.012667   356.389191   735.237724   212.636984   259.202058   320.726776   216.396112   224.874124   153.970262   169.334452   201.325881   210.111665   201.318297   190.050527   6323.341946   352.458879   1630.528657   0.000000   
204.200000   133.557034   162.404551   365.719835   179.814917   216.894866   207.987835   315.510250   324.970436   1052.314039   782.447202   190.133975   164.423850   169.692964   628.434344   326.572115   305.421347   158.868105   192.184182   246.504261   355.564102   734.755722   214.301618   261.446026   321.671088   215.020843   224.243072   154.028523   168.751039   201.013496   207.970945   203.592514   191.056472   6321.061580   350.655493   1630.392813   0.000000   
204.400000   133.725732   161.658291   364.695944   180.299007   218.520079   207.643927   314.674608   325.218569   1052.551261   782.329323   189.635854   163.786487   171.126186   629.382805   328.574810   306.108249   163.355793   191.844005   247.415652   355.222211   734.233620   212.854977   259.033236   321.544766   214.768164   224.047250   152.226955   169.699953   200.967915   212.929667   201.959573   190.846661   6318.566708   351.375927   1629.526652   0.000000   
204.600000   136.878574   160.919785   365.826320   181.189332   215.168517   207.522513   314.880011   324.146659   1051.719324   781.749712   190.523902   164.735130   169.806258   627.959558   326.233781   305.525214   161.509664   192.533893   246.309567   355.707452   736.123510   213.595884   260.404037   320.931632   214.204508   224.531846   152.909321   170.106580   199.743100   209.822444   201.948670   191.745473   6316.427638   350.894991   1628.878973   0.000000   
204.800000   131.714712   161.331789   364.676979   180.024281   216.677126   207.108874   312.100484   324.585325   1051.610634   781.994136   188.732603   164.966890   164.532359   626.840734   325.511857   305.725110   157.070898   191.169822   248.408532   356.366953   733.403834   213.724333   259.545072   320.920572   212.848870   221.903024   153.235183   170.674408   201.074062   207.648102   199.760175   189.442213   6313.886366   350.374588   1628.080412   0.000000   
205.000000   132.721389   162.790983   364.734491   180.730183   216.059356   209.204588   311.962273   323.912093   1051.775740   781.081403   188.058059   165.586128   169.260638   627.348457   328.308657   304.760996   155.031308   192.361785   246.094999   355.234273   733.349570   211.916797   259.349206   320.594338   213.039911   222.396494   153.635026   169.385884   203.809554   208.993476   198.415021   190.412782   6311.673286   350.415709   1628.289419   0.000000   
205.200000   135.626807   161.091295   367.050628   180.390254   217.887193   208.035106   313.416980   324.270437   1051.941139   780.867777   187.733535   164.390569   166.965125   626.348453   329.095409   305.427759   160.645089   192.779610   246.096128   355.814317   734.103360   212.308089   258.784523   321.886174   211.409793   223.223635   153.155920   168.835505   201.370144   206.655717   200.716990   191.734553   6309.423217   349.494050   1627.120518   0.000000   
205.400000   134.856312   161.433590   365.041358   179.422104   215.194954   207.449636   311.434807   323.122107   1050.766047   780.945140   188.855115   164.632483   164.481296   625.597169   326.273816   305.495870   152.619824   191.535003   245.794269   355.770965   733.218212   211.358407   259.171193   320.870703   214.665313   223.074890   153.311533   169.564100   200.208696   207.622293   201.289096   190.377663   6307.051209   351.309245   1626.411052   0.000000   
205.600000   134.307365   161.682349   367.801024   180.766876   215.930404   208.489177   311.920524   323.389516   1049.607990   781.619537   190.320774   164.489967   169.522190   625.151782   327.829814   304.704004   155.933005   191.766501   245.813918   355.312641   734.044332   211.692980   258.656404   320.447087   213.228941   222.871889   152.226918   169.610580   200.428758   206.380235   199.330858   190.955645   6304.803223   349.937455   1625.896575   0.000000   
205.800000   136.105179   162.255888   366.537915   180.059285   215.600007   206.628891   313.146981   323.278875   1051.142118   780.163616   190.177863   164.492883   166.211507   625.656971   328.397852   304.693230   155.692185   190.064872   244.326547   355.419688   733.205606   211.200309   258.304438   321.931457   211.275848   223.635918   152.088265   169.432717   201.272060   209.714637   198.865431   190.576702   6302.467508   351.040034   1625.369476   0.000000   
206.000000   132.962125   162.121353   366.316779   179.447302   219.600472   206.852425   312.174069   322.946352   1050.128248   780.443101   189.140481   165.541584   166.786282   625.017293   325.490521   305.366741   155.254168   192.179516   245.005270   355.212716   732.954361   211.872397   259.765118   319.985340   212.208671   223.513761   154.042577   167.654132   199.890848   207.288698   199.914726   190.156627   6300.184524   349.638233   1624.749115   0.000000   
206.200000   132.208984   162.350624   363.418197   178.173078   215.876317   206.909036   311.638692   322.666555   1048.721517   779.705933   188.789206   167.249274   166.446450   624.751245   325.078998   305.541416   151.327524   193.129596   244.243548   354.813442   732.289246   211.307654   258.806048   319.320382   210.338295   221.619057   153.245306   168.268483   200.190735   206.829276   199.219900   189.093503   6298.000974   348.942653   1624.341050   0.000000   
206.400000   131.604038   161.631366   363.810752   179.341223   220.534188   206.143214   311.564305   323.639774   1048.388792   780.632765   188.232394   165.146729   168.007072   624.517373   326.705467   304.739793   155.885593   192.233987   248.558625   354.645772   732.111521   212.215843   257.915763   320.225697   211.220289   224.453947   151.940394   169.006957   199.803771   207.212605   201.452533   190.443718   6295.699267   349.419734   1623.886289   0.000000   
206.600000   132.046596   161.570318   365.248161   180.508257   214.070889   207.621638   312.056821   322.530072   1047.806841   779.264417   187.127472   162.809992   165.480629   623.843958   325.922099   304.994908   152.628500   190.056377   243.547516   354.903798   730.996456   212.859355   259.050081   319.588655   210.270305   221.655869   152.753885   168.348078   200.184545   208.283629   198.019861   188.435886   6293.521930   349.987231   1622.843543   0.000000   
206.800000   133.242218   161.959739   363.210220   178.960207   218.145571   206.617039   312.176243   322.348745   1047.571880   778.765702   187.956074   164.174501   166.624929   623.850173   327.580441   304.570344   153.527697   190.447888   244.761856   354.638755   732.510384   211.947290   258.828804   319.963782   214.739123   223.323460   151.742310   167.566314   200.636062   211.946920   199.664524   190.209000   6291.353485   348.731449   1622.262621   0.000000   
207.000000   134.160933   163.000420   364.834288   179.048597   214.809418   206.967995   310.017479   322.785906   1048.304474   778.316384   187.252284   164.378631   168.109715   623.889868   328.693889   304.726175   154.846610   189.773087   245.420278   353.713052   732.000543   212.224806   258.665883   320.577718   212.548278   223.583943   152.699536   169.875305   199.641577   208.943637   200.148514   189.581291   6289.215938   349.710771   1621.920273   0.000000   
207.200000   133.087722   161.884758   366.210766   179.532698   214.707081   205.834632   310.524804   324.174041   1049.142853   778.604794   187.907141   165.230197   167.007369   625.110504   328.002655   306.142942   155.659328   192.214620   246.376601   353.982483   731.377405   210.730633   258.805244   319.774232   214.109653   224.980604   153.404526   167.668206   200.530044   208.147957   202.179080   190.087078   6287.005064   348.844047   1621.575722   0.000000   
207.400000   136.280295   162.923938   364.558848   178.793129   219.051649   205.392951   313.844217   323.048944   1048.322587   778.751141   188.402816   164.954376   170.059593   623.173444   328.248740   304.962151   155.089014   191.228153   246.358809   354.164829   732.341182   211.978194   258.292195   319.455274   214.120472   226.531472   152.980793   169.154981   200.103578   208.858099   203.140694   192.442025   6284.776350   349.488214   1621.021932   0.000000   
207.600000   134.612162   161.529548   364.326748   180.694779   220.279127   205.000169   313.173319   323.314751   1046.434187   778.821553   189.574717   164.535062   166.349448   623.522816   325.019325   304.131488   155.654636   189.531406   244.201922   353.577139   730.655075   210.785245   257.433986   319.475272   213.881261   222.611749   151.479076   168.462721   199.156908   207.044335   199.371974   189.618347   6282.650192   348.554835   1619.990491   0.000000   
207.800000   137.289733   162.499698   365.796898   180.796467   214.642514   206.035539   311.282977   323.643443   1045.724511   777.803896   187.273424   164.678876   164.620522   624.988418   325.408044   303.649997   155.372273   191.514846   243.340890   354.566961   730.942195   212.315526   258.758861   318.779839   214.716025   222.739996   150.684094   168.612575   200.767363   208.145513   200.862675   189.602752   6280.438391   348.870650   1619.706997   0.000000   
208.000000   135.309529   162.531813   365.411403   177.825693   214.196432   206.789427   311.667570   322.509115   1045.326827   777.076492   188.974700   163.789327   167.303545   622.713062   325.163875   306.118468   157.522147   189.284277   244.327050   353.114563   729.357446   211.567921   257.532433   318.964433   213.167537   223.358301   150.921094   170.969971   201.010875   207.432447   204.275171   189.933066   6278.324857   348.153197   1618.776119   0.000000   
208.200000   134.017438   161.689659   363.407617   179.467998   215.734064   205.518733   309.524744   321.640533   1045.543429   776.922234   187.147110   165.722236   167.044372   622.817325   324.548399   304.520233   155.004700   189.916363   244.163293   353.504243   729.715436   212.718820   256.583683   320.368623   211.983295   222.994095   152.681015   169.983148   199.537691   208.658755   198.075609   188.786272   6276.186075   347.738515   1618.564774   0.000000   
208.400000   132.024255   162.255153   362.814477   178.818478   213.125035   207.150445   311.255803   321.995711   1044.605889   776.526467   187.025252   164.157607   165.357927   622.979557   325.943084   304.839549   153.522640   190.344120   244.996644   353.540826   728.606303   211.514678   258.529881   318.203699   211.095331   223.948200   152.066405   166.755887   200.550373   206.908006   198.073486   188.123495   6274.113160   348.450043   1618.159051   0.000000   
208.600000   134.260521   162.038386   364.037364   177.486675   214.147169   207.444188   310.529281   321.362200   1045.375207   776.146671   187.027895   163.269593   164.594116   622.410387   326.251357   304.094215   157.136095   192.407973   246.215786   353.956346   729.383203   210.222110   256.991254   318.163062   212.311166   224.620633   152.011550   167.782925   200.336438   207.432345   202.859629   190.369244   6272.043638   348.398113   1617.587715   0.000000   
208.800000   132.161278   159.488536   364.841752   177.345911   214.964167   207.722672   311.466036   322.186841   1044.402049   776.138331   186.967833   163.149605   166.009119   622.401411   323.821055   302.626073   154.553638   189.646342   247.049145   353.678494   728.901513   211.573544   257.852120   319.950766   209.683128   225.075528   150.526455   168.408544   198.880249   205.525969   198.926623   188.722333   6269.830580   347.519441   1616.943577   0.000000   
209.000000   133.062401   162.399493   363.401766   178.630054   212.918164   204.548744   310.486329   322.713023   1044.691559   775.932580   188.220302   162.145235   166.142157   621.887171   323.650571   303.059534   156.361701   189.557427   245.562005   354.006068   728.146468   211.303420   257.204599   318.624537   211.199393   226.164899   151.138316   167.099667   200.790927   206.959329   199.419116   189.244123   6267.763462   347.811114   1616.426099   0.000000   
209.200000   130.311215   160.130383   361.601546   178.117171   214.211708   205.071891   309.172043   321.197778   1042.734200   775.538930   186.384537   162.260706   164.743684   622.095794   324.854613   302.944705   154.152840   191.183378   243.117072   352.456542   728.704027   211.526181   257.898552   319.491953   210.853551   222.750867   150.471373   168.072936   199.168524   204.874625   199.944590   188.272758   6265.653610   348.714537   1615.878936   0.000000   
209.400000   134.427063   161.181528   362.029893   177.399866   216.402757   204.860378   312.094702   321.793710   1043.704675   775.107870   186.740964   163.056762   168.936870   623.966240   324.453545   302.299787   152.705854   190.265694   247.506785   352.743009   728.899928   213.155368   256.529167   318.231734   212.587104   225.815051   150.357774   169.029551   199.329716   208.510622   198.025690   189.797688   6263.655887   347.663949   1615.024711   0.000000   
209.600000   129.514752   161.131010   362.509886   181.187407   211.937769   205.890082   307.784701   321.136962   1042.630689   775.482979   186.554341   162.796209   164.070194   622.247421   323.415654   302.949940   151.479108   189.844066   243.517687   353.481359   727.516090   210.625811   256.780073   319.468093   210.236740   220.434790   151.697519   167.234817   199.891730   205.304880   199.932809   187.786137   6261.565683   346.541340   1614.854315   0.000000   
209.800000   130.909123   158.955354   364.181983   178.792300   214.463222   206.778115   308.289564   321.345578   1043.517449   775.203993   186.428348   162.611924   165.954312   622.384367   323.902672   302.442900   154.922511   190.236900   245.727156   352.367002   728.545468   210.406626   256.678901   319.119491   211.911071   224.795385   151.686908   167.186244   199.041490   204.980273   198.965680   190.017435   6259.546817   346.208305   1614.360994   0.000000   
210.000000   132.002159   162.583136   363.107471   177.766406   215.417329   205.064649   312.055590   321.085871   1043.577483   775.061387   186.721248   164.477981   164.512318   621.922987   324.134332   301.781423   152.962050   188.813483   245.981274   352.085517   727.140207   210.365043   256.328189   318.753549   210.518054   220.469716   150.832894   168.615174   199.421720   207.636690   197.346186   188.850148   6257.748392   346.670267   1613.471967   0.000000   
210.200000   132.803700   159.792770   362.372643   177.888994   214.127746   204.436300   309.446296   320.164187   1042.667507   774.458330   187.614155   164.228035   167.523112   620.261990   323.007897   302.178763   155.541679   189.851942   245.794251   352.209960   726.858837   211.390741   256.750787   318.905980   211.431236   222.372550   150.752236   166.636706   200.178992   205.169577   198.642690   188.911626   6255.441415   346.739323   1613.155243   0.000000   
210.400000   135.352376   162.106717   361.388206   178.843883   215.680859   204.649784   310.600048   320.345416   1040.876031   774.147813   189.295631   162.915837   166.539778   620.687196   325.689404   302.607192   152.228824   188.345048   245.125895   352.403473   726.870315   212.259636   257.311832   317.343249   212.388786   222.799442   150.635053   167.010285   198.069903   208.492779   199.123124   189.111361   6253.437946   346.469823   1612.816525   0.000000   
210.600000   135.793315   160.926028   362.646795   176.776047   214.156349   204.816101   310.432473   321.149029   1042.141273   775.169297   192.517895   162.304551   166.188582   620.957148   324.892084   301.943477   152.777155   189.023528   243.741570   351.608969   727.732474   210.675573   256.748872   317.271250   212.558744   222.193586   150.005697   167.123100   198.721080   204.709195   199.249340   189.335144   6251.441906   349.746547   1612.442957   0.000000   
210.800000   130.232526   160.913532   364.988053   179.483758   215.287772   206.605414   309.372078   320.574332   1041.554074   773.349618   187.227158   163.099344   166.665363   619.871397   324.438427   303.186042   156.309614   188.505318   244.008279   350.819516   726.837524   209.697193   255.968141   317.250514   212.267868   221.367428   150.995429   166.690518   198.773833   208.439003   198.960200   188.291084   6249.529462   348.620774   1611.821339   0.000000   
211.000000   131.710266   160.907676   361.872780   177.474464   212.832403   206.311083   308.902720   320.848869   1041.750186   773.512638   188.282556   163.262057   165.220893   620.461051   326.090558   301.320544   154.983619   189.467023   244.088536   351.305629   725.765470   212.343457   257.331978   318.577449   212.525896   222.102704   150.502005   166.686534   197.876246   206.673335   197.846144   188.894738   6247.523319   346.129683   1611.209183   0.000000   
211.200000   134.537112   159.436917   363.233658   180.239023   212.873368   205.292269   309.994318   320.292004   1041.044162   773.377815   187.450163   162.393525   168.390268   621.194036   326.550014   301.402685   159.939296   188.407968   248.024346   351.112931   727.980376   211.791708   256.658874   319.502630   213.416834   220.598756   149.871963   168.672747   197.926708   214.049164   200.980615   190.295625   6245.620492   346.711607   1610.435811   0.000000   
211.400000   132.635727   160.816832   361.348527   176.835765   215.638116   204.986190   309.092991   320.823481   1039.543313   772.992035   188.475035   163.658294   164.331820   620.267175   324.503399   301.332694   154.327725   191.116556   243.361989   352.006263   725.707250   212.505070   256.601473   318.060552   209.906610   221.537325   151.403188   168.913947   197.586327   208.970976   201.433991   188.883406   6243.621376   346.901585   1610.002016   0.000000   
211.600000   137.255630   159.518511   361.747156   176.101247   215.169918   204.816039   308.615077   320.634377   1039.364740   772.641807   187.272882   162.248284   163.352057   619.281003   323.308449   301.311114   151.964097   188.013106   242.851964   351.677494   726.175172   211.003589   256.053287   317.832950   213.055768   222.811970   151.315133   168.460933   198.924787   208.735325   201.955267   189.688736   6241.875482   346.750112   1609.646287   0.000000   
211.800000   129.659072   159.535032   361.230916   177.032461   213.800406   205.255558   308.157506   319.855345   1039.296069   772.298445   186.170402   162.958037   163.357142   619.422292   324.792068   300.978174   152.870899   189.628262   241.705934   351.943013   725.032845   209.804870   255.218526   318.283051   209.684159   221.346013   151.265592   169.355583   199.207155   206.063823   200.315357   188.292671   6239.790539   347.967876   1609.493373   0.000000   
212.000000   132.909349   159.850395   365.173228   177.645745   215.959541   204.482746   309.364760   320.178058   1040.059140   771.939602   193.898756   164.577409   166.018075   618.190975   326.919882   301.060578   159.504510   188.866173   247.830992   351.988816   726.992095   209.440522   255.634452   317.516369   214.918313   223.641858   150.726987   167.383791   198.225175   210.983024   204.838243   191.440403   6237.819104   345.898925   1608.546849   0.000000   
212.200000   133.467824   158.576941   361.571599   176.267392   214.279445   204.935773   312.083788   320.568362   1039.253889   771.826390   187.939339   163.053722   163.966203   619.919664   324.163543   301.718237   151.323924   187.913743   244.929947   352.164676   725.415079   210.486906   256.098166   317.931885   209.180359   219.021587   150.077832   167.947570   196.690069   205.372346   200.366914   189.081428   6235.925570   344.639573   1608.048090   0.000000   
212.400000   132.257782   161.008481   363.239189   176.258727   215.195547   205.034579   309.881433   319.564420   1040.016884   771.899972   187.396179   162.433270   161.888250   619.504725   325.717976   301.276722   153.439612   190.104249   246.622000   350.541810   725.267510   209.184577   256.201507   317.099665   210.807204   221.999230   153.328884   168.738007   198.895630   208.719054   201.612035   189.194356   6234.051551   346.312877   1607.513385   0.000000   
212.600000   132.276161   160.572812   361.593031   176.109925   213.662326   206.210810   308.607591   320.175295   1038.297465   771.963775   186.593244   163.430613   163.793125   618.313158   322.441822   300.668154   152.941660   188.121202   244.006360   350.212068   724.147354   210.566432   255.500299   316.534052   210.642089   220.827542   149.575463   167.385522   197.549753   206.866107   197.898780   187.884175   6232.151807   345.528279   1607.192397   0.000000   
212.800000   139.119639   161.930898   362.176769   177.626712   216.059698   204.731361   310.995979   321.195092   1038.892244   771.297803   187.191887   162.968601   167.216933   618.575340   328.418323   302.198715   156.113169   187.438298   246.486319   350.638232   724.900286   208.753451   256.911423   316.755134   211.710420   221.699049   150.288541   167.098765   197.860115   211.263693   199.328544   190.707130   6230.285325   344.737376   1606.459655   0.000000   
213.000000   131.279853   159.568386   360.557598   178.712698   213.136261   203.896195   307.513540   320.620832   1037.335682   771.348089   186.382696   163.156646   164.927775   618.020109   322.055996   300.188967   151.974240   188.743937   241.982016   352.733372   724.046928   210.479438   255.547173   318.064174   207.610723   220.307219   150.990796   168.405684   197.671773   204.771102   195.809001   187.558897   6228.467081   345.072802   1606.114427   0.000000   
213.200000   136.873908   159.100841   358.992979   177.808274   214.478975   204.573799   308.172225   318.832055   1037.599193   771.821754   190.013312   161.518058   165.300368   618.159430   323.360755   302.080482   154.560931   187.533655   246.164171   350.524435   723.551254   208.835193   256.386457   316.597724   208.988573   219.386929   149.313095   167.445336   197.842061   206.642158   203.026920   189.350509   6226.518612   345.305744   1605.872794   0.000000   
213.400000   135.512448   160.601630   361.468314   177.003852   212.672427   205.092138   312.027048   319.557680   1038.172832   771.543488   186.552369   162.181269   166.091859   617.290685   327.005333   299.867342   154.298906   187.499472   246.615334   350.461127   724.149605   210.104532   255.163801   317.116897   212.494073   222.869260   149.240229   167.364945   197.879720   206.542584   197.935268   188.923247   6224.700865   345.913586   1605.599146   0.000000   
213.600000   130.787733   160.665117   359.029521   176.803172   214.570021   204.975216   307.584896   319.441254   1036.310959   770.367384   188.678835   162.569467   161.149346   619.169193   320.745991   299.701450   155.439964   188.869573   243.748486   351.076305   724.620384   209.108465   254.988714   316.174871   211.201917   221.188536   152.612667   168.943907   197.981522   203.957282   199.228132   187.694247   6222.864176   344.686469   1604.818679   0.000000   
213.800000   129.615397   161.804143   359.162315   178.290393   213.397027   204.973399   307.195985   318.715976   1036.223851   770.367053   185.237286   161.835392   163.341750   617.685756   321.807204   299.843172   157.250912   187.566596   244.058128   350.267680   723.264128   209.812430   256.475228   315.706470   208.757623   223.593498   152.070914   166.234669   198.771663   203.374029   199.684425   186.989100   6221.046570   343.827986   1604.198018   0.000000   
214.000000   128.533917   160.529080   359.601881   176.646937   214.523017   204.364868   311.161143   319.223208   1035.234170   769.878506   186.572007   162.364883   165.262998   616.520707   321.711792   301.483883   157.892249   188.201267   242.903145   349.874771   723.239211   210.809344   255.306717   316.210659   210.960442   221.067915   150.040030   165.040188   196.951166   207.840021   198.394362   188.589448   6219.264221   345.039226   1603.795070   0.000000   
214.200000   133.817581   159.967536   359.707015   177.654790   212.677937   205.360114   306.641277   318.407344   1034.989443   769.713378   187.793499   162.640457   164.564989   616.977091   321.667063   299.782579   153.993448   190.486177   243.250094   350.063456   722.749734   209.625528   254.288285   316.723250   209.059927   221.282289   150.321524   165.398137   197.082910   206.151691   198.002036   187.765999   6217.541698   346.515210   1603.704591   0.000000   
214.400000   129.749133   158.320981   361.422016   176.179095   211.416356   203.910383   307.260472   318.414299   1034.864105   769.351520   186.820822   162.286053   163.660990   616.704656   321.970695   299.533832   154.881348   188.590794   242.491696   350.394873   721.704532   209.883475   254.190824   316.460489   208.193788   219.636854   149.850246   166.923309   197.808877   205.569581   198.542856   186.495928   6215.646526   344.017851   1602.783423   0.000000   
214.600000   133.454185   160.445504   361.787211   175.519098   212.018409   205.240302   307.233262   319.493616   1036.020924   769.899198   185.257845   161.535803   165.184413   617.937941   322.808834   300.381381   156.388768   189.734424   245.254619   350.727024   723.332096   208.626562   255.116078   315.053729   208.101105   219.921747   148.990273   166.329202   199.361068   205.981612   198.317617   187.914541   6213.905162   344.267089   1602.361947   0.000000   
214.800000   135.014786   159.421870   361.779704   176.514180   210.201951   204.344091   309.567179   318.994986   1035.403729   768.852720   184.722997   161.732493   167.668849   616.266763   322.631857   299.480573   155.326173   187.809706   243.459389   349.520051   722.399279   209.715648   255.482243   315.951817   209.501886   220.961200   149.619042   165.056471   198.180277   209.107703   198.184104   188.652580   6212.141391   343.750924   1602.267520   0.000000   
215.000000   131.855423   158.914098   360.136530   178.736475   211.755707   204.488174   308.432152   317.975927   1033.998342   769.256687   187.121072   162.913230   164.034368   616.617578   321.992834   299.176019   152.154985   187.999671   242.309603   350.516762   722.185975   210.020389   255.369847   318.320685   212.365947   221.581354   151.002534   166.634726   200.291584   206.802280   197.242447   188.186090   6210.371738   343.818369   1602.027540   0.000000   
215.200000   135.280056   159.308317   362.697581   175.913194   211.049161   205.597199   309.962002   318.554804   1034.608687   768.461267   186.735274   163.978179   163.002469   616.405815   321.974077   299.363440   154.387114   189.324859   242.046992   349.188114   722.850539   209.729739   254.860996   316.161714   212.597156   220.016176   151.871260   166.911357   198.520956   208.242268   196.593683   189.094035   6208.625586   343.651754   1601.610164   0.000000   
215.400000   132.052678   160.666775   359.275731   176.946623   210.761126   205.037462   307.874773   319.059758   1034.527780   768.216739   188.302987   160.978104   163.007065   616.547749   322.980156   300.315582   154.130564   189.134441   242.706200   349.149218   720.980416   208.366563   254.593816   317.469950   210.568669   217.762766   149.870803   168.215458   199.952243   206.393050   199.242441   188.587829   6206.925958   343.704773   1601.801331   0.000000   
215.600000   133.216004   160.818839   362.071192   177.231548   212.728003   203.522815   307.834243   319.439664   1033.326972   768.512826   187.554438   162.147040   163.727861   616.472529   321.799629   298.725095   156.722623   187.997826   242.876616   350.899152   721.595970   208.251692   255.141151   315.779361   210.978479   220.267897   149.928333   166.233720   197.136958   205.817158   202.748335   188.294718   6205.256392   344.233656   1600.384288   0.000000   
215.800000   132.488777   160.619725   359.990508   177.317929   214.743976   203.441951   309.526180   320.701747   1034.402403   767.761330   187.749423   160.935403   165.069838   616.489445   321.359574   299.410370   156.536306   189.847800   241.663204   349.784254   721.866988   207.524570   255.284266   316.950396   214.169410   224.472521   151.911607   165.507331   196.655412   205.427931   200.962158   188.713347   6203.457990   343.002406   1599.701333   0.000000   
216.000000   130.435687   161.093578   359.319712   176.367894   211.215445   203.506858   308.486692   317.690839   1033.032072   767.663863   186.528811   160.231598   164.443828   615.057367   320.246253   299.034181   154.841531   190.630853   243.661312   348.996374   722.327042   208.094337   254.079529   314.916552   208.784811   221.207238   149.496780   167.484288   196.215863   205.979040   198.089287   187.799096   6201.834042   342.718399   1599.373285   0.000000   
216.200000   133.730633   158.880327   359.265719   178.024948   211.018169   205.829952   309.102328   318.308351   1032.603655   767.502765   185.091310   161.317128   167.833778   615.545069   320.993849   299.256572   156.929874   187.159532   243.703368   349.139600   720.774936   209.652861   254.070988   314.997872   207.555875   220.301239   149.383174   166.154310   196.215939   205.307065   198.710309   188.131879   6200.212360   343.183373   1598.987498   0.000000   
216.400000   133.736578   157.480480   357.872146   175.809050   212.689122   204.706644   306.241533   318.140962   1032.296735   767.688673   184.016549   161.904507   161.755286   615.342291   321.403909   299.986768   155.729400   189.119690   240.955203   349.509136   721.190811   208.112798   253.844585   314.464825   208.459602   218.244411   150.048228   166.103217   196.520820   209.249214   197.644318   187.050520   6198.465466   342.888626   1598.350784   0.000000   
216.600000   129.173225   158.425189   358.669648   175.378421   211.848789   202.782956   306.457142   317.416600   1032.875128   766.943645   184.861423   160.990502   162.398446   615.372273   322.113035   298.774108   153.486490   189.889963   243.440931   348.348472   720.612168   209.313382   253.568924   314.017950   206.952341   218.488470   150.868275   164.570161   196.667674   203.562799   198.600202   186.828111   6196.798027   342.604976   1597.908768   0.000000   
216.800000   134.765516   157.943377   359.509523   177.242144   212.666303   205.293045   307.425874   317.229783   1031.667841   766.856872   186.678624   160.574794   165.070259   616.085648   323.527873   298.308633   152.834007   187.631319   243.787215   348.534696   720.676553   208.362655   255.564589   315.658630   208.293566   218.075047   149.570267   165.614421   196.216176   204.412620   196.625180   187.519431   6195.182317   343.455250   1597.882621   0.000000   
217.000000   136.034685   157.962612   358.832416   177.938859   210.873459   205.590993   308.843588   317.403980   1031.148612   767.588060   187.135610   162.140007   164.659706   614.726921   321.931038   298.354469   153.425588   189.328777   244.423940   348.446293   721.154602   208.985759   254.993545   314.407812   209.482921   218.352470   151.157930   166.677551   196.326251   203.795979   197.846198   187.820954   6193.408801   343.515876   1597.252671   0.000000   
217.200000   133.103781   159.487825   357.320776   177.054815   212.539714   203.407407   306.255234   318.108497   1031.060509   766.646352   186.651001   160.182699   161.405634   614.863384   320.144166   298.572419   154.380996   189.229786   240.722727   348.900200   719.604532   207.712142   253.444163   315.081758   207.221676   218.044898   154.041132   165.782106   196.244908   206.893160   197.384878   186.546034   6191.786146   343.271870   1597.012464   0.000000   
217.400000   135.362407   157.206154   358.886881   177.469482   212.569886   203.022755   305.779267   318.009846   1031.008004   766.481012   187.273164   163.931452   162.037239   614.874860   320.563774   298.242572   155.311784   187.247724   241.804149   348.788801   719.508552   208.156403   254.267048   316.119139   208.281994   217.900466   149.553381   164.276890   196.654048   202.408791   198.734016   186.755809   6190.223030   342.624938   1596.847405   0.000000   
217.600000   135.658725   157.174344   358.204771   177.399070   217.266657   202.604860   308.748004   318.192909   1030.902274   766.026157   188.445530   161.343511   162.328011   615.503467   322.895863   297.979812   153.184187   187.355828   241.615553   347.661151   719.389696   209.609051   253.725792   314.694807   210.716666   220.610007   148.666703   167.088036   196.318178   207.808102   200.594292   189.732545   6188.554000   345.142214   1595.700213   0.000000   
217.800000   135.599906   158.227866   358.816564   177.726237   216.055528   203.238762   307.784931   319.238098   1032.004942   766.078637   186.407432   160.868305   168.182369   614.829164   320.715099   298.587861   154.613112   187.231018   244.688971   347.789251   721.200399   207.745143   253.391668   313.942396   212.301371   223.574952   150.115845   167.175547   196.183985   204.787104   202.713005   190.393648   6186.933918   342.441228   1595.327313   0.000000   
218.000000   131.579315   160.020647   358.161427   175.471176   213.460435   204.062901   306.627600   318.692525   1030.981395   766.205823   186.198510   160.525691   166.181159   613.989115   322.033410   298.553033   155.112528   187.492466   241.392970   348.738674   719.714494   207.126699   253.545939   313.457132   209.050011   220.989796   151.043931   167.124541   196.249038   204.433128   198.939527   187.171332   6185.362048   342.070229   1594.933972   0.000000   
218.200000   135.071396   158.494743   359.486870   174.660612   212.732000   203.185104   308.689908   318.045067   1030.853783   765.858807   189.409574   161.900892   168.135073   613.499420   323.440455   298.618141   157.007442   187.059082   243.929921   349.389086   720.175942   208.541800   253.491224   314.868809   212.202448   222.300516   150.457389   166.478466   196.042132   207.827467   199.553312   189.304684   6183.974833   341.973124   1594.716698   0.000000   
218.400000   131.385240   161.101549   358.146990   176.025201   212.008181   203.258563   308.823601   319.137798   1030.526342   765.563323   186.710017   161.854148   165.268631   615.204126   326.238819   297.838422   155.382080   185.637487   241.131419   348.402495   721.479848   207.920740   253.802673   313.357018   206.967594   220.676040   148.002278   165.395620   196.951066   203.396783   196.530461   187.520305   6182.268995   341.446366   1594.202288   0.000000   
218.600000   130.568777   158.923689   357.235512   175.298297   212.161713   203.234439   306.589648   317.851370   1029.583770   765.232243   183.615136   161.281082   162.559822   614.094646   321.384450   298.840670   151.312531   186.375365   240.981268   347.844205   718.693833   208.943270   254.834604   313.319261   210.201406   218.782199   149.575135   166.377203   196.904289   202.900700   197.158717   186.888945   6180.695851   342.707503   1593.868017   0.000000   
218.800000   133.395833   158.091702   357.264712   175.412968   211.816296   203.679685   307.081966   316.778712   1029.012344   764.953083   185.950019   160.929347   164.576633   614.036650   321.720453   298.076583   152.546624   191.030393   240.744907   348.504979   718.633343   209.803176   253.955628   315.127857   210.437934   218.538300   150.174619   166.441754   195.660431   205.006624   198.690168   187.056741   6179.262623   342.240897   1593.274211   0.000000   
219.000000   136.613053   159.087582   357.526635   176.060562   212.235293   202.667291   305.820205   317.980163   1028.767220   764.535990   185.596647   162.454266   165.880409   612.924270   320.794930   297.812739   156.324599   188.288405   241.056027   348.719245   718.572727   207.246876   253.524350   313.468258   209.862631   217.873440   150.708187   165.724409   196.688188   206.734587   198.150285   188.371509   6177.686880   342.610101   1592.768417   0.000000   
219.200000   130.544283   159.168638   356.432012   176.355198   210.830728   202.356883   306.890177   318.244101   1028.870864   765.232423   187.874179   159.855939   165.591986   613.265261   320.880493   297.443896   152.940291   187.318437   242.464587   348.072223   718.671607   208.233638   253.153700   313.831045   211.894251   219.090061   148.863263   165.416041   196.046436   204.127706   199.370476   187.019729   6176.053229   341.491299   1592.539060   0.000000   
219.400000   137.527457   158.743343   358.548038   176.013926   214.115163   201.754395   308.332161   316.183665   1031.047958   764.430859   187.639508   161.934399   163.861427   612.764327   321.949568   298.039747   157.876102   186.807339   245.379303   350.040901   722.408140   208.320556   252.930524   313.293881   213.980085   225.602600   149.917708   164.758935   197.632268   213.328584   201.979977   190.140024   6174.466104   342.703773   1592.154845   0.000000   
219.600000   132.405725   158.103508   357.692959   176.141023   211.346926   202.004613   306.858702   316.600961   1028.470710   764.907577   187.698309   161.481382   161.051831   613.187634   321.745030   297.027899   152.755749   189.365118   242.760884   348.429750   719.520165   208.000581   253.885523   312.815066   206.827802   224.066218   150.002545   166.175252   195.874125   204.467496   199.241430   187.191255   6173.058039   343.187933   1591.921676   0.000000   
219.800000   133.846179   160.490318   360.918663   175.408978   211.870451   201.259641   306.808217   317.018677   1028.744587   764.619926   189.760145   160.784769   166.118127   613.539871   319.390257   297.554951   154.004726   188.545697   245.044560   347.489298   719.222847   207.407358   253.886389   313.021246   208.882001   220.105013   149.153239   167.215584   195.859532   208.161685   198.506806   188.230205   6171.516651   341.992944   1591.560456   0.000000   
220.000000   129.300983   159.653771   357.452190   175.198177   209.130598   202.315249   307.041796   316.458651   1027.156523   763.870342   185.938514   162.834040   162.551672   612.472368   318.965334   297.834178   152.345278   188.627838   239.629922   347.415946   718.205115   209.030014   252.652132   314.217394   208.610246   219.116361   148.813224   165.030630   196.073657   205.076663   194.815443   186.193491   6170.013961   342.138722   1591.030168   0.000000   
220.200000   131.437544   162.223514   355.612665   176.520522   210.180311   202.304693   305.766499   315.646539   1026.878871   763.863702   184.692423   160.929348   162.897502   613.623756   318.554435   297.832024   152.895542   189.672631   241.008202   347.344851   716.471870   206.528749   252.817094   313.370953   207.310539   217.190207   151.164310   164.752745   199.320852   202.589394   197.624078   185.842895   6168.580573   342.136291   1590.829257   0.000000   
220.400000   131.687621   158.909798   357.869045   176.878227   210.853182   202.262718   304.615487   315.529300   1026.704865   763.222811   185.269976   162.598203   161.921032   611.604374   318.054322   297.176912   151.726950   187.677437   240.713255   347.583071   716.121193   206.939853   253.816539   312.992311   210.598577   218.083093   149.399645   165.657435   196.102476   203.799239   195.841530   186.741936   6167.090230   342.395191   1590.891153   0.000000   
220.600000   131.464060   159.381439   358.381913   177.430932   213.340731   201.446202   307.488608   315.655031   1027.784406   763.548798   187.126363   161.256804   165.008928   611.401529   319.732493   298.308214   154.256584   188.070711   246.286326   348.728988   717.015399   207.966015   254.624598   312.739226   210.346388   217.912506   148.869717   165.529746   195.876903   206.433471   198.712781   189.310116   6165.706657   341.644179   1589.752414   0.000000   
220.800000   134.414735   157.816935   355.325362   174.304625   211.745130   202.798820   304.156697   316.126713   1025.753717   762.797065   184.509474   160.875118   164.111107   611.876538   318.216868   297.740555   151.828805   187.439036   240.754683   347.446127   716.237425   208.463781   253.642742   314.517034   207.150478   217.586570   149.753576   165.502251   195.717866   202.236813   196.479078   185.448642   6164.132760   340.950670   1589.369012   0.000000   
221.000000   128.792605   156.790321   355.040097   175.008985   211.647183   203.502521   305.299521   315.770909   1026.386611   762.902842   185.349823   162.950058   162.076866   612.212324   318.863469   298.882786   150.663804   187.839317   242.177442   348.342924   716.531876   206.975462   253.011127   313.383503   205.698214   218.076249   148.855144   165.022486   198.365509   205.070165   197.393298   185.752825   6162.817547   341.555041   1589.352800   0.000000   
221.200000   131.108676   159.586886   356.989266   175.128904   213.989724   201.682794   305.977424   316.679123   1026.305686   762.617266   187.117337   160.882665   161.257813   612.158163   319.655909   297.513208   152.939641   187.794712   241.935101   347.717535   717.677882   207.040257   253.615255   312.835002   206.891105   220.106732   149.280557   165.097239   196.378758   203.733811   199.709635   186.774725   6161.293749   341.769181   1588.983461   0.000000   
221.400000   132.875731   157.346086   356.635308   176.312299   210.642115   201.326994   308.387238   315.648167   1025.968622   762.771373   185.673824   159.761158   162.821685   610.964227   317.895864   297.034381   154.138313   186.982935   239.666580   346.632926   715.591391   206.039417   255.101751   313.620883   209.276875   218.551540   151.054234   165.558111   196.131183   204.560136   195.223376   186.568744   6159.891265   340.369078   1588.534214   0.000000   
221.600000   128.111622   156.568790   354.991874   174.943647   209.010729   203.631780   305.598057   315.247241   1025.985017   762.325693   185.605124   162.989271   162.780842   611.314942   317.573723   297.019565   149.975658   186.024511   240.557971   346.508554   715.962850   206.127273   252.217851   316.344275   206.058914   216.852713   150.059111   166.802632   199.125951   200.443075   195.483181   184.357400   6158.620568   340.963550   1588.341207   0.000000   
221.800000   130.495658   159.521268   357.267436   175.899938   211.641136   202.529802   303.646751   316.378719   1026.031547   762.426484   189.324383   161.349579   163.412060   611.447827   318.019953   296.718547   151.875704   187.664621   241.824347   346.343154   715.036017   206.431135   252.725430   313.603704   207.516764   217.757091   147.803115   164.897969   196.088030   205.734007   197.294526   186.215407   6157.188937   341.292351   1587.738537   0.000000   
222.000000   131.120121   157.658716   356.067874   174.654025   209.045695   202.157107   306.189771   316.209218   1025.138429   762.748492   186.663167   161.287912   162.249194   610.792105   319.903183   296.116805   153.620465   186.578738   240.083833   346.281193   715.885999   206.060251   253.755601   312.873399   210.001212   217.985794   150.290170   164.740749   197.955834   202.865797   197.097596   186.470170   6155.754531   340.329150   1587.447233   0.000000   
222.200000   132.938357   157.909998   356.824057   177.282306   210.829484   201.987232   307.798284   316.078065   1026.555050   761.799639   183.384571   160.389885   163.626059   610.224801   319.858595   296.045878   154.652594   187.418338   243.345984   346.054467   714.968327   209.421795   253.876825   314.501586   206.027456   216.307107   148.326499   167.107043   196.455875   203.084675   196.787294   185.722854   6154.355941   339.344609   1587.231555   0.000000   
222.400000   130.934487   157.342866   356.317336   176.559641   213.696617   204.480582   306.860477   315.661220   1025.047409   762.546127   188.560148   160.066629   164.387636   610.502026   319.926165   297.540090   158.305979   186.732239   241.743279   346.352747   716.641184   206.638728   251.755078   313.476641   205.849223   218.389002   148.363843   164.575863   196.181332   203.854849   197.817032   186.772709   6153.000123   340.312086   1586.498026   0.000000   
222.600000   134.891930   158.134605   359.097658   176.625357   212.002932   201.645745   305.752717   316.247999   1025.070847   762.602694   187.488532   159.707765   162.253404   609.929926   321.547951   296.643613   158.550927   186.395038   240.760539   347.289606   716.127451   205.761246   253.450973   312.458232   207.801535   218.599224   148.051134   164.079624   197.582004   207.688814   197.235376   187.825863   6151.698439   341.139413   1586.101280   0.000000   
222.800000   133.345305   158.667513   356.556033   175.508729   213.933778   201.183452   306.203107   315.937331   1024.884129   761.364871   189.031953   160.271903   161.342740   610.032580   321.553691   297.364179   157.683321   185.273629   239.923565   347.037026   717.009035   207.486941   252.871255   312.591297   212.454427   219.749816   149.575323   164.592231   196.142841   205.532388   198.696919   188.252410   6150.257359   340.920734   1586.000100   0.000000   
223.000000   131.148652   157.842755   356.395603   174.244319   210.048799   203.572278   304.402691   315.256295   1024.849225   762.207012   183.873893   160.077539   162.527452   610.159404   319.542058   296.672531   153.162091   184.853179   241.063992   347.763549   715.868157   208.947912   251.471495   312.785947   208.118049   216.961127   150.637248   163.859231   196.094151   202.794703   197.385245   186.430532   6148.928093   340.079789   1585.537294   0.000000   
223.200000   129.908946   158.675895   356.235591   174.807190   213.413155   202.371431   305.205296   315.703250   1026.074770   761.098305   185.010083   161.730603   166.313157   610.001141   320.767389   297.873329   155.847069   187.282327   244.163668   345.920663   714.806821   206.459720   252.045826   311.905359   208.519197   216.580171   149.422976   164.219797   195.099452   203.516914   195.724293   186.099965   6147.669295   339.632521   1585.205305   0.000000   
223.400000   132.536104   160.827778   356.568677   173.927699   213.935266   203.163374   306.713750   316.237477   1023.810813   761.603314   184.645817   160.035807   162.213000   611.977760   318.701892   298.138489   154.808935   184.903238   245.583251   346.901524   715.123932   207.015978   252.566605   312.748018   208.628212   215.967103   148.249846   165.291460   195.973371   203.694339   197.614748   186.652039   6146.325291   340.430046   1585.378271   0.000000   
223.600000   131.414647   156.774806   358.038590   174.004032   210.415612   201.567608   303.979608   316.499185   1024.434951   760.829203   184.973991   160.020155   161.676424   610.078210   317.553637   296.054542   151.380166   185.033244   239.573344   345.871739   714.448923   207.308369   252.790202   312.670924   207.467265   218.017274   147.440097   165.626538   195.874715   204.158127   195.199220   186.156393   6144.997713   343.238813   1584.531374   0.000000   
223.800000   131.147356   156.638718   353.754856   176.123846   210.971570   203.015216   303.844842   315.323900   1023.316959   760.509575   189.489173   160.190592   161.879476   609.529750   319.930497   296.068573   148.349963   186.490611   239.124643   345.596556   713.929989   206.736009   252.487998   311.057256   208.022182   218.464231   149.244288   165.943978   195.453985   203.781031   199.654890   186.030287   6143.834025   340.324009   1584.452251   0.000000   
224.000000   128.800831   155.965132   353.935524   178.005989   208.508784   200.934826   303.259323   315.339631   1022.240805   760.726730   183.359354   159.611861   161.887552   610.213125   318.548298   296.338802   148.690867   186.243292   241.951293   345.951771   713.675945   206.200289   252.995778   312.776321   205.377505   215.025751   149.053699   164.072796   196.871896   201.934624   196.058509   184.357494   6142.423443   340.046486   1584.225728   0.000000   
224.200000   130.070927   157.086252   355.559662   174.668875   209.408930   201.163898   303.732267   314.784325   1023.254870   760.576183   182.657526   159.647029   162.838446   610.936191   316.948608   295.311803   152.425351   186.898660   238.694085   346.008365   713.672515   206.306268   252.792143   312.094587   208.556291   216.665610   147.688379   164.254747   196.048424   200.579668   195.803672   184.596879   6141.167656   339.569958   1583.768577   0.000000   
224.400000   131.474157   159.292352   354.487489   175.141328   208.820129   201.329103   303.012204   315.007734   1022.654813   761.374067   182.869987   159.172370   161.069083   610.192882   318.206800   296.721473   149.995663   186.012465   237.826818   345.365506   713.105333   207.289508   251.592898   311.653444   206.070712   215.108541   149.548855   166.849065   194.203546   201.281612   193.547470   184.334310   6139.969805   339.989099   1583.573191   0.000000   
224.600000   135.170705   160.063748   355.194723   174.929669   211.512478   201.868633   304.396515   316.005059   1021.858982   760.598522   183.656634   160.161452   163.181682   609.411124   317.455440   295.574851   151.505214   187.768235   238.415123   345.512494   715.777012   206.874760   251.836465   311.737998   212.796651   216.644125   148.702834   164.443182   194.620529   204.300563   194.483480   185.023463   6138.744617   338.639579   1582.823986   0.000000   
224.800000   128.136294   158.746042   356.604869   173.725750   210.270083   203.340598   302.987288   316.332339   1021.595431   759.913256   180.676081   159.841726   158.938182   608.705879   318.349317   296.028782   151.504340   186.801135   238.018707   345.551247   712.805576   205.572415   251.810880   312.375703   206.077499   213.965836   152.640316   164.398678   194.301916   201.930831   199.584744   184.935015   6137.418990   341.121372   1583.035129   0.000000   
225.000000   128.532161   157.643965   354.283626   173.842580   211.660664   203.166465   304.093927   314.389739   1021.674010   761.862354   181.831996   161.591381   158.320054   608.676279   318.547722   296.627766   149.183640   188.056422   239.731500   345.502747   712.734419   205.138329   252.862588   311.555127   205.977474   217.515289   148.099905   163.750085   195.335104   201.530832   194.510005   184.585115   6136.193444   341.658461   1582.437174   0.000000   
225.200000   131.082903   157.617558   355.128401   173.417316   211.666586   203.302818   303.199820   314.691407   1022.071250   759.900244   185.199413   160.539174   164.142993   608.178908   319.016555   296.413333   152.631484   186.616273   242.874390   345.420198   712.712775   205.658739   252.626158   312.086445   204.665677   222.626149   148.200558   163.833213   195.930332   203.527971   195.126902   186.447715   6135.081834   340.986694   1582.066419   0.000000   
225.400000   129.321475   160.733188   356.171379   173.833030   210.209156   201.079284   305.419585   314.007138   1021.766001   759.808380   183.150298   161.682531   165.137949   608.886353   316.685030   295.956646   151.188053   185.907184   238.304139   345.203253   712.466798   205.440370   252.306491   311.905676   204.442016   217.512196   149.090860   165.395246   194.414289   203.493600   195.242283   185.166833   6133.763265   339.699857   1581.943320   0.000000   
225.600000   128.483144   158.078139   355.362588   174.579819   209.718441   203.996982   307.412932   315.820421   1022.102903   759.327919   185.529537   160.025562   167.946027   608.848087   317.738215   295.357501   152.203082   185.309303   240.532354   345.650125   713.320960   206.140584   252.086741   311.500431   207.946508   215.163419   147.815593   166.185837   194.105116   204.324743   196.567001   186.459938   6132.541537   339.716845   1581.303004   0.000000   
225.800000   129.810031   159.160930   359.235480   174.178481   209.334356   202.111783   305.730721   315.399655   1021.993431   759.515341   184.035094   158.271233   161.387696   608.865727   320.577420   295.750347   152.335211   185.692620   239.837217   345.555390   714.781516   206.943734   251.299514   312.390627   207.243851   219.579182   149.334304   165.118804   193.469667   204.361703   198.136986   186.157243   6131.396763   340.992599   1580.974461   0.000000   
226.000000   131.098234   158.241251   354.687453   173.707828   211.002001   201.455546   305.440683   317.550254   1020.760551   759.117995   182.933168   160.210746   159.519861   608.273101   316.944177   295.914689   151.754818   185.549712   242.465645   345.295329   714.417548   205.425421   252.067798   311.508804   205.930409   216.770266   148.058472   165.350752   194.123918   202.785502   195.888112   185.354701   6130.275259   339.226213   1580.842834   0.000000   
226.200000   130.606725   159.215467   354.893870   173.698807   210.203493   201.129874   305.593655   315.607695   1021.331312   759.080335   180.762859   160.981286   159.186874   608.381459   317.391621   296.090861   155.332559   184.836218   238.681301   344.866922   713.542327   205.967584   251.288886   312.320748   209.115140   215.784323   147.175411   163.658343   194.888716   201.014795   197.282756   185.003611   6129.016173   338.247303   1580.772942   0.000000   
226.400000   128.293493   157.447521   355.765404   173.375363   207.761355   202.856638   305.757780   314.610167   1020.601999   758.499974   182.567355   159.585483   164.620306   607.940372   317.958966   295.129937   148.648176   185.966066   238.895879   345.511090   712.006685   204.921772   252.635039   310.940302   205.673844   216.858448   147.074505   163.792763   195.086646   201.937640   194.400919   184.825611   6127.838896   339.507659   1580.275423   0.000000   
226.600000   130.153021   158.401540   353.837597   175.964789   207.393169   200.705765   302.990430   315.049989   1019.445745   759.113088   183.444314   159.535343   159.717141   607.654341   316.356555   295.176571   150.007361   187.130597   238.391733   345.308915   712.149907   204.709719   250.835742   313.422485   206.711197   215.077229   148.524356   164.257466   196.605977   202.246496   193.932799   183.773649   6126.763003   338.219411   1579.940357   0.000000   
226.800000   132.437630   158.301977   357.985093   174.753010   211.339917   201.255452   305.300502   315.802941   1021.830155   758.510253   181.989320   158.455523   161.611613   607.517467   318.995345   295.436174   152.970001   185.454340   240.993269   344.813975   711.861206   205.361095   251.608307   311.552566   205.570592   216.076184   149.930564   164.063042   195.496437   210.742273   198.409364   186.357176   6125.682681   339.077697   1579.243619   0.000000   
227.000000   130.072854   155.812444   356.763615   177.210666   210.790427   200.955010   301.911629   316.370493   1019.416384   757.757256   183.898140   158.088650   161.665415   609.590700   318.231624   294.180362   148.226028   185.144672   240.311665   344.750308   711.495038   207.110336   251.418531   311.448746   207.422978   215.349476   148.088618   164.553135   194.613271   203.063905   195.615774   184.825808   6124.429809   340.188747   1579.066846   0.000000   
227.200000   128.371090   157.519578   354.675949   175.654437   207.837363   201.728305   304.634242   314.919072   1019.656297   758.205240   184.155139   158.215269   160.909346   608.312280   315.963928   295.764627   149.665038   184.593593   240.284422   345.789434   711.634200   206.892113   252.586719   310.775081   207.606471   217.480939   149.242544   165.262165   195.258303   202.156296   193.860087   184.605881   6123.304813   338.850493   1579.061234   0.000000   
227.400000   131.696995   157.083300   353.321480   173.326831   209.115226   203.294821   301.652431   314.489098   1020.011912   758.116073   183.987263   158.844917   159.893959   607.372756   317.206669   294.805318   149.850368   185.051014   238.846719   344.765979   711.974865   206.774657   252.567495   312.209704   206.307971   213.980575   147.427272   164.440195   194.238492   203.481005   195.701469   184.594807   6122.219807   338.221283   1578.784231   0.000000   
227.600000   130.151809   156.233262   353.271324   172.438056   207.186857   201.215170   302.387379   313.797899   1019.780411   758.035862   185.020692   160.596315   160.549441   607.150899   316.152556   294.983430   148.428594   185.177091   239.781282   344.966726   711.418398   206.074074   252.252053   312.007294   205.501349   216.143588   146.654546   164.867717   196.956657   199.327755   194.860804   184.323118   6121.094187   339.783038   1578.559352   0.000000   
227.800000   131.040894   157.882431   353.692687   176.359027   211.718021   202.600930   303.652064   313.775764   1019.993926   758.144828   185.905682   160.308538   160.820090   608.785661   316.116857   295.804751   152.621909   184.727025   238.106667   345.785229   711.017374   208.581318   252.229685   311.826879   208.060617   218.381098   147.588615   164.686085   195.684864   201.427911   197.707708   184.839520   6120.099768   337.309674   1578.328448   0.000000   
228.000000   128.442861   157.873660   353.095523   175.441013   208.629905   200.941985   303.164030   314.000220   1018.844914   757.524287   187.562881   158.593899   161.993235   607.746839   318.251042   296.191676   149.522637   185.749644   237.051386   344.765719   710.786522   207.382846   252.628690   310.600959   206.521830   214.705848   149.583054   163.245431   194.694754   201.398335   194.195381   184.712537   6118.910320   338.293794   1577.625238   0.000000   
228.200000   128.832642   156.044149   355.583131   176.649552   211.208409   200.853963   303.434112   313.846130   1018.748856   757.586287   183.774779   160.384278   162.604275   608.428185   316.338057   295.646675   151.786138   185.974733   237.282225   344.524344   711.815846   205.134091   251.052675   310.366539   204.804844   213.420481   148.145181   163.198785   195.248101   201.313854   194.699311   184.783304   6117.935934   339.889090   1577.475236   0.000000   
228.400000   127.771405   157.053380   355.925950   173.529528   210.229538   200.990603   305.648763   313.296479   1018.090963   757.111298   181.582582   159.014249   161.234403   607.928296   315.995074   295.218253   149.731375   184.218179   238.607645   344.430621   711.427048   205.963136   251.398194   311.462888   205.319336   214.268757   147.799368   163.427693   197.387022   200.547241   195.705907   184.025568   6116.950540   337.963514   1577.656098   0.000000   
228.600000   131.203303   156.850243   353.774130   173.291388   209.531158   200.542890   305.221827   313.379536   1018.454558   756.722078   181.338605   161.357267   159.159188   607.410668   315.311537   295.793508   149.114218   186.254088   240.078627   344.347553   711.913608   205.556629   250.959131   310.485302   205.400002   215.571828   147.515975   164.418163   196.627789   201.882002   194.377306   185.278770   6115.761012   338.551598   1577.179204   0.000000   
228.800000   128.012766   157.107070   352.939472   173.628112   208.093158   199.682733   300.988857   314.124777   1018.246955   756.791694   187.165748   162.134235   160.556274   606.162403   317.118579   294.396903   148.063172   187.378331   237.109480   343.558000   710.506235   204.237670   250.237466   311.560134   204.287530   215.291846   147.809982   163.215525   196.878343   200.801289   193.576869   183.755087   6114.731507   340.361092   1576.593841   0.000000   
229.000000   128.506256   155.538453   354.153668   173.193935   209.895962   199.393660   301.834929   313.619127   1017.707486   757.577564   182.504662   161.605171   160.861739   607.522206   315.410284   294.084287   149.356626   186.267016   238.098166   344.112790   709.659107   205.663536   250.315522   310.974540   205.844501   214.947388   149.195783   163.000795   194.056857   199.322672   194.431302   183.844730   6113.703552   338.943432   1576.470587   0.000000   
229.200000   129.363898   155.132900   353.880788   175.022535   210.438032   200.903829   303.200673   314.865947   1019.625041   756.910309   182.154943   158.957456   159.749130   606.977465   318.052352   295.737618   150.955207   186.183566   238.977349   344.840544   710.965026   206.399110   251.244073   310.711886   204.500792   219.442673   148.919878   164.794162   196.094873   204.578152   196.048649   185.882922   6112.675552   338.685727   1576.182009   0.000000   
229.400000   131.492694   159.713963   354.262681   173.784245   209.163746   201.213745   303.249420   313.179051   1017.818333   756.816719   183.223940   160.090706   160.653113   606.238911   316.263052   294.112241   151.262700   185.351541   241.193611   344.891959   710.654852   205.718266   251.867301   310.093264   206.751627   219.920339   150.299638   164.322728   194.609685   202.442162   195.701905   185.567184   6111.748123   338.759489   1575.859698   0.000000   
229.600000   130.890834   162.987708   353.845466   173.795029   208.539591   200.015458   301.608160   313.309368   1017.586714   756.290649   183.500276   159.791771   159.900445   606.548176   318.118593   294.053468   148.247928   185.849242   239.105878   343.508127   710.728589   206.526296   251.351336   310.190843   204.876008   215.754375   147.344068   163.506319   194.058858   200.470207   192.678073   183.987857   6110.654573   338.742851   1575.739088   0.000000   
229.800000   131.513445   157.586010   354.538037   173.822130   209.041943   200.925386   301.849028   314.678935   1018.554189   756.212987   182.305714   160.739192   162.425965   607.162938   317.121921   294.053057   154.034176   183.803146   239.983728   344.415202   712.819676   205.929410   252.063618   310.158515   207.100577   217.724892   149.705163   162.522806   195.856037   203.228903   196.891335   185.311521   6109.663406   338.611631   1575.526473   0.000000   
230.000000   129.164905   157.652502   353.014680   175.485936   208.819883   201.268676   302.053215   312.820621   1017.329316   756.432610   182.606106   159.774153   164.070783   606.685241   315.877798   294.988632   149.633487   185.156961   239.112941   344.301220   710.199355   205.481732   251.068777   310.442600   204.009187   215.916617   147.746753   163.056173   193.450975   200.044355   193.995377   183.015122   6108.680738   339.182773   1575.414003   0.000000   
230.200000   136.319147   158.894475   354.474903   175.034301   211.782695   200.585644   303.435332   312.842167   1017.078287   756.766610   183.395525   160.052031   160.601382   607.556558   315.530554   295.227210   151.717598   188.303952   240.013789   343.354941   710.032763   203.991543   251.775838   310.764588   204.804599   215.447128   147.261368   164.479515   194.858443   200.222780   195.556861   184.457193   6107.760084   338.330041   1575.225585   0.000000   
230.400000   127.382339   155.872368   355.660927   174.679139   209.370741   200.116915   301.947586   313.476586   1017.665251   756.695317   182.775123   159.738982   160.951025   606.331796   317.657494   294.207140   151.565616   185.910151   240.396334   343.817526   709.739412   205.565831   252.015594   310.776173   204.961805   213.104988   146.345210   164.453861   193.094525   201.274058   194.497959   183.970640   6106.778952   338.405398   1574.562973   0.000000   
230.600000   133.466657   155.366162   353.098120   174.903954   209.312785   200.359193   305.019139   313.653043   1018.104376   755.607559   182.074485   161.063248   162.151717   605.666691   317.475832   294.419393   150.912467   185.058534   240.572299   343.890229   710.676895   206.295748   250.436338   310.996725   205.650837   216.569153   148.507819   164.711310   193.848830   201.457619   192.597320   184.910335   6105.837405   336.548120   1574.917918   0.000000   
230.800000   128.282967   156.629777   356.599272   175.287962   208.177191   200.364612   303.693829   313.368095   1018.431605   755.552629   181.799259   159.763975   162.505796   605.822107   315.502727   294.611214   150.473367   185.530722   241.357165   343.865027   709.429933   208.313185   251.672699   311.446961   204.209533   214.465506   149.822061   164.978505   196.226636   201.370259   197.010409   184.420951   6104.934260   337.712765   1574.046304   0.000000   
231.000000   135.074664   158.672857   354.621681   175.090166   208.447235   200.350053   302.771086   315.169375   1016.804713   755.413733   181.943522   159.105978   163.002439   605.963198   315.944535   293.305596   149.771796   185.253115   238.374133   344.673640   709.695583   205.519702   250.757582   310.044795   204.000995   214.488232   146.980104   164.010260   193.686253   199.214770   198.493411   184.094236   6103.942901   337.316268   1573.896493   0.000000   
231.200000   130.666940   158.167611   352.788428   173.951886   206.248660   201.826959   300.682299   313.682925   1016.829225   755.330786   184.079729   161.426265   164.680075   606.048810   316.693862   294.685148   151.384510   185.003902   241.004358   343.755236   708.716373   205.032866   249.851372   309.731189   208.572857   213.762037   149.631333   162.710360   193.671558   200.053670   193.765083   184.676103   6103.102770   339.298940   1574.083989   0.000000   
231.400000   131.289516   158.221555   352.339129   172.976829   208.564734   201.433991   300.940723   313.253878   1015.758967   755.538092   181.486043   160.609839   161.902753   607.208217   316.960778   295.748158   150.803769   184.759018   240.933055   343.683661   708.416205   206.840640   251.991381   312.078653   205.074980   216.483925   147.511852   164.105182   196.288359   202.941772   193.034939   183.387281   6102.254182   338.332613   1573.732839   0.000000   
231.600000   132.149453   158.810665   352.217068   174.016555   211.613560   198.965799   302.661489   314.013236   1017.081880   755.739112   183.004960   157.798476   163.089743   606.427907   319.351942   293.869707   154.087733   184.815903   238.177303   343.122442   708.823884   204.907042   250.677615   310.281689   205.484306   216.231607   146.857753   162.196085   195.086588   201.429879   194.339614   184.609805   6101.302841   339.923986   1573.350654   0.000000   
231.800000   130.054493   156.345055   351.787320   175.327000   211.115574   200.090411   302.291680   312.754083   1017.730960   755.008812   181.231379   160.040602   160.888785   604.818621   317.329649   294.109326   150.859079   184.241228   236.476713   343.706132   708.903138   205.686799   250.835762   309.807658   206.232400   214.809557   148.469557   164.654289   195.086086   201.627115   194.072344   184.383799   6100.355901   337.953826   1573.451019   0.000000   
232.000000   136.277533   155.560109   351.653169   173.511151   211.649496   198.941975   302.039827   312.242981   1017.129036   754.914489   185.029577   158.154990   161.375677   605.609212   316.215001   293.564814   148.853926   185.243623   236.714061   343.386831   708.235127   207.647731   249.929667   309.751026   206.067363   214.193563   147.535083   163.278373   194.023847   203.618741   194.435282   184.074600   6099.461805   338.828098   1572.959829   0.000000   
232.200000   128.325674   158.204243   352.885007   175.429923   210.272413   199.161049   300.608672   313.378101   1015.480952   754.688864   182.476961   157.884375   164.326005   605.413196   315.461321   293.864927   149.403312   184.520305   238.230677   343.045580   708.958091   205.172582   249.507207   312.139312   205.961093   213.396506   147.899741   163.630617   194.751997   201.488262   191.868017   184.128809   6098.605909   337.710079   1572.795791   0.000000   
232.400000   129.136414   157.748601   352.503733   173.845356   206.188970   198.824967   301.604542   313.656653   1015.534447   754.647503   184.834179   158.255081   160.604705   605.448896   316.104559   293.670769   149.229605   184.598025   238.323261   343.653606   709.254498   205.362153   248.909831   310.865787   204.443810   216.509446   147.932963   164.371782   194.352035   200.647604   194.293569   184.432464   6097.732662   337.584521   1572.584536   0.000000   
232.600000   133.981568   158.583002   355.245401   172.509207   212.835214   201.125772   305.406909   312.748453   1017.555149   755.013604   185.416760   157.872349   163.074249   604.655626   319.097360   294.020589   151.171737   185.195883   239.664611   344.070315   710.970770   205.006599   250.997533   310.981002   204.858244   216.159373   148.887470   166.598194   193.906578   204.961783   198.877672   187.156291   6096.961715   338.382502   1571.989175   0.000000   
232.800000   128.804554   156.516747   352.077285   173.236268   208.199328   199.875839   302.125779   312.545137   1015.282720   755.312912   182.185217   158.721433   159.704668   605.574846   316.672962   293.776705   150.152991   185.787449   237.616669   343.325182   709.353192   204.085669   249.730191   309.731607   203.578380   214.980230   147.521844   164.193172   195.042740   200.206021   192.133199   183.694512   6096.018131   337.858677   1572.202563   0.000000   
233.000000   137.046098   155.007180   354.126398   172.817770   209.981106   200.435833   306.291061   312.489452   1016.543432   755.007747   184.192155   158.570497   164.980160   605.183707   317.916502   295.901931   151.129148   185.558087   239.326389   342.555723   709.301408   205.122221   250.634135   309.024801   208.907749   215.474453   147.392749   163.583036   194.583955   202.274458   195.839766   186.230611   6095.288374   339.054245   1571.943128   0.000000   
233.200000   131.816174   156.533727   352.101751   173.129380   209.409560   198.543021   304.518338   311.968538   1015.011918   754.570848   183.832208   158.758272   161.764318   606.091541   316.521827   293.752681   149.311982   184.180554   238.810969   343.201371   709.013799   205.050181   249.896252   309.538248   204.992805   215.985117   148.631239   165.116789   195.229357   202.872371   193.238608   184.107331   6094.382497   338.261952   1571.415639   0.000000   
233.400000   132.796484   157.129739   351.204849   172.473038   210.887379   199.568727   303.097010   312.657360   1015.529059   754.575250   186.305439   157.897664   167.011488   604.172990   317.244417   294.210401   153.429746   187.530523   237.882665   343.884682   709.519439   204.467695   249.704787   308.979029   210.152113   219.374777   146.833466   164.265716   194.311627   200.853776   196.876898   186.035072   6093.545695   337.044904   1571.614039   0.000000   
233.600000   128.777516   157.629929   352.471274   172.733362   209.921359   200.947939   305.711130   312.405709   1016.978065   755.333069   187.897229   159.306114   164.322452   604.968115   318.605856   293.853792   151.315063   184.743505   239.843504   343.081165   709.616940   203.633844   250.558852   309.065813   209.860972   218.124865   147.100286   162.556770   193.231375   201.063501   200.072488   185.594918   6092.748900   336.500257   1571.549732   0.000000   
233.800000   130.199640   157.438818   352.407879   172.293375   208.041474   198.905589   301.063899   313.247670   1014.196616   753.962461   183.879933   158.073286   160.394854   604.452180   314.591910   293.061154   146.379395   184.028850   237.971616   343.001170   707.730343   203.537801   251.010003   309.701197   205.156396   212.982815   146.145660   163.027768   194.162172   200.607605   194.923931   182.855371   6091.981918   336.312158   1571.016655   0.000000   
234.000000   130.484247   156.275166   353.530220   173.113815   208.972754   198.694445   300.553436   313.641705   1014.765282   754.608807   182.866533   159.605020   158.463397   605.853444   315.972625   293.420763   149.063030   185.094718   239.204499   342.805327   708.020074   205.163320   249.626869   309.119832   203.729727   212.765108   147.404713   163.105402   193.671336   202.472886   193.110485   184.042778   6091.194850   339.505206   1570.689018   0.000000   
234.200000   129.487669   155.273997   354.054390   176.239977   208.540285   200.286280   301.782623   312.437657   1014.201504   754.070992   182.032227   158.502418   162.235222   604.597394   316.460201   294.313393   149.212291   183.563331   239.151329   342.275339   708.969590   204.812873   249.731733   309.627620   204.607362   213.156778   147.611367   163.293906   195.075330   200.398582   194.801499   183.741901   6090.458627   338.371296   1570.331025   0.000000   
234.400000   132.404926   155.582243   354.298487   175.110918   208.780375   199.900882   305.154736   311.827172   1014.564044   753.970187   183.187624   160.501257   163.563875   604.160996   316.241879   293.708284   156.304672   184.306178   238.549831   343.551259   711.314677   204.844946   250.286315   309.186560   210.298176   214.554307   148.718775   163.979157   192.962333   205.100129   196.248246   186.586220   6089.657983   337.827771   1570.389077   0.000000   
234.600000   130.792943   155.592276   352.043700   173.418123   207.459139   200.404512   302.752549   311.572479   1014.182144   753.745337   182.087430   158.995532   159.216242   604.087243   315.724054   294.086295   148.562988   184.738234   237.746133   343.387878   708.860346   204.533385   251.087354   309.129774   205.529733   215.174162   146.485464   162.570087   195.573787   202.983784   198.368681   184.281639   6088.941646   336.606220   1569.945219   0.000000   
234.800000   132.947579   155.730349   351.326948   174.329726   207.186570   199.294400   300.890269   312.046244   1013.748033   753.148141   181.952869   158.936447   160.366971   604.591627   315.629770   292.998755   150.617920   185.868849   240.093077   343.761860   707.856808   205.652462   251.127564   308.665638   207.942610   215.017311   146.677487   162.315974   192.420298   201.844455   198.247180   184.550683   6088.169453   338.047160   1569.950934   0.000000   
235.000000   129.941511   156.450110   351.389484   174.037083   206.922007   202.041859   301.681502   313.537726   1013.491759   753.626579   181.210472   157.483514   158.620006   603.930792   318.082835   293.671724   150.807836   187.157744   238.720675   343.077263   708.614102   205.674198   250.310890   309.221525   208.722519   214.367681   147.792771   161.759043   192.145851   201.516187   193.519782   183.794795   6087.434997   337.363137   1569.936814   0.000000   
235.200000   130.447553   155.252214   352.237003   173.152642   206.873627   201.811238   300.648868   312.180933   1012.987131   753.336366   183.111900   157.615854   161.887815   604.247738   317.416005   292.566259   150.768922   185.635126   237.137647   342.917524   707.331200   204.077037   249.686205   310.282641   204.364879   215.397632   149.067486   163.716398   192.721012   200.017865   192.163676   182.526802   6086.695092   336.714479   1569.450121   0.000000   
235.400000   128.221028   156.478496   351.474474   174.985286   207.900301   200.511729   301.147011   312.351492   1013.259258   753.585078   180.158090   158.784569   161.297764   604.165940   314.567704   292.388149   150.686560   183.068921   235.758571   342.657419   707.422862   204.556403   251.113000   310.158196   204.449994   213.769738   147.807753   163.545902   193.896757   200.770070   194.968867   182.650107   6086.053554   336.817352   1569.392662   0.000000   
235.600000   130.888259   156.377902   353.474453   177.704119   208.041755   200.502009   303.145718   313.148241   1013.623118   753.147203   181.840238   159.059167   162.759509   603.673582   316.053557   292.693449   149.976589   184.272606   238.194470   342.268485   707.838078   203.861081   250.365711   309.567717   206.086667   213.097697   147.123758   163.424976   193.743339   201.620680   195.163763   183.917153   6085.331658   337.135017   1569.102367   0.000000   
235.800000   133.351867   154.821143   352.742695   173.293595   208.522437   199.250895   304.173867   313.012599   1014.598522   753.922916   184.197866   158.685930   166.966811   603.841341   317.930462   292.347516   153.730618   184.322033   236.776382   342.119355   708.407426   203.425428   250.069132   309.278697   212.247242   213.836131   147.024309   162.197740   194.083641   204.901010   195.294397   184.981404   6084.581130   336.305145   1568.841706   0.000000   
236.000000   130.855613   156.743295   352.257679   174.855099   208.347120   199.074411   304.381081   312.156619   1013.064035   752.985009   182.104858   159.711709   159.723857   603.881104   314.622726   292.870082   150.570483   183.439983   236.987102   342.220384   707.013075   204.555089   250.609276   309.761710   204.940740   213.373138   152.611826   162.320423   195.437527   203.246234   194.829594   183.349334   6083.907095   337.536967   1569.217965   0.000000   
236.200000   130.217214   155.478752   351.651266   172.372062   208.771055   198.286200   300.193152   312.769855   1013.427306   753.115672   181.355735   159.747850   161.022295   603.408678   315.050093   295.907295   147.716362   187.271047   241.444039   342.897058   707.484471   204.397824   249.666680   309.984484   203.120368   214.570261   148.017409   164.266339   193.254025   200.287142   193.167686   183.347285   6083.223943   336.193767   1568.428165   0.000000   
236.400000   127.380670   156.577634   355.304318   173.006810   208.994827   200.094075   300.645535   312.141019   1012.261576   752.913956   184.403012   159.451795   157.800884   603.318256   314.788053   293.005063   148.705307   183.745934   236.660012   343.288589   706.860064   205.031574   250.078956   308.773667   207.718349   214.051274   146.575523   163.229857   193.669715   199.891894   192.053931   183.285150   6082.553076   337.155602   1568.684814   0.000000   
236.600000   126.022748   155.645961   351.630171   172.275880   210.543593   199.356242   300.844480   312.135320   1011.907159   752.491183   180.173210   158.882409   157.564756   604.301024   314.065380   292.919122   148.375774   185.677367   237.768293   343.429475   707.471203   203.554589   251.195993   309.286385   205.291253   211.553165   146.505017   165.074357   192.363922   200.068821   192.390445   182.640546   6081.932600   336.596334   1568.338329   0.000000   
236.800000   131.065065   155.894291   351.178531   173.450262   207.669794   199.323088   301.267637   311.782196   1012.801781   753.082570   185.300851   159.830387   164.001574   603.473660   314.571309   292.891309   152.863250   185.681909   236.231087   342.299973   707.491001   204.054254   249.678687   310.687302   203.532964   212.468152   148.246310   162.271412   193.594647   198.400399   192.371416   183.188505   6081.274301   336.144172   1568.222138   0.000000   
237.000000   131.202370   155.409605   350.824794   173.264146   208.721804   197.940844   301.300753   311.901934   1015.128984   752.984698   180.806685   159.871744   157.366555   603.416271   316.666972   292.629756   149.735763   183.384258   238.092214   341.864178   707.722271   204.290373   250.871319   308.849255   202.759298   214.815553   148.316440   162.117685   193.501265   201.157614   192.888559   183.790307   6080.702990   336.512432   1567.874549   0.000000   
237.200000   129.361075   156.214713   351.479615   175.975540   209.714750   203.578190   302.669719   311.533880   1013.293196   752.371449   183.390591   157.924102   159.864497   603.533436   321.232365   291.998065   155.986478   184.471796   237.799055   342.019868   707.097473   205.503713   250.089968   310.281741   205.665309   215.108246   146.812908   162.923702   193.944505   202.491267   193.717460   184.864027   6080.079547   338.750232   1567.755710   0.000000   
237.400000   126.835501   156.521308   351.295341   174.433883   208.797224   201.479647   300.217191   312.687396   1012.084479   752.805882   181.111399   162.718219   157.208665   605.486340   315.484605   292.101576   150.872299   183.274761   235.082980   342.233248   706.563453   203.218908   248.196303   308.990293   204.006149   212.490390   147.590772   162.887345   193.104176   200.640853   193.058582   182.484490   6079.450344   335.944356   1567.648028   0.000000   
237.600000   127.740410   155.772747   353.452035   173.858843   207.152375   198.830203   299.378201   312.040322   1011.995810   753.008324   181.510774   158.514160   162.971192   603.699167   314.150513   292.665399   151.055064   184.001497   239.458908   342.580904   707.143749   205.363708   249.761737   309.326501   204.306138   214.019563   146.061563   161.179649   192.290140   202.375850   194.460989   183.445726   6078.893226   336.886385   1567.586397   0.000000   
237.800000   127.743874   157.846806   351.064080   174.347849   207.543287   199.149567   300.879321   311.172972   1012.091957   753.739406   183.374988   158.464805   159.969859   604.126094   315.254423   292.040537   148.528526   186.676212   235.989197   342.739134   706.927453   203.385474   250.142619   309.140566   206.216063   214.136223   147.260829   162.135351   192.252479   200.815552   191.908202   182.799265   6078.209937   336.245800   1567.742452   0.000000   
238.000000   126.191992   154.484039   352.706982   172.724791   206.672894   198.044657   302.525606   311.195600   1011.885032   753.170785   183.989513   159.357441   160.388528   602.896071   316.644300   292.970106   150.466417   184.432230   237.166181   342.183601   706.513935   205.590318   250.174094   308.286741   204.022800   213.395799   147.097853   162.759343   192.537212   199.080187   194.401331   184.431518   6077.642905   337.004539   1567.370570   0.000000   
238.200000   129.580502   155.660884   351.911412   172.746765   207.290253   199.503034   301.492633   311.272005   1012.205663   752.245462   180.930623   158.048111   162.351763   603.659156   315.885004   293.085469   149.788517   184.570809   237.274261   343.555965   706.743961   205.605909   250.550742   308.700313   203.006012   213.159059   146.267929   163.521928   192.237228   198.496709   192.801524   183.749433   6077.069317   335.900527   1567.073571   0.000000   
238.400000   128.030521   154.182888   352.564262   172.457353   209.057815   199.450273   299.449579   311.585336   1012.147828   752.212788   180.169999   158.017305   158.958326   602.242219   316.335736   292.210287   147.262525   183.222267   234.798186   343.478954   705.634897   205.289401   248.716053   308.286400   202.738122   213.131790   146.210505   164.544982   192.685983   200.978150   191.481909   181.964729   6076.523418   336.381762   1566.865760   0.000000   
238.600000   126.994373   155.064595   352.034825   174.950275   206.567654   200.070629   300.613643   312.427625   1011.598906   752.473969   181.329707   158.017453   157.190518   602.609762   314.959391   292.904887   149.454767   184.281237   236.417709   342.801640   705.977689   205.597152   250.131448   309.833664   204.291910   215.558751   147.485528   164.509463   195.026277   201.583942   194.469265   182.966641   6075.931922   338.107961   1566.707768   0.000000   
238.800000   130.072301   157.930536   351.094919   174.518374   207.233987   199.614097   299.892452   312.892494   1011.444837   752.401164   183.069934   159.422540   160.358381   603.208108   314.092929   292.246241   146.760825   184.646540   237.083972   342.380795   706.070292   204.683059   251.933538   308.760299   204.011120   213.282459   145.642749   164.465319   192.209555   200.862538   192.655384   183.045782   6075.366483   336.508321   1566.663839   0.000000   
239.000000   127.846766   156.144320   352.698504   172.488950   210.465230   199.410970   298.687300   313.247909   1012.198294   752.626070   182.478347   157.410757   161.391226   602.569494   314.465370   291.711698   147.436276   183.311352   236.530556   341.916505   706.083356   204.946914   250.606014   308.449898   205.013335   214.000611   146.088999   162.227499   193.013077   200.642942   192.723131   183.418931   6074.883183   336.108041   1566.381460   0.000000   
239.200000   128.038526   157.252645   351.562172   172.298030   211.741296   200.862280   300.667571   311.687157   1012.575259   752.383921   184.932803   159.213184   160.684083   603.632258   314.537435   291.776367   149.229712   182.600652   236.197532   341.792717   705.853955   205.234357   249.234741   308.568937   207.314382   213.945417   146.304759   163.919155   192.901627   201.067267   195.040182   183.389106   6074.286426   335.322933   1566.590892   0.000000   
239.400000   126.998771   155.780518   350.597420   173.961826   210.749356   200.220659   300.843674   312.119412   1011.282330   752.190892   183.949556   159.395483   165.597735   602.485854   314.941345   292.028965   152.924918   185.437041   237.608503   341.913450   708.134052   205.065006   249.826790   309.073671   208.570717   212.672747   146.993121   163.092425   192.593513   198.802182   195.682641   184.640066   6073.852720   335.547567   1566.511902   0.000000   
239.600000   128.109843   156.973542   351.759950   173.907655   206.948475   200.361547   300.433400   311.066807   1011.459443   752.032573   183.227297   157.012406   158.514440   602.065268   314.587675   291.911343   148.104421   183.755948   236.186599   342.419554   705.974583   204.992541   249.037631   308.800684   207.194182   213.021482   147.183839   162.880318   193.118231   201.643047   192.845276   182.669015   6073.280750   336.177130   1566.202402   0.000000   
239.800000   131.308198   154.728630   351.771695   176.044824   210.586529   198.091742   301.696829   311.554482   1012.126432   751.515599   186.045991   157.962492   162.922638   603.074697   316.022903   292.666455   152.566930   184.086517   237.065421   341.606786   705.994269   202.986053   249.106653   308.124539   210.275583   215.372830   147.355557   164.108384   196.281950   202.731573   197.752761   184.823723   6072.866439   336.372972   1566.213159   0.000000   
240.000000   127.884886   155.883348   349.995542   173.313144   208.083657   199.304618   299.600954   310.980443   1011.500284   751.354922   181.233200   159.565010   161.125720   603.324105   316.268208   291.623741   150.199509   183.556782   236.519635   341.889313   705.502012   205.985119   251.058773   308.294801   203.767415   212.507734   147.204188   164.876984   193.511360   199.215910   192.827761   183.076164   6072.391119   335.715431   1565.822785   0.000000   
240.200000   127.703480   155.069894   349.528067   173.303950   208.192314   198.492507   300.612488   312.485206   1010.527692   751.611833   181.536927   160.621371   160.043317   603.376905   314.647100   291.949182   154.130394   184.265750   235.965657   341.116242   705.695813   205.619147   249.537078   309.228314   204.600687   213.181055   147.375847   162.494905   194.439139   200.000655   191.598438   183.113252   6071.954938   336.256623   1565.819042   0.000000   
240.400000   128.155262   156.219164   350.929408   173.975780   208.438709   198.928798   303.868111   311.197148   1010.778386   751.279178   182.463318   158.305833   163.425596   604.425659   317.138188   292.485630   151.904526   183.992245   238.625636   342.662534   706.294349   203.940191   249.690396   308.242126   205.267109   211.604947   146.590821   161.824218   193.073056   202.343931   192.132175   183.775964   6071.337525   336.138863   1565.652113   0.000000   
240.600000   127.945986   154.849882   350.368193   175.091096   211.755275   199.849784   301.508184   311.335159   1011.336843   751.500549   183.041237   158.530401   159.129744   603.492885   314.568280   292.777710   152.193151   183.926193   237.428049   342.029629   705.553586   203.419573   248.237919   309.100303   207.255521   213.110447   147.167396   166.524079   194.150898   200.988196   192.171814   184.090119   6070.887237   335.694808   1565.512842   0.000000   
240.800000   131.051010   157.663714   351.866440   173.448289   209.385547   199.731045   304.351877   312.138427   1012.812597   751.646012   185.185702   156.946161   160.383826   602.447917   316.651786   291.638520   152.543794   184.864710   238.774501   341.514634   707.208791   205.959806   249.559511   308.571760   204.338531   214.772257   146.288070   161.730197   194.194370   202.210747   192.632384   184.890470   6070.399619   335.099911   1565.267624   0.000000   
241.000000   129.170463   155.617699   351.803619   173.518536   209.985233   199.064875   303.676268   311.721377   1012.126740   751.471566   181.078108   158.404053   158.457384   601.660071   316.445965   292.678119   156.990544   184.407527   237.407669   341.450260   705.668827   205.352291   249.317865   307.611047   206.641549   215.565743   147.290295   163.782913   192.855552   199.766216   192.838951   184.384147   6070.100096   336.896706   1565.315896   0.000000   
241.200000   131.605874   155.129323   351.338239   172.898493   209.338142   200.516947   303.983877   310.711520   1012.157357   751.813713   182.881722   157.823609   162.185631   602.793267   316.626292   292.630474   149.563190   184.808163   239.408204   341.833139   705.391997   204.775413   251.144164   308.342662   204.463255   215.477903   145.953149   162.639782   192.514513   200.491521   193.383926   184.360518   6069.562433   336.394108   1564.903243   0.000000   
241.400000   131.928438   154.960704   352.459325   173.811813   207.185352   199.164160   300.245478   310.142016   1010.840708   751.873999   183.052711   156.690570   160.732578   603.403341   313.927310   293.866942   151.388520   185.163274   238.333445   341.440231   704.864900   203.514729   248.988835   309.398520   205.168456   215.203352   146.484951   161.893632   194.365364   199.865467   191.344969   183.700560   6069.174505   336.081023   1564.916879   0.000000   
241.600000   128.560734   155.795203   353.241248   174.092424   210.083489   198.402538   300.123087   310.232436   1012.119365   751.078319   182.975174   158.716765   160.842594   602.746085   317.054229   293.095702   152.987575   184.471728   239.710206   341.521780   705.754264   207.435078   249.657333   308.224690   202.529010   214.561871   146.007898   161.729967   194.715118   203.352649   192.236207   184.667965   6068.783327   335.520528   1564.735601   0.000000   
241.800000   129.782703   155.073743   352.206601   172.790732   208.170934   198.413104   300.640680   310.466981   1010.710971   751.239177   182.465756   158.025574   160.320212   602.697431   315.946133   292.329034   149.509828   182.845889   239.015397   341.714133   705.850072   204.280824   248.675284   308.421177   203.103044   212.706274   147.537545   163.779316   195.241842   201.344818   193.877564   183.781097   6068.274335   337.290029   1564.892839   0.000000   
242.000000   127.350854   158.184449   351.477384   172.667245   206.952173   199.952089   302.312482   310.850648   1010.516303   751.540582   184.807754   159.704403   158.833590   602.356366   314.573042   292.171382   147.860173   184.430363   237.506642   342.081970   706.933454   203.610630   248.480210   308.962577   204.233606   212.421730   147.091922   162.653366   194.066695   201.208958   193.364576   183.188901   6067.936327   336.039411   1564.411600   0.000000   
242.200000   132.091319   155.989287   350.423138   173.337685   207.025598   198.544862   302.728881   312.094501   1010.772737   750.766929   180.640289   157.066256   157.185310   603.874915   314.938741   292.363840   151.795362   184.742778   238.526039   341.595181   706.297839   205.737742   248.439636   308.445373   203.255740   215.277150   146.072157   162.943919   193.641162   200.707121   191.770903   183.108573   6067.569484   336.120271   1564.684032   0.000000   
242.400000   128.260805   155.503983   353.481890   172.600650   206.334213   199.376346   301.310180   311.219897   1009.869767   750.488824   184.775620   160.159702   159.236308   601.951417   315.885849   292.227729   156.424286   184.538788   236.718614   342.509031   707.692829   206.251254   248.494676   307.806277   204.651668   213.472273   146.744194   162.266056   195.111452   200.830363   191.486661   183.855004   6067.198207   334.846751   1564.394379   0.000000   
242.600000   129.964740   153.716941   352.409983   172.750514   205.917030   199.324173   301.181099   311.670344   1010.214002   751.366113   179.892389   160.180876   165.445525   602.267187   314.790001   292.556683   149.818273   182.923397   236.844946   342.245848   706.093863   203.166875   250.056853   308.275325   202.552172   214.235030   146.610023   164.258718   192.726946   200.940428   194.172363   182.334603   6066.824415   336.181046   1564.327383   0.000000   
242.800000   127.068528   157.011063   350.851539   175.356336   208.269875   198.740600   300.591030   310.490139   1009.834037   751.333664   187.599890   157.503558   158.007236   602.055477   314.253435   291.955142   148.660246   182.301173   236.472070   342.927759   705.313690   203.309733   249.009571   309.970683   201.976143   216.879636   145.637113   162.104782   193.061775   198.676075   194.224710   182.293522   6066.646018   336.216357   1564.413320   0.000000   
243.000000   126.208321   155.228487   350.390283   172.490644   207.353040   199.996050   300.085445   310.247557   1010.237392   751.137167   181.453393   157.862744   161.293242   602.814517   313.350019   292.474249   151.127235   183.333702   234.982402   341.842002   705.479341   204.499901   249.138204   309.159311   205.658553   211.770360   146.383580   162.466745   194.830734   198.176289   195.458096   182.799638   6066.102930   337.183368   1564.302211   0.000000   
243.200000   126.712469   155.191985   350.331308   172.819549   207.196582   200.092982   301.250928   310.525590   1010.591858   750.756049   185.254659   159.298823   160.182515   602.416224   314.293475   292.950795   148.856627   183.960879   235.797073   341.507788   704.504381   203.413730   249.975402   309.412090   207.271907   214.260759   147.322120   162.465084   193.146749   200.625658   194.020240   183.603626   6065.836465   337.873435   1563.965578   0.000000   
243.400000   135.189988   155.710179   350.059211   172.022286   207.944001   198.144194   300.799719   311.305971   1010.252828   750.478308   185.418976   158.170065   158.584458   602.141343   313.458668   292.309185   150.806094   184.698353   236.174094   341.010538   705.472054   203.609664   250.132266   308.179877   205.923868   211.933422   146.829245   163.464718   194.973103   200.268964   190.964828   183.238838   6065.458684   335.060997   1563.881966   0.000000   
243.600000   129.219650   156.063075   352.390764   171.837393   212.422619   199.316934   302.400053   311.314816   1010.349376   750.684578   182.211604   157.752453   159.657344   601.626773   315.110054   291.843068   150.653834   184.171224   238.956033   341.173541   705.386646   203.208957   248.637419   308.942586   207.149757   215.257677   147.121821   162.796366   193.751283   202.071746   196.401847   184.862622   6065.140365   336.226849   1563.972566   0.000000   
243.800000   127.970150   156.694811   353.468587   174.525361   208.317139   197.950289   300.670179   311.381204   1010.885002   750.340073   182.288530   158.041164   158.807655   602.750924   313.269210   291.716154   150.680846   183.811909   237.186272   341.918949   704.941324   204.092010   249.622747   307.796961   203.996151   211.525232   146.613784   162.360205   194.649404   199.755322   192.611632   182.407975   6064.810048   336.040302   1563.968045   0.000000   
244.000000   129.863936   156.012552   354.766659   174.695727   210.928039   199.385386   302.966874   310.821434   1010.415599   751.225909   181.264451   159.527746   160.143895   601.449442   315.130483   291.905602   152.302758   183.470402   236.224770   342.880616   706.129357   206.407115   249.213776   309.537400   206.254726   213.297427   146.270351   161.181815   193.256469   201.000279   194.367117   183.624049   6064.577331   335.950226   1563.670073   0.000000   
244.200000   128.639677   157.501863   350.363642   173.055749   208.088550   199.449059   300.858982   311.639334   1010.310861   751.105262   182.874235   159.144372   160.024303   602.762697   314.048428   291.634489   148.209645   185.066710   236.727787   341.944731   706.388537   203.011055   248.195947   308.795373   204.815332   216.603150   148.686523   162.497020   191.575014   202.058527   195.764336   183.029167   6064.232394   335.564628   1563.726310   0.000000   
244.400000   127.745773   156.734878   351.932962   171.630314   207.304472   199.510450   302.575832   312.795464   1011.035597   750.736423   182.680294   158.089586   159.946194   601.804671   315.288722   292.641136   147.627695   182.600219   236.983385   341.312451   706.266793   204.683036   248.329706   307.506142   203.002719   214.530753   146.729286   163.645889   192.881499   202.626756   191.124561   183.110255   6063.947262   334.935511   1563.825931   0.000000   
244.600000   130.034239   157.292211   353.151476   172.469843   210.370741   199.120441   300.914878   310.885782   1011.365024   750.569572   180.569683   157.919251   159.472802   601.607078   315.014429   291.816676   150.796226   183.100533   236.550654   340.562311   704.254216   203.326465   248.436443   308.006923   206.774600   212.892518   146.847613   163.152020   191.801018   203.378862   192.726609   184.476310   6063.652126   335.848224   1563.944216   0.000000   
244.800000   129.678458   156.905562   354.226541   174.260721   206.297788   198.049723   299.691610   310.113581   1011.210134   751.152948   184.279044   158.175808   159.868588   601.932743   313.313160   293.357819   148.818106   183.263869   237.185964   341.314282   705.006097   203.576918   250.144696   307.236684   204.664021   212.108276   146.671092   163.225162   192.183352   198.129627   194.297881   182.442272   6063.473686   335.177073   1564.248222   0.000000   
245.000000   129.155381   157.423290   351.022343   172.325463   207.183328   198.078144   299.123642   310.545016   1010.444537   750.398633   185.485386   160.897884   160.467905   602.034514   314.240608   292.489284   150.883041   186.031937   235.206625   341.622238   705.288958   203.660767   248.918166   308.665876   204.021028   211.053470   146.664174   165.787787   192.248692   199.826709   195.474829   183.033972   6063.196480   334.897369   1563.446198   0.000000   
245.200000   129.656044   155.428760   350.586208   173.121161   206.476285   200.138980   299.802978   312.067043   1009.706295   751.015345   183.220552   157.611775   162.033712   602.607508   313.017973   291.167544   149.149065   183.556110   237.587560   341.221747   705.418550   205.750095   249.192201   307.940920   205.829801   211.325786   146.578497   162.590062   193.015440   198.863983   192.535533   182.450392   6062.957659   334.893882   1563.677882   0.000000   
245.400000   126.987811   155.221859   351.352951   174.484747   206.949394   199.079715   298.694756   312.320338   1009.042807   750.250427   182.994500   158.723194   162.106601   603.325321   312.876508   291.720118   147.254483   183.361264   236.389641   341.568857   703.760040   204.068599   250.639534   308.226054   203.811975   212.657296   146.502150   161.714061   195.847543   197.427663   191.133760   181.726372   6062.674669   336.403216   1563.490769   0.000000   
245.600000   127.882340   157.246190   353.110523   172.523081   208.582471   197.421481   300.156712   311.027724   1009.779872   750.310153   183.997542   156.572292   159.763676   602.415288   315.764413   293.103801   152.314810   183.299429   236.154707   341.570195   705.674757   204.145494   248.664995   309.295319   206.149730   212.662217   147.009060   162.451955   196.955987   197.774068   192.235280   183.122239   6062.571570   337.833207   1563.575862   0.000000   
245.800000   128.476867   154.990174   352.504028   173.331035   208.151629   199.439809   302.378519   310.623752   1009.518407   749.926248   182.769623   158.125203   161.942731   601.498358   315.336995   293.087296   152.393380   184.709412   239.957046   341.753959   705.865382   207.701361   248.252849   307.841393   206.019781   214.752171   146.142714   161.330996   193.488910   198.218741   193.383722   183.809370   6062.241978   336.020738   1563.409042   0.000000   
246.000000   129.215990   155.596578   350.289017   171.727660   207.618230   198.823602   298.773001   310.106834   1010.729905   750.757291   184.202610   157.400236   164.454676   601.857518   314.000436   292.654459   152.242607   182.981561   238.757085   342.512101   706.428263   204.134893   248.190020   307.492601   204.553323   214.891939   145.267818   162.177675   195.543598   199.925199   194.895291   184.006367   6062.113723   338.557232   1563.533738   0.000000   
246.200000   128.384965   154.930334   352.254988   171.807353   205.815717   198.806732   299.347716   311.790523   1010.054180   751.094575   182.014903   159.163554   160.687796   601.412627   313.887082   291.099467   150.141789   183.765947   237.965367   342.750532   706.925858   203.975975   247.984306   308.771536   204.619059   211.304680   147.267666   160.992715   195.927924   199.368412   193.411766   182.577328   6061.865722   336.018662   1562.986565   0.000000   
246.400000   125.343831   155.454807   350.094469   172.021958   208.314245   199.044541   301.478878   311.925833   1010.277332   750.451981   183.871891   158.129639   161.963268   601.115893   312.438696   291.608123   147.549384   183.452549   237.832733   341.277758   704.630674   202.654727   247.628322   308.666227   205.235872   215.136286   147.044687   161.951600   196.992775   202.176170   193.417242   183.584052   6061.705461   335.248431   1563.322192   0.000000   
246.600000   127.283348   156.437099   350.662764   172.295769   205.827875   198.777666   298.983256   310.590495   1010.164704   752.634343   181.013535   160.321736   160.506393   602.278533   313.456781   291.963656   148.503084   184.623013   236.893429   341.876315   703.910973   202.757368   248.348941   307.507910   203.568108   212.774963   146.638450   163.339968   193.214498   201.064961   191.263077   182.047975   6061.535917   335.880412   1563.510488   0.000000   
246.800000   130.306700   156.513469   349.983825   174.149446   210.576886   198.752002   302.041469   311.919499   1009.505519   751.547303   181.774434   157.654267   161.076742   601.519288   316.329716   292.793753   152.877511   186.394052   238.788522   341.212403   705.613270   203.050677   248.719062   309.457742   207.210885   212.783962   148.803447   165.456780   192.907409   201.840913   195.336604   184.077101   6061.591648   337.482562   1562.818081   0.000000   
247.000000   126.775844   158.755466   349.232934   173.128003   206.813544   199.896021   300.201714   311.598939   1009.315514   750.873768   180.401012   157.625689   159.597171   601.805022   312.602728   291.663949   148.831385   183.939653   237.047015   341.281795   703.999301   203.727349   249.084170   307.438865   205.900490   211.537205   145.088693   161.709438   193.147815   199.577592   191.300882   182.462849   6061.270955   335.989984   1563.244087   0.000000   
247.200000   126.784528   155.026879   350.638202   173.324171   207.766763   198.470376   300.226063   310.505809   1009.075360   750.504071   180.332664   157.910800   158.821465   603.128397   312.458867   292.925505   145.659029   184.231574   236.888714   341.256515   705.248135   205.567420   251.979866   309.527341   203.872829   212.914641   147.233611   161.754922   192.794360   198.707662   191.583534   182.256208   6061.106442   334.435234   1563.139330   0.000000   
247.400000   131.522787   155.549243   354.112433   171.394300   207.963495   200.615407   299.492575   311.294707   1009.915407   750.810324   183.171466   158.443678   162.809281   602.058560   313.714741   291.379142   146.639900   184.650957   237.555595   341.024442   704.676547   203.080943   248.883219   308.127195   206.169389   214.346635   147.928830   162.887211   191.712452   202.831940   193.839060   182.915864   6060.924998   335.070189   1562.889569   0.000000   
247.600000   131.692096   156.772404   351.494351   175.482175   206.281512   198.969360   300.505084   311.086372   1010.529818   750.376453   181.858256   158.201868   158.880878   602.434316   314.367819   293.013987   147.854014   184.324792   235.757672   343.225786   706.572106   203.696402   248.366875   308.495550   205.778793   215.576773   146.685904   161.641317   191.721757   199.946748   192.847866   182.961576   6060.904711   337.151601   1562.848698   0.000000   
247.800000   128.434931   156.436575   352.179585   172.399975   207.750303   198.082266   300.433177   311.017486   1010.037741   750.711321   183.829137   157.791633   159.530036   601.232264   317.955836   292.603164   147.200604   182.451305   236.075409   340.751747   705.234865   203.334248   249.160068   308.935728   206.237868   213.613046   150.281944   163.196865   193.099222   200.493801   194.105742   183.144005   6060.677689   335.973032   1563.067616   0.000000   
248.000000   127.685031   154.849866   354.897586   173.857437   208.591696   201.077340   300.533069   311.519657   1008.973534   750.777024   181.929355   157.450745   162.116264   602.069761   316.203344   291.348998   149.548480   183.138407   235.366779   340.493530   705.978982   204.102528   249.665458   308.727565   202.662517   211.814586   147.167373   162.537074   191.868734   200.076401   191.624976   183.011258   6060.653439   334.815199   1562.815744   0.000000   
248.200000   128.050275   154.739482   351.321853   173.553154   205.751374   200.234780   298.781210   310.637511   1009.273745   750.226139   181.454022   158.569639   160.898742   602.576727   313.201475   292.568055   148.683301   185.683019   237.533794   341.244664   704.939477   204.694544   250.091357   307.903705   203.030433   211.312016   147.994839   163.493959   192.040270   198.610016   192.521677   182.268383   6060.583619   336.342292   1563.081562   0.000000   
248.400000   130.319653   154.708854   352.584420   173.534542   206.627340   197.926618   301.928546   310.595813   1009.562420   750.342242   180.454242   157.263993   159.288940   603.886360   313.072391   291.865593   149.371096   184.501861   237.864663   341.184926   704.299374   205.274130   248.369789   307.700583   205.454023   213.775832   146.824938   162.207315   192.408383   203.051664   190.959146   182.904891   6060.463086   335.180575   1562.736109   0.000000   
248.600000   133.193618   156.099069   353.352911   171.459738   205.528508   200.107169   301.063795   309.879299   1010.027458   750.434457   181.761910   160.217556   159.783507   603.266217   313.995097   293.431511   149.197323   185.624732   237.310295   340.855364   704.943457   203.580076   247.922823   308.586543   203.699529   213.722763   146.395298   161.367431   193.105884   202.224065   198.184264   183.513286   6060.317065   334.996801   1563.002112   0.000000   
248.800000   127.549792   154.694732   353.255892   171.120742   206.059953   198.535918   298.999894   310.524506   1011.019335   751.004460   179.629433   158.162408   160.542883   602.335257   313.560119   293.406690   149.948969   183.916271   237.511267   340.639824   703.800028   205.264330   248.840943   307.477839   208.073450   213.994866   146.478902   162.199871   193.054168   202.126412   197.169539   183.266897   6060.253425   335.279218   1562.574819   0.000000   
249.000000   126.533406   156.124871   350.498882   173.465695   212.034378   198.006778   300.607704   311.534119   1010.809809   750.033509   179.972124   157.938133   159.793970   601.755246   313.832923   292.191746   149.186650   184.295783   237.615100   341.067084   705.820489   203.382100   248.100021   308.531123   206.301377   215.215952   146.525760   161.298499   192.030701   201.870033   193.180866   183.737262   6060.289019   334.685857   1562.762397   0.000000   
249.200000   130.023176   154.337880   351.337874   172.803452   207.695414   198.412948   302.978096   310.798934   1010.804393   750.470848   181.227110   158.878596   159.606808   602.560822   314.981147   292.051889   152.842790   182.821548   238.602133   341.973942   705.555738   203.424046   250.326946   308.340936   204.610576   215.890020   146.908079   162.844815   191.951333   201.253970   193.866236   184.472754   6060.226896   336.044273   1562.844034   0.000000   
249.400000   127.323708   155.753563   349.930730   174.215106   209.289107   199.620042   300.487723   311.409199   1009.644198   750.193615   179.792944   159.443348   161.230685   601.460875   312.538328   291.783960   150.727616   183.915775   234.990823   341.212839   704.490068   204.885709   249.169443   308.765221   203.669267   211.866948   147.758188   162.984655   192.267070   199.713573   192.842274   182.349713   6060.194469   334.746326   1562.566992   0.000000   
249.600000   128.844753   155.129240   350.506238   172.051053   208.877585   199.094921   299.534067   312.383365   1009.128405   750.458873   184.633758   157.678568   159.896008   601.518898   315.021316   292.526064   148.343715   186.767367   235.418856   341.726992   704.918394   203.778181   248.880468   306.988753   204.307620   213.046976   145.714368   164.620623   191.871043   201.061674   193.696893   183.189685   6060.310796   335.855496   1562.451846   0.000000   
249.800000   128.053933   156.359054   350.901279   171.369341   205.446741   199.490467   300.913676   310.222843   1010.511554   750.463650   179.850954   157.346624   158.165945   601.503151   314.929310   291.926330   146.590427   183.599514   235.722159   341.532944   704.890080   205.881516   248.315454   307.377263   207.147474   212.809573   148.267973   161.730968   192.246265   198.438452   190.765926   183.291372   6060.075520   334.805880   1562.964044   0.000000   
