0.000000   182490.780465   564909.021270   298571.268899   1376191.011013   183243.918175   302018.147461   374830.087586   346983.315640   425847.184476   453918.124702   1294454.294548   144539.130898   185179.533855   171262.624658   264725.761788   192941.966024   1316600.821104   522897.783909   438619.231012   541737.415212   585188.545079   301392.931914   664539.416340   370098.252536   272340.124424   297909.235645   277824.645644   465128.749076   287039.448230   324552.937296   160163.477106   390979.485936   887706.613825   1018792.045138   
0.100000   279408.944523   319632.831020   551794.556017   589412.865206   380941.126377   597982.356928   740653.220521   764244.118131   1880868.320323   1970336.491778   747778.794530   247628.175637   212433.392542   314249.394299   706051.363272   666448.834714   936463.232720   730859.434698   448038.755030   785902.138831   1736272.354555   538764.014245   655133.796684   553373.866487   537101.512240   602911.543880   288566.482541   627275.632566   448870.212473   422918.266771   202015.299270   374187.353994   2388120.950891   3107245.389320   
0.200000   151587.919547   184896.930554   180972.734617   282654.183025   162494.416289   282062.053534   280343.186172   294497.128192   856478.636240   916275.933898   280112.262475   129981.956097   108471.988047   155007.703809   332293.245877   319111.313371   336173.076638   297058.009099   219451.324095   367726.496682   800073.493866   214084.288889   265780.584400   284957.863506   204056.214494   267588.534276   164997.653037   255926.883054   259692.905348   167357.462076   86547.745628   214481.182319   660158.443669   1614675.011699   
0.300000   88044.190477   115824.221965   139417.549947   190997.145122   155425.854538   209056.864011   224064.778060   230678.976135   643235.694940   728001.549834   177840.948614   84742.222188   99125.215665   143848.138054   247929.036183   271438.129244   221284.932982   192641.829279   190798.857770   243415.808680   546518.625202   219562.744924   220664.235233   205191.890001   171293.077348   214233.622428   113812.399274   184759.363993   192495.992316   154641.134672   67225.753432   176058.939595   414382.270292   1101919.443699   
0.400000   79080.972297   92384.587841   103066.811110   146934.340958   89116.899529   166872.174732   167953.429482   191150.470959   426146.246816   431943.681524   164584.250433   58220.319828   84253.184795   72536.748158   209520.835698   172436.984364   182766.792365   155937.277949   116167.758664   234238.912146   363631.849915   145465.615560   180009.519695   207095.229752   125809.342755   185422.933097   73472.358198   156833.835415   167185.612811   92332.473085   55397.365569   160523.163943   304660.565932   674686.625425   
0.500000   65492.149146   101462.428236   79987.834257   122341.985774   82013.572522   109937.328679   142353.412400   141907.770387   393003.335067   441950.400588   117447.921592   53448.340493   61436.819360   90407.972066   154779.597656   144961.013417   132066.146139   116480.891427   114162.239994   163977.905542   382116.147651   168331.751159   119565.195399   133524.152292   110585.940270   125645.946071   67620.904200   90907.473553   104055.129240   79503.158630   42934.639861   133605.604923   233866.713895   687112.108769   
0.600000   42112.653001   65427.409879   64420.410422   101885.253867   67260.246131   93926.284348   96472.964843   100718.940811   246888.524430   285912.976633   85711.564599   32920.817606   33813.868744   67976.551005   103642.629740   104777.881667   98515.725765   96809.354818   86180.742363   116942.069592   253613.049645   106409.300116   94405.814929   108471.983469   82241.280369   81309.772983   40233.807600   86314.160509   98734.453291   68102.038632   30270.870451   78943.351258   193577.406378   452331.891000   
0.700000   40073.854364   52889.125296   49358.867964   78555.923453   55188.073103   65005.702961   81761.161482   79652.182811   196449.158052   273763.837472   77254.496603   26826.260322   30183.678213   49407.947208   75318.124710   86643.790629   84519.920541   70911.000681   71291.501705   82468.696479   232757.743882   88935.220145   74474.443728   66856.869967   66386.092289   52097.137383   34582.017765   63244.142778   64395.163146   54410.769324   37318.347882   60579.233636   158631.551966   428007.867002   
0.800000   44455.536081   46701.278994   57230.787427   78120.049801   65092.308579   65701.002272   70589.876632   73557.140661   198537.142014   233152.484419   60335.289038   26583.207461   30774.880488   49400.534111   74141.473395   78623.021816   68725.767493   81532.466285   76887.945025   80475.085480   203809.989212   81053.446842   71288.433191   75673.424456   67430.889693   60609.970322   38254.341416   64941.298845   77919.387557   62773.799465   28484.885938   62132.088470   144574.341603   339130.659296   
0.900000   30930.906326   47551.176029   51237.486513   67298.793038   57308.844019   71629.898045   70666.532468   68785.085100   156337.784117   179311.819125   54215.276752   28399.410715   31113.268098   38438.270770   66136.994798   67286.537382   61817.589076   73276.090022   69721.496514   78390.525443   169681.792881   60844.507951   70153.975079   81353.663505   66612.890961   46348.746221   36309.370480   63227.908726   73487.190835   56743.885434   27672.780763   46844.883493   126571.686422   251369.246231   
1.000000   47486.488081   37440.718742   55344.484048   62534.597991   59983.489860   62550.694640   76316.814030   61334.808097   124440.287446   150899.787959   47599.395431   28814.493643   28129.364099   34866.718053   63220.612137   61027.217231   62381.537698   57957.416370   72110.924722   76226.696611   136615.782047   53635.713190   68825.994235   79657.919834   68487.086252   42786.549400   32376.946644   58593.403120   63941.159011   55154.183937   27674.346011   50355.490836   113449.925004   212708.992205   
1.100000   28587.340901   36263.317232   41592.980666   56466.936489   47279.842955   64262.176881   83278.796738   81490.414632   192056.934744   256939.769043   45125.837470   27239.655925   27513.451573   55922.118827   82145.616794   89936.075221   50056.533154   49489.427228   62028.586260   85540.004690   222090.567790   74454.846346   66390.552923   69977.747880   63922.346899   47929.513209   42828.779295   52338.995792   55172.367570   45595.792068   29387.547964   39042.627546   113996.037531   355378.087300   
1.200000   22011.902793   26062.326404   31868.140096   40688.135384   47434.992076   51330.785896   70975.961198   70476.778086   165328.239700   215033.761956   41332.231123   21667.981442   25411.044852   42251.715555   72189.993751   79832.854580   50696.659333   38312.072063   56372.747032   71655.411121   185863.577987   64300.607346   59530.297651   67499.111840   62591.224775   41065.079302   32979.809990   39760.498907   51140.964454   41416.086889   25563.186818   32475.998336   99820.618747   315290.649398   
1.300000   25222.821998   29238.592341   34900.330384   39944.818403   37865.747230   47124.065016   63956.021533   58606.113552   122723.574397   156571.741693   39954.537206   22803.481701   21990.032636   32025.512890   58299.239096   62636.998445   49318.595832   35666.141116   44463.266959   65378.596924   124438.178673   46422.238143   50656.520604   53314.722114   52806.081101   37685.440609   26834.727896   38064.304660   43801.651548   36981.912509   19052.714143   29306.121549   88355.078706   235342.496444   
1.400000   30648.388332   32834.123550   58956.071007   57183.580258   55445.901786   54559.971513   57628.385700   55848.704284   114436.498279   132641.815719   38229.191088   22676.041101   23162.980086   30785.940299   52020.998881   53767.811358   47378.098875   60968.334216   58811.277679   61416.541939   123875.118665   41145.698799   56683.327603   60399.441132   57851.169216   31552.146741   28279.749249   51589.864566   57341.811150   58828.670193   25145.197175   23982.039223   83369.183489   206477.950374   
1.500000   25506.316462   29219.903980   40201.463886   43960.286348   42166.573891   48210.251311   59873.709926   57253.812865   104564.396039   134155.807145   33473.760689   19638.465343   16389.179438   30105.661186   55742.423945   56465.844894   43107.309085   41826.616218   50445.458951   59185.522418   110719.233237   42179.574040   51696.673254   53571.640306   52615.037391   32988.723240   23876.385889   40594.750906   44843.103370   40031.660448   19154.397695   23540.443727   77626.394375   187653.871077   
1.600000   26068.463890   25120.055389   50062.386635   52676.316866   43903.644335   41537.920612   46530.822705   42555.799561   95536.561956   120288.006568   33628.235872   18470.716297   16945.335258   22028.265810   43576.747605   48211.625489   49404.585778   58333.804676   52140.148994   45270.813789   108987.462027   33312.089782   43733.668260   43792.547807   41710.362238   27200.327119   22094.067629   44653.099191   50561.477044   47787.353295   17647.711019   26780.402452   70224.211269   181347.553119   
1.700000   22263.758969   26067.581630   35650.084565   37789.115635   32798.304598   38809.725461   39334.845956   45043.005829   86601.661907   115210.605940   30411.010910   15677.930239   17174.012342   25604.290648   36119.174093   46614.746529   39681.593235   40614.978877   43656.707043   44209.357362   101102.251061   36550.318711   43707.568022   40781.223223   36751.332114   25908.209633   21804.016823   35997.571383   37905.628697   34810.885087   15364.292018   24818.320717   67568.378225   172964.480380   
1.800000   20210.585190   20745.539878   32689.619925   36457.287916   35662.810029   44352.168420   47230.962107   54035.623428   80530.676535   109671.865310   29832.804390   14665.630361   16072.478130   25379.603745   38866.280426   53866.863721   36576.201856   40311.052033   47995.105242   54450.087066   92427.346877   37306.597448   49234.851775   50588.829584   42373.355374   22450.526644   19973.296151   37349.100843   41899.534863   33035.871855   13677.796917   20537.487343   66021.188825   163090.701821   
1.900000   18314.333217   18632.148193   28609.074728   30994.125483   29146.851441   27997.832900   43367.738192   41657.307749   92990.707709   125069.010129   24283.614120   15260.383968   18823.355376   22803.593452   38561.159766   44586.746083   30771.625234   30705.487482   33432.526137   41001.301540   102519.003169   35467.064886   35477.389847   33798.592589   34138.941684   24370.348921   16570.587610   25805.747097   26122.905576   30280.609857   18431.617482   21688.463930   61509.275197   169501.685972   
2.000000   24899.633765   27566.440861   39389.408629   35567.864036   38846.784856   31997.018959   45362.901279   41861.969007   89657.229545   112928.961206   24709.251237   13641.614081   18948.079365   20687.550709   42069.170454   43960.597613   31857.618461   33273.372929   42728.901779   42345.153371   92969.899481   31047.978559   37262.819079   40150.308022   41447.313242   26320.365910   17802.765842   30353.611904   34749.781901   36038.454847   17229.348081   19273.120716   56751.358184   175595.826590   
2.100000   15051.502166   17559.863151   28176.065327   28405.772865   26141.401474   34002.680227   39200.337629   42065.142774   68262.047266   90582.735770   22809.230691   12984.426544   15219.743265   22716.424887   33345.996167   39413.257487   25092.414330   29327.734972   34482.388784   45412.659605   75586.399344   28826.353064   37442.329918   47494.425955   33583.027843   22550.838253   16144.435711   26019.095972   30650.516117   25941.072845   12873.872238   23640.026717   56167.149371   140713.133586   
2.200000   20874.178032   21438.680559   34010.362073   37514.062480   34866.843277   37801.434635   36218.186831   33488.334896   69944.570973   87625.383848   25644.635650   12369.111785   17117.964293   22165.752390   34238.150646   35625.371349   34531.258254   41364.106712   44353.916611   36030.851284   71938.633237   27946.199866   38212.785826   37626.397370   33286.845158   24212.887266   17735.489441   36763.417506   40277.991853   34931.216532   17405.559862   17858.974436   51642.347496   128036.497222   
2.300000   13778.069610   16834.209603   26056.921835   34032.905004   32981.329230   41897.964298   43706.599917   46997.005684   71670.770951   91450.767510   22059.109410   12498.721822   13456.921428   25391.000337   35605.737891   43048.030456   26358.145329   39918.604744   44875.626046   48720.996300   80104.609318   29664.595366   46261.811672   53086.089944   40720.944337   22772.603564   19677.687309   34995.880691   42643.965082   29692.959490   14816.238817   17085.162503   53315.890958   145776.211049   
2.400000   17616.298317   22806.506191   33552.235493   42180.026701   35911.813230   43496.413043   47714.153169   48810.150367   63748.727629   75925.804324   20603.365891   14367.287443   20072.218504   26056.490832   38392.528635   43396.829163   30530.410333   44675.911402   42413.515818   57424.696211   66038.044595   28104.766037   49171.711044   55588.361289   41418.231722   23659.399411   24129.122414   40737.915133   45434.976232   35786.727213   18226.826060   18089.676037   54682.267012   121578.396702   
2.500000   16730.037536   18359.130817   32089.562316   32460.539915   28638.549232   34469.188673   33537.792392   33387.923045   53771.626756   67379.022093   18529.564322   12880.318430   17960.750907   22798.331563   28595.880934   33993.716524   26612.950285   33726.334263   34117.489540   36329.343492   57506.644934   25277.281454   36531.712044   41190.156896   32043.700192   19696.695457   19383.162129   29904.718630   32540.415432   28861.811490   16736.241977   14168.562720   46204.844798   97125.047951   
2.600000   16926.920139   16068.508767   25510.467805   24740.381304   25780.426221   27066.141713   37925.910822   36784.353226   74449.059945   91886.112933   19106.160081   12634.719845   12239.415456   17665.610365   36539.163553   34534.111071   25431.864761   27382.576447   31506.024900   39145.718826   78952.013037   25615.150379   33038.376015   35539.882642   33914.894668   21788.530685   15511.567903   23898.986608   28700.557937   26118.183851   12272.374101   13345.657955   48017.107849   126006.678673   
2.700000   13449.056505   19072.507081   24500.676209   30023.742637   26230.610723   30201.510371   39264.403529   40749.946069   77950.321869   104979.574470   18789.938542   11055.911255   14603.308765   21178.208091   37055.935304   43011.128314   24683.377471   31496.501197   30694.568700   46502.456464   86829.378557   32111.607314   35178.095720   43541.718515   35138.973781   23588.511307   13822.009145   25109.905395   30162.546618   25152.547071   13907.276505   14737.591169   47497.982078   140763.636158   
2.800000   13072.984153   19644.149436   23613.609597   32500.492909   26936.658418   29662.783415   33219.964170   32683.840814   65959.038885   84574.651192   16860.670584   11006.328438   10833.820473   20164.358597   28930.133077   31056.283659   23540.012782   30479.957907   31703.479819   37853.605118   72581.207087   25723.453968   31695.568014   37301.304961   30035.755865   18574.885589   18111.329794   28943.102949   30718.923529   26217.478014   11210.235403   14460.735213   41692.696593   118049.834040   
2.900000   17704.287997   22464.606444   28287.841441   37559.694278   28688.988591   34485.135232   30189.102444   34207.003537   59978.931993   80430.234874   16587.989930   16065.283370   16572.574951   19833.289774   25485.174535   34404.026202   25623.328242   34688.709463   34493.844937   33483.090303   67270.930181   22421.084158   34473.174604   35344.359504   28029.684847   15612.882487   21184.973540   35071.751462   35559.549651   30060.161721   20658.726892   12605.233701   41380.982826   114819.731173   
3.000000   13430.506753   16198.866643   20696.779880   27662.219112   27345.853609   34017.120960   32226.059754   33558.609901   42372.121737   50862.588692   16940.831780   10876.005539   11096.351223   13236.397258   24576.330330   28006.300581   21885.311986   28500.104302   39562.309554   38202.968236   44384.860400   16472.430812   35312.152159   46472.579666   34270.015059   16195.114629   12239.185117   28920.093077   34094.101837   23268.137533   11163.924781   13203.004355   38021.430203   75847.649443   
3.100000   15949.164387   17557.888990   23987.250808   32622.873178   26234.414756   34937.808547   37267.301289   38899.917664   56450.306646   70704.189115   16454.442056   10490.128124   10898.432744   16724.543873   33558.228105   34751.214219   21066.182992   28652.952386   35487.343079   43645.598327   60918.933951   21913.341640   37358.784336   42619.153165   32965.531503   17741.414697   14581.136040   30908.602337   31522.559978   25350.896728   11851.230685   14043.387917   41959.329594   100669.943705   
3.200000   13087.841094   13326.080859   21183.875845   25832.090646   22210.920579   22399.817664   23215.173531   22731.229181   53902.585338   69836.650689   15528.908962   10169.395093   9763.986292   14958.665508   22434.201797   23188.163644   20343.641857   27095.137398   25311.682109   23849.586227   57162.534439   17564.375869   21450.004430   23265.123584   22951.540602   16955.520370   15155.600506   24076.104675   24934.308051   22500.122245   12246.142351   13467.601427   35800.045881   87181.893338   
3.300000   10934.490104   15939.685650   28536.715782   34748.849283   29339.838166   28246.814216   25216.427603   24555.395951   48087.602340   61236.163046   14784.188924   11223.071102   10401.761621   14024.598342   21591.690746   22976.215420   20762.213199   32345.540838   33202.224454   25419.507375   50428.865021   20718.049402   27196.693621   26856.998097   25215.689676   15760.765478   13994.193787   30146.882915   34050.433927   31867.946707   10928.208156   10587.340192   34983.085984   78481.204209   
3.400000   13544.340541   14647.680179   22630.218973   25714.475060   21054.297124   25727.735192   27306.376767   29231.064289   43505.125710   57308.633090   14189.433876   13053.983715   9247.285610   15723.875778   21556.898477   25500.012596   22341.467885   23231.591647   26971.893334   28439.134788   50159.436552   16595.847740   27891.503754   26995.334313   25350.485221   11728.557250   16466.546541   23284.260001   24089.559448   22762.149647   11248.665929   9855.195789   34506.160674   79068.446103   
3.500000   12957.996952   14643.268442   22409.064179   20043.918629   22194.277234   23854.633567   25590.605373   24931.454820   41434.958124   51896.632335   13616.515558   11670.682747   7676.205314   12421.056333   20715.410081   23749.308829   18572.893749   21030.718915   28264.480134   29285.542483   43778.834489   16064.323345   26635.361116   30252.353383   24990.392321   12753.900665   11783.053450   19161.096586   23334.718669   21226.662135   10580.930319   9545.841823   33098.676519   76812.886603   
3.600000   11284.549775   10008.916464   23190.397395   21861.065810   27914.872934   29932.221646   37274.092867   31533.322350   40923.487923   50414.801721   13918.035119   8802.532799   11644.277390   15070.752884   29188.444955   29214.036697   17454.862796   21069.278826   37276.839017   37805.562904   45168.317231   19663.736882   32757.303422   44163.710308   35602.771373   16964.322470   14362.849549   23575.064467   25192.005560   25202.098729   10761.774663   11183.689518   35633.962657   65355.420095   
3.700000   12944.207408   14765.850481   23719.665679   24167.369421   20188.602363   17171.999010   23768.344086   20844.555650   39157.705301   53196.860777   13361.426876   10105.186184   8850.397155   9290.667595   21152.158987   21868.202378   20313.763319   22106.105885   21780.002449   25210.458322   43806.466760   14636.878662   18532.777993   24157.925314   21067.625542   12704.333923   12418.899709   18402.364274   20447.629380   19790.229159   11597.944755   10444.789611   30903.222211   68655.075638   
3.800000   15317.816415   16044.182030   26496.662595   28386.524403   30371.231985   32797.492857   38752.470730   37014.119877   50463.319539   61948.727218   12939.013914   11837.643244   10895.869970   17131.721762   32315.834779   32834.594063   21065.336952   28621.841062   37190.185102   40947.516472   55896.654459   21467.213521   36958.861600   42553.378046   37547.050616   17077.694499   17819.075852   28993.432125   31998.130563   28465.507892   10122.012975   9938.853412   34878.394676   81704.577775   
3.900000   13950.432647   16654.831222   25216.188686   25355.023957   25959.102027   25630.960251   28514.970807   28783.293226   44126.891320   59865.762172   13172.957307   9858.799203   11876.205292   13187.289048   23709.597225   27561.030629   20704.216073   25423.530401   31262.127416   31522.365327   51499.870962   18819.831623   28355.496887   33351.163320   31690.017889   14119.294035   12464.228967   23874.251745   26976.305960   25762.711172   11436.323088   9505.709620   31020.534169   89636.325804   
4.000000   13475.305419   15513.723776   22257.524669   26415.492211   19396.460566   21371.330535   25548.197386   26984.215437   44315.952080   60275.305018   12887.587374   12989.799299   11963.415986   14216.677393   22045.917963   26962.709925   17908.688610   27743.437410   23529.985822   30407.173368   51622.415501   17158.444229   25112.454872   29763.380619   23915.721686   13153.818659   15920.140609   22314.763753   25303.366882   20605.520291   12230.370436   10730.653572   30946.459337   91597.337301   
4.100000   11927.541986   15817.134891   23103.050968   23584.793759   19547.135711   24271.156241   33542.516101   28203.342277   39456.853387   43637.779478   12732.283552   11461.667817   11320.316147   12920.292492   27510.389523   26767.063432   15926.212702   28418.343043   26616.634434   32380.088695   40965.695743   17283.233549   26519.866057   31083.544864   25861.549601   14296.724429   12445.797778   22638.543225   26752.593136   21504.783484   13068.539505   12411.958715   30736.378480   53213.275560   
4.200000   10649.078248   11163.119808   19487.595221   18251.315795   19755.811987   22955.433017   30067.685059   27725.842867   32216.573839   39617.241131   12109.708439   8455.731369   11481.785121   13811.059886   26468.471266   22942.987643   15493.906599   19736.955677   25633.320556   35043.537844   35692.802979   15874.809345   26852.017471   32615.577532   25097.170485   15248.521828   11378.821390   18692.507806   23481.915961   19486.771884   10837.122803   10767.638066   31234.826494   56310.310928   
4.300000   11568.733455   13273.576845   23946.949486   26263.887926   22632.311884   25551.282308   23796.336390   24737.035726   38537.534823   47284.597823   11981.313684   8855.627277   9744.019784   11162.931649   19715.644358   21844.084935   17096.304127   28192.296236   26043.972154   25904.240118   44257.867245   15582.860492   24023.777454   28264.207667   22718.720517   12203.224895   12853.291856   24810.172056   28043.352717   23008.796039   11154.666378   10628.518157   27831.273058   71997.960481   
4.400000   15366.353345   12720.874629   24567.986337   24695.470175   26347.971947   28439.497172   32134.412248   30908.512862   43487.580558   54112.626968   12082.042013   9603.114971   11923.753739   15844.032986   27823.128517   27932.453209   18645.572738   26439.921651   30662.528024   32581.369792   45430.677592   19559.543252   28379.596152   31016.998467   28190.548527   15859.474604   15355.822844   27242.150495   29757.886067   27326.261836   12578.483650   8844.175250   29134.047145   61338.122328   
4.500000   13162.072550   10421.260807   19145.868603   17979.704693   18468.456868   16898.614809   21622.183941   22556.962907   28235.205165   37999.739643   11897.382221   9624.519019   10663.739012   15075.745275   16072.214794   20742.955398   17313.258909   19462.082701   19692.121402   22859.108696   32637.203151   14364.595646   20494.508622   22054.458096   22565.306727   10627.428207   13965.388668   17371.436049   20287.434441   18609.186156   14487.166008   10855.193647   25884.443583   51296.713166   
4.600000   12583.070723   13075.535176   23930.208091   26728.570270   25133.295520   26526.515497   27657.850342   27036.954831   33575.461689   39169.330952   11069.128889   9891.490186   12040.800896   12314.074619   22078.495190   25376.999248   18546.793740   27028.691612   30898.561767   31617.047068   33672.360674   16350.548161   25810.715651   33775.638005   26713.716208   12352.843393   13490.400459   24562.271428   28309.435504   24452.270797   13360.399324   9404.383827   27971.540756   52847.395171   
4.700000   12274.730059   15053.415752   21916.441618   24641.712648   20558.084888   23909.943556   19360.312831   21387.213822   28558.814442   37682.960372   10303.519153   12288.715986   9410.717242   8956.524609   17003.712136   17293.797794   18255.555095   24724.717789   24358.885123   26475.559242   30861.974500   12058.233744   24828.477889   30384.716326   22933.041214   9778.724162   13147.020481   21745.961257   25899.391933   21266.083456   8963.410499   10897.736219   25839.859648   48899.744761   
4.800000   12029.183914   16906.203640   22920.813917   28844.879302   20524.637224   20005.460064   23531.175000   23020.532290   29092.075642   31142.993112   11881.598784   10124.488275   11510.100697   9315.853686   21648.023040   21054.634368   17151.976091   27473.219795   23683.560747   24524.743947   30021.680033   12536.697492   20947.818801   23230.998933   22842.056299   13197.147451   12900.157456   22176.594233   23536.912891   21970.230542   13301.887002   10782.686512   25170.515486   44560.845814   
4.900000   11245.499501   12765.218964   26418.489214   28948.943656   32112.463727   28039.754099   34078.560675   26078.390952   29631.574173   33571.312422   10818.822995   11126.945649   14423.136302   12681.100172   26482.864729   21183.935892   15690.876984   28223.060500   34197.088576   34623.398525   31448.302332   14225.387353   29267.515552   40060.474109   34250.322776   15139.343528   14955.460468   26929.639176   30337.009183   30888.309896   14137.174048   9479.453337   26475.666745   48494.416162   
5.000000   11155.989372   13683.742414   20595.327225   23634.370512   21158.743658   21394.404054   25356.949903   25641.454523   34331.153510   39315.536815   9519.663461   11433.362303   10746.815071   11859.253029   23480.021612   21019.471276   16375.287662   19456.626746   24359.218580   26239.483032   37091.686562   11692.696252   24079.630173   27092.637053   23622.621657   13462.894714   14341.286876   21374.522576   20354.144724   21013.629112   12164.695357   10091.630973   24281.969767   58569.610321   
5.100000   14073.485986   13812.011211   20965.679193   21264.121429   22116.935552   20577.273992   28109.287391   22070.751567   32759.490817   39642.807690   9470.344721   12109.254292   11377.248796   11833.557024   24845.852273   22068.360711   18277.868652   21403.254353   26892.570754   25078.212156   33520.890762   14487.936474   21414.241591   25353.820370   26133.633820   14269.345625   12540.174025   18602.772525   20742.516775   21332.238793   9730.124770   13286.292142   24556.509258   47301.014232   
5.200000   10111.914075   10323.232829   19285.029564   15836.793008   16711.885991   15867.483162   23899.026335   23038.465897   28219.541493   34470.155136   9759.050921   6985.532410   9270.673337   10167.447884   20416.135520   21079.070726   13448.347956   15875.994187   18994.124435   24978.577167   32455.487183   13431.427196   19138.859074   24328.317127   21652.496496   12118.164343   10396.286796   13713.614468   17080.639341   17001.927225   11052.180711   8868.932904   24969.349108   42889.328131   
5.300000   11181.101426   9497.379352   22592.752384   16054.545656   19423.080145   20291.841772   23373.472509   28218.921321   31711.576911   38333.023473   9529.417778   7625.895491   11308.553783   11709.915175   22044.532842   27064.684049   13777.106076   18372.336639   21186.091194   27142.326150   33481.271207   15200.762636   23717.380435   26569.545562   20042.342623   13290.407837   10336.647254   16497.318320   20023.968185   20750.885087   11572.747314   8236.510642   24196.701133   51031.083539   
5.400000   10549.344149   13843.176084   25115.091870   24128.949778   23523.796879   24222.094017   27125.772925   25143.289633   34169.842975   36660.847259   9429.341710   9525.488443   13012.960132   10013.915969   25761.445432   22036.146407   13985.856268   31526.626559   27874.225835   30437.133943   34960.548056   12815.513739   23498.865136   31212.664108   23835.229005   16160.207426   12014.031932   23593.805060   31879.432031   24535.978861   11999.567265   11883.603393   27126.069396   44828.286601   
5.500000   16493.223273   17080.156459   29570.465665   26797.186718   23443.805422   27034.499873   23233.542574   25683.133226   26407.228449   34302.203305   9339.321104   12258.129875   9015.899932   12038.675944   17086.459764   19857.241726   18473.389753   28954.375796   28560.174326   26920.981858   28581.487761   12769.668882   28307.507287   29974.416525   23454.639695   10592.552226   16873.331439   26366.959480   28608.562000   25227.980364   11435.920052   9820.641482   23437.798760   53133.144099   
5.600000   15945.970700   15676.273490   31662.816334   23976.491634   26367.532568   26413.536964   27665.424416   28896.772202   27092.909226   34827.030684   10657.323169   11895.426657   14208.920924   10932.008078   21961.336066   23354.556910   14445.693395   30414.504511   24709.291011   35876.806677   30443.913943   11667.449449   27991.211979   35543.898234   29088.707075   14883.819156   14914.033801   25635.812240   31006.476755   27450.498194   18030.615975   11816.088319   27355.133530   46056.553431   
5.700000   13757.910411   13043.967756   25697.038176   25586.072267   23150.118898   25063.289453   25267.426270   26560.683064   26747.692250   33481.799192   9558.508915   10601.250697   11820.713930   12210.878721   21972.341030   25498.652805   15607.993566   27755.181802   25534.342718   28715.260353   29113.696789   14923.659468   25988.511957   31179.026988   25127.398975   12399.325850   13221.849413   23409.072360   29074.008648   23205.478463   13931.912294   8623.378699   23429.763410   40405.038598   
5.800000   14253.537164   13489.423469   28215.331300   25448.850912   22567.380293   22587.478240   23047.837140   22578.841830   24944.390294   23439.550125   9622.178274   11022.330229   11314.551646   12190.500631   19730.807972   18854.100789   15874.053152   27546.018369   25994.567276   27227.341480   24641.319359   9687.820146   22368.380157   27570.501866   22161.865270   11728.083696   13572.752032   23680.561886   27418.023613   24694.631495   15126.967830   9185.790558   23401.753190   37495.495768   
5.900000   12635.338621   15555.721337   24502.269777   24677.069315   21609.189986   23206.496724   27047.910823   27059.251710   27346.961378   30195.980953   9266.973231   10241.336963   10543.901819   9786.883470   21470.278728   22838.975039   17518.422706   27184.887711   27212.163505   29821.479429   30078.039595   12250.635745   25513.287661   30171.064437   25235.827215   10267.739640   11850.080526   23635.265714   25405.089204   21851.430633   11639.100975   10457.946789   23182.286369   36925.132047   
6.000000   12803.728329   12594.120591   25801.003912   24934.477125   26959.772997   23543.385151   28497.983633   24273.472262   31109.624166   31187.765627   10770.344442   11577.698266   10091.742360   12465.488106   24785.409608   21067.963981   16338.432600   27663.717224   28087.650659   29481.235151   30269.785183   12027.740837   23195.238331   27386.250860   26976.145671   14106.628990   15059.939405   25055.220561   27770.900866   26907.440783   10846.445907   8815.079956   24328.764721   37162.246643   
6.100000   12851.251395   11963.274469   24297.415417   22728.559393   23585.235326   21021.759483   25564.636824   25624.577358   26969.783464   32173.266428   9604.161375   10671.826391   10921.565469   13741.436065   24106.039854   24310.815171   16287.359891   24184.796137   25794.419940   25457.956290   28483.990110   15533.511895   21821.725339   25235.873270   23221.874428   13906.908275   13531.835865   20705.018397   25051.949237   23927.982620   13560.972869   9337.014560   22999.809247   33981.643663   
6.200000   10019.538396   14668.887415   24622.412421   25998.323761   24219.682560   26486.879079   27639.957957   30171.937344   23137.734208   27291.504421   8643.005390   12642.829405   10631.729385   12957.913477   21019.873171   27215.845742   18080.708372   28304.242629   30996.345282   26509.770941   24026.774557   14973.478804   28237.825119   30554.029484   26614.025427   11283.073939   12662.671564   25382.899106   29126.144078   24510.513083   10131.608382   9779.444741   22586.730399   34735.369304   
6.300000   12846.242012   13735.374049   21298.115203   25269.916932   18248.234337   20412.659950   19821.678686   23996.119932   20666.868975   27259.147937   10259.430068   11476.999849   9154.763582   12535.786545   17511.402658   22714.915371   14124.566056   22301.570171   21994.876387   24018.640319   24561.462319   14768.312253   22400.538971   23336.235781   17983.573844   11066.877646   13492.983405   22472.633058   23032.052603   19856.471490   12368.536560   8683.197443   21657.183768   33067.510869   
6.400000   11420.965561   10653.659982   19139.509351   16747.172465   16419.029890   22329.246194   22049.935947   32486.048708   26023.548577   33413.018819   8691.567576   10809.473210   9328.298906   13055.912825   18902.275760   28582.518855   14740.217554   19569.931583   22152.173436   25221.017923   29787.046066   15450.293656   27309.991077   24816.879023   19602.610374   11977.471924   12988.724259   19405.619677   19666.517941   16173.914824   8602.542556   10807.737355   23096.318185   38293.437532   
6.500000   9518.843294   13489.952936   16071.075445   13272.712253   17136.525105   18502.065358   24303.758119   30622.313144   24589.518799   27287.445989   8477.485174   10543.032148   10346.126748   12282.578330   21108.151138   27863.959384   12174.715552   15137.119347   19120.216926   27281.576859   27273.093770   16061.588739   25453.735395   23927.626782   20892.253564   12384.666067   12594.966044   13525.116622   14768.956763   16601.269215   10463.526167   10767.171092   22628.173743   32400.966084   
6.600000   12075.614348   18028.442202   17962.165843   18958.678256   18859.312618   18384.670400   28336.792085   27659.959037   31390.119004   33607.913483   9656.296259   9312.533948   8837.045765   13619.249525   22688.651278   27160.263961   15049.775213   21234.331866   21202.692815   26655.042369   34258.033886   17474.397477   22144.592647   22077.358655   25335.155590   12516.445076   8896.456147   16260.643042   18592.324996   17446.030492   10492.402151   11996.231620   22148.849014   42200.168814   
6.700000   9710.480298   11963.043946   16076.332667   18068.541462   19540.981754   20872.609063   36114.512910   26657.922847   31214.688073   32777.231741   8592.734333   9821.692890   9146.134131   10536.826602   29591.645355   23387.038017   13453.787137   18957.271386   23251.940498   33951.202200   29791.347012   12753.379741   24672.115698   33166.082573   29477.227163   13444.748923   11934.275560   17355.438414   19592.647605   16412.439029   9254.885408   9980.860635   23103.278539   38714.195238   
6.800000   12101.336634   16455.490307   30806.862585   30111.068189   27448.624534   26182.026174   26996.510629   28317.063815   27091.557123   26839.757001   8332.488647   9749.180564   11024.389517   11153.934891   24394.598759   24857.501063   17982.431269   31966.074180   30499.988651   28886.079031   28722.231171   13849.391849   25973.994455   28614.668329   26689.686874   12751.230329   11920.235755   24964.214843   28948.457726   29674.447953   11042.029734   11055.796539   21380.173719   31061.732267   
6.900000   13427.437958   16978.720594   21748.516292   27862.980097   27394.693168   28311.018770   29039.448563   20518.234276   24225.413217   26619.566272   8983.021156   9345.060357   12958.712466   11042.871130   23189.947208   19599.857559   17689.982211   25561.882511   30653.748321   25550.537023   25355.139309   12961.832420   24574.300757   28466.080184   29493.985806   13665.605301   11048.207803   26755.742647   27190.010912   24819.509775   15899.764191   11726.574063   19203.032727   33602.486333   
7.000000   14112.084768   13283.193332   22521.441498   21320.902512   19041.216960   18379.925815   21075.255616   20727.617663   20446.921471   25289.709713   9474.870690   8970.108056   9453.496827   9942.724965   19170.897043   19526.238608   16978.800467   20430.838562   22227.525507   22598.209969   23696.231600   13164.381337   19656.099485   19529.548493   18680.707022   11571.713893   9604.780330   18037.697906   19393.031817   19618.921875   12175.868547   15065.071256   19940.472025   27428.371971   
7.100000   13064.660911   14514.930396   20298.973463   21171.989741   20845.058664   20183.313378   22809.400544   24056.745105   18374.235365   22913.088092   8938.503009   10272.303979   8614.848829   9756.320720   16921.608972   19655.769474   15978.506610   22355.308005   26389.202338   25672.146224   22268.364251   12986.087326   23153.774860   26788.068310   22921.907528   8937.458974   10221.391964   19411.831015   22913.203689   20132.792261   11586.100008   12587.152010   19124.405640   28755.995457   
7.200000   11375.450347   14751.022035   21479.464489   23738.277923   22742.065439   27749.137983   20139.904687   24348.565467   19510.683362   18678.599974   8654.646922   9102.151935   10265.711236   12849.667280   15428.252345   20912.881661   14889.530796   29047.089172   27637.958143   25826.426589   21195.788070   11868.361596   26141.418449   32073.990594   23550.192248   9239.353933   13541.299135   25902.550909   30842.296827   22397.325932   12382.763145   15378.910547   20421.846835   25210.394427   
7.300000   13659.665096   16611.772752   29848.413468   29212.544072   30203.773556   28578.379093   27823.209958   27571.029868   23460.160699   22269.740062   7856.300179   9054.881484   9910.657205   14269.461261   21569.230907   25386.011031   16293.908563   34346.227024   31306.910709   28869.535110   24659.359260   13028.528451   28729.170324   30267.941961   29450.829687   11047.778434   11701.996087   28318.602866   32454.688459   30224.638585   12656.609668   12125.527984   20434.917092   28604.386765   
7.400000   10266.037903   13648.563252   18514.267276   19876.047956   22492.587079   25419.479204   26276.298466   31756.187840   24013.027584   24835.464675   8331.247011   11296.036395   11273.416003   11547.072370   21214.915554   25492.294076   14943.094865   21878.986646   29794.479589   32163.321492   25695.516998   13652.386641   29481.690281   33058.005992   28861.991884   12846.779009   10656.152167   19457.750479   24334.861271   17676.168800   12517.065677   14833.433007   21935.283270   28927.776281   
7.500000   13892.968646   21132.553373   26616.797673   33095.771669   16972.983498   20771.884364   25487.428236   26327.536376   24497.098019   30371.146641   8482.117287   13013.175223   8990.004496   15077.623440   20046.047986   25610.434388   16588.476206   26084.073952   25634.232824   27936.076646   29111.672759   16948.683082   23425.932467   25693.924184   23865.476494   11302.525826   16252.600880   23094.805021   21813.596087   18373.968198   13700.646757   13373.135511   20189.962882   34306.539870   
7.600000   12469.358267   14786.615316   27001.745862   26794.276993   20419.790968   20381.428685   21851.717564   23083.510777   21369.967099   21764.580566   8344.588290   9406.077704   9344.121736   10160.787847   18511.390666   20281.031364   15071.544102   23298.755067   26326.240191   21007.019299   23281.934556   11542.781357   22293.637125   21250.043967   22090.231124   8975.226153   12779.749511   21895.385320   20776.390979   22467.341905   13504.162867   11910.697527   16914.673622   28787.979247   
7.700000   10808.204017   16906.283322   21348.626821   26259.437634   21011.455480   18896.017918   19490.106645   23639.055749   16232.494218   17578.769348   7616.234290   12844.083925   9697.214108   8599.643676   14766.008183   18274.368013   19413.533930   27389.571244   21864.004775   21572.175510   18998.387793   8696.054096   20960.069223   23262.881712   21520.837730   7758.049736   14293.616884   21104.139361   23572.656689   20333.922915   12346.892179   12370.699353   17032.495772   30341.852449   
7.800000   9780.135519   15162.310526   22447.303176   24257.398533   19749.311387   19748.301619   23263.410761   22458.826960   20353.167012   26036.633198   7796.553004   11236.474983   9552.822927   10448.975729   19542.919015   20033.326388   13152.008023   29043.836322   17471.968910   25469.441791   24133.072804   12570.902797   20678.321601   21990.434894   24121.552336   10772.432314   13469.837030   21124.457485   24788.381157   19224.494013   10272.042506   11595.626566   18663.499291   29089.095179   
7.900000   12495.451958   19541.756975   24126.168739   35891.525371   20103.567749   24034.491179   23319.534206   27850.401694   23004.776469   27852.920585   7614.161588   12921.446925   9511.303395   13012.410061   17092.076772   26159.456896   13235.244649   30290.617173   20175.656792   27357.411144   26054.855324   14776.895701   26174.982791   23563.396133   23370.600252   8237.149285   14432.152530   25469.937810   21714.212005   20722.996543   13556.260478   13064.090544   19585.527563   26602.901713   
8.000000   13675.153740   19470.390675   28917.744215   35881.013726   26402.375506   25224.648081   18115.819685   24220.439935   17857.949694   19031.740579   7652.905750   10730.323504   8543.158575   9232.972948   14840.877626   19926.070192   15222.089878   33722.390619   24675.498858   24590.314339   18441.018035   8593.529885   24767.207655   27210.812339   23930.989986   8049.436259   13812.247975   28747.086092   31010.214151   26228.573290   12136.042675   12018.068393   18592.172253   22814.678892   
8.100000   13135.286797   17348.543533   30655.121176   33027.050064   29779.815231   32256.537689   29228.909575   30328.233024   21390.546354   21106.782993   8543.982032   12179.889148   12304.630834   13680.123013   23504.404128   24996.269523   13765.484349   35339.071331   28979.038949   36172.759902   21029.274107   12267.274016   32955.086179   39813.472258   31344.236479   11135.139992   16805.439736   30985.134283   35742.305560   28486.704783   16457.785241   15047.985841   21971.343549   22806.735916   
8.200000   16688.859605   14347.645987   22752.275691   25889.624055   20545.183974   29724.833435   19292.023957   26754.188049   17846.618149   19568.283037   10286.799934   11353.346540   9451.801840   11866.252691   16966.127345   22806.187050   15189.759312   27031.846104   24501.699769   27358.077269   16914.562648   11845.060385   29393.991503   29822.487397   21160.066418   11348.054785   14442.194124   27181.010270   28394.889995   20610.960156   15027.951684   13062.575454   19211.084324   20679.222433   
8.300000   12420.826190   16341.999946   19230.844891   31385.421016   27885.622255   28410.806209   32832.633765   26715.847328   27880.101443   33647.070701   9043.333000   13896.497013   11525.063817   14505.922077   29792.792954   24172.734557   17798.338645   25336.684941   30889.477442   34579.021215   28537.410574   14562.611625   27848.382765   35358.678745   34882.376300   17127.641128   16189.135064   27637.755602   27530.876415   24297.256733   10665.160089   12448.325241   22006.010763   29651.947691   
8.400000   15932.058689   16472.463094   24017.067737   31287.603361   20495.385691   28229.718663   20024.270481   23718.135148   14298.448263   18399.454789   8310.885853   12321.498113   7400.296794   15332.459562   16352.586919   21231.857125   16388.008977   22542.265250   25374.092706   22461.259445   15039.675848   12137.094300   24900.686286   24872.793844   20700.639153   8916.204369   19150.096811   28575.780011   23504.849787   18641.495591   10759.630651   11501.107034   17173.256336   24712.136491   
8.500000   14308.461676   20951.349774   32659.060555   42826.779548   34622.552359   40667.330991   31313.926546   31518.740233   20132.693835   19399.220868   8296.061201   11571.896419   12073.955145   18440.092317   24367.399450   28714.316964   17907.902386   38709.141584   41435.484887   32469.665969   22182.821403   15979.579839   36749.205774   40582.765880   37452.144676   11703.034072   18894.852138   40138.276756   38595.351174   32132.074872   15391.837386   9953.227263   19031.526967   23978.240216   
8.600000   12073.620953   13022.872923   20609.526368   28771.878536   28560.754097   31516.159723   32430.804186   29835.730376   23509.992624   24584.249543   8311.638479   12267.210273   8463.491697   14839.701542   24911.932713   24588.907393   13668.882471   24400.574211   36431.063440   34894.932574   26676.414442   13103.822622   31092.652723   37076.674308   32247.459295   12333.591029   17633.320502   29400.563045   30009.393672   25805.095444   10212.528200   10488.704235   21229.966266   26039.444918   
8.700000   12364.764537   15258.103365   22391.523195   29541.548123   17910.185772   25011.607887   19663.480520   21270.244633   19845.433970   20536.960192   7971.518619   11611.157565   8694.175482   11662.183250   16276.031947   18269.403810   15650.441837   26304.867889   23702.364037   20747.522793   19684.538200   10916.122033   23451.900695   23796.721314   17308.431999   7515.232372   14627.401172   27054.714466   25461.036262   18590.531861   12170.805796   11007.019568   16874.023264   24966.087892   
8.800000   16922.494343   25168.471542   30336.914010   32446.041426   20917.244352   21846.344098   18638.710430   21456.936088   16764.829417   19296.117718   8694.054386   14538.006875   9509.059703   11396.030366   14040.811506   18222.964366   20782.354026   34853.972992   25020.250194   21163.442720   20185.407472   12423.905003   20154.576518   21699.368661   17764.343912   8040.044990   11909.861877   25181.357392   30364.011064   24188.268260   13459.067923   10486.083047   15833.347707   21592.216019   
8.900000   16884.546035   19341.607855   30008.409227   38849.891166   25128.993534   30332.371254   23828.251475   29482.224084   17445.173464   19822.124345   8657.192376   13727.588578   10340.328406   15642.875575   17539.412092   26357.211844   20586.892990   36722.065605   32038.470886   25658.405279   20725.085517   13647.751380   28383.549039   27456.682513   26806.216202   10577.621162   17060.667358   32629.714540   33466.762282   24581.414294   13730.585153   14478.160642   17974.334579   19706.366130   
9.000000   24126.217958   32810.053549   44241.307626   49903.868786   29030.081952   29078.994542   26574.340219   29229.103540   21959.292803   22953.464164   11120.014406   17572.404943   7351.747773   13460.562822   21055.173566   25233.445066   27841.355658   48194.927814   33129.558945   26537.134082   25069.007603   13535.665229   26302.820622   25673.977135   27747.807186   11141.093155   16491.285198   37208.127895   42726.426556   32587.689974   15109.336904   10198.076901   17927.677445   22006.934536   
9.100000   20102.469345   21210.366860   27203.085908   33794.774885   24748.131064   29176.809509   23549.948737   29568.528575   19037.205110   22965.416171   10044.005202   13873.333217   8063.964228   11187.352285   17991.923752   22582.349694   22602.909621   34575.530674   34578.517573   32156.538664   20666.343067   11572.475482   29799.005775   34897.792746   27053.692278   10186.577811   14191.421236   30292.483472   36687.651414   22496.094032   10095.300854   9156.054276   19386.234366   25124.174788   
9.200000   20948.794789   22666.344955   34786.273159   35558.143223   30723.340561   35190.260000   22609.615108   32087.856325   19005.826288   21841.975321   9991.412224   12173.818683   8580.334119   12042.433618   17274.432711   25126.515519   25346.915418   42286.322844   41039.273312   33416.293247   20285.011808   12053.961259   33741.916635   37946.488588   26521.689484   10542.698468   14827.982712   35953.414419   46694.876662   29920.392434   11710.821113   8497.554044   19735.075011   21775.707178   
9.300000   27692.800345   28841.624005   44552.473958   36927.038375   30529.640486   31003.657509   24027.676668   25461.603572   18850.485796   19248.355126   10534.289995   9372.033772   10004.396121   10208.360017   18820.665838   21658.013403   31308.343610   44410.281532   36742.737505   28724.941605   21831.000683   11410.819205   28527.599092   34469.683226   29062.361090   11303.461662   10214.423264   32190.744981   43838.005146   30664.314310   12606.104135   9500.827027   17504.888064   20502.541000   
9.400000   20028.238728   18728.750757   37617.407357   31379.781776   29389.722283   26757.067132   22831.517223   22395.783544   16385.697651   18861.343479   8571.473064   10992.589372   10394.489866   12332.659963   19193.578812   19095.826424   22533.453010   34847.964688   33712.831389   23856.362629   20427.602581   11886.952892   23658.320160   26471.386771   26024.618761   12158.809884   16883.041519   29765.439870   36655.359500   31411.398225   11871.563906   8554.803198   16855.999185   20349.286155   
9.500000   27173.430086   26618.829306   37280.844648   36137.623567   29671.907530   29696.449350   24990.470540   28046.793744   20954.526956   24004.789226   10967.782698   15343.822313   11017.175016   12364.991415   19324.088772   23022.502854   29911.723254   30895.523318   33683.578328   29236.000325   21599.357577   11385.508724   27363.928813   31483.184731   30283.055865   12618.569256   15914.542772   31925.953883   33201.224118   27884.900082   13059.547868   10563.646068   19377.860918   24597.424673   
9.600000   29404.021630   26636.415324   46342.808377   28243.256698   26555.557141   24265.252359   27820.187585   25618.717776   20099.590922   18743.432456   10806.952973   8918.008426   10019.373007   8828.908467   24371.443405   19885.922514   30941.435591   38815.075096   30388.916297   31557.314976   19396.616762   9583.949896   25431.690235   33225.097037   29276.035285   14478.390416   9871.781405   22903.167521   33817.168360   28358.119371   11003.849474   9569.082829   19079.324141   19180.980224   
9.700000   18752.907433   25420.412191   33612.652543   27840.180501   26354.220434   26307.885079   25564.536363   26753.239514   19314.278662   20261.803397   9332.945077   8917.253903   8651.215878   10686.878745   21197.286769   21917.055061   24018.609321   34043.259731   32627.255082   29692.069593   20803.633564   11995.385908   26659.728399   32840.513308   25553.600216   10931.146229   7986.657118   24552.103312   35265.209369   25417.304137   9011.264698   7626.873058   18904.881422   18610.266697   
9.800000   26115.305356   25562.971157   35893.019109   25809.608333   28514.440726   28348.532129   28073.559635   29231.065351   21561.293694   23082.097833   10212.519332   10502.014582   9478.492347   13789.587481   22194.922012   25882.687648   28322.883511   30613.261468   34834.752141   29110.182599   23022.988508   15396.452372   28109.571843   31071.044670   31086.962267   12227.754682   12289.240210   25963.022482   31775.697982   27426.400140   9135.948801   6933.843974   18699.571315   18812.873304   
9.900000   21568.383928   25752.955118   34549.416764   28476.832348   31851.599881   28884.945451   32957.116627   28279.049105   23149.710373   19531.013515   9233.372321   10182.472247   8615.176449   12556.532510   25677.936574   22810.109042   25436.589359   34597.805681   37199.265876   32823.692695   23937.674363   13194.773478   28646.216886   34827.671623   33898.145068   13100.358715   13231.038980   27776.120930   34653.609355   29826.562171   9287.908329   8451.187351   19925.229755   20635.924229   
10.000000   18138.330114   22303.850222   29295.432251   28683.597563   28388.897091   26960.282503   25284.039715   23911.897080   16767.254131   18480.076945   7706.379576   9068.727060   11211.923470   11820.297391   19240.787902   20334.182186   24148.647216   33544.164888   30870.778581   28699.841507   16640.932788   12191.218270   25693.223569   30859.351991   28291.486416   11203.546868   11023.919362   25939.813490   33221.429600   26954.257784   9576.064407   8701.077990   18512.312863   19186.293580   
10.100000   16075.456537   13178.258112   23968.644690   19714.983058   22103.529537   20927.131933   19036.296346   19618.992845   13348.747257   15176.812307   6787.971870   7272.113172   8471.010367   10085.908027   13744.564532   17354.034681   18505.971434   27108.473566   25683.044856   20820.374253   14651.965935   10342.751977   19708.503783   22173.473050   22044.264192   8169.000135   9389.984562   21500.149062   26931.263406   22056.641266   7116.490240   9935.199674   15422.809820   16630.968140   
10.200000   15304.192780   17658.900333   25287.984654   22742.733103   20850.011685   23374.586398   18058.561447   22072.592613   16920.010851   18150.804621   6876.287283   8387.913556   7732.805292   10668.648276   13596.724320   18640.608695   20505.980760   30866.482118   26907.620253   21638.484176   18634.142812   10854.474325   22562.495219   24829.975451   20713.622192   8803.024565   10407.573386   21764.731528   29000.152292   21766.665097   6963.374877   9723.878607   15571.103356   19288.591930   
10.300000   14470.271547   16918.504039   23706.414694   27024.124126   23671.067488   21648.539908   20504.533126   19101.942529   13136.437157   13227.620936   6342.076371   13985.968794   6246.644462   11360.102968   15021.860788   16971.296503   20363.865330   32160.269287   30146.877192   18868.562932   13784.534105   10602.264125   20088.410022   21293.455938   22340.978583   8022.759050   17307.959328   24554.397256   27581.160625   23731.186711   5415.000692   10477.743889   14218.869963   16839.564634   
10.400000   17346.816132   19737.174347   29941.767358   23467.775849   17320.315514   16819.031479   12435.293886   14943.595772   10686.387842   13133.906604   7141.921171   11255.327150   8325.401839   9359.004788   9603.276916   13013.592697   23223.593395   27621.023703   16927.863873   15157.815217   11737.582892   8916.740679   15662.952852   17117.750693   14671.949996   6905.775852   12398.475731   18591.069782   22484.549908   20250.502858   8167.537840   8919.995013   12900.949738   16001.643146   
10.500000   17490.404463   21389.328482   27466.957943   23613.685145   17673.809370   21532.168372   16525.144056   20248.732055   10456.197310   14032.460405   6652.316276   9963.393155   5931.834116   11438.447627   11910.882779   16416.273787   23439.703786   30716.260074   20798.594763   20796.516148   13772.800204   11212.196002   20532.370534   22814.814696   18903.897821   6639.270485   12621.758968   22458.411358   25154.883961   19172.339423   6592.180851   7443.935510   13453.543280   14203.267034   
10.600000   13421.970311   15363.489678   26828.136903   21001.705459   16417.225226   14544.889746   11250.115509   15346.669278   10478.163555   15744.680903   6050.912619   8363.779638   7123.118353   8996.045207   8174.732324   15130.299922   16077.777961   28497.009754   14429.586118   15964.259623   12250.566005   9423.886354   12545.811046   15613.985172   13612.094551   6591.714107   10930.274097   18026.050463   21056.847788   19407.831489   7089.665475   8011.961950   12609.349971   15287.654151   
10.700000   12125.757526   16755.119849   21884.296144   14476.758896   20725.908898   17589.628164   18726.657233   15000.991494   11305.424869   12174.149056   5897.578729   8588.017534   9064.632306   8274.978274   13295.520554   11688.139499   14800.647259   20052.489660   20073.085826   19876.373182   12964.714690   8219.518764   17885.893323   22313.312087   22582.184282   7494.407354   8018.404194   14917.726938   18487.169797   19326.366806   8975.362238   6159.017522   13453.779691   13673.715541   
10.800000   10809.017777   11210.689296   19263.244993   22089.757289   18954.105458   22184.250413   17825.319040   18658.056952   14282.807178   17018.373332   6029.922832   8052.856539   8692.546229   10008.521167   13584.343369   16973.937158   13891.957512   22561.486760   22618.335923   21518.410269   16308.350172   9533.810543   20243.069590   23737.434670   18749.062358   9396.783238   9881.812410   22045.451619   23026.657757   19185.183066   7668.968413   9616.787473   13817.172707   14790.541781   
10.900000   11750.812710   15523.941051   20605.292518   18730.608924   14621.441977   17202.191052   14694.759814   16695.642880   13395.580963   16521.663965   5712.263830   7104.909040   8114.620442   9084.626781   12409.197156   14777.736119   13724.805886   21678.888835   14560.172335   19207.584358   14196.431904   8249.057589   17248.707179   20063.446202   15217.634229   7872.088644   7029.890974   16679.677352   18976.296573   15307.457785   7382.762446   10145.329513   13788.156183   15222.352079   
11.000000   10209.560993   11950.968693   15920.248463   17857.305736   17489.659606   16319.466417   15780.374417   16518.546432   10267.828344   12927.095809   5182.586481   5707.728889   6434.036614   8092.461190   12822.956957   13875.692434   14205.106492   20015.698351   19291.015238   19654.844236   10355.434547   7790.263914   16806.579829   22134.079885   17134.827507   7240.001185   8167.924564   16307.753842   20230.218042   15609.345004   5469.198155   8926.959484   13083.121770   13893.600040   
11.100000   9669.823054   12699.182320   16473.404559   17903.385487   13961.175958   18666.343475   13956.275685   17835.758069   12967.533720   15171.725210   5675.236080   7440.888637   6082.750898   9803.126717   10797.044830   15534.216871   11491.664478   22034.844517   17565.771688   17188.071084   15627.387800   8921.381044   18108.142304   19346.233441   14768.945025   6316.866800   9067.356750   17715.828008   21161.362702   14684.368170   5955.526572   7606.641723   12553.381061   15445.080405   
11.200000   10620.242694   10889.342361   18202.648650   19278.901147   16446.295439   20141.121071   14608.187544   15568.791473   11030.957866   10811.027413   6455.847288   7679.717294   6095.724967   9630.942504   12339.872119   14478.360415   12372.926646   25028.596208   21142.933462   16905.749873   10265.874975   7320.959923   18320.027827   20331.088637   17227.390287   8292.010181   10841.445735   19143.010321   22831.619549   15848.590700   6270.969400   6895.875770   11985.260884   12812.218118   
11.300000   6476.399246   12020.748686   13881.475430   19728.649798   14160.232063   16357.690019   16526.037085   13941.195515   12931.701326   12044.127398   5139.281826   9976.037243   5994.480332   7430.045142   14125.383209   12547.320343   9507.237183   20614.041709   17130.234705   17533.565942   12325.579138   6378.595343   14846.902466   18916.573144   16138.153508   8459.186194   9365.794210   17331.463042   18580.901395   13031.508031   5501.429547   6176.288931   12287.995021   13038.301372   
11.400000   7002.496644   10070.151658   16867.004647   21383.691789   19082.364467   23056.191966   16074.278972   18054.315278   10748.921519   12359.955561   4705.282815   6993.559527   5276.081549   8852.508193   10353.964746   15749.607716   9397.710028   26119.966648   23902.311027   19533.559705   11595.562062   9136.135635   21298.142020   23224.452556   18424.597193   5527.573988   10826.570766   22797.231083   25788.153552   17587.414466   5897.263972   6455.380529   12180.239739   13099.140717   
11.500000   7786.336478   11786.653356   12960.986956   13750.877518   10217.207319   12065.499513   9803.550069   12195.260407   9333.359218   11472.016261   5277.853043   7818.878741   5776.320246   6279.357979   7830.671560   10494.746467   11193.674423   16723.587017   12871.928053   11169.667254   11412.411558   6476.275391   13402.857447   12210.437735   11097.088998   4686.439422   9451.516217   11551.690523   13960.241426   10309.182053   6811.010187   7056.433371   10883.584874   13532.631521   
11.600000   8018.473976   15241.725061   12957.144058   19485.183250   11939.600589   15772.753523   12776.068159   14525.236260   9398.563280   10626.368903   5508.918011   7883.813939   6057.040948   8244.422170   8946.479474   11677.319605   12613.703014   17715.305985   15746.208123   13386.037276   10825.632794   6210.704204   17824.127497   15248.937634   13235.755321   4763.896511   7040.868753   13789.303462   15598.783212   11330.057461   5980.074997   7929.378685   10916.713161   13932.239354   
11.700000   6240.965466   10247.029079   13796.073629   13875.498964   10901.168414   10486.237302   12634.581324   11043.012009   10901.369202   11146.286106   4932.910681   6918.373023   6331.547915   5833.839594   10003.587564   9488.200909   10943.528805   14355.143234   12275.434315   12518.527503   11396.587795   6112.983051   11341.690201   13395.869264   12145.480199   4739.502777   6245.119490   9812.005653   13215.853489   11479.895307   6136.794153   7448.845145   11225.346101   14119.336499   
11.800000   8822.225232   12203.550144   14840.768008   15576.813383   14324.765025   16713.436672   16806.946727   16284.371165   11582.969359   13172.756042   5240.815939   7509.548040   6389.250026   5907.578400   13175.397505   12367.021526   11947.220581   17763.289702   17705.671864   16877.337437   13339.627538   7606.193291   16378.056081   16619.566806   15727.169011   6932.253904   7478.375396   15111.639527   18160.592204   13899.352614   5792.503943   6653.789321   12333.976778   14194.822529   
11.900000   6518.728280   9560.964996   12014.260483   15993.978730   11076.109847   13544.482909   10805.726528   11468.694062   11085.037124   14623.250116   5583.977760   7396.170038   5076.689007   5952.437660   8706.653607   10867.534443   9844.346968   17129.405639   12905.769301   12247.490607   12267.594311   7687.071901   13161.428666   13722.188838   11846.204355   5368.046689   7482.586197   13095.418487   15113.733935   10520.733834   5414.198201   6489.819058   10657.891965   13179.805284   
12.000000   7998.096350   9211.061819   17353.067035   14619.852151   14181.485261   12605.624142   10761.772894   11873.758571   12132.074923   12544.268764   4682.967852   5954.180513   8280.402355   5086.281431   9667.421904   10811.067453   9089.386906   18936.222645   14062.085411   13243.299334   13764.679296   6360.722267   11513.344101   14043.082678   12888.618158   6084.681902   6703.139263   13419.854859   17999.578837   15248.108949   8065.333374   8261.661217   11048.421596   16372.958846   
12.100000   7690.864959   8335.395862   14339.570966   11053.977611   10686.367395   13018.317392   12000.398206   12531.683032   9533.890067   10419.399928   4854.626773   9041.843923   5301.993887   6408.797190   10008.618555   9516.734659   8980.306548   14352.568890   12105.688757   14547.265778   10956.653681   5256.213801   13779.281808   15649.835808   11468.348892   5410.005045   8933.855954   11782.783236   13946.033971   12353.729721   7129.122297   7031.235593   11423.525174   14933.132943   
12.200000   10892.179028   10589.105998   19498.284739   16041.476559   13297.362457   13352.406022   11535.346192   12436.053539   10624.952448   12007.918137   5527.885578   7553.928875   6497.515755   6902.716659   9743.851910   11607.748285   11975.581525   19462.728560   14055.542800   10884.059274   9655.054604   6636.943146   12477.888230   9361.052216   12131.584322   4822.649714   8425.057567   13531.773911   16258.394447   15493.555845   8351.966138   8347.186338   10876.242258   12750.478548   
12.300000   10912.269554   11149.011216   19726.539051   15500.788517   13770.191870   9417.945164   14185.162795   11827.860720   9214.461657   11181.699944   5809.615257   9490.113703   8505.450574   5224.659650   11707.874086   10054.716202   13078.999749   19179.476270   11802.920976   15226.141221   8936.728776   6748.157122   11591.473989   12460.248613   14621.504383   6348.567501   7323.316031   9682.489267   15189.070042   16506.251968   7593.810796   6576.126155   11226.587311   12220.465385   
12.400000   7253.235905   8515.984772   11113.811388   13247.340459   9380.791419   12768.084565   12428.721396   15337.616148   12412.058402   11487.733977   4920.458761   5834.605831   7976.850231   6805.356373   11819.129558   13766.047678   9923.028284   10893.728051   9462.403456   16707.459548   12018.969128   6981.032412   13946.272365   14031.155119   12130.459060   7870.077628   7382.388829   11688.188298   10648.125346   9794.730440   8147.204217   9627.507544   12090.844195   12804.335812   
12.500000   7662.581994   11626.534653   16640.678225   16481.331871   11116.064174   11767.119256   10387.910547   18086.762126   11836.628699   14319.288223   4809.084145   7201.615489   6246.452162   6703.300288   9091.144122   17674.579529   11377.207107   20133.178638   14922.071522   14692.625136   12896.738817   7955.642437   12879.154605   16385.517878   9517.127251   5766.811422   6146.947480   13477.730954   17027.539578   13528.660374   7284.642249   6081.300957   11498.196192   13418.326416   
12.600000   6591.391639   9453.086158   12906.913645   15527.146490   9247.339109   12958.209961   12011.500370   12263.447411   12055.972297   13253.885887   4565.395407   8599.215450   5361.821491   6236.547076   11705.846158   11312.410339   9756.263423   13194.052856   10301.641620   13416.725604   12171.157170   6862.583749   13165.341261   12244.148847   11831.554193   6808.348520   10060.490210   13490.321191   12688.827591   9825.112975   5928.309153   8023.472789   11397.654908   12904.366023   
12.700000   9546.315447   11835.585283   17429.223617   18587.281789   12151.050492   12742.008012   9707.676817   12421.361010   10137.827795   11025.457453   4615.598877   8952.058397   6288.589476   6074.289463   7808.970721   10760.443827   10964.944123   18207.578297   13930.474623   9789.043757   12669.207468   6451.607945   11411.011154   11273.111933   9961.361746   4846.732970   10038.421458   14827.557598   15988.957112   13671.815343   7622.276133   6023.933221   10292.157714   12716.761399   
12.800000   7468.488476   8356.431248   12448.157535   10287.491514   8768.969223   10918.855638   11094.802849   14211.129788   10698.622781   12102.038599   4143.403850   6167.022622   7605.319122   4827.759874   8757.213270   11648.496691   9961.575783   10949.061497   10804.480348   13386.676654   10331.343731   5579.130197   11976.974934   11850.549831   8880.833335   5585.606330   7109.500131   8267.382310   10613.383726   9637.409798   6664.624384   7899.990615   11677.013379   12412.858964   
12.900000   7625.216748   9417.284293   16788.967666   14778.147989   10824.421413   13125.266110   10288.908112   13912.794764   11178.718931   10349.634013   4379.199878   7072.505727   5777.834674   4587.944382   8386.504229   11296.880094   8499.393571   14194.302305   15113.047522   11340.085902   12083.362444   5067.786813   12824.908284   11804.192825   10125.568134   4764.137758   6264.852136   13625.513440   14162.433039   12265.158706   7610.809943   6466.354406   10222.671082   12304.122189   
13.000000   7622.551932   9345.799713   11909.518370   12622.040471   7428.904012   9739.601294   7536.485149   13738.324104   11387.882813   15115.778892   4799.212432   7953.965059   5625.994132   5870.095165   6484.006920   12953.633567   9219.370603   12007.885736   10906.073739   11295.831589   11832.845454   7861.305436   11276.352547   10579.869032   6902.951213   5405.653604   5088.365029   9200.682721   9273.801764   8837.814486   7012.593020   7628.570307   10427.536238   12498.067103   
13.100000   6920.525502   8965.607618   15348.201978   17439.432848   12200.236038   12951.884969   11868.246006   13322.295790   10453.578666   11150.391877   4444.114810   9145.089162   5632.331230   5700.928672   7782.873704   11635.540664   9141.359678   17312.835330   17135.467039   12106.359465   11278.981855   6865.991315   9924.017928   13586.843764   12119.960280   4357.637892   8333.031196   14473.002172   15717.315580   12303.135328   5589.885591   7110.322850   10337.566115   10822.235392   
13.200000   7392.483649   9494.361750   13954.163971   13293.361183   10812.288336   13126.688506   12786.164022   17175.433517   10623.119243   10724.712867   4366.164241   7466.813360   6787.616588   6742.466893   11052.921551   15137.632056   9651.072497   15454.359780   12947.720863   15425.203209   10816.410357   6829.208748   13163.465597   15044.601353   12874.258557   6615.383328   7995.856996   13256.250087   15326.067379   11925.981440   7158.246040   8885.602006   11167.193089   11076.464369   
13.300000   5652.996816   9345.513408   10622.051696   13982.366152   9240.033039   10771.895465   9521.227459   9713.138564   8003.481138   10466.739284   4212.622506   8612.877749   5523.645566   5853.184730   8884.631122   9518.848472   8059.856879   14458.373380   10235.409314   8324.110315   9544.397302   5567.286639   10291.818766   10354.520641   10641.849236   5573.203170   9590.284778   11801.463102   13680.277708   9004.326494   5145.432696   7335.431007   9472.966908   11429.222438   
13.400000   4678.022783   8290.127294   10877.084770   15519.465581   11465.822505   15494.002541   9752.053015   13118.980277   8463.972197   11078.021100   3832.278629   8177.697211   4890.496296   7567.430209   8397.982262   12856.147282   6675.489911   14906.950237   14012.825358   11992.079895   8576.340410   7159.878330   14729.365946   15211.211947   12052.983550   4818.521198   9753.487825   14917.205302   14992.875282   10751.752200   4130.562941   5852.250826   9519.630763   10497.695424   
13.500000   5382.487545   7026.717899   10564.944074   12567.161166   11617.453389   13267.176698   11908.080814   13565.723519   10075.532853   11000.063595   4385.600479   8813.760545   6814.528603   6513.615933   10107.639532   12481.187112   6356.384880   12512.251229   16553.206425   12146.722613   11178.858342   6302.046556   13058.184644   15306.979154   11630.833240   4831.328174   7678.409185   12446.474658   12652.520828   10535.662422   8366.265107   7869.269542   10161.712121   12024.989504   
13.600000   6696.567878   6142.743681   12701.445373   12533.450156   10077.087716   10174.398186   11994.925152   14952.142159   9613.333328   13552.397628   4673.938724   5778.993102   6285.334204   5597.567159   8822.722082   13765.782752   7779.986851   16253.996104   14097.421546   12363.365901   12994.520968   7805.772886   11254.791884   14961.317564   10740.389741   4968.141116   6108.403419   11195.681199   12909.340863   10351.064526   7595.069865   6351.413894   10197.347056   11474.922066   
13.700000   6904.532319   5532.672554   12918.757375   15989.581098   9751.391582   10596.858391   10549.055647   11720.439927   9017.793166   10649.580498   4195.291693   5447.352120   5426.813209   6477.564542   8216.788661   10960.016562   7289.710253   14007.383151   12716.185179   12003.936077   8646.998985   5822.276019   9587.450717   10857.508073   8509.491076   4794.013478   7669.734361   13492.364760   11835.157411   10547.280325   4623.835624   5955.945065   10057.494101   11451.635601   
13.800000   6043.471245   7353.941815   9019.973163   11492.823696   7924.393488   11387.819254   10164.203642   13836.987953   7357.311908   10946.758501   4406.295542   5701.579156   7396.165175   6816.313165   8087.488319   13029.540428   7919.305896   12497.652707   9685.297245   10880.027763   8796.869049   6901.032041   11546.829600   8870.618981   9160.919730   4730.314654   7806.276073   10732.516217   9940.970092   8216.051703   7241.178170   5641.377027   9718.802009   12171.695146   
13.900000   4662.428716   6508.553058   7726.823033   12006.563455   6687.754231   10051.914876   10828.779565   14251.399485   7967.977826   11881.734201   3767.335089   6935.103602   6501.023359   7729.136278   8193.764986   14519.366168   7291.362377   12229.753275   7890.268763   11954.163812   11334.425970   7678.874692   11045.127464   10321.456929   10563.928610   4963.543216   7402.647834   9867.180728   9445.866566   6317.486832   5111.739239   5772.142786   9909.772717   12339.654247   
14.000000   5127.269479   6662.951358   11214.523120   10873.964228   9330.691755   8881.853087   13146.334264   14517.932202   13031.861085   11444.896135   3651.604909   5075.860043   5175.425942   4659.882111   12281.977295   12470.280361   7726.419253   10974.673760   8765.046735   14073.707600   12041.512255   5511.748067   11100.467435   13028.606732   10831.401367   5915.621575   5665.296011   8891.896368   9931.854309   9542.240750   5138.613254   5304.054884   10587.212632   13253.332163   
14.100000   6492.757741   9567.744812   14354.047011   18498.989244   11499.102890   16657.506585   11936.196334   17570.770756   13794.848968   13618.897238   4269.709104   5571.692267   7810.609253   8882.679170   9621.339642   14616.049427   8286.723561   17085.432465   13356.641962   15790.421118   14199.669665   6778.456817   15968.107667   15773.875924   9588.183836   5496.478365   10717.776308   16846.234223   16812.919285   12235.097304   7792.809770   7198.465124   12082.328167   12308.064468   
14.200000   5614.434852   6989.128986   10232.391319   11835.319606   8137.176171   8911.740484   11616.983502   13487.054107   9498.512516   12604.921188   4506.287618   6029.952447   5218.762054   5335.757237   9335.975836   12164.000259   7655.893865   11303.806263   9329.096795   14586.868846   10312.001207   7626.492035   10340.483017   12445.048376   11592.496027   5976.273271   5860.200624   9756.150082   10275.826780   8598.901805   4596.600251   7205.360426   10737.127354   11601.159325   
14.300000   7749.890758   7845.069321   10804.898370   13155.008441   8283.850282   11635.003599   13154.619758   17095.450498   12021.852179   12614.465954   4902.677849   6956.003470   7467.686060   7397.567940   11562.025391   15324.661520   8240.836892   10403.164641   10140.840976   14433.228396   11967.917682   7555.976356   13909.450224   12958.360536   8551.338956   6676.373885   6996.185900   12155.782274   9580.509292   8875.802719   6963.183224   5375.059617   11775.509725   11420.998038   
14.400000   6597.369618   6198.354876   9448.525019   10481.325948   8697.426543   10044.094229   11674.935557   13586.572183   12272.253246   13161.804719   3957.391493   6270.715511   8837.651575   6336.755865   9501.410909   13906.564368   8158.493757   12394.215119   9817.754379   15193.804698   10362.082616   7653.411559   11536.510728   13294.345283   9828.325751   6891.893598   5532.207636   9227.575493   11637.944209   7893.245808   6917.958659   9524.553291   11443.643595   11756.403661   
14.500000   5115.101569   5813.911045   10667.226344   9155.363532   10428.173703   11729.345407   11347.032197   15746.253931   8610.927700   13648.729679   3982.527746   5003.611515   6570.637411   8163.574678   9271.349372   15317.600296   6668.791778   14099.174839   11318.477855   14276.013118   9714.395342   10009.439447   12384.520510   13895.766799   9918.296666   5732.131060   5696.588616   10761.403016   14246.407451   9653.874113   5945.687316   8936.709280   10852.767053   11127.397593   
14.600000   4920.198674   5516.403428   10357.133530   8609.429106   9447.688427   12278.463653   9642.209591   14647.009276   8047.912834   11003.084400   4199.261016   6527.811961   6241.898173   6058.997882   6183.885571   11766.743107   7975.649058   10032.586428   11778.037828   14307.887878   9153.005359   6439.646273   14466.748030   16024.294755   10831.302184   5017.191564   5610.630669   9415.531609   12059.995830   9420.949101   6710.490508   6956.800242   9804.026674   11277.703936   
14.700000   4149.373270   5933.287712   8637.060672   8325.299824   7562.011344   8371.240395   10658.670498   12481.176113   7490.331572   9033.280903   3629.877363   4340.080813   6172.445092   5942.521739   8139.178589   10999.982375   6882.162866   8853.662450   8554.038027   13584.302397   8041.591564   5832.593187   10848.497756   10864.089941   8839.542648   4051.170549   5134.540414   6795.094012   7919.044820   7530.855913   6202.969050   6814.247644   10131.880763   10229.260690   
14.800000   5493.597030   8286.253434   11205.695810   12381.133864   11023.657633   9557.988592   12952.575832   10824.729497   7725.252303   8117.500357   3725.288262   5378.469312   7321.883308   5965.684869   10503.156921   9782.537871   7725.752215   16743.618931   11476.445426   11531.406755   9285.626142   5221.645428   9704.906336   12689.263028   12814.845495   5173.985390   6765.040009   11188.105118   14444.248825   11233.784798   8281.074956   6313.926730   8876.814947   10210.221182   
14.900000   4678.569543   5093.372452   8955.665836   7735.582604   8903.365881   7757.659647   12093.993166   12086.495450   10152.388640   10015.428577   3613.891011   4492.847355   7116.612063   5096.546137   9012.310054   11607.538576   7074.096343   8580.011547   9169.208762   10004.179039   11922.212328   6350.136556   8932.256558   9873.553077   11339.048144   5627.595975   4766.079579   7302.604945   8191.270110   8244.097802   6575.713420   6687.606647   8925.542076   11458.587733   
15.000000   6456.958718   6812.079668   13817.963003   12573.902297   11753.674100   10454.046842   13963.920974   15480.793998   8706.080477   12238.284305   3431.084680   5304.730734   5590.472385   5067.712682   10464.238082   13190.728046   8550.828790   12340.490057   10629.250978   16536.656163   10258.470682   7481.716992   13145.191541   15299.801501   12682.039419   4605.030381   4683.676989   9240.165751   11051.221582   12476.267770   3773.291217   7355.547229   11201.009120   11784.137808   
15.100000   5118.962606   5505.681987   9259.507324   11191.189356   6684.531167   10540.142521   8736.024664   12734.491094   8373.640861   10544.868723   3951.149977   5944.222809   6858.229916   4975.740574   6943.494665   11035.641440   7092.598495   10674.596290   8235.864073   11630.804103   9415.464551   6140.961717   12078.876541   10604.341354   9548.158231   4840.484133   5290.977938   10493.883929   10085.817160   7177.805892   4410.211094   5000.128237   9150.618180   11661.311301   
15.200000   5841.777254   8606.824074   10836.959414   13528.185801   8313.389361   13206.068991   13103.109468   13395.779332   8528.502258   10749.029186   3675.379120   4813.299221   6540.022825   6697.241614   9875.554686   10766.862156   8277.459093   13719.234891   10352.236726   13737.237880   8905.996592   6815.115454   13493.527303   13701.570034   11422.639305   5342.462840   7282.574117   12479.665473   12860.501869   8798.749381   5155.555280   5354.200500   9463.683336   10291.432115   
15.300000   4451.177280   7776.967232   6343.736856   9587.578253   7960.900273   9725.642285   11736.982618   15363.859039   8785.507744   11587.391221   3288.053618   4421.507664   4322.998671   6396.616507   9442.620513   13766.001378   6942.039686   8571.237684   10483.200343   15798.288629   8892.492418   7588.802988   12746.419805   14361.962761   10095.869882   4162.645633   5931.708083   9045.633423   9802.249990   6351.326763   3933.333312   4379.363135   10647.752433   8667.697249   
15.400000   6473.663601   6803.972187   11372.970091   13240.138346   9619.284711   10566.687652   8447.314116   11009.394840   7572.600510   8526.711153   3262.186186   4691.222778   7281.109173   7103.222614   6711.922006   8780.951325   8020.570980   12473.607922   11964.720146   10746.111814   7975.472017   5839.539452   9835.913464   11710.991630   9089.335224   3866.980461   6290.729008   11655.138438   12051.821825   9940.569212   7284.199650   4022.828230   8623.058506   9949.487660   
15.500000   4575.631398   5981.614247   11107.365442   13250.435449   10343.574399   11755.715357   12714.440774   13831.996895   11601.193228   11447.011618   3428.504519   6495.785841   4388.852365   7497.452962   9261.834881   11909.538037   6436.375430   12523.394853   13064.923814   10995.298136   12417.581173   7128.610445   11500.317772   12288.278720   10576.644985   4894.663867   4988.939469   12027.288100   12028.466135   10543.151038   4118.396711   5233.749242   9226.254784   10737.042888   
15.600000   5392.380396   7044.231838   8908.662292   9807.609634   6193.259168   6554.617243   11774.644210   9200.244940   7814.712912   8007.626399   3684.184323   4288.966651   4574.142875   3509.095161   8808.224552   8103.333856   6134.087321   8829.968369   7704.695519   10280.745989   8081.440083   5520.049447   6745.718387   9663.053777   8963.253224   4845.128731   4916.917426   7010.927563   7955.407782   6187.288375   4012.133506   5452.708597   8444.487119   10854.934989   
15.700000   4662.235447   6430.515988   7197.249791   8856.536282   6245.557513   7960.131329   11516.477350   11322.289849   8482.566195   7429.173410   3813.430638   5825.991101   5325.787114   4054.112120   9147.559043   9907.954506   7299.658986   7334.628761   8066.101691   11456.931846   8280.864379   5443.319615   9290.012337   11344.007517   8763.356318   4253.608787   7154.022903   7761.817775   7474.706225   5900.063220   4751.937812   6496.449391   8638.856640   9450.244371   
15.800000   4718.753578   5125.741769   8409.605016   11001.732771   8855.134403   10732.730280   12943.968821   14801.582084   8500.940891   12144.609925   4069.917942   4625.412514   6512.367591   6369.237299   9696.867034   14548.799881   5940.699310   11942.716027   10092.520916   14845.177827   9398.326266   7985.113463   11565.067594   13538.901230   11760.940432   4955.253406   4892.527308   10570.023865   10859.076715   7939.206343   5692.140525   7167.026508   10502.308947   10519.721667   
15.900000   4996.989511   7114.050796   8575.528404   8754.246574   12264.741451   9669.801268   14218.821817   12399.345060   8969.384620   10394.621343   3852.122828   5129.043727   6655.561073   5742.552509   10082.255448   10476.615184   7657.608838   8743.640152   13953.936092   14772.933481   8920.500112   5298.825502   11467.127828   14104.809169   14940.587663   4701.204115   6187.734110   8624.821416   10042.072867   10373.392316   4962.112788   5858.226743   9780.306961   9507.128281   
16.000000   5042.098992   5736.603967   10408.718105   9386.763470   7586.505768   7503.169646   10193.238116   13004.551102   9154.583148   10292.590537   3306.484965   4929.775829   6612.397856   5642.454194   7603.694619   11170.418068   7312.750430   10014.502023   9783.673114   10679.794715   9480.939628   5166.810662   9304.910767   9078.192175   7632.097264   3681.304524   5930.172517   7672.701548   8847.160999   7771.926571   3706.162199   5633.909578   9069.468394   10476.389249   
16.100000   5364.634261   6807.338468   10457.634656   8702.396608   8395.672890   9774.705917   12470.893637   9757.162762   10057.285438   9396.682017   3099.071368   6370.272104   5065.536905   5285.514561   9098.608344   9167.181647   7654.776464   9499.807003   11030.684072   9627.502446   10133.970306   4456.700381   10439.731783   9807.212766   9845.658321   3898.892352   7221.761681   7889.370573   8386.198362   8524.797356   4247.234787   6172.393486   8200.535245   9914.907124   
16.200000   2979.973642   5035.809297   7463.884660   8996.807808   7108.310891   7125.145810   10804.795057   11189.060095   8722.111472   10313.522186   3201.494951   4796.644843   4890.287953   6042.593622   8003.490945   9625.682294   5805.352069   10544.376371   9120.039897   9784.749792   10088.852512   5890.093656   8125.333589   9704.519809   9369.847976   3551.118076   5474.219510   8137.024032   10526.957821   6518.495038   4642.546742   6253.269409   8376.681804   10095.463799   
16.300000   3907.286481   5641.560712   9150.012751   8363.303393   8784.377229   7424.179212   9088.551071   6733.296261   9096.357845   7679.761041   3120.330659   4328.765706   6754.135284   4679.341376   8056.797544   6736.716909   6197.423073   9098.720952   11647.731087   7585.279460   9272.081408   3848.794663   7251.357834   8026.271677   7908.827541   4150.895643   4588.369098   7419.143443   8466.336130   8273.787816   5836.302215   6658.718912   7533.335122   10384.884103   
16.400000   4519.356076   8912.163248   8280.973298   12236.517335   7307.563740   9227.827285   9007.685445   8237.752929   10380.972351   10264.628381   3273.523747   4909.905585   4974.146017   5998.925670   7078.950886   7670.824930   5583.284532   11373.195221   8386.718132   8959.239805   9877.271371   5296.766047   8806.780591   9760.747315   6846.030862   3084.036615   6587.771208   10007.259635   9661.078231   7030.267026   5232.376361   5415.754231   7871.959327   12294.850690   
16.500000   5221.522690   8033.615414   9608.801952   10983.845984   7161.847040   8889.282702   9626.520035   9162.091770   8937.557042   8868.857075   3139.725737   5162.019853   5919.318420   4613.975427   8517.704056   7570.841870   6859.244235   11874.438479   7027.394411   10364.779657   8727.772982   4553.860859   9783.975396   10383.431773   7671.712888   4575.831490   6056.879698   9192.729124   9827.388807   7950.494071   5459.579003   6741.974326   8851.934125   9508.629813   
16.600000   5318.249222   8678.113613   10378.010943   11196.489972   9034.532582   8250.017411   8862.709604   9400.062658   7228.513585   7270.091959   3598.070935   4802.127442   6138.996630   4812.157420   6392.329422   8205.818998   7344.806749   11952.105679   9654.778109   9670.220733   7160.294985   5730.001291   8501.559625   9217.167662   8662.289050   4091.508951   5866.651218   9114.644214   10966.692708   9969.216505   6673.496674   6112.115263   8124.406419   8887.852480   
16.700000   4281.165153   7181.627298   10883.997325   13146.281420   12975.496789   12141.805610   13239.981354   11050.986114   8019.182875   9109.673188   3399.492762   4922.861866   5924.516426   4772.373148   9311.563738   8804.486831   6555.542802   13874.953405   14524.209739   11345.218030   9729.696367   4911.136605   11236.999756   11822.676146   13144.850896   5179.201128   6700.088778   12502.509620   12615.087401   11692.177456   5387.603903   5996.072951   8542.445418   8953.152334   
16.800000   4988.503439   6338.811705   12658.545236   11905.321020   9155.653018   10106.367687   7378.282927   10636.530032   6827.218356   8647.552197   3273.021156   5292.140300   5753.011715   3845.702806   5533.561391   10400.286202   6209.864051   14482.529062   9409.458948   9929.960472   7064.783380   6066.588200   9608.704187   10206.675811   7646.127632   4321.950737   5703.084085   10857.374620   12392.368702   11567.848650   5760.741195   5291.806203   8085.131502   9731.823518   
16.900000   3761.720923   6107.117632   7268.431616   8328.732342   8136.587069   10487.475696   9268.420767   12618.936263   8098.682721   10045.324824   3710.324058   4902.643421   4380.989162   4873.651694   8440.959299   9926.290638   6091.049620   9888.228790   8556.929185   12809.575326   8049.204200   5786.842228   11211.290078   12468.938828   9161.711835   5513.034142   6008.654692   8809.777884   11020.023580   7604.530473   4981.150715   6298.584349   8931.370404   9166.896242   
17.000000   4070.534740   5026.922434   9657.724572   9968.835003   8703.160581   9762.675054   10264.181169   12638.669058   9611.709914   8797.543962   3307.133563   5576.496485   4818.164476   4684.754273   8708.891060   9891.733010   4161.465218   9454.855052   8691.841411   11714.089175   9452.246638   5222.295264   11499.307901   11372.103914   10055.024733   4346.321516   5313.802732   9119.347928   9167.625740   8578.471981   5901.524516   5028.166339   8091.471869   8473.177387   
17.100000   3217.345393   5712.176997   6844.582871   10684.338704   8874.646458   9276.272946   13120.689791   9858.647987   9189.029502   8931.844093   3033.202037   5545.974740   5864.421596   5361.006166   10516.073053   7450.871080   5135.316382   8415.819112   9109.978813   12186.836026   9737.101738   5271.998384   9774.553497   12454.195960   12317.174527   4692.411196   5647.657258   8428.213858   8949.183784   7583.845336   4850.446307   5096.268019   8879.089560   9336.701673   
17.200000   3629.268731   5713.966340   6357.725038   6986.869437   6198.462345   6322.828403   9931.605209   9989.525935   6536.471529   7257.469610   3044.980226   3535.028866   5405.591994   3580.241619   8118.813889   7990.449829   5392.318517   7446.565245   7220.102468   10150.366165   6976.953251   4045.059927   7462.944758   8976.353497   7829.830185   4017.528748   3809.386182   6083.360549   7249.228221   5788.793912   4866.646544   4720.554971   8281.472511   9435.583716   
17.300000   3773.790195   4019.736193   5966.070905   6671.251353   7603.332417   7748.940268   9730.088093   10211.671880   7399.403332   8223.354498   3463.926647   4031.407684   6655.229959   4926.461608   7499.281653   8467.810093   5334.325723   6731.448188   6819.217554   10904.629851   7200.716648   5179.220648   8502.398073   11954.069304   9841.166784   5344.542784   5671.810522   7250.703618   7765.450857   6608.007324   4495.509442   4753.198037   7959.500529   8883.740205   
17.400000   3670.079358   6654.031840   6579.662451   8912.912360   8705.454832   8493.590638   10239.527101   9089.193359   9190.537955   8732.954499   3174.344055   3383.695812   4536.058670   3509.272523   8879.020195   8157.811834   5860.342061   8469.635741   10475.891270   11101.945840   8098.029400   5146.961903   8907.177308   11750.203348   10199.424912   4393.137700   3982.079072   8214.676206   10338.687577   7759.972017   4480.917517   3657.728188   8441.104199   8183.166222   
17.500000   4253.472396   7129.856137   6651.476062   9365.736825   6666.703472   8477.648518   8420.912913   10424.326698   6907.841823   8195.061973   3450.044322   3455.854972   7337.434193   5406.796284   5675.126519   8263.411190   6217.882575   8474.797380   9675.338250   8546.535222   8056.549983   5318.334842   10144.256563   8278.929021   7226.875268   3474.821191   4584.481950   8185.671627   8096.890604   6335.183027   5759.196010   4306.307323   8028.231961   8312.841338   
17.600000   3562.291767   4960.865590   5303.715738   6838.227722   5832.425503   7787.897505   6268.129796   12071.304229   6505.981370   7753.427207   3185.512992   3722.422129   5168.403216   4444.334022   5015.851339   8736.792592   5196.641565   5870.841792   7432.965627   8662.853202   8332.312407   4433.092313   10366.647792   8446.444319   6193.038248   3774.765287   5667.991844   5765.960477   6267.651573   5209.948271   3679.559885   5382.564487   8007.289505   8672.838837   
17.700000   3603.206914   3932.503962   7435.123561   7104.832965   8330.928346   8741.140674   8886.318063   10319.042539   7785.509328   8298.606573   3174.696453   4698.176777   5396.947180   3857.409904   7219.759483   9021.674764   5525.351273   6660.139519   11458.467735   8217.471456   7509.832010   4807.808574   9056.271275   8392.612553   9451.743506   3640.396017   5142.448658   7635.192928   7929.159441   7524.327541   3768.111693   5033.358633   7518.337546   8346.627490   
17.800000   3203.919956   6469.460847   5790.620623   10726.128278   6776.343269   9415.966379   6408.378685   7898.297731   7295.522488   8154.114453   3323.509754   3796.588294   6601.751968   3866.928051   5609.387940   6757.262096   6117.522304   8128.508674   8657.214114   8442.296597   7123.187166   3824.987858   7821.557200   8500.068290   6139.525185   3314.084040   5207.763545   9899.561783   8518.588787   6185.109930   3952.174768   3826.398410   7311.607371   9051.411134   
17.900000   4675.094320   6282.741914   8152.621751   9747.098696   9105.258361   8406.385014   10617.110529   11173.118959   8419.168055   9771.327092   3222.999101   5047.687289   3453.583138   5388.985146   8916.914383   8597.488499   7610.930179   8142.813383   10560.789929   10702.237357   8280.266311   5283.239939   9592.682836   10549.215680   10186.690134   4020.112721   5120.752582   8441.418307   9296.952950   8343.826416   2410.913868   5622.325527   7782.029015   8831.526168   
18.000000   3574.428386   6192.153767   7440.096486   9026.827493   7122.478389   8282.248282   10000.790038   10501.256844   7113.012315   8200.445393   2936.743212   4928.677732   4714.032241   3899.563585   8566.850113   8584.701085   5597.091217   8695.500835   8728.054209   10610.590419   6175.307922   4872.762243   8899.750154   9990.108400   9096.325209   3838.154969   4175.060555   7651.437576   7416.258139   6712.652138   2822.455181   4384.365280   7891.711968   8287.468683   
18.100000   4306.731652   6290.902385   8326.635305   10558.450090   6986.172337   10327.025100   9443.324122   14766.967964   6338.836218   9647.762568   2861.935246   4372.576601   4545.865009   5780.344090   9179.001249   12494.627361   6427.597213   9341.329688   8946.758928   9852.108035   7095.650370   6685.717831   10149.286679   8972.190007   6947.770855   2903.813656   5649.932092   10223.927080   9240.415338   7003.584925   2934.467134   3230.680075   8008.343679   8268.300666   
18.200000   3381.411805   6004.747028   6869.507502   8892.624479   5379.683779   9005.087407   7618.197096   11125.606999   6155.651078   7828.493665   2980.879849   4189.962710   5623.866662   6354.133524   6443.839067   10536.944772   5154.049940   9898.223802   7080.718082   8530.104151   7221.366461   5361.789460   10829.072181   9747.122600   6577.446726   3700.232020   5854.031506   7967.736953   8221.832874   6015.500650   2723.861536   4470.829900   7240.942108   8989.104683   
18.300000   3447.451498   6096.573175   7147.684560   8333.803594   6633.870208   9345.842164   9093.328676   9347.327834   6372.928202   7188.486529   3303.538082   2686.909986   4519.774046   5548.514226   8549.794723   9549.262173   5160.289743   9870.385366   7814.884808   8277.796643   6710.701945   6167.863309   8579.523284   7882.616505   8198.317761   3515.611941   4504.586144   8848.809730   8983.231927   6134.844944   2647.673904   3608.924073   7079.731161   7902.642804   
18.400000   3873.368605   6023.364666   7813.455888   8179.313394   6921.080284   9168.816108   7945.775633   13155.640360   8880.602387   8602.617048   3084.305837   3286.818427   4520.807514   6873.706735   7135.347292   11579.715234   5224.838207   9287.200477   7737.542875   9357.082136   8572.573960   7066.782207   10486.536593   8626.751750   7530.969715   2730.844063   6791.878708   8995.363732   9007.567853   7148.293603   2441.183980   5609.666028   7979.199672   8985.105968   
18.500000   3504.224972   5186.327261   6948.182950   7821.080700   5386.319859   7357.721258   7175.697445   10625.332203   7148.607356   7512.125583   3114.357620   4376.371094   4170.272088   5553.385132   5896.598265   8551.996031   4881.865375   6374.179380   7135.275157   10154.803343   7550.003393   5075.307730   8394.006055   9489.231245   7021.014569   4108.562019   5295.145208   7064.237756   6923.034619   5866.342821   3199.083056   4787.249991   8082.105452   8487.868901   
18.600000   3188.185869   5082.280445   4346.454025   8596.431554   7575.941301   8396.710812   10897.436619   11507.141904   8236.828336   7912.894453   3035.708529   4323.786945   7169.047275   4256.995970   7469.464786   9281.669149   5440.915354   6506.918453   8254.712877   10954.384850   8189.141801   5311.255143   9661.033067   10470.130467   9437.655924   4107.700947   4410.905729   7499.686913   7162.854336   6057.879273   3538.723899   3508.343774   8125.682113   8634.901282   
18.700000   4579.071741   6579.691200   7912.718505   9856.729644   7648.250540   9132.066887   7985.351656   10417.446740   7900.324341   7849.555679   2843.872044   4360.322944   4615.909816   4506.636768   8510.150084   8739.404487   5646.124641   11560.777145   8656.465260   9380.527988   7823.241640   5060.449633   9693.205234   10225.489414   7976.144903   3668.524977   3201.349152   8993.639684   10374.756535   7826.020645   4160.165970   4424.133369   7469.618816   9142.991307   
18.800000   4213.686713   4996.219391   8509.725974   8222.954546   8305.184422   6448.355741   8950.514771   10087.967152   8768.587708   7581.547924   3072.112411   4819.395963   5662.559283   4234.041319   7036.715583   8819.240284   6194.852248   7704.017700   10495.763259   7786.151486   8325.558827   4355.178660   8762.246643   7680.048761   8136.535878   4065.936687   3175.288620   6236.330583   7748.690818   8533.390129   3581.958894   5619.127791   7016.232957   8505.449633   
18.900000   4601.057969   5832.968327   7719.084213   8295.010685   7189.923291   6962.591409   6656.058162   9235.059130   6421.116633   7678.916584   3378.026068   4767.469731   6491.827267   4484.170238   5737.993139   8204.714998   6075.450933   9229.558331   7467.238602   8347.059172   7022.998608   3466.666247   7152.977282   9175.249255   6106.725639   2807.382735   5281.875843   7112.883887   8812.403728   7200.532070   5389.447623   3731.852335   7143.363813   8421.813270   
19.000000   3315.919885   4839.798487   6937.029016   6716.019230   5852.752064   5792.997236   7597.730011   9178.511251   6306.498326   6297.651990   2974.254603   4848.526146   6878.839998   3128.276546   6617.929779   7944.112488   4835.299284   5789.491860   7401.895681   7355.578964   7052.397102   3378.485038   8091.825423   7927.746109   6929.652381   3861.889973   4328.822306   5376.681430   5715.109683   6064.333401   3513.352497   5380.686235   6893.843968   8864.655319   
19.100000   4613.422665   5214.970991   7580.909204   6907.463888   5111.924844   7447.789297   6316.488592   9431.733341   8239.652921   8358.496703   3284.985270   3469.389690   5240.645818   4321.697083   5893.031815   8246.629395   5704.934173   7233.354997   6985.343355   9780.131809   8256.497005   3982.123290   8868.311543   9857.829270   6089.013476   3351.590573   3551.287198   6456.005362   7098.291808   5315.702876   2963.628965   3476.613876   7561.143030   8882.765317   
19.200000   3433.790811   4436.408941   6705.570249   6682.787102   6004.285252   7714.665340   8728.831393   9339.919797   9472.546126   9231.691680   3231.807283   3227.281928   6659.150704   3318.478447   7023.589978   7627.868025   5223.055473   6980.389804   6129.809364   9064.244087   8514.891500   4847.278477   8106.163614   8915.212433   7116.498254   4558.750357   4144.482758   6032.087531   6800.804146   7315.429926   4690.583913   4591.962174   7224.032146   8525.442256   
19.300000   3231.084309   7063.929317   7163.007635   7572.060932   5993.688639   7249.990086   8808.498656   6435.159504   6507.749849   8063.858126   2734.915652   5239.511689   5105.872921   3869.792112   7847.354748   6405.179570   5688.483479   7880.090382   8403.478344   7897.620633   6647.845054   3633.539553   6469.066431   8831.963182   8318.613763   4034.768543   4230.584915   6630.384362   7699.193511   6129.769301   2460.822708   4967.075345   6796.011942   8290.137851   
19.400000   3988.928634   5060.237269   7333.054843   6560.685102   5509.285213   7375.641570   7242.041533   5844.968342   5340.920889   8354.646953   2944.628911   2947.188733   4631.285723   4350.997079   6528.678475   5592.666946   5317.769112   7402.384612   7134.015293   6345.903714   6682.393498   2940.673032   7139.110025   7507.385030   6635.159918   3612.024807   4116.512687   6385.594683   7565.295506   6166.558094   3935.841268   4170.542217   6527.225032   9234.472816   
19.500000   3568.458316   5122.151343   7158.855634   6753.167418   7220.878178   9092.896392   6492.432690   8848.986798   6951.031565   9190.357438   2672.707143   2735.279862   5858.307470   3356.807722   6777.801832   6477.973772   5183.144456   8477.443752   8377.367633   9613.066795   7612.285722   3850.562014   9820.370890   11127.120189   7428.920953   3720.351312   3451.058600   7440.877171   9230.268139   6914.502933   2850.221900   3882.271596   7308.167436   8514.769465   
19.600000   3603.531820   5995.989943   6542.143470   6308.813263   5477.775518   6541.313498   7163.957895   9850.055059   8682.700187   10230.601958   2749.914050   3467.598720   5763.086791   5269.125927   5887.017529   9819.430840   5358.652768   6935.698238   6775.724037   8913.029438   10047.964370   4838.570781   8555.249831   7596.197122   5025.078031   3719.638157   3203.965769   5820.700835   6841.400950   5795.571512   3342.838660   2918.947832   7407.288182   10028.785110   
19.700000   3197.790219   7139.847867   6461.471272   6777.951070   6515.094565   7224.152581   7672.077495   7817.105058   7386.332805   6640.789526   2831.364077   4157.477596   5697.481355   3993.625854   6881.457741   8258.835180   5041.501274   7343.483697   8006.511193   8188.920499   7183.803082   5293.448880   7571.387539   8794.896045   8033.285003   3791.040033   4560.114690   7269.621096   8715.024460   6359.795036   3689.494920   3903.115614   7281.112180   8997.164790   
19.800000   3781.887884   5952.123807   6833.523176   8058.771543   8855.377460   7645.400328   5919.887684   9591.247067   7024.239906   6801.058924   3083.865977   4816.303564   5565.812344   4779.492971   5066.669468   8219.215735   5020.806735   7574.998740   7897.691246   8172.100107   5938.108905   3514.790549   7544.422159   8127.376414   5679.477217   3491.287214   4883.506564   8495.901735   8132.544240   7812.597896   4256.358095   4511.242334   6792.891747   7790.773052   
19.900000   4472.640747   7398.378506   6397.278518   7598.919822   6381.984648   7467.953570   5659.535136   7012.847633   6997.020076   7893.193361   2969.780089   4145.300870   6977.548731   3455.930092   5780.180243   6059.507476   6258.135608   7623.263964   6815.620919   7694.311808   7516.537782   3935.654018   7170.416386   7809.329277   5732.161315   3434.872907   3762.721327   7337.169369   7712.974623   5992.941297   3195.946890   4972.013875   6586.857135   8834.222117   
20.000000   5241.153218   6075.976014   6046.042140   6276.296253   6584.883164   7960.975518   7404.364085   9563.223540   9169.903165   9864.370102   3512.548959   5308.104022   5783.524641   5181.042635   8079.714825   8494.685710   5972.003275   7223.975170   7843.154825   7877.871140   9851.834168   6616.720140   8444.873936   8546.505158   5902.944497   5147.667831   4531.926578   6838.046891   7756.168332   6006.913664   3047.782685   5600.584431   8318.598416   7982.578828   
20.100000   3999.503907   5618.990272   7296.555659   7624.554241   6268.830931   6393.634695   6264.725678   7378.762817   6857.160826   9239.122349   2917.667727   4875.217035   6588.847311   4444.247966   5900.376646   6370.793045   6090.971923   7514.110613   6911.186409   7313.511665   8011.223522   5196.619177   6469.318426   8737.347715   6391.692763   4984.685418   4683.795310   6314.895748   7367.139979   6468.060391   3918.292375   3723.449635   6183.104868   7770.576214   
20.200000   3515.520018   6233.669882   6536.537837   4213.121842   4767.546222   4924.948361   8375.100719   7995.377000   7120.692927   9447.456437   2682.891034   4258.461937   7632.957960   3494.579938   6857.948806   6738.202139   5345.545240   5236.565598   6558.553650   8596.116107   8364.241838   4920.614480   6123.271027   8337.058574   6185.188060   4017.426404   3609.107954   3906.925646   4844.314237   5424.507479   3964.759490   4646.960205   6447.666330   9334.127310   
20.300000   3055.760255   5900.237804   5815.978933   6769.311102   6151.547373   6776.960074   12123.900285   10746.276537   6721.545483   8455.201468   2491.758737   5857.198251   6341.061274   4507.261619   9402.906610   9760.124704   4889.686232   6332.304760   6923.080555   12973.772143   7385.727671   5089.509550   8921.050928   11305.616670   10138.814266   4360.869868   5426.337413   6246.368005   6165.316303   5792.650683   2995.711402   4479.952257   8525.279913   8374.659886   
20.400000   3791.539920   3893.386437   6939.694718   7126.614749   6022.749613   7487.535175   8027.063075   8671.647734   6513.450334   8997.558307   2641.969314   4281.096598   4858.274433   4008.856659   7549.183057   7984.188630   5703.930643   8044.338709   7968.620677   9521.491023   6415.973938   5024.256122   7234.908003   9344.255820   7134.408999   3117.411757   4416.912523   6704.025024   7724.118639   6154.748802   3333.747325   4003.696714   7392.220378   8480.938276   
20.500000   4193.669011   4590.894685   7186.548361   7731.978635   8010.706962   6676.186535   8671.354777   8744.173158   6548.492298   7387.601916   3037.841781   3868.697031   5672.163097   3684.366741   6605.897612   6935.817059   5298.899439   7052.833544   8524.485957   9757.696530   5777.145446   4375.892499   7455.696403   10201.480216   9034.650954   3666.674862   3166.826401   5467.541055   7358.282049   6954.523853   4322.779099   4738.121287   6857.101379   7940.147051   
20.600000   2994.714943   6498.025745   8462.075074   8425.587849   7229.495003   7258.776710   7091.009253   8524.607583   6959.029285   7929.542574   2546.501828   3725.400401   6287.580589   3656.751939   5172.431805   7194.053453   4951.718435   9778.815102   8131.415025   8739.404846   6476.881513   4876.847901   7472.516391   8483.559549   7565.635804   2565.495734   3444.945158   7063.545574   9245.080275   7968.227125   4080.289295   4479.556168   6574.397790   8035.807232   
20.700000   2975.308033   4640.519695   5540.163928   7548.791945   4182.124590   5127.061144   5970.251610   6108.367200   6760.156840   6704.545292   2549.187006   3045.390142   4441.736040   4124.203181   5711.210943   5696.628852   5537.595480   7591.092879   4791.555082   6738.086736   6101.097749   3517.727023   5060.272373   6273.812417   4499.895487   4630.902855   3646.591222   5878.507320   6252.677640   4324.024786   2852.046734   4031.963834   6417.267840   7470.967113   
20.800000   2534.604310   5815.581682   5879.848447   6832.334157   3862.475309   5056.775251   7245.447703   6443.997909   6967.644423   6253.617934   2542.106214   4622.848875   4224.093460   4500.378217   5471.361168   6079.817580   5442.302472   7424.505758   5237.124255   8213.939970   6421.720621   3641.620503   5026.407735   6122.416944   5196.455027   3803.964453   4323.776965   5082.469290   5913.194468   4570.742750   2426.168508   4474.206317   6510.428381   7843.905183   
20.900000   3473.321974   6229.550364   5561.079290   8204.651025   5749.040492   6001.310069   7668.190389   8012.395455   7405.238629   6944.706189   2704.655476   5510.805429   3587.990392   4074.852848   7305.119265   6745.305257   5274.145108   7801.934535   6634.731018   7768.495504   7652.181882   3552.688214   6403.303910   7835.969120   6284.162081   3305.765933   3448.095338   6028.320957   6537.775294   5768.709968   3577.432458   4527.527168   6081.695591   10736.333940   
21.000000   3805.535308   7798.344894   4994.863789   8846.893855   6670.572371   5932.600915   8006.868042   5311.242463   4584.354013   5495.807075   2662.272399   5962.014879   5078.019792   4140.679801   6267.971360   4590.543455   6406.574498   7838.309948   7301.268907   6463.417069   5406.956265   3684.334519   5500.925625   7193.063055   8545.912765   2928.069923   4223.262077   6687.974615   7451.032428   6432.271137   2752.875232   4230.489728   5743.737202   6784.505742   
21.100000   2967.483166   5726.540094   5489.996719   7168.414470   5595.374205   5817.788209   6280.639595   7362.243596   5092.437352   7032.931025   2386.253167   6048.633560   5164.832970   4132.260887   5324.238824   6321.381216   5439.856182   7201.876716   5726.996003   6203.438631   5310.537649   3973.752396   7011.837339   6538.037758   6812.516719   2953.750088   5233.376356   6024.944405   6730.549511   5563.140414   2993.044432   3081.614867   5977.863734   6881.559226   
21.200000   2769.777628   6958.664860   6436.347175   6950.508183   6658.186305   5687.214910   10001.567481   7339.299929   5719.197183   6487.434180   2309.021782   3866.126780   7339.348366   4504.749126   9036.018974   5820.763078   5400.570650   8043.799127   6583.761615   7566.742816   5701.558579   3366.749180   6597.094971   8436.665262   7811.209938   4330.980717   3349.315439   5867.689977   8578.606617   6586.449235   3296.070590   4026.386714   6152.358736   7258.162414   
21.300000   3088.720664   5567.216423   6421.928308   9337.228187   6224.081718   8032.884899   6692.628863   8040.823184   6737.134840   6718.527734   2299.483812   4973.528893   6496.961494   4830.175360   6401.464018   6501.909847   4347.770356   9628.253146   6734.246277   7285.901093   6831.658202   4083.942125   7516.938248   8171.424397   6328.452990   5322.634782   4321.915989   8056.202350   8845.527055   6793.570198   3879.585334   4618.311519   6235.928767   8917.477320   
21.400000   2949.251846   4651.913839   5173.597234   6542.980465   3946.539445   5215.091867   6335.207246   6304.080202   5862.058162   7394.378877   2337.262374   4782.329440   5755.187721   4089.515494   6172.763411   5197.551470   5020.367527   5296.783367   4802.933640   6965.367097   6438.057214   3123.596149   6308.808052   6851.877392   5835.122720   3401.654864   5001.726259   5074.008678   4731.406898   4364.757633   3665.372853   3725.568708   6181.018486   8323.836836   
21.500000   2643.020880   7422.154333   5486.526679   7142.107227   5105.400725   5801.625282   6026.548116   7763.363829   5105.400048   8563.106692   2406.962028   3419.511982   4475.837303   4490.589380   4738.257525   6966.859266   5116.739168   7522.106116   6017.917808   6915.538095   6027.541767   4159.228581   6459.816863   7900.498503   5476.793922   3136.029919   4518.968372   6064.375369   6157.391922   4768.308678   2276.372639   3602.888114   6239.607344   7122.058736   
21.600000   4446.632748   9572.214275   7066.855368   8474.507545   5450.280194   7126.252419   6145.621756   6579.902109   6874.086718   7513.897958   2986.611508   5702.556377   5075.251165   3512.647426   6450.547747   5816.869387   7480.357666   8780.243823   6494.784723   4677.493532   7416.017279   3516.529958   6397.857439   6278.882215   5514.757631   4144.432996   4380.959107   6957.385914   7754.055108   5619.203192   2812.433729   3830.852283   5867.242606   8693.420662   
21.700000   3630.557343   7592.182478   5497.168826   5380.758351   4817.611940   5767.141513   6363.769201   5955.962928   5177.275680   6603.456787   2696.262943   4375.622607   7831.730378   3706.807837   5400.910114   4434.525377   5810.189179   6256.132293   6038.700170   6541.050879   5571.912929   2825.291163   6609.613575   8787.580487   5933.573213   3241.516582   3457.282484   5134.204350   5867.525237   4629.404458   3126.654444   3499.045440   6110.665456   6734.913898   
21.800000   3051.587976   5229.597656   5855.488965   6065.373194   6015.003954   4666.804165   5989.204368   5023.150843   5234.850135   5857.394892   2692.955377   4103.234670   4349.174179   2670.628703   5691.142490   5004.936463   4142.764008   5691.800862   5444.903850   5668.452043   5307.358742   2918.994839   4774.359523   5576.575838   6120.966230   3186.646158   3317.993997   4628.380014   5225.080231   5225.297715   3091.609213   4760.227427   5874.741884   6597.328371   
21.900000   3592.192266   6794.317001   5061.218488   8463.355568   5821.473008   6356.486135   7203.292639   7435.899959   6349.051665   7804.763080   2537.295978   3429.442092   4581.939923   4688.093239   5404.098089   7817.657808   4913.861062   9381.145472   5929.167485   8285.683430   6557.351830   5015.306834   5753.481998   8304.912085   6972.695990   2514.488883   3974.288744   7936.040765   9442.431960   5446.612466   2976.332970   4815.847294   6392.358434   7629.457774   
22.000000   2972.739657   5067.226920   4489.135063   7967.215476   6103.719646   7883.882644   5722.074745   7831.881256   7142.225264   6294.378288   2346.617042   4235.554925   4408.533347   4638.908930   6253.496575   6376.522659   4603.175815   8360.850526   7059.194007   7449.279573   5690.636116   3459.626364   6973.076667   8670.227538   6705.394988   3531.171673   3542.242614   7980.675029   8659.676209   5396.877559   1889.975480   5130.997480   6245.380855   7729.557866   
22.100000   3206.604658   7057.298334   4965.808848   8823.700962   5503.005280   8758.711724   5872.779776   8772.163453   6135.998929   7375.872233   2746.019653   5327.458441   3805.848935   4385.026765   3917.638438   7627.011946   4660.322924   7708.380382   6962.155935   8661.051569   5730.207617   4129.197584   9119.063264   9736.441798   5990.156192   2349.921806   5435.327001   8290.735875   7973.783091   4912.354139   3018.504856   4778.288848   6414.885573   8680.997416   
22.200000   2916.742841   4860.635306   4745.787883   5544.454106   5447.717059   6629.132918   9836.042061   8121.968176   6729.015499   7723.969721   2719.483687   4750.495757   4031.187413   4217.893165   7472.331210   7214.150874   4888.482220   5176.060857   7470.498681   8700.469897   7057.475267   4035.103537   7998.225622   8434.652991   7705.922483   3983.247124   3880.920721   5213.232832   4780.603801   4797.148876   2293.102479   5474.433961   5968.412389   8315.909241   
22.300000   3690.636502   6373.355371   6006.277447   8192.582504   7010.471047   9001.953582   6676.639473   7787.600487   6423.244653   5890.303513   2512.051094   3928.922098   4872.713937   5620.328593   5710.101451   7220.329201   5374.573949   8342.147098   8965.039169   8723.604218   5867.753457   3385.576245   8230.110814   11714.295314   6589.421462   3644.598773   5073.311209   8227.569622   9393.739093   6169.406970   3168.383022   4317.466030   6162.675632   7851.582570   
22.400000   3446.827402   6224.412481   5175.229286   6175.275204   5673.742637   5930.061644   4508.105521   5509.840103   5436.362292   5424.464818   2786.799629   4224.409493   4817.083941   3023.002923   4310.060985   5467.743378   5414.588857   7374.203167   6534.595912   7063.953627   5092.337683   3553.617229   5056.541843   8343.800956   5149.215973   3452.790475   4028.919107   5747.377662   6928.220301   5249.962970   3430.180554   3792.455437   5882.389630   7201.998054   
22.500000   2749.895827   5341.413503   4683.849902   5217.166959   5210.911197   5592.750419   6169.867032   8503.799731   6553.758347   6362.636256   2542.552193   3900.679858   5936.271295   3617.417847   5353.991650   6878.146267   3589.119740   5970.415591   5855.223564   8345.946649   5728.270147   3710.199053   7276.071411   9052.752672   5944.074175   4405.522666   3346.952562   4562.103255   6195.353318   4892.974398   2910.000804   5046.884766   6341.991540   6836.955778   
22.600000   2601.066762   4089.449532   3939.225975   4705.772053   3792.250350   5840.213559   7106.349034   8368.763000   5591.131430   7483.471571   2725.360522   3896.098660   6675.158379   4692.128117   5385.340652   8353.429237   3563.467851   5420.667932   4487.356834   9103.345698   6774.746510   5291.550043   7455.323572   7396.910633   5016.040769   3205.992221   4204.776123   4789.370181   5298.005586   3836.463650   2943.017253   3279.332098   6326.651254   8002.041390   
22.700000   2798.060566   4665.463234   4840.566292   4361.999715   7315.300224   5626.446567   7741.184704   7022.474680   6158.333232   6910.513314   2447.921675   3778.658084   6558.893824   3504.655670   6927.640057   5950.964626   3759.848880   5889.782337   7930.124126   9144.675450   7249.484898   3393.618667   6877.804824   9694.968173   7256.875083   3597.527238   3031.544610   4723.044594   6584.619825   6016.000140   2402.612755   4840.643238   6337.221513   8214.668878   
22.800000   3895.349128   6871.427463   6534.939275   7765.354725   6261.452467   7747.384757   6844.751810   8063.681798   5870.645113   7824.717598   2596.902759   3949.334953   4813.841905   4531.064785   6052.802018   6635.395686   6266.383374   7444.807106   7204.837798   8688.411052   6522.338478   4396.132187   7878.844917   10336.626939   7077.211969   3189.655935   3703.293193   6996.130830   8500.517275   5621.621125   2125.211073   4954.412094   6059.137625   8498.595229   
22.900000   2669.014654   4373.433355   5978.221593   5192.980790   4945.768790   4461.748196   5833.421457   4604.713887   5857.101147   5477.370625   2531.942143   3020.104860   4909.410364   3809.080203   4731.571179   4718.302996   4414.997901   6760.054857   6216.419028   5836.487605   6163.556675   4246.710787   4891.948592   6591.873845   5872.944504   2265.116935   3466.350263   4968.408482   6512.594667   5602.836887   2984.152696   3807.380574   5381.130850   7324.192734   
23.000000   2646.785350   5993.144122   5934.396355   8122.067311   6973.066941   7592.373103   7507.320772   6797.427819   7277.600198   7679.774413   2308.123111   4599.563251   3344.212123   4494.991633   5716.961087   7531.293239   5804.929351   8253.645113   9118.525584   8578.698132   6644.982667   4708.210931   7025.657515   8386.276917   7450.366576   2596.895755   4275.269783   7279.002031   8344.344531   6363.077826   2627.440503   4086.414781   6463.967340   9042.899865   
23.100000   3641.794894   6442.927625   6124.954305   6798.858343   6855.452416   6398.936897   6002.302503   6872.895007   6473.728526   7281.324349   2577.061959   5242.978388   5222.466101   3441.908394   5958.253215   4976.366453   4682.549609   8655.712408   6307.515927   7527.731288   6016.074123   3787.894216   7314.848929   7676.564691   5381.449073   3791.941979   3906.088474   5927.167324   8163.546521   5899.062525   3245.100427   4881.763178   6049.114308   7727.319350   
23.200000   2446.665401   5549.399058   4896.030400   5368.357233   4857.141403   5190.443005   5486.130346   6331.901150   7590.219150   7809.944671   2173.429582   3470.988216   3979.745559   3522.630910   4996.373033   5848.585767   4578.340018   6654.488338   5392.303581   8010.273341   6060.857839   4113.891477   5695.702585   8214.874754   5528.458488   3135.122592   3243.151472   5212.638059   6958.918249   4958.937152   2269.403730   5278.664563   5825.657935   7758.058231   
23.300000   2974.384455   4919.950251   6237.821774   4256.050483   5644.575709   5444.135732   4649.010495   7773.952883   7877.475588   6937.031359   2337.073201   4273.587628   6849.572889   3396.998036   4510.322297   6875.596234   5414.259193   6312.281926   6466.043765   7294.091704   7260.951108   4093.524851   6471.571759   8760.105437   5213.849015   3393.904671   3224.555847   4790.991695   7458.098724   5983.642526   3149.500073   4861.753330   5862.045131   7189.947207   
23.400000   4531.505338   7895.335015   6090.359434   7211.993972   5194.272459   6883.139379   6238.658685   7874.262578   6984.062469   6907.147911   2869.983498   3533.396421   5957.290848   3556.942488   5185.496833   7265.956969   5836.058422   8272.442912   6878.727926   8718.622014   5752.876536   3555.683396   7840.797180   9799.647316   5473.287492   3622.141173   3889.741616   6448.535045   8483.358583   5152.827447   3238.962581   5240.098601   6345.437563   7850.314493   
23.500000   2572.827769   5016.837795   4170.106698   5630.200958   3995.641291   5136.544512   5824.093230   5615.422649   6371.416147   7391.227700   2313.124695   4666.540678   7368.275749   3275.479340   6408.489356   5039.786900   3640.532477   4471.518834   5587.772690   6813.944309   5916.743641   3998.436768   5820.185093   6869.108765   5695.821146   4131.639975   4245.707683   4527.438809   4215.157182   3943.757715   2782.978389   4653.051316   5596.958041   6690.291995   
23.600000   2993.319129   5317.144464   5082.266380   4613.890506   3519.474730   5572.090194   6867.312492   8902.063105   6940.459624   5565.319009   2361.283435   3940.171635   5155.842064   4538.639616   4684.175344   7893.105361   3905.715795   6532.020260   4060.776935   7239.401537   6978.814294   3760.500380   7075.723273   8495.193796   6132.562177   3334.606802   3219.315567   4403.635645   5973.777953   3771.682411   2384.463284   3976.030632   5548.633822   6630.997937   
23.700000   2670.416718   5011.597962   4061.640091   4916.240633   4451.348188   4520.759018   4801.615139   5045.096993   7217.498820   5980.744794   2439.278988   4408.765054   4827.275552   3591.370247   5314.001515   4499.282320   4028.995463   4440.423488   5688.134760   4743.077496   6545.337521   3634.376283   5287.474360   4942.144051   5128.732810   3313.710885   3076.499296   4077.678602   4252.900968   4557.326835   2288.600248   3793.770549   4975.658753   7248.517613   
23.800000   2150.034736   4074.798329   3917.947506   4324.345375   4809.061461   4659.010974   5193.812965   5246.392673   7088.600984   6974.710709   2468.086338   4437.992109   4468.572217   4105.135488   5401.887807   4385.341118   3962.850957   4987.405284   5467.378723   4789.317653   7364.162292   3548.931191   5409.630015   4906.051614   5988.742564   3411.656736   4094.726864   3694.178914   4175.494608   4785.256253   2371.784397   3223.012814   5331.355086   7538.000915   
23.900000   2561.233462   5855.224399   4528.955543   6853.337448   4734.259409   7855.088397   4245.621580   8854.915947   6211.019060   6629.124235   2431.861474   4878.851058   5099.635622   4097.885114   4675.819455   6525.431175   4778.228397   6698.994798   5714.366088   8061.092803   7187.491218   4625.931148   9569.710234   7341.359518   5088.193412   4137.202955   5210.978745   6218.792539   6024.973504   4581.004600   2134.520578   4939.276258   6340.387269   6599.645580   
24.000000   2501.975841   4602.787050   3513.081913   3933.652562   5021.798188   7255.206109   5014.238828   7561.092032   6873.044647   7109.115448   2137.970692   4852.280577   5401.427245   4060.187807   5137.003871   6419.542173   3592.931425   5007.258997   5860.064554   6457.906604   7010.787509   4318.378233   8415.860954   7983.534318   5378.716316   4656.863882   4260.753866   5135.361152   5263.026234   4354.965556   2581.227676   3911.990289   5746.304408   7858.225964   
24.100000   2630.193713   6249.679386   4240.773453   3858.296300   4486.261167   4369.325225   4883.743660   5765.045984   8497.678814   7471.334822   2509.915822   4737.841145   6659.419590   3676.534832   4150.220128   5080.034396   4096.017841   4171.443745   4494.064678   5868.169995   6409.131364   3034.749262   5446.013024   5358.549374   4879.242496   4265.913990   3427.069642   3211.280086   4143.828531   3955.342060   2620.523234   5453.686685   5424.175197   7041.739115   
24.200000   3045.041071   5870.293242   4323.287906   5749.265926   4606.699355   5011.872239   6207.155017   6793.588933   7399.444598   8263.946307   2288.498445   3811.556381   3369.291818   3648.837626   6158.125226   6510.102831   4794.148615   5873.211218   5903.792226   6674.903626   5844.166222   3925.513743   5974.301242   7403.591329   5972.040789   3017.950397   3172.044677   4466.413772   5011.799909   4353.235716   2993.518611   4978.981698   5771.478133   6953.437127   
24.300000   2185.822238   4906.609414   4094.413278   4116.070286   3999.788633   4422.648594   6519.713824   4833.314566   7414.168391   8859.130501   2240.730194   4667.487079   4649.239081   3834.421943   5872.179420   4737.881154   3654.607434   4308.930540   5425.377793   6454.565510   6616.581101   4164.349749   4772.976651   6665.511827   5801.340073   3013.831491   3483.919523   3955.677556   4259.588809   3823.347480   2454.097493   3174.346128   5436.217231   7739.529048   
24.400000   3146.287710   7521.449366   5116.877844   6659.154393   5389.533738   6377.997969   4914.521064   7941.045696   7627.656062   8357.892293   2397.126936   6270.751848   6615.261786   4621.628672   4892.005584   6101.059190   5434.879083   7515.517557   5656.118986   7852.682463   6918.697930   4205.622220   7722.499694   8332.940808   4986.399014   3621.041192   4072.418078   5935.220606   7725.785793   5387.757904   2961.129273   3810.022065   6250.214102   7164.662788   
24.500000   2972.416869   6377.504566   4620.470405   6645.928072   4227.740219   4775.306302   4412.385369   4869.451913   6208.537980   6071.549107   2508.066921   6284.291811   5401.687657   4672.837415   5446.843693   4447.425716   5419.275365   5946.558468   5317.012188   5317.522841   6114.539938   5461.036548   5167.339557   4312.583796   4193.511797   4775.175458   3758.125814   5529.991249   5129.938535   4490.672055   3313.838209   5125.360349   5186.991284   6900.897228   
24.600000   2201.216748   6643.810641   4384.722532   5390.826980   4566.281366   5051.973756   4829.047822   5659.818760   5743.133720   6844.219907   2306.254089   4898.011215   6156.530228   3416.120583   4359.850966   4225.830126   4746.357202   5764.916938   4653.990024   6085.932928   5277.354417   3560.103441   5874.109477   5377.309588   4626.622616   3050.444842   2912.172963   4608.134704   5960.014141   4321.979814   2693.360736   4678.128554   5536.761572   7552.148339   
24.700000   3584.666588   6965.486270   6472.213398   6796.651056   5475.490759   5879.970980   5350.731329   6419.631544   5858.614841   5007.166342   2653.071268   4764.891477   5448.493345   3105.921834   4857.169958   5694.256021   5604.000682   6078.033472   4953.703491   6281.471888   5180.114318   3229.196226   6211.727282   6540.129105   5388.037289   3563.303778   3164.864785   5936.907802   5449.596886   5488.289129   2467.464239   3518.040780   5576.022274   6499.392730   
24.800000   2608.472151   5100.518439   4478.059818   4391.633079   3833.637719   4642.176038   5189.062682   4965.666973   5797.012758   7084.313169   2323.190812   4038.907184   6250.241935   2261.509669   4580.095068   4398.427022   3520.079507   4959.414165   4055.071642   6227.208485   4740.819053   3310.974462   5204.266747   7204.748553   4703.374677   2809.852776   2616.189064   3685.870643   4558.817792   3775.588505   2372.941530   3804.724562   5419.616455   6528.959814   
24.900000   3054.703922   5232.972643   5698.064361   5048.448907   4944.771365   3660.382388   4835.121126   4632.055628   6699.417020   6580.073215   2929.413898   3699.202359   3822.066441   2080.400205   5290.270839   4067.033066   3977.969241   5794.702902   4472.809736   5318.295086   5332.656753   2494.779628   4050.925823   5963.124181   5122.500969   2530.849753   3276.260762   3661.359761   5719.223217   4922.767895   2882.098837   4432.940847   5074.282761   8154.118135   
25.000000   9786.213050   4123.505476   6114.310531   8051.762676   7641.051798   7394.616332   8832.533603   6044.422090   8567.281915   27079.096747   11621.607989   13665.599010   18710.401321   3783.005995   9649.662411   5423.262609   6528.043456   6422.423789   9138.344782   15538.331096   8016.868276   3163.522942   5470.069225   6968.151314   10942.231738   7624.013329   2989.759957   5435.405959   6540.834076   9315.203435   8296.336708   8271.338110   5598.267684   6580.242484   
25.100000   4017.232859   2848.775277   3838.258072   4379.183567   3945.066551   4195.848325   4267.726890   5570.075277   8960.378522   8901.027158   3854.103579   5000.965816   5027.226624   3150.473975   4855.188303   5629.654920   4793.933458   4120.745582   4369.640536   6522.786846   5586.981503   3709.582549   4704.250425   5556.014385   4249.356171   3428.820738   3620.362118   3700.073719   4406.892714   4282.964668   2766.841969   3778.190503   5441.280933   8076.485635   
25.200000   3154.835277   4083.934677   4234.616565   5857.689100   3491.956959   4336.289833   4272.567769   5589.700066   7337.105390   7741.774293   2696.058769   2323.392797   5393.759794   2833.754827   4176.657469   4776.263824   4403.641849   4572.191675   4105.330266   5597.921188   6799.075445   3337.414001   5262.305447   5421.216069   4239.373041   2691.110249   2931.127977   4762.525923   3637.857439   3398.502923   2095.002383   3457.974394   5085.789052   8839.679039   
25.300000   2725.589688   4738.447096   3660.665987   4294.746657   3182.804123   4574.108699   5487.691188   5767.948790   8147.790773   7152.002377   2387.552420   3739.473472   5662.622265   2485.542092   5166.996081   4945.659305   3958.864455   4340.338101   4514.064988   5977.990724   6588.412384   3144.156098   5523.910694   5650.191562   4578.371547   3559.439141   2719.459283   3944.536257   4512.065757   3262.915276   2782.771476   3272.200762   5247.874285   8767.390816   
25.400000   2247.528375   4559.760591   3381.837053   5824.709376   5058.838458   6178.325340   5693.442090   5561.565976   8534.627206   6900.076898   2183.796589   4227.938889   5138.105868   3189.333833   5210.529132   5011.827864   4037.102958   4755.427553   5916.202751   5805.809426   6347.701518   3463.301778   6249.911535   6351.079525   5394.152244   3997.213351   2779.431050   5196.432237   5039.788024   4212.524586   1981.543313   3083.316951   5186.280528   7986.494058   
25.500000   3209.464819   3918.921641   6061.271592   4372.799236   5373.298360   5490.753024   5048.352604   5450.054651   6914.706375   6211.068573   2392.155815   4786.373964   3908.478838   2964.442651   3956.926130   5255.670992   4683.428779   5846.064983   5435.909581   7082.079243   5667.241580   3498.626434   5594.845694   8120.460856   6120.928931   4263.822551   2949.252429   4471.375112   6277.767411   4611.766306   1853.953841   3966.505263   5729.731584   6469.040355   
25.600000   1890.960458   3765.301580   3679.581613   3555.438226   4415.021396   5849.161355   6178.935023   6590.317623   5043.271390   5898.102891   2089.412490   3629.488667   6767.195131   3230.178200   5905.858820   5708.852625   3115.717321   4429.001517   6027.801304   7211.376363   6315.690636   3328.283116   7018.889067   6842.407786   5726.425973   3477.034805   2287.030358   4023.836320   4327.703549   3958.017387   2100.800610   2825.528873   5415.794915   7286.621278   
25.700000   1856.092630   4338.425621   3312.350779   4412.403865   3326.676295   4932.528938   5406.360202   7367.116354   6447.273981   9004.509266   2035.941715   4349.012885   6388.089498   4036.117330   3837.875315   7084.994232   3534.225336   4286.839944   4332.869773   6259.255111   6645.026792   4796.437755   6356.010554   6072.725000   5148.131733   2891.565371   3837.023959   3948.551983   4266.853060   3021.720520   2540.531096   4232.526345   5696.418529   7928.269166   
25.800000   2705.768944   4464.238865   3616.462812   4375.430311   3685.087079   4799.262449   4574.482140   3783.808704   6359.250492   6146.191894   2242.902287   4831.964961   5845.477047   3265.870183   3378.738030   2829.942380   3921.247036   4423.161400   4881.850867   4570.146528   4994.570073   3028.873614   4651.998806   5744.690430   3747.060538   3805.765842   3805.952487   4737.868613   4736.020483   3381.658597   2641.004781   3877.541903   4893.399165   8227.798078   
25.900000   1843.896922   6150.811750   4043.732270   5691.409343   2924.812713   4126.534672   3471.268634   5309.577766   7177.299488   7766.233174   1945.350703   5145.277564   5756.724787   4076.928398   2991.483357   5183.510795   3864.953132   6114.925281   3418.949489   3711.920456   6469.448978   3897.219592   4294.710619   3747.096302   3928.075362   2684.456666   3764.165671   4899.840285   4878.793705   3317.207802   1626.798867   3325.352230   4931.136082   8026.467499   
26.000000   1726.895542   5193.795864   4030.230975   3802.455952   3347.314570   3581.222629   3522.061413   4782.190921   7282.240852   5689.487056   1903.121994   3208.656806   6842.816860   3403.190214   3939.769129   4387.509129   3794.098096   4401.724746   4202.099442   4227.599136   7047.801901   2759.134315   3882.300204   4721.103730   3677.277734   2947.830708   3294.440447   3037.770889   3399.926259   3185.941669   1956.305955   3116.007713   4891.218124   7980.379366   
26.100000   2067.298887   4640.545150   4021.937718   4660.976332   3676.637820   4529.529042   4387.082624   5824.260536   4953.225197   6322.251944   1895.550213   5035.214991   6515.869811   4242.937342   5554.266998   5036.231187   2881.987906   4339.883641   4589.267062   5457.406426   5327.874138   3546.373323   5268.557924   4688.989848   3465.363659   3264.354757   3807.281565   4322.588381   4027.025706   4121.846405   2358.163765   3491.428603   5655.855689   7256.423497   
26.200000   2240.074635   6541.576462   4054.185662   6222.657965   4153.753584   5913.805172   5688.335728   5908.490428   5741.503146   4924.883436   1999.561175   5180.607763   4782.522324   3850.828266   5498.212927   4377.029570   3412.792369   5625.805989   5312.759906   5623.430447   6349.200207   3664.060573   5932.718480   4828.528475   4796.410596   4578.761085   3539.058726   5894.585662   5079.655528   4025.174134   2341.105882   4473.406863   5293.996280   7913.251932   
26.300000   3014.174734   3940.658310   4799.692548   4844.325048   4566.424207   3778.558542   4488.122196   3773.946893   5979.527122   5623.120373   2283.218193   4913.660582   6067.099284   3408.665267   3602.117124   3446.827520   4399.713632   4115.148486   4639.952417   4771.029729   6297.597026   2461.514705   4425.029778   5117.653485   4919.701808   2989.124832   3283.004776   3679.467362   3926.241468   4568.951246   2665.256621   3472.397549   5034.264136   7961.488350   
26.400000   1901.786038   2414.364438   2849.842821   3537.026678   4036.310272   4183.112662   5385.045109   4755.312428   5246.176454   6549.880280   2040.543936   4106.080747   5328.018980   3346.975430   4969.757656   4081.149487   2971.660972   3434.018606   5141.319402   5436.264543   6387.587845   4205.727758   4526.121545   6097.240563   4696.891852   4216.529909   3529.326436   3452.751284   3713.844571   3635.133057   2278.793536   2622.874297   4978.450463   7217.817131   
26.500000   2500.408417   3910.079305   4824.759442   5240.138939   4860.782484   5191.992699   4250.483118   5986.663529   4603.392744   5861.557757   1868.341300   4227.915242   3518.306573   3967.237813   3144.982613   4564.101434   3764.568227   5807.508302   5959.440555   6503.110155   4709.950125   4132.633519   5250.372910   5588.860691   4345.408108   2913.297838   3740.805583   5451.593838   5421.130745   4606.075563   2108.500345   3928.733629   5153.131326   6214.323330   
26.600000   2565.991240   6166.740346   4606.627960   5565.666302   4154.141515   4638.018357   3831.549618   6511.863703   6363.867232   6757.313780   1965.908407   3560.166983   3695.537681   3453.723311   3679.626607   4890.757240   4295.084154   6138.828888   4584.701438   7102.443394   5197.504513   5383.978683   5017.386829   6919.557273   4159.840580   3296.122117   3965.054195   5100.214860   5710.444923   4335.619937   1947.383197   4496.618791   5127.288257   7072.302554   
26.700000   2486.211012   4530.901811   3946.717284   5316.119752   3711.905168   3792.946842   4173.556573   4692.993252   5905.715695   5976.337156   2038.262646   3571.718973   3587.276247   3328.477509   3272.938478   4158.306561   3946.433750   5272.461803   4372.858024   5630.031458   4354.653007   3900.451948   4169.581266   5122.469437   4533.825403   3143.452133   3397.625412   4163.664110   5261.407387   3642.398157   2262.896582   4651.608020   5015.349818   7332.670565   
26.800000   2396.453928   4532.438285   3119.240788   4669.558113   2935.293781   4484.879324   2990.837791   5110.010291   8079.543796   6124.641502   2247.850668   4639.051529   4571.605345   3111.062204   3833.869623   4546.004268   3803.286389   4479.337021   3819.638217   5106.534713   6045.595924   3381.473536   4944.872294   5590.306741   3047.401895   2948.638344   2979.921500   3832.580028   4674.489812   2777.610091   1997.164621   4974.052194   5192.825428   6577.811187   
26.900000   2009.542214   4442.855685   3766.882428   5444.778242   3397.229515   5136.573243   4355.137803   4529.180103   6733.704579   7238.298102   2069.728617   4347.223172   4248.949848   3635.100968   5436.138291   4583.086153   2814.041188   4899.160454   4126.655730   5276.693873   5200.911580   3724.621842   4783.965535   4893.608437   4053.387187   2835.164007   4306.285684   5150.117144   4710.188765   3540.958382   1833.969730   3764.971817   5173.334903   7687.145698   
27.000000   2066.189437   3943.178069   2873.412601   4910.050240   2857.434588   4450.525270   4963.207414   4796.451498   5586.500770   5871.650134   1955.133248   3078.565409   4062.666153   3871.887500   4152.191355   4626.050981   3305.004146   4176.981061   3494.741744   5694.214218   4660.158740   2829.013467   4625.094334   5506.019575   3920.904657   2546.198551   3601.212991   4256.597922   4441.633833   2896.533961   1919.765749   3589.301803   5382.107512   6061.805718   
27.100000   2278.093206   6651.694893   3690.340960   5124.024019   3457.918798   4920.344088   4330.315280   4655.103280   4955.297812   6591.928046   1958.053147   4859.080370   4628.502018   4775.009400   4130.293870   4623.806202   4275.880062   4707.496400   3536.904485   5110.631524   4815.945192   3646.885535   4683.745980   4861.075855   4250.869678   2497.919296   3445.720567   4659.146710   4361.666086   3766.107025   1965.780398   3898.792174   4864.386716   7916.414579   
27.200000   1851.949560   4612.725642   3267.977491   4238.771458   3982.639520   4476.426578   4822.711636   3617.743693   4644.463772   4315.936807   2054.448364   4300.836293   3710.966379   3859.994521   3896.470208   3307.830061   3399.999540   4179.480369   4107.104278   4354.415580   3917.324401   3010.354803   3475.605258   4526.995510   4566.268555   2677.964837   3876.990869   4536.877551   4791.931277   3420.830050   1778.167937   3344.407394   4652.635756   7552.167063   
27.300000   1970.813710   6103.121023   4662.063541   6385.754519   5348.755214   6448.151867   5560.697673   5281.904384   6084.074416   5106.366740   1854.699482   4270.485282   3986.379289   3267.692663   4104.925157   4351.006864   3565.775641   6913.592007   5942.221673   5964.645253   4049.901015   3479.240800   5524.837006   6437.814941   5591.209059   2694.821985   3336.434952   6430.515168   7049.394322   5312.160862   2039.435288   4178.163107   4966.699964   6497.445863   
27.400000   2080.353201   5702.587723   3476.805023   3892.570807   3007.443399   3547.649075   3387.414700   5175.533347   6519.579784   5228.888529   1865.496214   4145.610925   3561.716473   2596.288287   3221.058586   4789.717537   3693.369048   3544.063212   3030.642416   5435.001987   5313.603789   2732.126787   4849.945921   4779.417367   4060.921844   2960.899427   2885.824521   2998.693985   3376.640818   3067.431184   1868.683451   3094.135292   4800.103807   6300.307398   
27.500000   3018.752519   5020.815069   3983.327755   3807.734348   3077.431273   2960.328537   2984.658804   3188.714770   5728.162781   5369.639586   2240.881946   3786.133758   3935.227338   2878.269357   3116.156497   3220.366740   3796.417494   3699.423040   3763.601215   3609.520484   5168.900647   3308.292213   3457.378040   3744.361923   2944.431530   2215.448556   3032.982302   2707.064049   3215.817119   3136.434477   2033.949430   3273.964024   4752.041075   6048.059490   
27.600000   2278.351685   5645.326220   4106.411272   4372.689572   2858.490860   3902.249430   3921.137238   4220.671873   5873.314872   5662.036866   1937.070967   3165.796236   2979.640573   3552.314432   4090.935991   3879.249385   3689.455259   5540.448376   3380.498113   4547.772885   5511.435725   2945.164527   4070.645658   4601.736247   3096.346043   2507.645446   3412.651335   4181.855076   4513.110516   3418.756169   2677.327438   3312.152509   4486.489724   6416.060874   
27.700000   1958.412933   5387.686519   3872.509311   5817.966598   2464.380634   5456.009329   3571.140789   5864.967552   4525.575126   5507.758179   1842.858817   4194.123829   2712.073612   4042.428302   3760.895196   5808.398821   3742.944797   5971.889655   3882.434388   4723.782366   4632.766317   3920.323311   5684.201957   4035.093830   3068.598246   2596.395346   4165.639597   5589.083469   5285.085870   2852.109442   1524.095685   3543.901391   4843.908810   5864.310212   
27.800000   2260.239443   4676.439506   4764.970743   5108.069720   4138.477188   4846.902085   3985.313530   4488.098131   4644.130164   6024.785862   2027.238251   4055.341555   2433.986349   4163.032595   2382.018056   4817.123721   4128.511063   5550.541320   5240.103640   4297.420900   4717.265938   3062.615814   4549.001068   4897.759686   3986.656324   1921.179902   3429.854906   4767.227758   5310.618104   4204.949494   1667.237109   3522.528871   4599.052194   6446.590185   
27.900000   1786.284537   3813.022389   3638.921856   4478.401082   3504.568806   4369.680843   3382.355991   3733.542373   4245.830276   5725.468308   1846.091801   4512.516157   3287.563166   4135.768304   2945.124980   3480.335723   2850.429423   5285.745854   4900.801580   3745.805012   5587.646733   3390.090142   4635.421370   4869.363037   3504.313331   2314.586184   3770.081722   4351.174911   4791.231055   3539.920880   2073.064952   3613.477866   4394.302913   6514.196902   
28.000000   1400.393016   4791.690597   3121.586489   4445.103337   2707.671334   4196.229395   3094.411421   4276.322945   5725.358434   6079.622863   1742.057122   4130.220833   3615.383288   3278.743618   3610.261994   3793.075640   2586.631042   4133.415394   3532.710864   3996.321307   5268.166258   3178.195518   4345.984265   4514.509095   3183.642172   2319.832712   4253.479985   3864.459473   3926.830846   2943.187932   2265.647598   3880.384566   4271.378987   7339.926199   
28.100000   2786.641772   6923.165264   4469.645625   6458.281282   3225.290296   3701.017306   4177.039133   2800.348092   6769.887307   5184.236867   2119.348228   5194.978928   5393.676198   2404.809970   3864.704180   2966.604477   4679.777343   6792.491120   4218.417842   3578.318926   5372.655621   2612.339024   3202.154337   3792.298619   3718.651856   2749.688241   4508.531482   4944.462855   5146.151496   3706.483737   1829.040809   3710.983267   4355.693212   5737.858261   
28.200000   1737.876627   4466.954799   2713.709501   4744.589927   2896.697564   4075.909721   3944.670587   4078.682753   5160.069401   5325.276372   1846.499044   4012.676579   4342.041472   2842.436584   3250.581697   4470.049235   2964.088629   4398.093897   3870.151596   4474.921192   4510.480554   3271.533916   4365.296890   4539.345074   3815.237283   2229.971681   4027.020315   3876.368176   4162.481260   2596.950163   1827.333428   3798.909573   4614.887630   6098.302723   
28.300000   2900.129515   6578.430900   4344.666922   6215.466888   4484.636499   4837.012141   3226.029307   4122.834360   5038.775231   7511.802194   2112.952291   4948.062873   3451.247788   3107.826460   2630.705930   3523.212513   3726.640468   5958.623171   4493.283470   4603.623800   6787.684856   3522.165985   4448.488025   5161.604545   2815.385308   3514.830522   4055.348431   4946.474913   5610.202766   3821.426248   2297.771887   4265.899904   4367.358556   7350.464034   
28.400000   1347.432198   4735.221035   2741.007986   4144.282944   2676.619142   3990.733251   3568.211747   4162.345600   4351.109607   5102.755013   1809.926805   3794.476961   5146.441406   2319.197941   2881.799152   3372.782399   3006.254762   3723.896325   3923.220411   4555.864040   5891.250444   2410.685775   4503.411792   5321.175504   3219.845121   2766.941636   2940.483921   3480.289567   3542.447902   2286.770566   1801.247355   2569.737200   4572.079162   6441.105432   
28.500000   1659.234924   4491.480837   3112.406203   3930.824622   2471.559746   3352.426837   2712.941378   4308.646934   5301.788600   6062.328140   1895.776202   3584.323273   4927.592434   2882.645889   3747.883797   4498.892882   2823.995251   3933.223513   2791.680693   3778.239375   4073.439734   3245.427708   3726.403437   4541.626702   2800.488413   2458.284734   2943.499343   3083.799847   3389.044737   2527.610398   2445.241115   3345.434902   4382.018532   5872.612038   
28.600000   2261.497689   4786.887393   3307.980924   3258.188702   2609.915304   2693.802354   3357.475372   3399.599249   4440.682004   5472.291964   2180.729699   3517.568739   4194.796825   2865.130311   3736.255741   3978.412048   3787.515812   3847.498010   2875.009474   3528.564427   4828.357907   2988.379572   3125.056068   4206.649994   2826.716835   2885.256241   2190.335130   2747.695908   3545.398309   2513.345588   1671.930968   3429.199692   4400.408447   6630.374286   
28.700000   1554.028962   4629.124777   2587.970448   3729.863082   2401.592591   3193.616465   2497.919179   4129.526065   6016.301286   4872.927577   1684.718537   3144.484045   3723.466988   2472.554045   3059.332064   4216.462774   3524.277999   3887.620944   2224.477783   4053.642688   6118.714912   3169.563524   3260.189766   5277.677844   2465.485678   2259.658742   2878.324839   3262.603061   3609.512146   2208.252254   1592.852717   3222.577652   4765.502643   6707.410121   
28.800000   1679.590587   5099.417383   3046.602748   3978.353772   2625.710782   3094.420824   2996.144368   3168.761724   5675.804497   5593.471248   1778.474237   3911.838759   4143.555967   3100.432596   3210.657048   3421.401515   3611.801118   3731.343940   2495.070892   4291.380143   5574.904594   2932.720310   3098.228178   3945.061707   2836.977864   2239.165757   2442.878245   3273.420099   3551.539989   2668.835927   1137.296609   3034.766873   4610.386886   6422.587217   
28.900000   1931.734068   3996.686958   3472.152597   3708.263286   2904.555650   3861.150121   3247.426333   4128.381770   5389.535941   5221.785173   1791.720757   4880.702202   3231.001188   2698.384671   2703.318093   3304.901395   4220.822414   3316.869494   2981.345800   5059.585231   4855.984164   2589.739735   4145.110591   4842.928590   3397.956345   3356.742559   2207.503111   2826.642360   3299.386590   2825.669022   1712.868874   3071.670504   4347.545797   6807.439829   
29.000000   2113.645849   4637.699566   3117.204026   2933.459536   3087.424479   3535.642954   3489.420965   4470.716354   5612.085566   4758.699755   1858.546746   3679.622505   3631.948451   2804.956850   3665.315979   4453.571053   3229.445026   3415.779488   3473.993262   4418.169234   5536.336399   2382.765972   3623.985656   4536.888202   3742.956337   2495.429183   1712.703582   2914.279422   3896.003756   3047.108375   1811.286294   2377.868487   4316.214547   6389.340911   
29.100000   1626.030686   3797.258632   3478.771490   3654.160853   4165.188778   3910.421583   5474.628336   4443.772338   4841.490972   5498.130772   1718.124571   2971.577993   3008.587522   3629.765429   5068.077824   4417.550476   3283.644283   3969.325399   4352.921213   5589.409948   4504.936094   2806.893817   3885.972332   5533.964672   5295.421004   2206.691346   2103.521996   3280.455202   4189.099617   3679.749029   1549.289589   3211.008035   4816.443036   6051.774496   
29.200000   1468.148692   4122.454139   2923.008469   3692.073649   3414.545903   4014.520021   2720.398766   3706.825006   4898.709370   5538.147462   1828.417938   2923.885411   3745.284616   3120.139643   2771.719112   3686.431762   2591.061673   3384.672748   3708.533445   3868.565055   5270.529424   2858.831040   3866.888404   4756.447194   3127.363864   2467.304928   2661.004514   3566.153541   3845.853152   3013.447302   1779.594207   3359.174011   4298.012561   6333.549354   
29.300000   1649.626158   4783.703060   2551.076670   4324.732310   2721.030431   3519.533205   2833.763097   2913.919919   5260.758756   6202.862077   1780.650240   2451.168998   4960.530452   3235.485512   3192.954752   3287.964651   2507.338998   4298.296940   3271.330354   3250.054495   5578.149416   3518.136422   3856.510041   3851.321659   2391.975604   2981.773797   2823.322271   3585.305758   3819.109981   2421.723026   1757.355334   3637.268292   4128.711140   6335.913681   
29.400000   1891.355151   4604.156485   3116.324616   4462.145204   3971.681081   3689.045637   3113.493465   3783.681981   5054.196884   5201.068100   1658.109505   2578.545709   4105.779868   3376.877971   2780.143148   3604.297096   3420.118047   4568.364864   3794.382463   4812.775503   3793.597397   2658.125290   4351.535746   4592.925337   3889.688644   3275.522513   3139.732652   3847.094454   4496.718909   3707.672715   1653.633109   3162.508375   4406.641056   6071.800265   
29.500000   1762.870525   4409.718090   3106.897241   3895.047955   3848.123362   3844.482751   3966.395464   4712.790657   5440.527485   4511.899426   1762.127015   3963.593013   3152.092867   2720.502265   3485.814383   4504.086092   2848.082681   3855.862329   4308.159280   4536.297704   3751.129558   2755.646014   4272.181661   4660.614436   4176.963839   2251.642723   3496.736976   3583.403030   3761.087114   3447.832945   1542.935240   2909.581220   4299.600268   5365.123431   
29.600000   1247.589661   4859.127041   2147.552514   4016.935785   2416.714086   3492.113054   2970.432940   3712.766291   4918.894784   4887.483004   1632.748112   2530.351852   4030.765592   2643.908076   3031.694660   3647.889350   2599.784719   4012.450452   2690.463993   3698.747749   3890.310880   2760.677561   3619.772015   3815.098099   2556.147306   2708.399550   3085.819985   3459.537767   3540.830700   2259.884171   1745.234745   3074.244491   4312.794573   6508.135904   
29.700000   2026.430700   5812.767715   3175.529198   4551.041550   3286.918186   5046.867402   3502.236928   4586.683898   5043.383195   4017.491201   1645.610207   3451.122619   4033.515828   2415.030342   2854.215751   3953.508717   3431.657893   4703.160789   3536.385749   4701.114289   4014.940050   2575.387228   5107.647067   4490.615123   3113.273876   2725.846489   3088.815307   4356.123316   4559.819977   2989.686681   1826.303946   2888.353734   4514.795380   5828.131949   
29.800000   1559.493366   4687.250592   2199.617763   3730.083276   2803.797285   2960.601669   3821.697559   3924.858016   6201.838178   4694.336999   1667.123475   3416.758395   3800.766121   2702.596859   2921.520327   3473.165528   3070.856249   3576.963889   3483.156523   3940.473204   4059.850372   2019.212672   3928.895769   4156.822543   4030.802662   2214.453761   2166.712504   2881.834959   3353.875900   2451.535844   1570.242874   2798.829178   4299.985594   5576.301400   
29.900000   1277.075295   4573.385982   1979.143306   3925.239926   2562.302989   3004.678133   2647.027942   3916.069626   5176.752981   5703.528252   1721.772815   3413.471225   5484.003618   2195.136574   2813.139307   3662.714218   3157.738423   3822.211090   3472.642964   3453.512064   4407.011885   2840.353659   3536.371846   3502.506408   2531.237341   2395.440211   2996.671223   3282.880730   3492.203467   1911.618717   1754.437110   2795.726812   4310.301757   7003.993574   
30.000000   1806.623450   4729.250874   2708.600911   3599.174914   3188.168806   2832.487411   3026.020426   3157.691654   5108.321509   5627.200198   1957.856861   3388.238380   6070.688734   2373.064280   3085.291548   3611.997876   3550.261322   3968.710435   3570.416089   3135.041846   5538.611351   3185.643442   2703.432437   2990.671546   2949.498797   1980.470592   3269.702269   2901.067469   3297.859561   3069.676539   2031.599885   2538.058509   4420.579525   7280.845727   
30.100000   1745.732368   4102.599745   2743.160400   3764.925466   2945.505886   3641.749827   3622.215807   3308.382566   4988.458512   4995.280758   1724.150294   2939.861273   5369.679144   2224.301944   3527.003728   3061.499678   3321.974848   3963.730854   3319.437419   3468.979480   4338.432336   2532.446828   3478.744744   3526.759910   3149.399622   2440.692374   2547.631755   3199.428524   4020.980225   2521.209255   1891.416363   2745.425768   4085.580890   7346.852751   
30.200000   1848.341488   3822.256694   3244.273510   3615.061176   3018.290646   3468.914960   3194.618890   3615.513989   4552.997280   4808.736614   1751.235623   2957.316439   4422.806770   2744.650663   3343.103592   3372.831406   3120.772890   3969.615020   3612.963182   3761.250270   4302.122515   2824.767090   3688.813469   4120.039401   2841.635382   1826.936842   2676.068571   3127.907607   4092.673748   2982.113959   1753.395501   2722.958188   3835.010876   6428.622187   
30.300000   1653.951365   4120.584952   3398.655315   3967.366922   3715.154901   3552.538678   3530.697910   3872.998962   4641.418524   4506.385046   1694.780242   3128.339672   6569.275957   2636.037262   3458.094092   2933.317042   2635.950003   3585.174269   3675.201604   4664.282524   4433.886582   2352.299329   3829.157786   4829.504016   3865.579195   2159.676416   2684.855334   3188.902715   3946.011456   3368.597652   2277.307416   2797.699283   4239.480846   6497.615047   
30.400000   1663.011556   4823.959689   3431.468070   4235.119143   3311.507116   3690.958092   3851.572512   3909.563711   4509.074253   6629.533452   1553.535412   4085.639626   3971.800235   2129.470943   3872.940734   3373.121823   3423.556563   3985.657885   3021.888665   4504.880320   5598.261562   2928.833865   3817.758637   4857.942360   3601.165927   1856.921707   3383.394693   3480.156347   3772.226122   3126.858638   1680.709982   3377.453501   4280.684675   6723.240735   
30.500000   2074.645732   3289.610205   3240.031451   3730.665709   2943.292385   3025.998486   3573.780458   3323.087325   4597.008470   4559.243313   1684.452604   3338.326019   4694.847082   1780.207840   3013.154954   3057.626901   3100.418902   4217.602208   3235.388388   3393.729940   5461.451615   2490.251617   2818.690536   3433.142803   3090.786558   2160.602182   2782.298649   3472.959739   4037.964348   2497.974897   1365.400813   3616.287617   4176.222688   8431.808428   
30.600000   1723.738795   5282.949624   3037.177956   3491.644131   2403.001141   3968.482081   3511.268568   4244.141622   5163.027454   5801.745857   1625.769674   3124.020031   4320.595080   2154.886690   4195.774794   3765.301027   3144.404609   4277.099110   3511.317423   3981.567216   5786.268597   2396.937030   4235.815302   5262.903581   3044.832532   2037.602894   2131.923218   3596.102750   4052.528734   2759.630809   1978.918104   3065.152668   4289.259477   8203.313392   
30.700000   1204.553309   4084.189264   2400.117952   4179.328062   3054.770162   2924.342710   4706.273918   3332.687540   5339.127572   4343.279402   1546.923248   2460.335545   3902.314710   1706.617228   3602.574658   3163.414572   2521.481588   3357.386085   3443.357576   4247.084371   5051.621473   1705.750391   3208.322208   4146.143369   4611.657982   2158.051458   3001.576721   2827.248871   3044.345358   2784.851083   1845.534472   2758.450573   4258.351371   7270.836600   
30.800000   1323.079819   4479.843215   2403.113534   3171.510568   2593.092796   2911.105294   2331.514895   3339.243897   3686.031457   4116.272735   1664.883432   3213.364054   3939.270116   2329.652631   2467.233488   3094.081580   3249.041442   3262.616636   3030.832291   3167.914356   3284.870217   2643.984348   3501.168187   3691.057496   2504.629558   1945.091083   2598.149569   2774.908674   3313.914443   2596.075496   1800.423926   2603.899192   4270.493784   5679.839181   
30.900000   1536.113113   5954.984205   2362.118569   4154.920857   2464.956220   3916.001237   3119.396901   4241.127403   3312.508282   5688.191585   1532.503404   3080.333835   5570.470388   3855.787340   2882.001831   3623.088130   4147.150097   3964.236701   3123.206477   4747.927614   3654.963503   3755.704973   4458.861455   4759.703350   3066.118512   2090.072703   2918.984644   3546.126290   4049.512455   2689.065998   1716.553669   2938.289450   4589.132763   6500.152443   
31.000000   1471.259496   3959.690859   3497.379499   3310.501464   2888.622299   3357.956475   3287.625523   3934.310722   3391.947793   4792.095201   1506.107794   2825.050180   3924.842236   2451.772145   2595.470428   3747.908043   3226.889115   3473.281837   3221.694304   4145.962817   3600.224146   2818.126313   3542.881368   4099.617869   3104.466327   2449.255067   2132.835301   2750.565521   3372.007976   3489.300945   1478.771915   2694.166338   4197.103408   5198.457684   
31.100000   1557.559475   3950.658841   2641.548630   2828.439968   3028.545667   3396.585643   2969.809852   3064.286398   3517.292490   4185.067636   1582.137448   2602.784073   4831.985121   2529.179239   2633.730818   3016.810406   3020.623085   3137.164126   3213.987904   3452.081299   3559.934977   2614.813810   3195.854034   4477.565921   2742.566852   1819.610207   2243.359975   2897.239228   3205.157740   2491.449303   1710.247371   3436.897590   3982.595550   5703.929718   
31.200000   1571.055277   4160.413500   3066.304848   3611.533207   2989.657439   3418.160516   4017.827831   3248.119405   3648.664067   4673.853538   1672.169924   3567.489794   5342.849158   2558.485067   4115.575847   3072.266387   2658.196486   4490.326488   3625.371467   3442.838251   3206.109276   2620.954439   3277.917452   3446.397081   2846.887508   2025.942736   2695.655946   3403.636892   4180.452741   2983.113723   1699.911251   2903.493079   4276.097199   5333.428590   
31.300000   1454.102720   2726.456578   2565.626920   2691.425390   2850.818128   3288.943592   2836.005603   2979.025320   4261.685184   4747.521900   1617.508548   3752.134364   4226.620484   1875.437235   2391.249235   3017.880379   2445.549947   3481.838560   3533.679628   3605.433398   3667.981730   2248.165083   3099.058952   3916.432607   3353.030726   2236.220856   2070.687271   2737.438136   3006.050152   2740.523515   1749.027335   2524.042304   3977.742907   5369.375971   
31.400000   1605.250106   5084.089114   2369.329455   3429.228415   2213.264422   3280.851581   3265.997166   4003.708303   4067.725270   4848.216125   1589.783657   2459.859339   3562.691392   3117.892876   2734.346910   3404.589594   3217.384980   3302.075406   2750.717189   4304.646206   4240.052178   3554.560023   3509.691660   3640.613121   2543.617990   2028.585295   2330.682545   2811.108676   2982.268238   1963.331548   1413.698816   2772.631744   4110.493502   5945.848604   
31.500000   1468.924529   4148.909702   2524.071309   3650.317233   2390.342222   3640.264405   2558.053550   3985.000073   5422.413548   5017.043318   1654.975849   3116.739066   2785.558129   3092.348531   2559.831123   3805.414527   3070.572948   3337.275372   2684.964694   4192.175982   4868.561475   3251.863058   3809.634781   3900.422549   2432.171847   2694.898818   3031.706792   3314.455848   3358.213284   2194.486967   1069.878881   2411.381268   4391.460533   6660.986502   
31.600000   1878.002753   4484.137044   3346.603869   4179.751612   3634.187905   4155.079455   3458.304469   3497.108693   4824.449780   4281.878696   1622.596803   2581.357509   3314.765179   2917.715776   2569.287616   2884.146544   3236.559126   4170.824458   3720.322611   4305.989595   4940.901855   2302.537833   3771.583407   4877.029158   3254.788383   1971.951325   2343.981366   3751.663012   4116.811996   3180.689609   1638.797566   2518.829560   4350.678066   6125.277626   
31.700000   1560.106570   5025.832263   2754.347018   3205.250862   2005.339442   2812.374277   2665.849288   2929.448073   4732.811775   4048.207882   1609.666948   2365.335720   3546.609331   2101.172256   2969.742808   3020.960993   3445.186355   3478.989022   2279.564153   3200.015437   4436.876914   2072.412277   3021.401253   2870.663436   2407.316937   1807.332403   1922.561621   2800.000072   2959.267721   2257.231830   1379.762003   3032.414041   3664.561630   5553.513195   
31.800000   1337.957768   3124.726135   3051.277477   2956.059375   2168.829754   3050.426330   2282.512952   2587.232579   4973.417326   3849.816014   1544.572963   3544.888886   4976.636467   2560.488207   2584.051164   2550.024962   2573.707376   3489.931982   2666.234352   3008.889300   3988.456531   1816.234958   2873.779997   3192.779343   1800.071214   1902.965213   2416.418412   2795.472422   3446.136089   2598.473123   1539.350022   2102.984412   4131.830307   5933.234889   
31.900000   1003.406162   3222.319099   2427.347254   2769.971816   2107.730901   2906.605402   2073.964130   2575.971282   4833.076563   4027.201280   1478.215507   2483.135106   5194.613748   2403.164870   2085.025134   2781.782438   2435.134475   2879.159911   2619.803250   2688.477506   3408.178463   2326.063904   2963.954226   2708.681411   1922.567553   2128.464195   2431.380255   2647.302403   3164.558067   2195.998332   1515.089695   1752.835153   3860.113872   5736.726571   
32.000000   1638.094874   3912.023484   2460.680101   3085.980613   2373.475822   2540.340911   2486.187934   2547.330884   3194.238948   4395.955654   1651.685166   3133.992048   5951.191686   1762.319666   2394.987505   2778.987487   2905.099555   3461.824234   2755.512922   2931.735301   3431.743764   2337.155699   2704.737101   3595.270738   2568.042430   2430.996162   2473.949832   2744.455915   2998.511806   2436.382487   1770.131128   2553.403996   3835.118279   5899.992636   
32.100000   1086.938608   3529.374138   1597.960132   2534.402827   1944.569603   2685.530509   2867.680132   2783.771958   3886.380392   6127.807051   1555.615142   2583.551779   3481.765857   2146.062816   2388.755548   2444.668462   2443.634440   2404.278326   2693.164939   3033.623773   3864.649533   1822.205012   2540.579969   3538.989549   2149.890544   1998.666399   1855.843704   2379.094316   2503.635767   1884.025033   1085.710440   2832.124597   3808.973903   6470.613992   
32.200000   1155.819205   3025.417152   2086.005740   2422.032748   2884.275220   2913.733920   3240.386716   3212.090414   4646.622672   4267.558934   1473.936196   2943.625181   3627.471415   1877.312293   3267.738247   3021.016462   3110.690761   2266.164169   3360.284586   2990.563267   3243.869134   2219.889044   3130.502486   3212.534820   2561.841962   1818.139805   2216.273134   2318.226524   2446.966550   2603.117199   1322.239508   3099.609457   4046.429719   5319.923173   
32.300000   1196.731796   3474.465826   2039.485253   2112.379914   2160.354971   2371.304138   3193.261109   3014.378856   4943.052681   3509.283173   1418.262810   3632.193536   4050.269750   2251.817763   3219.909141   2540.531156   3178.728023   2145.118119   2720.779524   2822.466352   3869.111215   1932.824388   2971.567934   2762.824023   2724.246866   2061.331958   2712.815202   2211.764591   2386.413177   1942.733407   1080.703958   1765.383039   3912.639859   6080.592333   
32.400000   1200.030205   2988.419125   2212.327960   2577.188394   2337.792191   2994.527930   2138.429981   2446.971592   5294.568176   4094.708441   1579.315056   2573.308300   4554.957121   2104.256165   2267.488194   2632.899391   2661.656174   2731.939409   2474.933559   2646.147324   3924.601136   2213.479131   2662.673345   3166.144370   2387.077982   1788.144347   1949.722158   2705.248275   3137.055772   2426.380958   1555.104992   2226.973273   3728.303397   5987.522973   
32.500000   1533.173680   3342.610147   2007.743563   2797.036603   1591.691439   2129.537148   2383.794250   2756.113956   5014.533187   4266.350266   1471.104096   2500.472278   4610.114354   1806.534746   2558.867509   2390.387205   3431.167263   3058.081293   2001.628518   2772.064051   3375.755624   1649.047140   2244.575857   2712.095892   2144.331664   2046.254205   1930.427323   2124.976075   2630.435096   1652.295060   1564.118308   2354.326073   3779.256830   5260.117308   
32.600000   1538.398877   4894.278082   2950.052845   4080.475838   2549.019793   3250.532775   2674.112677   3544.706520   4417.819941   4476.952872   1447.192769   2918.101374   5114.501290   2520.422447   2908.258785   2930.316170   2897.871563   4552.980279   2805.866051   3423.805137   3631.872551   2261.631645   2684.053416   3308.452653   2489.592878   1953.523567   1996.552982   3361.620187   3536.478131   2368.604364   1163.495765   3156.182923   3891.963140   4503.386229   
32.700000   986.896787   3570.304953   2081.413226   2849.921054   1919.732688   2465.639174   2098.048303   2808.136675   4577.672429   3406.957503   1343.167327   3159.066978   3262.003866   1833.017976   2517.776073   2803.584538   2910.380120   2925.126693   2430.807763   3261.074662   3528.176791   2215.403519   2557.838236   2933.383076   1855.735642   1526.507916   2462.983759   2594.789302   3083.666303   2121.947118   1190.568118   2656.424434   3679.432050   4175.715543   
32.800000   1301.547350   3275.890371   1919.526449   2616.612014   1601.637968   2270.157340   2099.505233   2421.489516   4928.061867   3587.509130   1372.824635   3197.411838   2865.513921   2333.264103   2501.419797   2334.121181   2442.860146   2489.020321   2403.300134   2535.628355   2822.546913   2123.346492   2181.811508   2947.047167   2069.501251   2052.363972   2391.360035   2362.968148   2408.870858   2002.396215   965.083817   1764.650965   3577.482081   4356.682132   
32.900000   1485.454570   2883.799925   2072.699694   2300.494587   1780.030104   2524.574919   2437.493417   2333.566827   4851.930925   3241.372370   1515.231170   3402.866370   4135.240604   2289.130595   2818.131045   2028.485390   2523.521624   2501.183665   2142.047858   2959.771392   3273.329991   2026.098378   2534.845055   2843.866705   2315.478540   1693.549565   2182.332673   2145.224038   2492.617883   1773.913702   1423.968348   1831.147165   3585.003785   4122.424256   
33.000000   1152.497410   3012.735672   1800.933331   2978.942491   2293.146190   3047.019032   2378.928701   2555.197385   2945.039136   3826.827623   1388.807101   2399.201010   4448.893425   2482.005594   2877.919303   2898.453578   2779.034257   2596.159935   2153.640608   3300.486205   3293.210184   2445.754976   2772.634160   2844.182144   2648.459735   1833.424580   1700.545897   2488.511931   2859.581520   2033.941926   1611.407617   2167.863404   3924.662344   4524.992179   
33.100000   988.015248   3202.339846   1488.244151   3686.601111   1805.917634   3331.895861   2206.137682   2865.883917   3022.290917   3659.208437   1384.061868   2406.576283   3711.226894   3054.495499   2663.090387   2845.358833   2103.322475   3576.878434   2181.040830   3159.852026   2887.319916   1992.183803   3003.891656   3464.096576   1572.297349   1632.223710   2783.860029   3542.646836   3802.231529   1968.982432   1517.949978   3172.401199   3736.112102   4947.807732   
33.200000   1240.747129   4030.919626   1807.775961   2834.986405   2152.103564   2942.336081   2399.703133   2551.868195   3582.521687   3939.745418   1490.382767   3105.498972   3798.629179   2199.194115   2364.472059   2616.417699   2711.392082   2753.752423   2694.845655   2644.832574   2889.486709   2469.713596   2879.318596   2936.424589   2299.240137   1824.023632   2708.698896   2891.373259   2672.771165   2081.545260   1171.801706   1801.914432   3838.033769   4624.340263   
33.300000   1196.216402   3905.142204   2400.196881   2779.710631   1556.223220   1877.705059   2020.940245   1769.806555   3230.729105   4416.090795   1414.223578   2836.313618   4343.022875   2181.972694   2316.746119   1692.486312   2716.476086   2602.184200   2265.406611   2081.629781   2670.478612   1633.735841   1649.765501   2462.059731   1929.371107   1893.856586   1320.015006   2074.692420   2443.492604   1767.208793   1208.379682   1877.704837   3678.340685   4163.378132   
33.400000   1110.390894   3607.421273   1889.635482   2821.034241   1594.004095   2582.920310   1977.165738   2081.526210   3790.405912   3882.812260   1507.234898   3122.809869   3757.741164   2682.726126   2505.474572   2397.969113   2489.836327   2645.972428   2056.521800   2739.121754   2953.826254   2244.474702   2480.831656   2614.019073   1729.643356   2087.945891   2506.102573   2533.250712   2247.520503   1575.946499   1115.447201   2376.317146   3805.643948   4638.892763   
33.500000   1217.061946   3358.797705   2041.840427   2662.660960   1949.636441   2603.534218   2036.010934   2415.497613   3982.501109   4148.497057   1457.486700   2698.667687   3941.706934   1867.000698   1951.902965   2588.607466   2275.806488   2471.449762   2568.068872   2651.592105   3108.555303   2244.481329   2606.135183   3246.860360   2112.398879   2008.431638   2004.559762   2335.968805   2234.873807   1890.849919   1378.268105   1764.207188   3500.124385   4436.967706   
33.600000   1082.523799   3265.518943   2169.975273   3880.084137   2266.330988   2912.806230   2388.192469   2888.123995   3376.316679   4515.018486   1340.317345   3316.368896   3790.375675   1919.912687   2624.715934   3033.066742   2300.648876   3160.687574   2591.770915   2801.546354   2968.636935   2576.345522   2832.360114   2872.626873   2374.627425   2041.129461   2569.821369   3067.767345   3021.182413   2376.491199   1490.064725   2461.309346   4000.577219   4857.203642   
33.700000   1333.609390   2578.215965   2437.728820   3082.779836   1872.022315   2649.424639   2270.659110   2897.742104   3478.070835   4562.202426   1396.552898   2066.358568   2778.324828   2231.246241   2305.389597   2941.543076   2391.151597   2500.571679   2330.386924   2917.874849   2636.316607   2233.001598   2649.725473   2842.701330   2090.341632   1721.091980   2147.609361   2255.502933   2524.479157   1990.304337   1260.295974   2659.057051   3628.273025   4506.742803   
33.800000   1212.026177   2458.001041   1980.292355   2449.705915   1824.796749   2654.097549   2200.385254   2724.059065   4026.539876   3879.356425   1527.299172   2144.106335   3344.152664   1641.479726   2355.271314   2830.882975   2387.760273   2348.368539   2321.270717   3322.201444   2790.994333   2481.555236   2747.129406   2945.760538   2000.599801   2327.635684   1597.144373   2298.183760   2508.831703   1806.207659   1073.570005   2184.269134   3726.536230   4560.251177   
33.900000   1292.397084   3281.589118   2037.614582   2502.729106   1440.372640   2329.015302   2571.777552   2867.393655   3804.643999   3609.221172   1348.359310   3210.417884   3662.834895   1991.507274   2816.930628   2724.396299   2637.806379   2409.257490   1683.336768   3169.150851   2908.456466   2164.371596   2783.778037   3124.815355   1968.558796   1762.374146   2446.860579   2073.432690   2396.604330   1575.471316   1193.317823   2011.330862   3796.230749   4708.183469   
34.000000   1405.882261   3077.039685   1816.209443   3406.204627   1741.363976   2591.346509   2173.318636   2732.243210   4029.492781   3483.327437   1418.986959   2637.535005   3783.538819   1705.520574   2242.340914   2533.516030   3543.333540   3032.204278   1898.846931   2893.842419   3516.551415   1963.890932   2755.623110   3057.222651   1569.052201   1333.771419   2563.603471   2600.621135   2640.808404   1743.929625   1303.556707   2669.820550   3755.968997   4839.670937   
34.100000   1158.117613   2992.375928   1741.047511   2948.540067   1381.626044   2506.087405   2051.667156   2465.646332   3389.371446   3667.931555   1344.313677   2946.592429   2097.836096   1548.590702   2075.543119   2292.965458   2437.222135   2810.926881   1767.232933   2554.433439   3741.979801   2123.342719   2438.089025   2791.959978   1420.875970   1318.796229   2485.187555   2563.799534   2550.443120   1566.986817   884.175315   2102.590977   3540.859601   4539.517407   
34.200000   1177.439981   3319.714641   2078.850105   2738.351037   1835.613958   2423.830182   1780.303874   2227.038422   2843.413253   3243.245557   1335.598684   2002.025513   2688.123060   1947.640127   2047.782177   2042.706719   2233.308795   2565.335092   1827.746270   2558.234014   2725.649064   2100.437271   2209.964080   2684.066890   1759.402646   1567.835680   2182.133308   2371.196181   2482.244676   1789.649163   861.730442   1916.028720   3497.645803   4211.212494   
34.300000   943.296433   2693.979864   1682.208636   2132.848960   1615.450877   1934.558787   2182.332407   2113.141541   3558.298415   2967.186685   1318.601556   1602.571376   2075.224153   1998.772148   2644.364204   1997.440225   1994.134214   2148.864403   1802.585118   2425.173546   2521.624049   1825.142857   2028.947967   2480.594165   2124.337777   1437.097371   1707.611920   1726.039518   1976.832049   1578.409607   1023.936780   2327.850019   3673.157132   4308.735987   
34.400000   985.903890   3550.200099   1614.711686   2378.140888   1172.637112   2093.390584   1979.784507   2016.832311   3091.256527   3482.007585   1399.598352   2337.647489   2866.743377   2123.183464   2418.613428   2077.107548   2326.169944   2460.885433   1461.659146   2356.104646   3252.553092   1883.372880   1939.231040   2314.122712   1611.924974   1638.026897   2165.541843   1977.509669   2111.359810   1381.433547   954.824344   1978.784507   3352.646044   4593.203726   
34.500000   908.388602   2690.718244   1280.944057   1975.470172   1452.392578   2022.105962   1978.673352   1990.528756   2990.118870   3267.575336   1384.954139   2856.911426   3059.168878   1517.426340   2065.681633   1832.804495   2095.304149   1960.049509   1861.878041   2216.693939   3066.313731   2150.578872   2082.606591   2124.582106   1823.786488   1514.003222   1834.618018   1992.964797   2001.350451   1481.415598   954.525373   2101.404727   3375.525655   4149.746331   
34.600000   922.326438   2934.155777   1683.876531   1917.268016   1448.870770   1736.705504   2144.067553   1909.964947   2710.231050   3275.242399   1309.214792   2139.057383   2043.941412   1204.403355   1914.057479   1970.920758   2567.850498   1822.538323   1450.237190   2264.054623   2769.386042   1608.885066   1788.908203   2286.586755   1528.278226   1654.164683   1245.189655   1541.944248   1636.779979   1305.492694   764.966870   1641.551322   3536.172914   4298.404194   
34.700000   965.792622   2984.415990   1463.815360   2557.811387   1409.128461   2586.091224   1601.093165   2624.323207   3105.249244   3925.770015   1300.928294   1935.578893   2163.027196   1521.281550   2156.747206   2622.038853   1953.795705   2144.442523   1885.098614   2781.158630   3105.191135   2078.377543   2707.234932   3063.840117   1585.433396   1622.151581   1985.596015   2181.398691   2235.784397   1405.639105   931.890612   2170.765745   3515.974868   4856.754449   
34.800000   992.026649   2630.114078   1266.931482   2220.104977   1325.779767   1897.299784   1921.583556   1852.016852   3028.241962   3286.562340   1356.919734   2765.804977   2846.957077   1502.071824   2067.508147   1879.258660   2050.483835   2020.179377   1617.407803   2262.132133   2742.105874   1721.690335   1886.278898   2146.730044   1749.222300   1856.244731   1918.815695   1818.931018   1898.690190   1301.995474   1003.387057   1607.834029   3560.904150   4554.116968   
34.900000   944.063573   3182.729257   1618.109071   2640.026698   1454.821679   2030.791829   1733.443017   2254.913158   3426.621275   3383.175941   1451.948104   1964.706734   2242.638627   1284.294558   1857.492753   2005.078952   1953.971666   2590.511333   1587.728698   2289.895989   2743.208356   1468.955326   2380.180823   2295.264132   1785.919828   1461.020633   1655.961056   2022.342136   2165.393691   1551.970033   1110.404758   1976.255689   3529.932903   4499.887677   
35.000000   1111.469711   3591.728054   1827.945894   2820.895885   1415.021645   2164.740440   1822.945754   2508.207784   3199.638464   3259.553480   1259.932968   1932.801839   2917.098827   1751.970049   1888.114873   2199.318813   2277.174489   2417.223602   1533.561202   2478.603587   2910.479943   1868.699924   2612.690106   2760.899415   1690.137120   1356.895243   1733.469219   2386.835299   2250.348212   1499.404713   1184.078636   1900.938939   3509.458529   4422.537875   
35.100000   1039.910644   2283.601293   1898.181422   2418.554581   2125.873987   2652.859795   2243.660781   2426.984322   3141.562507   2805.658294   1332.494711   1835.870995   1809.446617   1406.317953   2059.926388   1997.896392   1988.186683   2616.568843   2257.669805   2924.764810   2949.401571   1341.236099   2632.640711   3144.726589   1921.246411   1721.680436   1526.450327   2455.575840   2769.271393   1846.326542   937.701173   2044.097597   3771.788688   3992.829298   
35.200000   1263.527491   2534.103179   1755.859961   2614.955109   1545.394307   2178.285915   2088.663753   1896.697513   3135.305124   3005.427246   1402.712275   1594.913766   1997.836497   1802.166869   2153.437689   1876.287528   2057.943916   2328.068410   1707.734643   2111.313285   3073.550166   1603.989822   2056.051904   2037.053634   1687.770650   1609.239940   1545.240001   2339.743779   2240.749959   1804.448062   810.896341   1494.292321   3365.050738   4090.130743   
35.300000   752.037983   2110.546930   1382.154291   1697.215966   1254.437279   1413.447164   1780.117858   1705.025943   3416.615874   3124.337826   1326.301996   1929.118639   2816.820919   1470.083201   1799.388032   1906.985676   1976.328442   1770.490623   1471.812309   1896.522194   3054.744802   1442.965902   1671.230153   1735.720924   1437.073647   1335.667067   1146.136740   1403.991057   1727.180826   1139.283508   703.602740   1562.790513   3483.434054   5178.856394   
35.400000   922.765634   1981.576698   1385.077687   1867.582314   1466.461908   1907.791124   1634.473675   1722.072603   2863.304643   2959.076807   1335.603993   1533.484293   2114.146893   1663.206291   1594.084030   1745.940403   1731.326337   1849.423607   1902.681140   1996.210643   3249.370101   1386.048001   1834.038050   2158.237768   1408.752501   1535.239339   1390.324940   1793.845708   1877.244194   1342.625776   925.081894   1616.960735   3401.988546   4529.271509   
35.500000   951.933626   2240.596756   1225.407684   1817.669665   917.486949   1811.957813   1671.435725   2314.526510   2914.583706   3562.361729   1267.357313   1617.643772   2325.718955   1405.904454   1848.462795   2334.801647   2135.478502   1687.183172   1206.404426   2158.964960   3355.624160   1473.921867   2033.501976   2019.683859   1190.593065   1399.126673   1304.360211   1379.703890   1469.897406   1012.200969   799.992605   1361.715529   3320.519983   4467.819943   
35.600000   994.195445   2305.948490   1781.296937   1897.917834   1143.207540   1533.772457   1639.339734   2019.768176   2913.522324   4211.863663   1370.674481   1519.046487   2370.379093   1223.347349   2126.902956   2343.298765   2389.176825   1693.862613   1824.436752   2113.546301   3348.227791   1774.604202   1923.577098   1831.998324   1476.744356   1664.827009   1456.564682   1423.762255   1457.972155   1459.157262   833.681570   1336.644451   3342.062065   4693.241723   
35.700000   934.357339   2984.028627   1443.706145   2162.637193   1145.592302   1795.525185   1692.921409   1867.070005   2437.885156   3249.723900   1313.050329   1817.009740   1708.518441   1391.740662   1834.386631   1750.101330   1875.740049   1909.514900   1269.620664   1962.761498   3076.041816   1609.082707   1959.044319   1876.923170   1476.679663   1793.836068   1723.454529   1653.255061   1735.423469   1157.530331   792.240762   1591.149112   3304.454128   4347.670861   
35.800000   935.187652   2406.045526   1407.344385   1748.449215   1295.129659   1237.670938   1818.100165   2260.643018   2588.800412   3298.362818   1260.175107   1566.649879   2083.403438   1341.526293   1935.426446   2300.747704   1957.736706   1854.809881   1572.855698   1789.580938   2648.093472   1405.098600   1725.178653   1563.635032   1486.613834   1509.940960   1040.732262   1319.870101   1424.274169   1314.555449   738.478047   1870.792492   3389.313114   4347.797108   
35.900000   720.867884   2566.922519   1495.503286   1711.334244   1346.677996   1588.001772   1679.935710   1821.521324   2168.435071   3588.141662   1256.333497   1875.033134   2035.179269   1164.673995   1830.314666   1731.916012   1781.959230   1763.997302   1537.713087   2002.611725   2492.518779   1475.854123   1886.193180   1394.500720   1279.000576   1341.938020   1615.188125   1516.700016   1529.268034   1443.667454   662.111436   1525.706636   3533.528156   4189.991633   
36.000000   896.290718   2241.801446   1541.497471   1790.628993   1442.923885   1732.873515   1373.352207   1829.115025   2553.320485   3012.321628   1206.343913   2043.729115   2427.980494   1379.026871   1441.697634   1833.187579   1764.600686   1695.539566   1736.830809   1694.798142   2502.887347   1489.798235   1905.872629   1805.032566   1377.000601   1293.113262   1339.375552   1682.296887   1800.817009   1498.410172   942.378435   1417.171755   3321.093858   4001.139525   
36.100000   883.236584   1964.119102   1331.217425   1728.513602   1164.905514   2019.179369   1623.167915   2014.346371   2867.263523   3195.755575   1217.496897   2399.818475   1846.615827   1632.681227   1451.627032   1709.433504   1974.468528   1833.397341   1423.664856   2229.729175   2689.403618   1488.746526   2038.734521   2187.010314   1468.687683   1659.612853   1278.446303   1721.444716   2095.190648   1461.012780   704.565618   2050.869234   3525.517352   4086.325733   
36.200000   932.743016   2062.584763   1597.726630   1964.475939   1359.072748   1781.596771   1605.259812   1882.841248   2615.626352   3505.272954   1241.961635   1810.677028   1453.667680   1519.117263   1805.000022   1782.799968   1792.946620   2189.542448   1475.175987   2292.811925   3111.886054   1325.255675   1835.558336   2223.447129   1539.179424   1437.541014   1097.760583   1714.347903   1974.976637   1510.280695   872.559108   2013.012215   3246.908500   4188.527031   
36.300000   1097.089486   2266.311206   1694.043838   1954.890048   1607.565187   1769.413209   1424.990557   1747.137626   2924.677055   3370.249623   1211.746761   1796.297737   1435.183727   1171.118057   1875.565323   1755.753400   2101.788705   2040.300298   1739.104484   1814.812720   2708.043471   1477.957293   1794.577692   1941.437515   1421.339172   1259.650951   1083.668418   1686.458810   1886.397774   1527.779202   709.435350   1396.315662   3268.405661   3868.107493   
36.400000   828.236453   2113.291267   1247.182877   1974.136124   955.614962   1718.193553   1459.733700   1917.616129   3289.731555   2904.075138   1219.632613   1488.771753   1499.627880   1503.095519   1660.900237   1860.179056   1791.633705   1851.807357   1302.401939   1957.416360   2971.995166   1262.932906   1882.091298   1724.202275   1275.991873   1506.568481   1319.873481   1611.985160   1836.957474   1092.660028   633.002044   1687.531608   3405.927549   3807.421424   
36.500000   810.077205   2091.452861   1608.640393   1704.631330   1188.970818   1386.427740   1569.162125   1607.975910   2534.433498   3114.632676   1222.974373   1551.261368   2096.737438   951.856856   1382.050639   1455.480271   1861.150175   1611.086088   1384.451748   1871.323715   2629.061681   1309.147876   1666.041289   1755.619745   1669.498331   1328.013513   1304.796785   1343.852196   1518.051727   1435.362788   861.589775   1292.201996   3268.395544   4045.973605   
36.600000   772.905211   2298.880637   1096.752393   2041.685273   935.722212   1536.120015   1232.824537   1311.713013   2470.853052   2483.989747   1261.778567   1406.188069   3112.256875   1028.816554   1669.710588   1162.100425   1829.952025   1825.141318   1310.904394   1716.110179   2687.100693   1232.536540   1710.828123   1804.035877   1402.114763   1220.330595   1461.897401   1525.212417   1671.623253   1084.747050   751.866625   1223.452507   3170.595643   4402.566454   
36.700000   736.011676   1719.823452   1284.292800   2056.588701   1170.304973   1413.943552   1355.880268   1460.424773   2423.526336   2832.162719   1205.188473   1752.307263   2518.736401   1111.768640   1387.243919   1376.996140   1948.665292   1543.968079   1400.562994   1614.614145   2421.372346   1380.391071   1478.305044   1716.190616   1199.923859   1312.365549   1911.349604   1457.979105   1516.806885   1242.357072   720.495661   1573.908062   3158.237918   3781.714266   
36.800000   1058.067984   1999.380668   1275.545302   1854.202764   1263.780210   1516.403536   1369.862228   1788.393294   2632.829278   2648.907479   1284.652754   1573.872413   1931.629565   1540.278916   1831.453380   1673.369951   1768.640104   1957.899786   1491.869614   1685.854678   2450.775551   1343.316054   1649.362048   1697.702414   1213.524776   1519.713175   1291.840226   1547.854697   1690.910784   1272.174296   769.507725   1530.142563   3212.199612   4115.063966   
36.900000   781.386527   1594.317909   1179.308514   1778.804780   1081.396049   1661.405887   1394.123556   1558.689197   2338.589883   2630.178205   1228.931918   1651.309804   2648.045939   1323.989313   1481.478880   1524.478666   1565.065237   1652.219632   1580.065223   1468.990123   2587.046219   1311.975762   1653.131502   1624.135223   1508.116514   1570.172432   1453.667926   1449.510983   1590.778478   1336.055537   759.166673   1226.523200   3130.596307   4138.046162   
37.000000   889.868253   2188.289732   1279.140507   2113.190725   775.510134   1882.191612   1254.691460   2088.289292   2268.154208   2616.415193   1248.708014   1746.755721   2044.835199   1857.364340   1255.834176   2116.572190   2075.776934   2088.839102   1113.448754   2177.922325   2460.058534   1470.983835   1837.502323   1955.616637   1239.892298   1325.230477   1752.354756   1880.389250   1959.054920   993.180562   617.441097   1777.369842   3305.289682   3844.561243   
37.100000   691.649870   1952.171562   1025.724059   1626.556765   1081.411538   1731.691152   1421.411955   1978.056100   2365.666542   2824.806815   1250.571188   1607.578907   1661.591713   1738.053726   1345.396150   1897.336998   1792.278789   1489.322805   1353.245212   2069.968662   2329.184764   1464.723604   2161.368512   2202.273250   1544.417123   1228.332419   1601.913972   1539.542623   1608.427864   1065.798975   652.845580   1332.050314   3365.196629   3796.053854   
37.200000   716.769633   2733.868715   1046.833383   1764.305123   949.357103   1601.222492   1254.806371   1429.704284   2349.455426   2700.151330   1178.592371   1280.935179   3025.778164   1120.788848   1265.378133   1256.702554   1886.702169   1728.398612   1011.512170   1669.627309   2455.074005   1476.006084   1628.355596   1541.622467   1063.924509   1202.858818   1281.538455   1400.161066   1479.849532   1084.761750   849.117405   1575.603896   3164.808450   3698.562214   
37.300000   644.654604   1770.494721   1019.588844   1749.447307   926.728453   1588.461100   1170.399044   1500.130453   2183.286236   2729.915657   1182.590906   1603.420640   2476.161491   1499.141117   1456.368084   1402.140165   1769.508759   1546.162557   1280.537879   1493.653062   2521.652967   1451.865632   1605.822953   1254.387038   1103.440455   1323.369310   1287.975075   1428.217512   1421.845522   1134.573717   853.824375   1170.888843   3082.967287   3853.663871   
37.400000   691.278965   1768.867354   1199.272726   1480.065545   760.129204   1278.740168   1321.917693   1375.910458   2287.613682   2284.428727   1154.012454   1148.145956   2585.421752   912.131854   1457.547562   1124.542959   1618.719888   1420.980770   1091.244960   1592.132097   2613.443818   998.784677   1393.398712   1536.323384   1031.781079   1285.940081   762.073170   1137.543711   1339.910640   996.281036   729.345796   1244.358296   3204.788746   3862.678055   
37.500000   759.699247   2338.649813   1034.574934   1603.875203   924.905281   1430.686069   1190.613173   1366.864980   2417.849398   2284.763490   1184.242242   974.998606   2093.193502   1254.673732   1351.733847   1413.553537   1785.530625   1470.141883   1256.536292   1395.816384   2500.594551   1319.323259   1338.567842   1236.308399   1214.624360   1219.647171   1054.150637   1381.494568   1349.829816   1075.874603   687.176062   1607.267624   3040.975467   3856.279884   
37.600000   651.020921   2097.664206   985.200195   1657.894086   774.373441   1290.298393   1200.597369   1254.088725   2538.716471   2262.886530   1137.195962   1321.686192   1958.562186   1205.449407   1384.532737   1100.111822   1763.422791   1536.293943   1082.208713   1378.559755   2463.803568   1069.044798   1430.148870   1345.301541   1020.351794   1047.580202   830.489901   1290.469896   1431.471373   951.193458   665.562375   1302.895820   3097.373528   3762.384324   
37.700000   783.708208   2025.259011   1145.129120   2011.014212   908.955819   1589.768161   1125.115656   1465.580940   2420.423368   2389.881794   1216.918543   1699.515005   1575.141700   780.248523   1220.479895   1292.428480   1769.952328   1875.910143   1103.284040   1679.308590   2311.505130   1291.292241   1562.593113   1606.162346   1001.182565   984.468145   862.566227   1580.603241   1756.606386   1069.603607   753.313514   1403.366682   2955.313567   3502.732539   
37.800000   856.949367   1802.543449   963.668083   1594.180548   760.757660   1284.368870   1058.219265   1458.226699   2691.169003   2569.255252   1174.490230   1630.189486   1637.585279   1130.807185   1079.682495   1436.239853   1745.020310   1518.983467   989.679436   1516.577818   2256.586836   1492.903828   1416.047085   1553.742499   1046.733994   955.993218   1304.491287   1320.852054   1336.445154   961.161995   812.079627   1214.298326   3016.909710   3637.762958   
37.900000   600.027250   2077.510963   958.065509   1836.596489   822.638595   1625.343552   1065.422529   1643.753890   2664.551612   2824.988854   1132.357628   1508.716091   1880.540324   1216.370579   1416.928944   1547.832358   1699.441316   1725.925351   1027.416735   1769.287169   2351.601704   1593.820681   1735.981509   1760.568919   1065.041422   1057.846453   1365.115297   1509.296179   1570.742609   975.748758   687.167285   1838.966148   3183.684950   3714.176414   
38.000000   632.108789   1222.080045   1009.107787   1442.147982   837.838017   1360.035225   1130.579102   1264.719661   2326.703281   2706.428695   1131.970959   1357.803953   1853.991074   830.231201   1114.683587   1254.047767   1605.106977   1394.418639   1065.787095   1332.602673   2351.250953   1168.435362   1192.783715   1207.110885   1061.834689   1104.240854   1115.307425   1217.917405   1389.521487   893.087906   620.267067   1268.838775   2947.133555   3723.623857   
38.100000   643.348636   1918.630737   949.158575   1343.877679   822.084546   1309.296106   1264.109673   1112.017401   2056.880341   2551.909991   1127.064947   1525.979845   1647.255538   949.192318   1218.323203   969.253765   1747.969032   1333.984422   1105.853161   1388.837582   2293.828095   1041.032148   1238.501282   1426.804394   1165.913496   960.911172   1241.503401   1202.989553   1191.029406   973.397523   472.578256   1024.703734   2926.558863   3561.134832   
38.200000   679.381009   2017.482708   946.447326   1193.607404   1072.016418   1104.141583   1541.668084   1195.099357   2263.734836   2288.417739   1135.052801   1157.054518   1620.769982   753.010068   1242.710816   1099.757823   1601.480762   1003.430299   1287.259734   1523.591158   2134.319358   1135.638904   1173.597515   1446.101217   1244.867072   1215.054110   888.489396   894.814948   926.766079   1106.598372   603.326872   1109.677608   2975.953608   3477.263264   
38.300000   694.238298   1458.536805   886.944147   1423.315066   835.756451   1467.222725   1353.051832   1463.595075   2273.309573   2401.110979   1178.977560   1063.754063   1656.751242   966.747979   1307.815393   1360.933795   1615.004066   1422.388380   1163.095700   1758.013437   2104.439822   1109.645329   1527.044544   1718.208414   953.912436   1079.619488   832.717595   1299.534759   1393.046040   781.929247   635.966873   1196.254046   3133.809180   3578.775095   
38.400000   663.721946   1167.032538   1314.720139   1442.307592   953.986293   1193.441312   1238.538014   1143.658118   2198.285687   2410.450037   1125.689746   847.843950   1792.816332   1117.917600   1231.346181   1118.223878   1439.780848   1282.261262   1195.274961   1180.647302   2131.106397   1045.470557   1259.278504   1054.799593   1002.204199   1084.507576   875.201265   1037.478337   1147.245475   1090.131575   445.666150   1255.393034   2976.969257   3414.165155   
38.500000   606.364973   1645.507594   971.340226   1545.301046   732.573803   1156.754632   1111.887742   1027.705405   2148.544154   2355.623647   1108.625415   1043.169989   1662.652907   869.588882   1068.227667   929.350395   1676.141265   1346.610962   982.259388   1171.788537   2276.637435   961.093733   1130.861391   994.509467   948.595349   1086.586611   778.582374   1171.588061   1127.420481   909.867706   612.355019   1108.448063   2982.377183   3488.370222   
38.600000   555.690413   1336.592949   830.783525   1467.822384   759.508125   1207.322215   1171.629844   1192.120013   2121.496345   2277.787765   1136.173061   1143.414372   1973.427397   873.888292   1085.711771   1206.172736   1372.248964   1182.197587   1086.827242   1358.826083   2194.433979   899.337401   1276.753445   1267.928722   1044.243962   995.697966   837.717032   1147.985638   1160.563280   897.574529   594.119722   1061.359138   2878.698788   3447.873065   
38.700000   573.318730   1292.653504   799.740373   1287.357731   648.789217   1057.542528   1030.954118   1073.750145   2000.366705   2454.399752   1106.228143   1056.994938   1806.359699   914.459384   1176.687233   1152.451828   1438.505015   1100.496576   924.446664   1253.535497   2249.569216   964.493700   1116.656679   1092.753753   875.509544   923.790163   774.965054   944.354821   985.171899   776.184595   618.820391   1033.582365   2898.363237   3566.054612   
38.800000   626.485992   1454.940019   995.685018   1345.596523   849.588127   1095.041910   1060.157776   1062.531324   1955.789941   2232.591038   1115.828769   1289.410938   1301.046340   919.761226   1071.107346   970.735465   1470.167764   1213.607420   1040.588884   1342.859037   2141.852535   916.861261   1188.411536   1205.085564   908.782186   1007.109398   900.649744   1015.276314   1090.886464   938.991183   561.579901   1080.723589   2891.948789   3397.347642   
38.900000   640.668217   1527.234709   1047.368664   1487.812378   769.309000   1303.860534   1075.242423   1418.013649   1795.145765   2277.672998   1128.164611   1053.712615   1252.059208   793.721093   1069.367726   1455.228033   1549.248851   1435.390579   994.362462   1378.546004   2124.415835   1059.779633   1366.718737   1320.191408   1014.762952   937.661157   889.585599   1228.120765   1338.487405   951.163288   535.474143   1267.934512   2901.943607   3418.708744   
39.000000   559.026700   1580.791516   900.091972   1356.423197   797.238083   1061.177035   1096.791655   1064.868661   2007.342039   2234.066486   1107.843212   1234.403724   1840.756508   846.068446   1058.649775   1027.757611   1464.050865   1137.165477   972.234831   1199.994897   2088.655290   1010.323842   1192.918657   1206.684838   953.454261   852.425621   992.795046   1028.546990   1085.673792   831.331549   654.135551   878.875133   2888.772294   3493.295387   
39.100000   598.023613   1390.322532   950.946673   1361.572096   785.313955   1122.064834   903.504005   1009.841920   1835.324560   2242.683913   1113.899042   1194.861791   1443.802484   838.631159   1045.895053   989.904961   1512.588549   1220.306763   1006.415231   1172.836556   2133.944795   944.724002   1174.208129   1143.221917   899.529696   787.232569   834.730024   998.478540   1099.931462   869.080190   585.662359   883.784410   2872.761994   3437.572524   
39.200000   633.578379   1610.786449   996.162670   1388.854026   818.105616   1097.220456   949.135861   1049.619055   1875.145304   2284.313406   1100.126109   1150.462258   1011.339697   788.266487   1003.550110   1019.491600   1616.262100   1302.524824   1025.462674   1161.893512   1994.814188   1055.613668   1141.183076   1059.268929   894.009177   850.699662   842.550536   1008.200715   1132.203095   905.028946   529.562839   1058.174107   2865.611543   3262.579839   
39.300000   669.678733   1703.157497   981.470785   1514.576166   724.720632   1226.614194   1011.263808   1078.175955   1920.025747   2282.701379   1091.455737   1265.843938   1109.465572   801.342397   988.799229   1015.400696   1429.281460   1430.537605   896.415564   1226.817554   2091.402396   1158.962850   1207.860736   1112.277178   915.387259   921.009711   959.190605   1220.261447   1301.343500   868.744230   552.196402   1274.140382   2839.719026   3210.471573   
39.400000   585.201572   1297.768207   923.159110   1234.977273   683.765471   981.518189   966.903414   1031.325211   1865.547419   2258.046804   1099.953574   1043.622758   1295.255078   686.449604   1053.267610   904.618755   1409.927699   956.916541   915.469576   1146.644257   2029.232640   1031.818230   1061.064124   1028.250145   897.838847   968.300931   1087.246756   914.443747   936.841168   835.134414   552.475802   951.577717   2846.762720   3305.741200   
39.500000   550.993138   1165.214633   818.902668   1179.985674   596.653758   979.622021   878.886973   993.832972   1880.212225   2186.399149   1108.422485   986.813752   1191.402090   687.374705   915.017367   974.075948   1334.873225   1000.062435   833.923777   1104.109842   1960.950407   963.428696   1080.871380   936.339711   761.799043   898.194261   896.439787   892.744434   938.716634   739.958184   457.977578   977.562377   2838.802273   3463.337820   
39.600000   534.303852   1148.066266   859.561328   1190.758920   695.687946   921.775371   980.162720   972.094770   1909.675531   2376.191463   1080.893310   678.012537   1382.705533   569.609714   927.706728   1064.617225   1318.584653   984.274080   864.128108   1061.083817   2108.189321   984.417539   1037.715677   881.779013   817.968608   819.301400   807.833076   857.468410   935.464236   800.328416   489.342234   842.434813   2813.823577   3324.465632   
39.700000   563.644588   1448.909534   858.405308   1211.872711   659.157123   976.126519   1010.207400   1225.717819   1841.025111   2282.814048   1079.704208   663.788025   901.026672   629.601036   992.837221   1175.350408   1464.505661   1015.863745   871.080368   1247.762865   2102.433857   943.679204   1188.825486   1068.606014   918.816840   816.554881   682.454270   892.368952   933.880518   792.216529   404.297702   892.890077   2861.516719   3244.845503   
39.800000   565.022874   1202.931441   859.013845   1224.182289   634.523824   886.945075   1020.948594   931.730055   1898.822869   2115.528072   1089.179735   872.354019   893.965696   593.099981   1078.725939   959.941098   1444.484827   1003.267023   862.392157   1075.883987   2136.362103   893.912961   985.365929   960.588098   843.907605   919.326865   592.525808   867.328546   869.335985   788.277830   416.564004   920.296093   2802.218685   3316.925896   
39.900000   538.280297   1002.428006   780.090183   1158.000810   684.435506   938.963512   947.249778   951.281416   1909.990843   2105.288608   1071.165523   723.024346   900.632139   637.195743   929.720475   919.612142   1274.589186   952.481402   899.471952   1007.889412   2136.412215   900.051695   1002.219545   903.869249   835.102453   778.329463   800.975273   846.150893   905.474437   801.568986   401.497838   910.869600   2856.648124   3294.758938   
40.000000   535.740337   954.500328   802.274086   1069.471013   603.417338   897.797032   830.295594   917.605124   1744.418659   2170.792051   1061.594583   1119.727255   727.984979   855.411003   857.108374   967.249947   1363.661606   858.362364   809.225944   993.928514   1981.226046   844.978593   990.915201   914.700722   737.869121   834.993963   764.556074   796.642080   867.148951   766.862776   454.150040   859.024275   2921.077634   3365.669196   
40.100000   552.040233   1149.572566   807.617954   1180.504892   579.793255   950.858395   900.933177   930.838184   1790.602318   2069.534949   1057.803625   628.864698   933.189025   533.993858   1106.234316   859.647024   1398.353948   1033.998353   822.863628   1093.668965   2008.045257   860.830742   1000.809952   960.342460   722.743600   729.368029   716.764956   894.686786   984.372421   762.237586   425.733024   977.080491   2911.628537   3186.812482   
40.200000   511.894185   1208.149303   756.442175   1245.174935   592.662128   1002.780191   928.584236   1016.464426   1841.472404   1960.672553   1051.580591   658.983190   1318.384421   717.295524   1013.787049   936.017230   1297.744349   1086.625535   801.442780   1077.569631   1965.988468   996.946729   1082.892485   992.810909   741.868172   803.311420   637.776683   938.411465   1019.659666   725.106319   391.660084   973.076099   2861.758444   3268.209253   
40.300000   525.100220   962.683492   773.073489   1186.167135   595.953308   958.008779   848.101723   976.891171   1948.448658   2138.596169   1055.605302   709.976491   1166.452135   708.519723   944.503197   871.197000   1259.000269   1035.902482   842.674438   1070.186288   2007.418656   921.549155   1073.272586   920.266862   770.230782   739.270451   580.146820   904.100031   954.447376   739.277945   424.786461   938.842881   2821.165911   3288.454324   
40.400000   526.216660   1187.360818   782.713178   1245.782447   663.607990   912.746266   839.832130   853.678950   1860.715898   1983.908161   1047.803630   989.830500   903.497161   589.691444   892.117127   743.188340   1318.097726   1022.266053   847.453071   993.471827   1939.413771   806.794028   973.017390   863.903493   802.298171   857.321436   586.864739   888.018471   930.779513   756.747674   386.836850   934.674639   2777.599520   3150.887457   
40.500000   533.602570   982.726771   760.388551   1191.364788   638.090721   970.350194   845.783513   855.972274   1749.641286   1957.126129   1039.134939   731.931036   907.604769   546.824989   867.798080   775.477746   1290.990757   1007.694298   861.944834   940.443375   1882.273686   811.368382   1021.567383   841.097170   766.944507   736.620095   596.496445   908.650390   933.368543   732.824807   372.792680   838.906260   2743.290192   3170.096451   
40.600000   516.834995   930.970492   748.289342   1129.266016   585.773763   900.101574   921.151500   908.175965   1775.799453   2027.364107   1039.993679   641.883260   847.060349   630.805684   883.232865   863.589362   1311.763770   868.175923   776.244398   1067.499166   1898.487500   864.408660   1010.486178   899.766697   764.049532   716.636234   561.799914   826.529671   817.104753   667.920143   354.908084   820.607882   2804.271819   3188.611717   
40.700000   491.700123   1056.086633   772.926381   1093.754724   531.019361   843.700696   866.624817   777.125018   1772.990716   1966.140633   1028.539122   568.762162   726.997895   559.416198   869.620158   726.507418   1272.770840   899.148353   804.477442   973.075401   1936.035057   802.320917   914.333350   821.927230   713.769181   754.638842   568.276071   814.501989   811.170606   704.236209   349.040472   785.534033   2768.760657   3245.716243   
40.800000   495.550838   875.613414   718.310260   1066.425845   575.233680   847.044433   849.699426   799.410272   1831.450918   1944.620055   1038.469821   465.728480   877.971562   539.797275   881.282629   734.120390   1295.365093   900.387910   745.563696   927.241639   1908.641936   794.590342   945.523246   807.913511   750.529477   819.186373   535.986427   767.203706   816.753702   669.652172   358.136896   750.798121   2726.644000   3243.812393   
40.900000   475.640875   898.462572   748.004495   1178.169750   613.868921   962.276621   826.069876   964.246944   1751.664875   1969.813175   1020.202344   805.186358   626.052330   653.058313   870.914878   933.406250   1246.489080   943.107877   796.220001   983.682115   1870.244289   844.853104   1031.146800   854.096374   716.940108   850.296582   715.002230   904.523823   850.691364   710.336977   347.208338   841.088742   2738.806044   3188.652273   
41.000000   477.870692   1011.083897   709.372791   1141.311755   553.777132   858.465815   840.987160   836.870938   1691.942487   1940.421694   1018.545186   765.387212   666.822073   591.923871   836.293512   798.431502   1319.505105   903.030959   781.941375   894.917637   1868.668236   762.085172   914.685717   738.284338   710.329239   741.547277   652.806316   789.613197   807.896631   673.127816   356.123246   779.322293   2722.108874   3151.186774   
41.100000   530.091437   966.774548   739.472417   1104.656578   568.147876   781.518864   833.924435   743.907290   1639.166861   1897.663900   1018.811239   785.443692   768.573624   498.082584   820.198189   755.470888   1218.246446   874.869679   782.010870   857.999399   1869.637990   796.653544   868.741405   709.125342   726.548927   749.474253   600.314539   744.887916   789.258516   690.313557   349.433796   762.837819   2730.455737   3071.858053   
41.200000   497.700477   800.799738   702.393617   1059.112505   518.364019   795.436590   816.953544   845.667351   1713.474744   1933.016130   1022.944065   617.144621   828.217937   590.722806   824.715957   774.765755   1196.035203   860.467772   729.313020   962.253955   1911.052515   749.444700   934.204136   822.471753   696.600499   729.115460   692.628499   758.451449   757.747940   660.230190   347.582332   823.317977   2689.791283   3040.395994   
41.300000   487.793803   888.144509   684.706978   1026.531848   509.200000   768.159268   829.606490   786.422731   1678.605456   1859.051192   1016.214941   614.307227   1031.566299   446.552473   793.746897   739.970388   1163.008782   855.320366   721.579948   921.232238   1873.737520   720.389495   862.276301   767.354606   693.678575   750.372246   478.328534   687.223912   763.060810   628.654901   363.494553   763.680509   2697.638803   3075.338913   
41.400000   481.663763   879.516727   690.707189   985.639145   558.135070   767.488280   790.587725   807.742871   1700.494214   1955.305959   1016.024622   518.882961   653.392259   505.710477   803.878651   779.261529   1183.327226   780.953665   754.218907   910.799980   1830.932013   773.262067   861.579262   756.869097   704.199676   728.470340   440.426454   693.345487   740.031146   670.192796   323.858805   752.948624   2685.081556   3078.032469   
41.500000   462.553799   842.499719   739.736839   1050.306837   517.958275   792.151831   780.112917   800.269716   1694.527135   1840.070041   1011.810058   618.078156   559.859092   474.779796   825.131585   768.226719   1188.674957   807.226247   748.882604   875.276731   1789.798313   744.647394   886.522466   722.630362   676.537983   789.539039   546.082779   730.275231   773.321238   659.408989   330.337720   737.057935   2701.949631   3054.560784   
41.600000   457.227278   901.353287   677.426278   1067.523595   530.319082   833.573227   823.216541   802.784092   1630.051743   1793.269174   1007.650749   528.320539   601.702754   468.318440   848.383217   746.437052   1187.427794   847.898286   781.018917   897.051010   1802.744495   740.930868   892.688036   751.385354   727.105523   697.050473   482.454323   745.526057   744.094037   642.602329   328.707496   706.132530   2687.125543   3053.069430   
41.700000   449.641699   770.433638   669.576055   995.610436   519.940802   738.644098   765.090802   745.601181   1632.550001   1855.853527   999.503720   460.201321   605.190821   450.716735   787.297034   704.079537   1192.032728   806.056413   739.854595   830.781232   1836.386824   714.903317   829.798576   683.447268   671.368553   732.065457   416.700557   686.425876   703.908908   631.581110   328.278523   717.767146   2684.944706   3034.260261   
41.800000   470.350669   823.557347   672.152478   994.320148   516.224429   791.162494   789.812266   785.043901   1614.170867   1812.638271   1009.255395   487.834634   540.160156   572.413688   765.913211   749.242242   1141.231458   788.446629   737.194784   888.131561   1802.386117   761.583268   881.668134   737.615527   676.158741   732.799612   472.319011   718.490004   733.285387   620.132029   310.948763   716.886583   2653.547164   3014.458131   
41.900000   464.511449   767.525912   667.370458   956.762775   518.523401   721.281835   774.256037   695.470724   1622.648147   1791.699920   1001.968567   563.796121   544.041301   478.495592   769.022890   682.022612   1139.589428   734.920874   736.751819   820.826164   1786.499593   691.322531   799.715383   689.598154   666.140759   692.601131   433.643447   657.079181   675.338903   624.702750   310.926726   688.361758   2624.443331   3002.796681   
42.000000   465.680171   728.667301   655.569703   954.911264   514.629656   742.254404   775.933321   724.374114   1619.698002   1802.881378   1004.847418   494.240934   636.017081   432.743444   813.269188   683.304433   1162.147916   745.449159   735.560708   837.469076   1798.500987   698.401063   832.070424   728.150043   687.827061   703.143854   367.637343   656.498950   703.387958   617.854705   309.896970   698.285618   2648.441042   3055.773881   
42.100000   475.422100   841.408379   673.971635   977.090878   529.391054   747.922190   763.441377   760.052497   1610.572164   1828.766897   1006.133546   493.278548   702.694004   471.927205   758.616088   713.682843   1160.765937   752.261914   710.022218   848.487175   1769.639028   712.848355   830.784253   722.662936   690.934062   696.682921   421.818867   681.742494   724.272056   648.219429   338.327871   696.227462   2637.010268   2986.842275   
42.200000   462.084418   696.587602   674.736917   967.721277   520.485988   719.808336   758.939114   688.264558   1602.804871   1756.908819   990.397872   581.115905   555.764250   461.936126   764.272777   646.800034   1162.357742   759.428964   711.518220   801.048511   1802.956800   680.801710   811.514895   675.605537   664.920437   716.792453   392.985686   665.492327   701.552657   626.786390   300.159037   694.467109   2603.400472   3002.092845   
42.300000   445.746921   711.443766   638.305106   949.625314   477.043988   702.389043   741.786328   668.758667   1621.265161   1765.273449   989.152550   529.609374   563.470728   406.815446   738.799092   624.942608   1144.032559   725.837185   701.002231   790.799567   1838.222732   667.723701   790.118575   645.614803   651.333949   725.262150   411.764770   641.638886   676.509502   602.068817   288.955165   687.748710   2602.405678   2974.501321   
42.400000   445.165047   691.315488   641.610925   963.998548   484.571840   736.981992   776.804640   743.979456   1575.096536   1766.934088   984.158137   507.111568   533.135935   423.876909   761.390495   675.638728   1128.941808   741.130741   717.340244   846.994665   1789.040854   662.003672   830.290130   708.253416   673.749574   719.647701   389.439891   668.497108   688.461763   610.322272   304.669495   724.261837   2607.264531   2968.404626   
42.500000   446.106302   749.185046   635.754140   984.636466   476.142155   735.846947   752.084596   704.416713   1593.167212   1789.663114   981.803669   516.337559   558.971469   427.467223   757.302620   655.058772   1127.701051   789.639699   700.212532   812.248835   1771.384796   675.294525   813.831245   684.328543   662.813090   670.748965   404.038992   687.422152   719.751094   608.293407   302.841913   717.905021   2581.982854   2962.049136   
42.600000   441.288532   707.890725   631.412918   962.318481   472.468830   765.389860   735.594593   753.766084   1592.945666   1790.107661   980.132680   506.617957   457.865466   421.626424   736.920136   728.115609   1110.984755   776.511946   697.072613   871.186181   1750.309316   691.158046   850.701964   733.375530   652.959515   700.359628   407.076920   673.086661   718.427160   595.671629   305.771455   761.574907   2591.635584   2952.463371   
42.700000   440.846058   685.579216   640.332777   940.878768   467.490097   707.695555   737.096545   690.267951   1581.478521   1737.216610   984.267843   444.088545   473.165793   434.887043   730.665012   652.381705   1098.743409   748.848606   683.983401   791.073077   1751.892731   688.278971   780.103916   665.953585   643.870684   689.898723   372.698074   639.924370   689.703390   604.283324   296.598608   720.304263   2585.814847   2965.788975   
42.800000   429.388110   674.253258   622.880261   934.393180   472.945094   699.958385   721.989898   675.796512   1578.586006   1732.958174   981.444958   468.535914   513.708234   401.477632   738.216537   637.982369   1086.257899   728.723090   681.759548   785.737959   1761.920411   695.992488   791.317897   643.462696   651.063667   668.086536   360.050008   641.650141   675.042180   587.611560   292.937725   680.345363   2570.852433   2956.901575   
42.900000   435.904589   719.947447   626.696042   959.076323   468.629935   734.986050   737.423244   703.976412   1556.464809   1730.090965   978.639524   425.311518   641.872593   406.719507   723.261780   643.829542   1101.695902   756.011226   696.761773   793.613369   1732.116445   675.709908   815.254264   671.000281   641.327880   665.278921   375.963799   679.688770   692.003190   587.921893   321.478008   710.873354   2567.044183   2937.010441   
43.000000   431.423811   631.832556   631.610697   931.133815   476.051227   712.157442   724.465773   684.790206   1536.156514   1715.145316   977.275428   414.197739   538.676964   417.601137   733.602654   660.693390   1080.944567   733.494675   685.073723   795.964172   1727.258256   692.062933   794.568405   661.843086   648.329788   647.365405   387.682447   643.692102   677.221595   594.278190   305.717589   693.863798   2547.080533   2932.844241   
43.100000   439.804095   646.255927   635.313829   921.871002   473.005357   682.181186   714.342931   661.502200   1543.952801   1705.795615   972.563937   396.780869   522.500517   419.501496   713.433406   624.514292   1084.132833   708.757670   686.767184   780.531607   1722.664611   678.049976   782.571873   634.353250   640.184092   632.809109   342.650036   630.085014   654.892020   599.932524   290.204216   669.775653   2544.563036   2901.683662   
43.200000   435.882249   571.112899   614.985435   916.911793   450.682185   684.031669   707.361919   670.570702   1526.200907   1688.767459   967.054937   392.866369   446.104200   388.949662   698.359170   626.350385   1068.670830   710.480636   670.840568   772.898723   1715.391477   655.276173   768.406716   622.509563   624.310020   637.120888   323.495947   618.918028   654.821000   574.326468   276.477708   660.667746   2536.723512   2900.321449   
43.300000   422.686605   619.846812   605.273090   921.249645   449.072995   679.004950   717.175524   648.729578   1542.082218   1680.698812   965.083876   363.862711   412.789000   391.307086   699.859264   595.526723   1092.305241   700.899998   670.293648   767.095421   1709.567921   644.704256   758.399332   616.731466   630.126645   652.232295   335.644708   621.640334   645.713035   571.335660   266.948399   647.593288   2530.691323   2891.022892   
43.400000   425.415123   615.797663   608.400864   908.503037   453.560057   677.438595   700.696138   650.626934   1537.408096   1668.023936   964.264845   421.644941   361.611811   393.271475   698.927665   606.843215   1072.032596   691.925085   674.986640   754.231225   1696.655639   656.206587   761.626537   607.910835   622.059107   637.154057   358.748255   607.715607   634.755137   580.561965   279.664490   629.709743   2538.023983   2881.979751   
43.500000   425.705028   587.655014   607.241244   913.111370   445.497839   686.431046   706.215694   661.514047   1518.247106   1684.121007   961.139890   348.310346   342.165598   400.805802   696.992452   620.765623   1074.307213   723.042644   675.015337   770.951926   1710.831743   649.692898   765.159819   620.531301   622.243333   629.640088   333.389324   613.336772   645.938487   577.043586   269.799298   657.219109   2527.209951   2872.177644   
43.600000   424.266349   614.459642   607.189243   905.161703   453.123463   677.255543   702.347245   653.534573   1545.514168   1666.815404   960.679978   338.977290   423.927420   377.705465   691.129786   607.495772   1076.239073   705.661727   670.621742   771.022167   1697.986861   655.236154   758.450983   613.300930   623.959734   623.680085   328.075605   623.413223   650.758979   576.054161   291.460377   638.076215   2511.133389   2868.360373   
43.700000   429.263677   586.009869   615.957585   901.467732   461.050288   671.489148   708.140434   652.214370   1503.064597   1669.571009   958.505216   347.763485   468.061060   403.172279   692.976328   621.312791   1090.528157   691.887296   677.578225   755.854461   1697.272756   655.164467   764.320729   605.177518   631.868381   613.818296   355.297776   609.403918   635.692031   579.171251   283.973552   647.341846   2507.374500   2864.164875   
43.800000   425.995615   592.670479   611.537991   890.100558   445.366044   672.180929   691.274428   652.057497   1504.534224   1670.284095   953.034126   341.019765   474.407570   372.903164   682.288435   596.053360   1065.290476   696.569683   662.964911   751.431612   1697.739878   640.776469   768.416764   613.035236   619.076007   616.229821   337.226768   607.722246   652.937102   572.428223   268.532252   633.593771   2509.816268   2853.581655   
43.900000   420.362021   598.975315   604.741547   885.425928   445.113588   657.443900   696.284197   629.229325   1488.431604   1662.964964   952.417641   345.352768   372.306819   364.805107   689.771747   587.714411   1073.758981   684.544175   662.867633   737.438369   1686.852375   640.786277   745.132888   595.352853   616.236104   607.970574   333.997147   596.084867   625.185161   572.981418   269.832572   622.318119   2492.771422   2854.053784   
44.000000   424.244778   602.231930   604.721017   891.318276   448.313190   664.224263   691.605096   635.239072   1487.339101   1655.954878   952.836310   342.638751   357.396959   362.612700   677.932567   587.509096   1056.713130   682.973333   663.722067   742.401709   1687.169568   642.068375   752.310207   595.047070   619.603068   625.635763   345.882277   597.593975   629.409799   568.503049   263.131518   623.729467   2490.223103   2840.093233   
44.100000   416.335818   589.778237   595.595888   876.652276   434.855423   651.192649   695.988481   626.693643   1488.007105   1659.496516   951.116104   338.950105   341.856895   369.882305   677.475271   588.407680   1038.889985   664.099224   654.778343   731.021354   1682.078070   638.854777   736.444520   584.149485   611.902529   605.976021   324.622689   585.404508   611.717975   558.628305   260.316655   619.721563   2487.513824   2829.597503   
44.200000   417.116551   574.953421   597.161388   876.649093   440.650881   651.319247   688.035940   634.554755   1493.773870   1646.979579   947.070554   324.937682   335.553362   357.157496   684.980311   587.536740   1046.498498   670.023871   656.175795   736.496880   1673.643303   642.412802   736.345047   586.160844   609.545366   602.531937   315.612286   589.696596   616.643538   565.132013   267.065204   624.299738   2480.115360   2824.271180   
44.300000   418.692118   557.861378   588.658624   876.179952   438.758420   651.303707   683.768086   626.987568   1477.771988   1650.600172   944.758128   324.981437   399.778981   352.546191   675.015037   587.288917   1033.053795   665.764236   653.080077   727.563720   1673.949100   632.030727   737.566765   584.605762   606.628950   609.213275   319.228616   585.898638   617.430789   555.107264   263.783636   614.381740   2471.233387   2823.251825   
44.400000   414.038484   533.931602   590.000658   873.815455   434.519562   653.526564   682.618861   635.219768   1482.211989   1633.819056   943.190618   304.498449   347.310070   361.581014   670.474684   588.772241   1038.398581   660.419873   648.531331   736.188744   1659.003760   631.489529   737.883217   586.475344   606.181965   600.208179   312.490264   585.550845   614.918231   557.387903   266.352562   617.470825   2471.950120   2814.070815   
44.500000   411.791922   554.299937   587.066987   877.181898   431.802577   655.446470   679.281968   627.881572   1466.037911   1628.180741   939.901764   336.213647   338.533918   358.245582   668.103000   581.268419   1036.007431   665.221816   650.960817   732.393820   1652.184676   626.436836   738.446670   584.650324   604.265932   600.422726   312.423026   597.372371   617.687851   552.968470   261.845166   616.865487   2461.390879   2801.271409   
44.600000   412.106339   560.575086   587.384455   870.865126   427.818664   643.438610   678.171191   616.952688   1467.820864   1626.889362   938.722306   311.273555   357.817634   354.118600   673.176681   577.063132   1041.125333   657.514334   644.366827   723.839015   1648.144385   621.375849   727.012824   575.843185   601.192018   596.750976   305.919276   587.719334   609.170904   550.852086   259.506720   607.922555   2460.197990   2796.489742   
44.700000   409.718433   579.894417   585.246487   864.405398   427.759689   640.033996   681.186891   617.387068   1458.927057   1618.462361   936.775754   313.512089   331.032076   351.579852   667.842459   574.469213   1041.385574   656.763802   643.970063   723.113202   1646.174570   619.807532   726.329842   573.876857   602.214444   599.683568   296.880546   578.247688   603.872914   549.912409   258.078674   613.123463   2456.279868   2791.953010   
44.800000   407.135788   531.800550   583.746550   860.651706   426.334666   640.547679   676.618439   612.438843   1456.372663   1613.914420   934.483802   313.679859   343.079435   346.804770   667.566006   569.512136   1016.281496   651.333823   640.520049   721.594006   1642.783124   617.008636   724.568807   573.186528   598.569811   599.392204   297.921378   574.904253   602.107796   548.864584   255.427775   606.289827   2449.869992   2781.857286   
44.900000   405.748843   530.973385   583.318119   862.115676   433.296681   638.419487   676.574032   616.865503   1454.677377   1609.276798   932.839988   316.316882   293.483391   365.884099   665.319222   570.733111   1012.937446   648.552834   643.375670   717.089111   1637.908805   622.512989   723.629718   571.296181   601.768044   606.818653   298.304222   574.663804   598.314512   548.199791   255.689660   607.865761   2441.477739   2776.578439   
45.000000   405.833407   525.918967   579.557513   856.889077   426.858252   636.035343   669.367350   607.981152   1452.251979   1612.168069   931.165447   305.710055   305.641121   341.495461   660.614481   564.489365   1009.926416   646.883049   638.280980   715.674008   1634.297825   617.421574   718.313904   568.426136   597.162621   603.829260   295.897862   571.812915   594.583607   547.999802   255.592775   602.202017   2436.468722   2774.646403   
45.100000   404.535045   526.135383   580.011905   857.444628   423.889513   634.220173   669.478095   605.382142   1455.447875   1602.149230   929.084227   293.434466   307.220153   342.241502   662.200284   565.986920   1013.120584   646.661421   638.440765   712.137018   1631.505516   618.723877   717.370940   566.249687   596.004177   594.076291   295.735898   572.406240   596.657331   547.144687   253.146852   599.540802   2433.282370   2768.512536   
45.200000   403.258735   521.936895   577.124213   854.648058   421.965568   631.740276   671.811741   606.251615   1449.963060   1598.519532   928.493031   298.226549   307.214874   341.068442   660.838946   562.811572   1007.663362   644.870341   638.940970   712.205480   1630.182510   616.038443   720.290714   564.375030   592.908710   590.367734   302.499065   570.816568   596.554032   543.842854   252.532069   596.402870   2426.277088   2765.460143   
45.300000   403.346344   514.048036   576.000158   852.902389   421.471216   631.825290   665.023157   606.237378   1444.979450   1595.754329   928.009172   312.295686   296.267796   344.063232   658.594980   564.718085   1005.894207   642.080582   635.263300   710.927449   1625.778697   607.053805   714.871048   564.201196   591.953927   584.186427   300.208203   569.285343   594.529116   543.426398   250.972746   595.046532   2421.367757   2753.780698   
45.400000   402.787125   516.594668   577.580849   849.554450   424.048160   629.276206   666.210590   602.860320   1436.643267   1595.054133   924.678843   294.335626   301.528374   339.752113   654.722332   563.367356   998.166434   648.171326   637.760382   705.192114   1620.180264   605.181897   713.373401   562.612552   593.420933   580.905955   296.681104   568.647059   592.907902   548.087759   256.476493   593.261014   2418.421911   2747.451425   
45.500000   400.388874   513.700992   573.303508   848.590430   419.545660   625.530316   661.696111   599.229504   1432.673840   1589.788810   920.985795   296.547747   293.176070   341.164801   652.714818   560.174215   996.478515   640.371150   632.000638   703.582119   1617.365671   605.228156   712.010050   558.961370   588.044817   585.111707   293.034384   563.339508   587.229421   540.371898   251.168623   588.497554   2411.916827   2742.459034   
45.600000   401.146803   512.725828   573.059156   844.500496   419.022190   623.756013   661.109602   599.094869   1428.323824   1586.481619   921.382337   289.679868   305.162923   338.222468   650.387011   556.484486   997.357957   637.097121   631.677369   700.489884   1613.093111   602.950256   707.574646   555.086518   586.353576   583.451425   287.298117   561.655028   588.108250   541.221905   252.627166   588.633073   2407.444005   2736.732223   
45.700000   399.539440   509.145305   572.599135   843.303562   417.349134   622.795566   659.980312   596.411780   1428.115392   1583.223504   918.050675   288.444872   291.628406   336.905454   650.578302   553.437367   993.631477   636.962924   631.011998   698.826834   1610.478077   603.576859   706.814848   556.640752   588.041516   577.626827   295.602534   560.862440   585.955900   541.816156   251.503253   587.468064   2404.162789   2732.367022   
45.800000   398.661485   513.353747   570.159163   841.698914   416.201797   623.206949   658.638365   596.429161   1427.259554   1579.100240   918.992910   290.465952   285.776119   335.890990   648.552627   557.396935   993.837733   634.772258   628.444899   699.201787   1606.460510   602.920325   706.737561   555.326359   585.428002   574.773793   288.743049   561.045740   584.305880   537.115542   248.017660   586.295459   2397.869447   2726.986618   
45.900000   399.678147   512.057522   568.716938   841.924764   413.794431   621.197678   656.495771   593.377025   1421.151187   1576.380088   915.037544   287.037034   286.781935   331.217558   646.580040   551.700294   997.183209   632.949211   625.759880   697.339507   1605.316335   598.982164   703.502892   552.256191   583.820558   577.619267   285.370067   558.803161   582.363578   535.783381   247.913163   585.304216   2394.651268   2721.004271   
46.000000   397.232083   505.542139   566.949912   838.305624   414.579395   619.291454   654.066346   592.683350   1417.034367   1572.221667   913.333401   288.049691   279.457581   331.116105   645.256217   552.398870   989.728269   630.881792   624.581120   694.925020   1600.758213   598.993685   701.194457   550.728591   581.857194   575.047945   284.389510   557.087783   581.969618   533.585331   245.809184   582.315302   2388.661009   2716.630805   
46.100000   395.703389   499.153642   565.674324   835.461196   413.178951   615.930065   654.147274   590.672106   1414.551008   1567.552705   913.121090   285.049305   277.042878   331.362605   643.370577   549.083855   985.295869   627.963606   622.877848   692.023601   1597.259478   596.584539   700.259710   548.651475   580.988566   573.262971   281.621545   554.204058   578.951530   532.500792   246.924647   579.794228   2383.730522   2710.203146   
46.200000   396.273367   504.530636   564.499115   834.288334   413.939182   615.022000   651.296412   588.378155   1413.426859   1566.920129   910.548733   281.405170   268.045937   329.507199   642.676725   548.363421   985.102640   626.178042   622.534619   690.547768   1593.480038   595.067020   698.709415   547.246306   579.476437   572.879432   281.840644   553.728173   578.487019   532.555030   247.370441   577.709222   2379.975631   2704.757800   
46.300000   393.020946   504.006716   562.508167   832.785367   411.736799   614.486640   649.708056   588.568850   1409.879005   1561.319462   908.632144   283.163038   262.701129   326.796332   641.115263   547.293695   982.689965   627.666949   621.846472   690.512069   1592.010232   594.884595   697.167237   546.834035   578.533626   569.687870   286.326483   553.357856   578.007287   532.153321   242.328714   579.610581   2376.000311   2699.509552   
46.400000   393.954020   499.937398   562.698817   830.703289   411.321995   613.001081   649.164471   586.716329   1405.595109   1557.637926   906.820838   281.952577   265.049117   326.776574   640.270840   546.560445   981.135653   626.639406   620.317362   688.422138   1587.725852   592.912009   696.829406   544.348001   577.146612   570.005907   286.620156   552.157101   578.549267   529.573908   245.388520   577.322344   2371.484773   2693.932875   
46.500000   392.941296   501.544660   561.239265   830.130630   408.963762   612.289794   647.504444   585.564336   1403.253105   1555.670901   904.089989   281.418309   265.729657   328.769510   639.254428   545.138290   976.432786   625.366690   618.619283   688.698384   1584.157306   592.308313   696.767984   546.258233   575.953422   569.973024   283.492904   554.097742   575.792323   528.487457   242.433816   575.155461   2368.228243   2688.682532   
46.600000   391.772307   496.960491   559.068108   827.947124   409.248014   611.179376   647.478251   584.632900   1400.997395   1551.700114   902.316614   279.832817   263.195357   326.843141   638.074291   544.285946   975.081654   624.269539   617.572611   688.870344   1581.741060   591.835786   692.439897   543.910588   577.539866   567.109618   282.173102   549.638169   573.768074   527.394993   243.628538   573.672872   2362.246269   2683.780628   
46.700000   393.084577   490.916249   558.132608   824.822052   406.955673   608.452323   646.216983   582.261920   1397.753163   1548.657764   901.550054   279.144302   261.988558   323.505165   635.700251   541.623352   972.524218   619.447527   616.234452   684.564392   1579.309141   589.305913   690.510491   540.304749   573.340593   565.946707   280.168158   547.608969   571.766461   526.666959   243.942812   571.811289   2358.332159   2678.758622   
46.800000   391.752772   490.993265   557.400992   823.343006   406.642359   607.109178   644.407221   580.798650   1394.895355   1545.457442   900.867456   278.590018   267.742669   323.138035   633.877559   541.073292   970.051192   618.932417   615.128278   681.988035   1575.943652   587.887496   689.220667   539.444493   572.366063   564.600317   277.945794   546.093934   571.766969   525.320648   242.757670   571.038514   2353.869022   2673.220149   
46.900000   391.508708   490.110535   558.268417   822.487940   410.172920   606.552746   642.757311   580.246591   1393.697387   1542.176741   899.414446   277.836235   266.356830   322.760931   635.566278   539.368449   972.876644   618.012854   613.492706   681.641531   1572.592542   586.762361   687.845266   539.442284   572.290406   564.160465   277.893873   545.636308   570.376412   527.357886   250.359967   571.164005   2350.811947   2668.475340   
47.000000   389.040630   491.160462   555.393413   820.363776   406.082253   605.488844   643.127583   578.865314   1388.984540   1540.055794   895.468156   276.585671   264.081191   322.130622   632.389006   538.150814   965.858392   618.172227   613.148458   679.600347   1569.160041   586.529915   686.458382   537.709912   570.058560   562.749518   275.671323   544.820306   570.459182   524.039283   243.605205   570.502089   2346.147325   2663.539397   
47.100000   388.711610   488.104690   553.873448   818.548792   405.773720   603.468476   640.426214   577.587881   1387.856382   1537.136304   894.545838   275.669253   258.219097   321.201404   631.068174   538.236845   966.153226   615.247049   610.385691   678.686828   1566.982629   585.395133   685.782819   536.187552   568.837016   562.070266   275.563159   544.496838   567.724014   521.989606   249.110008   568.280214   2342.324349   2658.108272   
47.200000   389.059507   488.271729   553.184617   817.569673   404.678739   602.689462   639.287606   575.623711   1384.135248   1533.804075   894.090208   274.439982   257.429523   321.016711   629.747980   535.419598   963.720558   613.806152   609.433427   676.905276   1563.554154   583.986857   683.794505   535.558507   568.908328   562.493723   275.053638   543.157184   566.525613   522.552534   240.585425   566.696432   2338.857749   2653.118889   
47.300000   389.402910   485.959952   553.005995   815.909908   403.638685   601.198134   638.206759   575.182762   1381.411345   1530.747541   890.372272   275.055119   255.916057   319.912898   629.080362   535.238357   961.301693   613.264366   608.260396   675.284573   1560.738455   582.589867   683.091424   534.077913   566.784957   559.090999   273.976876   541.097673   565.141461   520.927383   240.815234   566.532404   2334.499960   2648.569546   
47.400000   387.197620   485.497131   552.198796   813.601450   402.723027   600.080534   636.938574   574.647493   1379.882039   1527.338795   890.557064   275.633269   256.710670   319.086618   627.207061   534.053505   960.129919   611.013921   608.045514   674.029204   1557.763560   580.750952   681.066814   532.835077   565.830637   558.852835   275.715438   540.549624   563.961214   519.998605   242.467742   564.397054   2331.385460   2643.547636   
47.500000   386.370573   482.644659   550.084385   812.151521   400.645603   598.607318   634.942086   572.789262   1375.474611   1524.238435   887.253063   273.660464   257.317886   319.383172   626.235988   532.272999   958.475137   610.097040   606.643927   672.872795   1554.798930   579.791185   679.692156   531.170630   565.285869   557.173604   274.570157   539.744643   562.972850   517.780780   239.212261   563.350909   2328.055180   2638.297825   
47.600000   385.676853   481.929099   552.501270   810.635348   400.290083   597.892473   634.664330   571.948042   1374.161782   1522.028679   887.308299   271.441667   255.468030   318.869948   625.573370   531.584966   955.697058   608.533083   604.574488   671.322624   1551.643028   579.243035   678.904320   530.626308   563.141204   557.472904   272.341843   538.232349   561.822300   516.362745   241.808126   562.669065   2324.466955   2633.338285   
47.700000   384.074730   480.851551   547.355895   809.417485   402.931830   596.585889   633.828972   570.985174   1372.418034   1518.615082   885.321606   271.620246   251.547064   317.543507   624.937787   530.728124   953.841567   607.473144   604.216845   669.614685   1548.701454   578.649073   677.319101   530.109379   563.303208   555.404635   271.940379   536.703698   560.281140   517.705025   238.911145   561.612773   2321.352130   2628.410009   
47.800000   385.156884   480.484829   547.303223   807.650655   400.408331   595.019315   631.806746   569.393555   1369.040638   1515.622313   882.488239   269.854320   255.203202   316.804731   622.682251   530.747537   953.394083   606.742455   603.468794   668.779085   1546.376752   577.488645   675.512291   528.495997   561.650180   554.176796   271.375541   536.240003   559.454584   516.553429   239.593582   560.318993   2317.639906   2623.588683   
47.900000   381.809584   479.248675   545.861041   806.049474   397.358217   594.203394   629.822974   568.337585   1365.948372   1512.939471   880.434784   271.219498   250.362628   316.186205   620.811575   528.844163   949.505401   605.142633   600.974937   667.629746   1543.039007   576.280922   674.905222   527.479852   560.541799   552.608149   272.209845   534.340738   558.082046   514.987644   237.446131   558.761641   2315.107901   2618.886640   
48.000000   383.255738   477.845248   544.931666   804.528106   397.213044   592.866689   629.122195   567.039621   1363.454543   1510.941123   882.412610   270.799598   250.382892   315.137447   620.744022   527.704628   948.663254   604.206401   601.033164   665.810559   1540.485590   576.083729   673.394373   525.891348   558.961038   552.334907   271.415170   533.648443   557.902742   512.835266   237.034610   557.933346   2312.008496   2613.958497   
48.100000   381.097432   477.218291   542.827956   803.278240   398.710235   592.179770   629.546744   565.723547   1360.437211   1507.375514   876.734823   268.515002   250.249678   314.417519   618.977770   526.696147   947.233380   602.934744   599.028329   664.818186   1537.265715   574.110798   671.837436   525.401893   559.384133   551.643044   270.784062   532.582691   556.519661   512.150351   236.382539   557.022573   2309.409095   2609.191099   
48.200000   380.014745   476.338715   542.095535   801.601112   395.182436   590.851838   626.720693   565.511881   1357.903298   1504.778269   876.146463   268.226944   249.044517   314.051774   617.030036   525.754319   943.826356   602.157918   597.925801   663.365849   1534.614080   573.342951   670.507005   523.852483   557.996452   550.596252   268.963820   531.118039   555.212689   510.984495   235.348179   555.954784   2307.371810   2604.536824   
48.300000   379.618717   475.407140   542.097407   799.979396   395.336784   589.768985   625.675850   564.218538   1356.007658   1502.652031   874.568573   267.463749   249.133139   313.735786   616.189742   525.019939   944.120911   600.998224   596.442717   662.388576   1532.463166   571.867786   669.885536   523.162469   555.695331   548.286949   268.304367   530.829138   554.182833   510.464778   239.368057   554.817210   2305.355558   2599.650313   
48.400000   379.649690   474.235947   540.561718   798.497746   395.782419   588.229147   624.348418   563.630652   1353.987076   1499.085104   873.758303   267.358041   247.437294   313.361301   615.278294   524.619437   943.501785   599.885463   596.025545   661.239957   1528.706518   571.624558   668.129691   522.001473   555.069449   550.231395   268.383980   529.943510   553.909778   508.734193   236.999851   554.216756   2303.698745   2594.835636   
48.500000   378.394642   473.418422   540.054788   797.188130   393.692096   588.283601   623.532063   562.305664   1350.998444   1496.827345   871.294539   266.850808   246.502692   313.325174   613.734485   522.201459   941.240682   598.710637   594.514165   659.926601   1526.218347   570.487813   667.012470   520.645150   554.481966   546.670707   267.797447   528.532108   551.818249   509.351370   235.010096   552.398123   2302.945307   2590.195040   
48.600000   380.125825   473.429471   539.739079   796.245394   395.684266   586.619678   623.994872   560.910444   1349.762940   1494.210831   870.342923   266.810549   246.848423   313.035495   614.530607   521.614043   939.500033   597.228977   594.563559   658.294474   1523.973807   570.056658   665.923640   520.391442   554.261023   549.156550   266.910098   527.581958   551.682266   509.811895   235.134549   552.228545   2302.832087   2585.682255   
48.700000   378.368857   471.818547   537.844574   794.308924   392.409787   585.053128   621.575875   559.624903   1346.574081   1491.163381   869.230027   266.870677   247.063096   312.238526   611.601396   521.350163   937.100164   596.054244   593.501108   657.553277   1520.839227   570.363192   664.719239   519.391564   552.483037   546.256724   266.426584   526.987866   550.020254   507.409914   232.791009   550.753242   2303.075372   2580.968408   
48.800000   378.845105   471.847250   536.436678   793.007843   392.166172   584.755634   620.129325   558.323890   1343.764126   1488.485996   866.703254   266.977393   245.233148   312.715634   611.382069   519.630717   935.932877   595.044529   590.997553   656.266951   1517.592345   569.163393   663.587262   518.125464   550.444486   544.691949   266.892107   525.605487   549.673523   505.332797   233.399600   549.711403   2304.777359   2576.265613   
48.900000   375.632436   469.824844   535.826733   791.678740   391.089667   583.435168   620.360597   557.541377   1340.662882   1486.051411   865.368172   265.669977   245.226510   311.684226   609.616310   519.033247   935.025133   594.299831   590.672789   654.874181   1514.977286   568.474272   662.371093   516.906644   550.555805   543.703433   266.207259   524.675341   547.867449   505.056692   235.323990   549.012091   2308.501188   2571.840877   
49.000000   375.527563   469.427107   534.512453   790.341775   391.805337   582.157088   618.627737   556.485979   1339.059156   1483.012358   863.370537   266.179103   242.961165   311.552265   608.384398   517.817375   931.514232   593.573025   589.999204   653.746339   1512.400074   567.666633   661.149780   516.287858   549.777525   541.045015   264.881070   524.031304   547.179379   504.046916   234.230052   547.554660   2313.306352   2567.111885   
49.100000   374.486301   468.001629   533.552955   789.060258   389.403532   581.366821   617.562303   555.472628   1336.550130   1480.910747   861.452919   265.656518   244.360459   311.568568   607.054303   517.852780   929.141421   591.867210   588.815368   652.913134   1509.478970   567.856477   660.406082   515.195242   548.213027   540.869584   265.282286   522.727491   546.348101   502.284000   235.032973   546.262040   2320.696325   2562.779533   
49.200000   373.413297   467.647732   532.756048   787.293833   390.637751   580.371595   614.973356   554.694886   1334.183247   1477.568757   859.768284   265.549439   243.367882   312.738023   605.997218   517.501477   928.341183   591.226092   587.544124   651.234099   1507.125830   568.178506   658.780854   514.513719   547.167806   540.179194   264.948648   521.722661   545.538578   502.219955   234.015004   546.073899   2332.574756   2558.064626   
49.300000   374.719943   466.407612   531.874033   785.919588   388.915248   579.782739   613.964814   553.625518   1332.456022   1474.910218   858.407761   266.138077   244.377182   314.695468   605.598939   515.836064   925.823935   590.018918   586.127992   649.861838   1504.566375   568.926659   657.843273   513.495011   546.369013   538.933034   266.096461   522.178528   544.740198   502.465556   234.405705   545.128069   2350.602709   2553.718545   
49.400000   372.395427   465.755555   530.774832   784.550489   386.422954   578.685065   613.407407   552.243324   1329.312210   1473.336531   858.223685   267.412789   243.360218   314.431636   603.960477   515.478220   926.195775   589.243458   585.069020   648.906415   1501.683601   571.122280   656.449109   512.687135   545.501412   538.567650   265.229445   521.265878   543.836178   500.362784   234.646082   543.588982   2377.731156   2549.135569   
49.500000   372.560495   464.602153   529.478560   782.981149   386.968120   577.636536   612.034013   551.723641   1326.759293   1470.168733   856.087636   268.293357   242.028001   316.318026   603.758483   514.903003   922.896906   589.113281   584.332711   648.122047   1499.244665   574.075601   655.302222   511.599576   543.852114   537.328867   265.677359   520.317059   543.700286   499.557656   233.908522   542.852997   2420.438895   2544.677612   
49.600000   370.664938   464.239752   528.475299   782.157845   386.112505   578.132219   610.461808   550.186242   1325.235669   1467.885923   855.896688   271.636719   243.783047   320.739508   601.388635   515.658185   924.309859   589.914077   583.477842   646.727923   1496.671560   580.721307   654.164341   510.494474   542.789668   537.282955   266.975886   520.041678   543.611616   498.425307   235.614563   541.741356   2494.113562   2540.239706   
49.700000   373.966480   463.218402   528.286638   781.489689   387.021956   578.410186   611.022292   549.546471   1322.619979   1465.477841   852.610600   278.541912   246.241425   330.724435   601.257960   515.417564   923.950016   588.937254   581.609844   646.124363   1493.618591   592.398333   654.060928   509.644873   544.958139   535.274702   268.142148   520.540214   542.809482   497.584776   237.800326   541.423120   2633.172240   2535.852604   
49.800000   372.883438   462.534230   527.728072   781.536199   387.185658   581.084266   610.381549   548.491542   1320.407354   1463.016642   851.389986   295.741963   248.830817   353.279441   599.979494   520.578481   923.954756   592.815900   582.349424   645.566006   1490.940218   622.939447   653.490637   508.720959   541.966418   538.489736   275.269263   522.633552   545.549968   499.255852   244.277263   540.848421   2946.603204   2531.692935   
49.900000   380.087146   462.989383   530.983575   785.311136   389.143066   595.647908   608.549411   547.962739   1318.015203   1459.891213   850.669462   356.560767   254.840014   429.766511   599.925599   538.834430   930.395232   607.103686   581.007726   646.381136   1488.276799   725.250630   656.260627   508.161874   540.375905   539.102646   299.230401   535.808013   553.571005   499.089937   269.197942   539.367742   3969.559183   2529.185991   
50.000000   512.524256   492.156752   585.770976   884.845923   451.232859   838.581347   612.035547   551.745129   1321.414151   1463.054605   855.086176   1031.991131   414.835961   1279.559762   598.487733   824.512334   1050.598117   861.565805   609.465873   685.954206   1486.473595   1948.568109   730.713998   509.190112   540.133666   608.756810   640.612001   759.102497   736.293063   526.986085   600.271386   543.841447   14214.348465   2553.039151   
50.100000   409.307007   468.474920   539.855657   804.999108   400.575734   653.591924   607.837130   546.609811   1314.464406   1456.373395   848.779140   547.754420   294.093823   675.419050   596.872379   605.219491   962.116955   668.823305   586.026751   652.849481   1483.413046   1059.639859   672.683442   506.043927   539.215432   553.539045   384.693363   586.044641   591.672342   502.559741   359.572007   538.749036   7154.618858   2526.652715   
50.200000   373.504900   460.202666   525.706335   778.209874   386.068934   585.099224   606.390170   544.971663   1310.877724   1451.953921   847.625895   324.639922   248.337824   389.957076   595.523338   526.500274   919.528624   595.368403   578.063711   641.533296   1481.100339   671.631504   651.706857   505.217895   537.097798   535.361318   284.611375   526.352218   544.952340   494.787004   255.223911   537.026119   3489.525788   2515.154959   
50.300000   368.975648   458.837801   522.320906   774.402952   381.182892   573.962100   602.705914   543.968997   1308.015036   1449.352479   843.653732   286.826295   241.733536   341.704922   594.279417   513.539190   912.480084   585.875509   575.460104   639.415485   1478.148339   604.672280   647.496727   504.059615   535.831212   531.203219   269.588565   516.727424   537.830683   491.944329   238.660200   534.540717   2804.890872   2509.861605   
50.400000   367.115134   457.959872   521.717624   771.262490   380.957268   570.588387   602.891506   543.452995   1306.165199   1446.969831   842.919222   272.749882   241.095816   322.594167   593.368171   508.439669   909.781385   581.663221   575.187716   638.039342   1475.681085   579.996052   645.801813   503.141998   535.225431   528.498098   264.437173   513.108043   535.121725   492.185192   235.360230   533.605761   2555.550104   2505.228295   
50.500000   366.526979   458.446376   521.822914   769.551196   379.891365   568.640476   603.076481   541.501472   1304.219290   1445.359175   841.158976   266.792266   241.282703   313.987213   593.757700   505.887158   907.602446   578.597292   574.189236   636.268897   1474.045898   568.328893   644.149281   502.857102   534.419108   529.186321   263.530499   511.669663   532.966331   491.115440   233.651050   533.394917   2433.933029   2501.085354   
50.600000   364.607640   456.365658   520.486045   768.491992   380.285674   566.581339   600.368259   541.181780   1301.942891   1442.242334   840.825672   262.550624   237.714675   310.334777   591.516984   504.796193   905.661290   577.322178   572.539871   635.631288   1471.005709   562.467122   642.855720   501.042452   533.658389   527.871940   259.400408   509.678282   531.844910   490.548251   229.807276   532.445904   2363.467147   2496.634262   
50.700000   366.182343   456.306419   520.055113   766.676809   377.908885   565.442650   598.826179   539.879845   1300.769582   1439.312077   840.676173   260.692649   237.011879   307.459227   591.044147   503.275162   905.011961   575.632711   572.913519   634.935500   1468.549952   557.131025   641.149842   500.669392   532.400228   526.099598   258.897270   509.060861   530.732984   488.249606   228.459260   531.812712   2318.210301   2492.239533   
50.800000   363.555780   454.424341   518.250031   765.301450   377.343018   564.587922   598.755532   538.495844   1297.778469   1436.901815   837.314341   259.086664   236.084636   305.301832   590.828645   501.956273   903.042899   574.549848   570.936179   633.055896   1466.202808   553.733326   640.403379   500.020794   532.554248   524.750084   258.963657   507.817858   529.852571   487.649178   226.559543   530.498958   2286.397287   2488.042736   
50.900000   363.940724   453.973175   517.832763   764.225741   376.650129   563.110774   597.089775   538.545436   1295.237158   1434.425143   835.331620   257.593327   236.677934   303.262194   588.547393   501.850475   900.160449   573.502613   570.920501   631.977962   1463.421551   551.798330   639.664418   498.540889   530.640258   524.107528   257.170534   506.297976   528.852189   486.790933   225.751138   529.434305   2262.928486   2483.853523   
51.000000   363.423701   452.950189   516.766475   762.463556   376.599589   562.916139   595.790088   536.980460   1292.812495   1431.986544   835.404863   256.043202   236.153138   302.447259   587.850236   500.776256   899.082071   572.217293   568.753614   630.871448   1461.357801   549.443323   637.784070   497.795029   529.761080   522.795009   255.904797   505.708200   527.935274   486.187096   226.535310   529.000423   2245.213934   2479.752025   
51.100000   360.761244   452.594362   514.977697   761.717484   375.652836   560.717350   594.791593   536.228927   1290.576866   1430.051281   832.058238   255.684302   235.821352   300.972861   586.367071   499.546753   897.743025   571.784599   567.533589   629.706723   1458.288454   547.353061   636.470177   497.696537   528.821971   521.532499   255.834200   503.968253   526.670519   485.085236   222.921667   527.566057   2230.784411   2475.800252   
51.200000   360.815867   451.454914   514.001155   759.935488   374.909663   559.888577   594.599542   535.325111   1288.569572   1427.781533   831.148075   254.437692   235.795276   299.121383   585.559186   498.412227   896.718899   569.968819   567.969928   628.276677   1456.371846   545.733281   635.814113   496.627159   529.025964   520.959444   254.521864   503.683509   526.008232   484.563138   223.791663   527.575683   2218.312899   2471.463004   
51.300000   359.444980   450.528727   513.149685   758.395321   377.650952   559.026577   593.283172   533.862302   1286.474667   1425.312411   831.672405   255.544713   236.103382   298.316614   585.950883   497.004348   895.880422   569.007008   566.052606   627.661305   1453.761605   544.504852   635.148962   496.059747   527.754915   522.198031   254.462638   502.821240   524.839988   483.518103   222.702861   526.358858   2207.844369   2467.138320   
51.400000   359.278894   450.728291   512.331075   757.450882   372.834139   558.164791   593.008629   533.677111   1284.699577   1422.994362   828.919588   254.032840   235.587112   298.406313   583.597235   495.896503   893.130798   568.584610   565.041237   626.807562   1450.737500   543.299753   633.171565   493.860950   528.226211   519.333470   254.331265   501.801638   523.767765   482.306749   222.181550   525.085345   2199.125705   2463.018302   
51.500000   359.269236   449.088338   513.155489   756.253030   373.043561   557.053880   591.731568   532.049058   1282.061932   1420.307954   828.803400   253.606317   239.462228   297.453777   583.285663   495.597185   893.581476   567.653166   564.433618   624.794212   1448.768795   542.027372   632.519019   493.821869   526.192197   519.755487   254.875754   500.929510   522.680335   482.859823   222.498790   524.557847   2190.946245   2458.949605   
51.600000   359.602052   448.608674   513.379541   754.973596   374.983670   556.546209   591.316158   531.522818   1280.669517   1418.110780   828.683048   252.508084   241.467800   296.015902   583.115568   494.634646   894.954088   565.828186   564.095513   624.096050   1447.628559   541.082723   631.474705   492.462247   525.297699   519.391151   254.568527   499.891343   521.945924   483.736284   225.985624   525.536437   2183.623246   2454.949017   
51.700000   357.774221   447.642458   509.454229   753.798270   373.492963   554.884854   590.986887   530.096111   1278.254336   1415.615165   825.673884   252.688829   235.977554   296.787426   581.585811   493.902282   892.322605   565.053045   562.765017   622.985640   1444.139986   539.420368   630.309670   491.621678   524.742867   518.341129   252.929181   499.229898   520.950782   480.228347   221.207590   523.820213   2177.128573   2450.744664   
51.800000   356.681631   446.965000   509.005247   752.237639   370.506318   554.535404   587.866309   529.325536   1275.565193   1413.243713   823.218878   251.445384   234.457087   295.466166   579.532403   492.813068   887.048943   565.140585   561.199642   622.269245   1441.512371   538.627951   628.883700   491.334958   523.289501   516.474928   253.867529   498.759649   520.267897   479.653810   219.783993   521.477550   2170.931082   2446.731840   
51.900000   356.232431   447.374271   507.715395   750.984536   369.641527   553.049682   587.063097   528.862002   1274.525132   1411.742080   822.066843   252.200105   234.985711   296.980128   578.662759   492.011922   886.906769   563.331528   559.176008   620.969018   1439.296136   537.181147   627.670802   490.127850   521.701267   516.016513   252.500475   497.302893   520.392924   480.015307   221.810885   521.152210   2165.346817   2442.762002   
52.000000   356.051473   446.795950   506.396098   749.826727   372.264909   552.067532   586.985897   528.020102   1271.814238   1408.576361   819.765590   250.591491   234.856142   295.850482   578.639096   491.115494   883.280706   562.099145   559.237325   619.697382   1437.733109   536.423913   627.893863   489.637419   520.453474   514.760807   252.652720   497.050833   519.167524   479.033682   220.453980   519.608862   2159.642175   2438.894935   
52.100000   356.480424   444.864971   507.053513   748.727451   369.891581   551.408946   585.161706   527.076350   1270.135041   1406.493874   819.474485   250.738678   237.182091   293.442330   577.166471   490.936217   882.998045   561.935486   558.439746   619.019355   1435.140927   535.205705   626.399431   489.131384   520.097740   514.340014   251.932858   496.075965   518.048852   477.056388   221.683316   519.229100   2154.749737   2435.009841   
52.200000   355.168351   445.347532   505.653057   747.800881   367.910129   551.087736   585.349256   526.534776   1267.545418   1404.452639   818.039242   250.395874   234.229780   293.453926   576.319981   489.825043   882.401520   561.258138   556.683085   617.754336   1432.742648   534.682504   625.012468   487.825183   519.324695   513.611148   250.792243   495.670668   516.894755   477.276234   218.465003   518.836840   2149.673490   2430.832582   
52.300000   354.931667   443.999302   505.807930   746.748624   368.511092   549.742354   583.493947   524.815166   1265.762319   1403.001251   816.957075   251.756247   233.645528   294.140829   576.317790   488.646599   880.780203   559.827420   556.296467   617.226427   1429.748276   533.458998   623.730272   487.196205   518.101244   512.589549   250.905728   494.325415   515.780758   476.168513   219.349319   517.642690   2145.107177   2427.123946   
52.400000   356.465172   443.542703   504.773712   744.709538   367.169234   548.461219   582.862775   524.882452   1263.602726   1399.664767   814.310094   250.590040   234.258412   292.719186   574.514563   487.578416   880.445644   558.568966   555.029776   616.101270   1427.666994   532.707905   623.003639   486.068816   516.949722   512.085968   250.278381   493.140846   514.891238   474.854752   223.206115   517.679035   2140.609400   2422.836635   
52.500000   352.958256   443.580022   502.572622   743.814593   366.721169   547.357732   581.777331   523.290608   1262.135097   1397.061986   812.856636   249.649246   231.496976   293.385902   573.867407   487.395953   877.786326   558.087728   554.217505   614.811973   1424.979870   531.930698   621.930156   485.414373   516.142681   511.081185   249.923397   492.764135   514.819744   473.472549   222.144686   516.393911   2136.466382   2418.913087   
52.600000   356.132898   442.048853   502.576714   742.625692   367.403955   547.554920   580.194342   522.610376   1261.100943   1394.830252   812.805875   249.732896   234.454771   290.707402   573.040093   485.831415   878.900343   556.404248   553.587061   613.731340   1423.032760   531.599301   621.101124   484.832501   516.461537   510.696370   249.585779   492.374231   513.221949   475.315238   218.916599   516.412442   2131.900837   2415.368182   
52.700000   352.993367   443.769514   501.458288   741.947891   367.867518   546.429407   579.547452   522.180865   1258.202331   1393.247425   810.876765   249.543738   232.282644   290.801977   575.974264   485.784433   875.170225   557.409542   553.573847   612.697531   1421.391234   529.819907   620.625524   484.585593   516.744327   510.561425   250.473016   491.294351   512.924126   473.818396   219.139571   515.338415   2127.922577   2411.310775   
52.800000   350.568221   441.027960   502.334310   741.031238   367.035993   546.601887   579.426302   521.131207   1257.448496   1390.719667   808.917166   248.157704   234.085005   293.281127   570.450660   485.798056   873.902588   556.243990   552.493132   612.467222   1419.330511   529.379205   618.933432   484.948510   514.420723   510.013051   249.428841   490.009067   511.554952   472.401508   217.830114   514.697901   2123.833860   2407.557483   
52.900000   351.277369   440.212249   501.177047   740.209411   367.988111   544.964945   579.222298   520.609970   1256.115735   1388.513486   809.146020   250.166086   239.076844   289.939478   571.382047   484.732635   871.969449   554.561453   550.993481   611.894306   1417.216075   528.306555   618.118548   483.982847   515.914973   507.679376   251.067903   491.201469   511.655729   471.552202   216.992396   513.634553   2120.106532   2403.846772   
53.000000   350.338000   441.646784   499.112751   737.893549   364.634419   543.285650   577.002545   519.513326   1252.584624   1386.298053   808.734336   247.813993   235.228666   289.138249   571.254247   483.033023   875.076062   553.750526   550.021191   610.313220   1413.983178   528.270683   617.323452   481.960980   512.669804   506.393096   249.611965   490.196650   510.102986   469.974780   217.778322   512.168183   2115.568678   2399.634283   
53.100000   349.100220   440.869360   499.381596   736.638210   362.729440   541.956969   575.113507   518.612743   1250.140614   1383.657516   807.172801   252.586123   237.356064   290.304083   569.905592   483.858535   869.703315   554.104608   550.790513   609.227609   1412.081491   527.637092   616.749159   481.265828   511.366174   506.107191   247.526701   490.745378   509.185998   471.094460   215.770005   510.825227   2112.212232   2395.821728   
53.200000   349.733385   440.550188   496.728557   735.604451   361.112841   540.983250   575.012307   517.967864   1249.573953   1382.224488   808.919394   248.868821   236.865911   290.984925   568.198469   484.868462   867.786069   552.673067   548.705050   608.602282   1410.185495   526.996929   615.489623   479.778165   511.070864   509.624161   248.434946   487.832154   509.040123   469.281291   216.384519   511.194965   2108.868087   2392.821063   
53.300000   348.586980   438.641836   496.905615   735.011177   361.442773   541.178249   574.255421   517.374603   1246.400155   1380.915308   803.056316   248.493414   238.168363   289.363167   568.591540   482.244860   867.670223   551.365754   547.884185   607.822286   1407.715927   527.283439   614.877772   479.452584   510.923577   506.089590   249.738711   488.562281   509.558560   467.916936   218.499946   509.871275   2104.377391   2388.292826   
53.400000   347.463697   438.819416   495.470045   733.414300   364.644086   539.462253   572.721524   516.740048   1243.909463   1378.887880   801.147560   248.713858   237.360793   291.178328   565.350850   481.275246   867.460692   550.911984   546.317245   606.289414   1405.430363   524.790727   613.755404   478.975786   508.772396   503.381788   250.116276   486.348223   508.330183   467.506775   215.307570   509.783204   2101.579130   2385.150333   
53.500000   347.701359   438.738468   494.940980   732.218656   360.757076   539.274822   572.856182   516.192332   1244.490493   1379.042963   802.143539   246.444457   231.160968   289.785980   565.355665   482.518840   866.094544   549.086678   545.976030   606.880307   1403.665124   523.875394   612.907205   478.458147   510.946598   504.877163   247.092796   488.110543   508.038486   466.339957   217.087979   509.327019   2097.359758   2380.862843   
53.600000   347.173333   441.130641   494.326635   731.494927   359.173479   538.444930   570.790693   516.016205   1242.739273   1373.586100   799.977588   249.260671   232.430557   288.025902   566.353272   480.124526   864.458631   548.718791   544.528812   605.526510   1400.616401   524.392178   612.162409   477.603519   507.923941   503.902531   250.721014   484.990330   507.244228   465.815406   217.305441   507.562559   2093.902266   2378.852816   
53.700000   346.909265   439.955983   493.560624   731.111321   360.157907   537.037576   570.787440   515.413394   1239.879887   1371.439733   799.127150   249.186196   237.864453   288.788822   564.538199   479.872546   861.955207   548.271455   545.720663   603.961264   1398.675435   522.790101   610.148739   478.399515   507.014456   503.747737   248.216775   483.786882   505.579995   465.559588   215.408123   506.704127   2090.954256   2374.173419   
53.800000   347.677934   442.747015   494.570102   731.350617   360.298516   538.487117   570.109285   517.187294   1238.360512   1374.288726   797.662787   246.842758   232.758034   289.131392   563.537174   480.764479   863.318510   549.070695   543.334278   605.018407   1396.237086   523.093906   610.766324   477.756567   506.898147   502.061380   250.620641   485.071024   506.404517   465.468343   214.760540   510.283360   2087.131354   2370.386947   
53.900000   348.501710   439.440180   492.476636   728.884007   359.048335   537.672796   569.587669   513.650427   1238.465083   1371.065305   797.517901   246.676907   239.276341   289.916534   563.906551   480.909518   862.260406   548.442131   542.892366   605.585756   1394.737164   519.872544   610.721231   479.555006   507.325054   506.226531   249.008709   483.123136   504.786608   463.283911   214.092621   506.689446   2084.218664   2366.777608   
54.000000   344.357118   440.090836   491.149592   730.610878   359.221267   537.462893   568.276928   512.980563   1236.068911   1367.156831   796.899452   248.301872   243.275383   288.363712   562.013431   477.449435   857.992627   547.314366   542.405894   604.873537   1391.602244   520.412391   610.084898   478.366909   505.924976   504.291035   249.091999   484.445290   505.019989   462.598134   216.893247   507.909446   2081.163026   2362.828350   
54.100000   344.791386   444.116065   491.698139   727.735705   359.986823   537.533586   570.053635   511.887216   1233.003669   1366.719827   793.126020   249.503198   251.489265   288.852420   566.130072   476.178489   858.281771   548.027715   541.082348   600.912174   1390.079362   521.216921   608.757349   475.457180   505.882580   503.304631   251.764309   484.931646   507.394540   464.501526   214.595563   509.044051   2078.680116   2359.402661   
54.200000   344.037803   449.525375   491.600394   728.243294   356.454511   535.302601   567.585775   510.657482   1232.392990   1365.701060   792.883766   261.753511   243.207111   291.122648   558.453540   477.306015   862.403057   546.407241   540.513807   600.093245   1388.495995   520.430217   607.384989   474.650075   503.540166   499.753038   252.661991   481.929606   503.057309   462.525047   217.377286   505.598434   2074.370394   2355.907056   
54.300000   342.909205   453.572646   492.604162   728.737490   359.730808   535.751430   567.444661   513.739411   1230.221830   1361.835307   791.646352   251.439617   239.574159   289.421571   559.256961   479.545511   862.547178   546.187166   540.986585   602.108831   1386.104624   520.930708   606.956642   476.534331   505.192645   502.405093   250.261350   483.047155   505.622789   462.720653   216.305658   506.774465   2070.092027   2354.920917   
54.400000   344.053589   442.929233   491.236205   723.155189   355.302702   534.574490   566.631500   509.858406   1227.526680   1361.806933   789.907935   244.780481   278.089609   290.533005   559.917818   479.418543   855.547031   546.155486   542.015883   599.105361   1386.953137   519.406123   606.975186   474.416263   503.672308   496.550362   248.207911   481.192837   502.983273   463.100006   217.803991   506.863966   2067.028913   2351.863548   
54.500000   344.629847   455.868397   491.981358   725.680098   354.880356   533.561417   564.744383   511.489057   1228.754847   1362.984371   790.234081   249.991643   252.744945   289.962118   557.309947   479.586987   860.281057   545.017329   538.969502   601.523480   1383.988119   519.943646   607.817227   476.098584   502.708336   497.478230   252.664912   480.163723   502.846314   459.293441   216.938655   504.239465   2066.575563   2346.647448   
54.600000   343.797313   448.387623   490.130598   722.795466   355.348068   530.974934   564.889096   508.533555   1226.780390   1362.238589   787.717049   252.774732   299.893822   292.972090   560.292953   474.140931   853.649063   544.295552   538.772212   598.379205   1382.287996   520.055349   604.904512   470.753840   501.347190   500.606598   248.615583   479.490120   499.613405   461.709408   216.538804   507.836569   2059.563526   2347.750988   
54.700000   344.690723   448.756949   488.766943   724.161766   358.209028   536.595131   566.511082   513.249757   1222.635377   1361.321899   787.244418   264.749329   288.717329   296.748262   562.200490   478.059792   855.478948   549.982356   537.399738   603.289939   1380.502416   519.681077   606.263247   473.995687   500.285173   504.531571   264.749263   485.236651   511.643810   459.610252   218.396207   508.093765   2060.786090   2341.294953   
54.800000   344.702850   470.684829   487.256733   727.698962   355.688007   534.798264   567.021828   515.640997   1221.849675   1367.684795   787.943217   257.755445   301.909708   293.864320   569.115326   479.208308   866.491635   549.308811   537.249364   603.734907   1378.081600   519.641433   607.878447   476.541571   499.218857   506.944354   255.310631   484.998292   509.991922   460.867947   221.099168   510.194458   2058.139571   2338.545913   
54.900000   346.060968   464.023642   488.845450   725.341515   358.016058   534.710930   565.523898   514.372567   1219.013519   1352.490713   786.496603   270.749090   339.702783   294.450659   561.195057   480.727845   854.600470   544.449443   536.589638   599.724852   1374.311177   519.918224   605.814320   473.372031   501.508982   500.768893   249.391482   485.952912   503.556443   463.311777   226.713593   505.253475   2054.704238   2337.614408   
55.000000   345.435427   472.704718   488.512893   725.467032   360.861060   536.022472   566.201918   511.158307   1221.144276   1354.820141   786.636085   284.527216   296.715341   295.289345   565.809401   480.646804   855.435025   543.683447   538.717754   602.052069   1374.368977   523.138073   603.708821   473.621159   503.607968   502.428949   255.736339   482.416238   504.117562   461.444742   221.357604   512.612132   2061.875668   2329.406354   
55.100000   341.948581   463.052488   488.691601   721.667536   355.328427   533.034281   565.906385   508.437491   1220.575914   1351.255535   783.272422   277.290530   272.716423   292.554451   559.348708   478.095291   866.085388   541.900611   535.015667   601.007883   1371.898952   518.407534   603.709081   474.022538   498.934576   503.325491   259.974638   481.040523   500.134872   460.341696   213.209793   511.681609   2048.144750   2329.487440   
55.200000   342.988114   462.947038   488.782726   722.834616   358.374419   535.265977   566.760824   510.386157   1221.754367   1360.673907   780.421008   279.126806   285.344612   306.334913   562.005959   478.206543   855.959833   546.459004   536.806745   600.335143   1375.331159   516.896642   602.476589   474.086457   501.269684   497.244970   262.597854   481.848677   502.583631   463.710632   215.874617   512.152336   2044.279615   2328.047466   
55.300000   341.640732   466.158447   487.833832   717.299882   358.471919   534.216766   562.734019   518.211398   1214.700891   1346.775712   779.795048   262.968902   289.667436   311.793421   564.296757   480.290023   852.273149   543.587026   533.487340   605.298619   1371.576334   525.431855   603.417225   483.757155   501.240780   502.007360   254.809809   482.293315   503.448082   458.243399   216.298817   517.698889   2046.637076   2324.164182   
55.400000   340.477965   475.731801   487.832359   714.215303   356.777095   533.042742   559.974056   508.071064   1211.659574   1342.412487   778.443449   268.576175   321.903722   309.026708   558.559752   474.739318   863.055669   537.892423   535.018933   594.109829   1366.195371   524.838776   600.454556   470.732057   497.837311   502.721293   247.924324   478.727712   496.693178   460.418744   218.827819   504.144099   2039.873869   2318.528458   
55.500000   340.436126   479.892230   489.556617   718.285867   359.758130   527.494936   563.307395   505.886451   1229.729157   1345.598062   777.913538   283.232195   273.672633   306.855423   556.403358   472.678369   868.112130   540.949894   538.785968   590.940416   1363.978555   525.542849   600.895853   470.435185   506.988817   510.789787   259.279319   480.117314   498.109746   458.508351   216.454964   510.039177   2040.535978   2314.506260   
55.600000   344.509745   487.705993   486.216345   719.188313   355.679501   537.723354   565.805285   518.731891   1223.782940   1351.885022   780.234845   281.481115   313.725865   295.550423   577.722495   477.936840   873.396684   548.280740   534.547226   607.595971   1365.920033   520.261160   606.710227   475.893258   497.168163   501.563649   275.935523   484.954944   506.994070   456.071875   220.578717   513.474747   2034.078014   2318.398478   
55.700000   338.829822   503.745353   482.784024   715.347319   355.675023   529.517993   559.739078   504.289121   1219.730923   1343.564716   775.682776   309.158218   313.382859   291.535158   558.075149   473.446400   853.065191   538.669951   533.292349   592.436612   1372.970405   515.975638   598.123594   470.439638   498.958232   493.778950   262.598158   478.001389   500.146561   453.255416   212.680034   498.417514   2039.119130   2315.154729   
55.800000   337.929632   472.324468   482.172063   717.368398   355.892743   530.777074   557.539528   515.048587   1210.073754   1348.945347   774.089127   278.878138   279.177472   300.266558   568.776876   488.705132   843.020954   542.890043   534.277913   601.345771   1368.402355   518.486686   608.903681   477.378394   504.113197   506.427450   262.179106   482.564613   500.313762   457.266673   215.449283   505.411272   2034.961628   2324.543034   
55.900000   344.885125   476.430813   485.162466   717.481901   354.430683   534.857771   563.513669   516.533785   1211.264477   1359.313569   776.754588   278.362151   257.647041   313.512124   579.786352   486.736459   853.118337   548.508787   531.864810   602.912411   1367.618092   529.745949   605.890784   482.524971   498.695839   498.953973   270.720790   485.311565   502.785456   457.232377   214.776506   517.967821   2031.713753   2331.125451   
56.000000   340.869411   494.312743   489.013951   721.857009   356.792156   526.815402   558.855543   515.542755   1223.605931   1343.053999   774.581024   288.312270   343.389798   300.239765   565.106087   486.691216   858.069856   543.921982   532.539164   591.540447   1377.056763   520.102315   596.091156   467.980599   494.682022   517.515594   283.094389   483.600264   497.660508   459.035631   218.881821   509.477806   2020.010353   2322.485799   
56.100000   345.717876   502.318630   495.328045   729.067337   361.253688   532.615299   571.714580   512.220222   1226.805240   1350.427754   775.640141   290.867698   371.138971   309.088097   581.043904   481.663328   858.019193   550.484992   536.815863   594.516145   1377.973792   523.234318   600.681880   472.845862   504.193937   496.641173   270.127187   489.074174   506.272541   459.796461   221.905256   518.343469   2034.704301   2321.019883   
56.200000   339.522373   505.780129   488.399126   732.086989   368.935595   552.282539   556.608280   530.162710   1230.310844   1346.217126   771.912152   326.481289   326.671231   318.338619   559.865092   515.278269   861.535277   557.277782   533.671009   618.278290   1371.515975   527.841965   612.277448   498.575459   502.709367   497.371060   280.261569   490.697581   517.667703   465.339783   227.754273   526.123801   2020.266491   2308.669455   
56.300000   347.228548   513.875118   491.073576   721.324959   357.820064   530.495736   566.197690   516.659411   1214.345977   1358.460167   776.054048   349.003519   308.664451   322.902815   605.805307   482.342604   870.920586   545.645915   536.374313   614.578934   1363.319049   515.822386   602.074807   483.393696   498.091548   514.537809   271.367635   483.538724   501.763127   458.508773   223.017648   511.635455   2035.084209   2301.081697   
56.400000   336.063724   504.498127   483.317103   720.677603   353.674066   529.887688   556.021825   511.414871   1225.393679   1367.391489   769.348475   346.980463   373.754993   311.672424   577.299502   481.724871   840.497206   552.459691   527.135595   594.106469   1370.075399   518.791931   596.296765   474.658047   495.024129   513.019895   271.399850   481.514573   510.265590   451.898115   222.724433   507.289778   2022.019044   2302.378459   
56.500000   340.389964   517.048294   476.535823   711.446768   351.466504   535.937726   556.421810   522.250598   1227.014604   1356.221592   773.109322   273.899224   429.227174   350.616033   559.143979   500.639969   875.270603   541.383165   528.327835   604.962024   1365.653031   543.409161   598.767784   476.562556   492.810736   498.589219   290.470211   479.077270   502.003022   451.711820   217.748616   502.238717   2027.049925   2306.329591   
56.600000   343.109004   599.273550   478.923774   734.222249   352.996017   552.297633   559.726243   516.934373   1247.347288   1362.600190   768.683723   331.505604   378.886416   326.757375   556.977423   487.135397   872.624579   568.425405   534.865799   610.227226   1365.238337   532.988243   617.539235   495.967139   495.983606   522.722890   300.842513   503.325615   512.646613   454.618861   223.415195   529.496798   2014.973449   2292.489262   
56.700000   338.351230   561.996671   480.265522   744.718491   353.689724   542.904757   559.671958   522.833943   1220.382051   1361.705883   765.071736   308.819462   364.795890   308.768658   559.203720   491.806162   873.177660   557.841697   524.842680   608.321034   1365.231804   535.427963   612.722076   479.684993   504.854566   523.550639   307.443524   496.529647   502.809407   457.472660   219.575673   509.791023   2016.138929   2296.322681   
56.800000   337.228803   550.682837   483.350411   714.803021   351.111537   538.040885   558.776622   522.495384   1245.453725   1351.497975   765.787142   354.488829   468.775172   298.009701   562.129571   485.975731   868.049741   552.676938   523.001927   601.000149   1352.202291   518.326450   611.122170   477.385442   493.460143   530.235537   278.445848   486.401606   511.305858   453.692687   223.098479   511.123556   2005.677871   2307.554033   
56.900000   351.981500   572.723682   484.088638   729.011058   354.889131   542.059153   557.153804   515.755586   1223.682249   1355.561180   766.582573   366.033095   449.497244   321.259088   568.810108   488.612163   914.828068   569.907701   530.826263   598.292927   1350.520900   523.681664   601.899866   483.242592   497.727039   516.163611   277.396184   494.191016   515.417716   454.943139   221.220376   534.060977   2019.331874   2299.186865   
57.000000   343.633003   556.009946   481.295975   717.013295   353.251996   546.481632   560.549838   523.254846   1217.573811   1419.328929   761.794804   358.006586   562.568912   326.142867   568.007857   502.397251   914.311601   555.195855   528.252802   603.589672   1367.844310   546.129907   614.175454   481.195293   490.181157   508.012632   284.707548   492.354643   511.930930   450.890411   246.622641   525.534246   2021.237397   2292.130534   
57.100000   347.844398   482.646157   485.259950   722.204867   354.572121   550.769529   569.820204   543.423015   1277.009873   1350.300446   765.498048   407.196891   538.250355   356.176934   602.360532   528.451522   913.419508   548.299649   523.733851   619.579868   1364.602428   526.551451   617.543185   497.228990   497.156097   529.640910   314.633954   491.864708   516.642164   453.657297   237.604427   533.945736   2001.179536   2287.452759   
57.200000   358.721445   594.723702   491.992679   754.437228   370.421665   556.692079   559.133649   522.610512   1250.745955   1347.717940   770.441452   357.410681   490.571085   326.916194   581.881124   496.135264   900.829257   588.773424   529.644140   613.852691   1347.982448   533.369413   618.662694   505.438711   498.639244   560.939026   294.227613   514.023856   526.618215   455.125426   244.584341   523.941897   2011.497441   2284.696604   
57.300000   349.744369   575.107687   490.655942   742.097943   372.095905   565.177863   575.091406   541.551534   1257.673169   1370.808730   763.946962   372.162122   547.051124   338.922154   581.346769   526.622798   906.218531   570.726515   541.542072   613.109136   1354.015741   522.206419   625.748421   497.203481   508.188984   554.040474   303.427559   509.662515   527.474609   467.401250   250.576799   541.088736   2026.135711   2294.098183   
57.400000   342.606930   680.685960   490.390702   751.223694   363.754762   554.472098   560.872265   535.805199   1245.230568   1345.004168   759.724982   407.393289   514.614811   348.056758   575.473809   509.816816   910.528684   575.693658   526.595415   602.417142   1346.051949   577.953946   607.760610   487.876419   488.488621   506.242306   365.327730   502.851157   534.551809   463.918826   243.324514   511.812609   2020.932035   2287.894942   
57.500000   348.545502   640.743423   494.564585   771.423984   382.860373   580.035104   581.765104   572.672596   1235.702771   1349.411966   761.536645   367.383125   456.916077   379.530443   584.096474   532.902282   897.776735   594.627750   539.110202   638.400717   1347.517201   583.774637   629.954207   511.440827   493.034468   518.798969   334.666982   516.285064   553.665910   461.779518   236.242264   567.599067   2008.186769   2269.571681   
57.600000   349.174684   657.751192   491.765987   740.633634   383.060587   554.910824   573.039805   535.547294   1259.728540   1355.395830   761.681831   412.053838   499.599059   361.037819   591.923685   502.263091   931.055630   556.342004   528.855690   621.736489   1417.513896   551.691610   626.467927   497.402334   505.770675   549.754449   336.892305   503.715973   516.782943   472.309525   237.959085   564.294849   1995.469002   2312.876359   
57.700000   333.753146   568.783247   489.517319   769.781798   371.213848   604.179121   577.197404   607.503180   1267.270918   1366.885234   758.753493   469.276947   596.241014   403.256203   590.800623   582.405267   870.468096   612.582845   535.273317   666.547575   1354.611894   559.202113   676.085779   544.390933   504.940222   549.991502   390.006843   550.656231   574.054294   462.530412   236.524677   550.457063   2001.170603   2320.248128   
57.800000   347.985971   616.796757   494.824637   749.476535   389.987474   566.627027   572.644076   556.438556   1268.799749   1395.525661   757.545558   454.128787   603.273564   445.300564   564.258618   541.086357   883.368179   585.150692   543.335804   647.272496   1358.391728   546.012265   635.678320   522.798519   500.033537   532.498373   314.581459   519.355948   527.633989   457.642396   250.760133   543.446971   2092.245748   2290.377893   
57.900000   346.573776   628.297715   507.109585   763.660656   421.078807   604.968269   587.867653   567.705100   1293.813066   1445.864275   752.764919   399.026645   770.206113   480.357238   612.815980   523.659536   924.283837   620.906573   566.585531   666.452327   1357.319866   575.898081   664.526656   557.840997   541.354430   555.173720   350.949914   546.574012   558.498143   488.435833   299.229476   576.899289   2034.941016   2356.788504   
58.000000   369.155028   802.419026   503.418022   750.602329   400.985596   566.664427   576.251905   545.415773   1251.260992   1354.404366   760.787785   438.205985   699.286592   362.806463   583.987073   512.750366   1060.200555   580.895491   553.740189   626.326218   1343.747325   561.696865   631.260123   539.833502   528.328547   558.671160   307.264621   505.837413   527.029584   479.194113   267.035028   541.529883   2008.662735   2278.270961   
58.100000   358.616483   675.599645   506.213502   772.927618   399.919691   588.161367   576.729461   587.287536   1285.115460   1399.762841   761.848002   342.682929   752.205435   379.143203   609.347579   580.050872   966.832582   619.403739   547.292551   646.518692   1334.049797   581.503854   651.567853   540.033058   518.898804   531.953413   353.426635   537.142570   558.536000   495.745827   283.503138   588.908038   2011.735978   2334.555788   
58.200000   370.727772   712.799603   512.108935   796.168772   387.775341   628.032450   574.055316   605.159089   1327.340449   1464.689402   767.609667   370.989183   554.893261   462.446383   627.603470   605.555429   909.962688   630.811008   546.918927   686.556171   1355.541959   633.908850   665.367894   579.339301   543.840774   551.407847   349.274489   560.095178   587.620683   497.549491   259.042417   658.247464   2051.224974   2345.397352   
58.300000   374.715401   678.504262   524.444404   828.181889   390.202866   619.779703   595.307633   594.076997   1302.820420   1440.283344   766.785012   447.042076   596.467492   422.839534   701.499979   558.356154   896.866151   645.902172   534.919164   707.633424   1343.206765   595.615960   666.606928   612.837864   525.353989   542.864526   394.104759   549.401535   584.576371   467.268818   274.439001   617.964968   2050.255779   2330.338267   
58.400000   369.595655   715.092846   518.439252   784.263590   398.222923   600.930964   564.757067   647.374079   1292.127865   1395.669814   755.714313   502.528463   685.649953   425.623699   657.085930   601.594857   939.113786   623.539522   534.608185   706.824290   1406.972868   618.878181   668.006347   578.556007   523.532299   555.870683   388.764026   564.698763   583.646137   501.770803   285.791800   590.589573   2126.375089   2297.036341   
58.500000   356.675003   727.991026   521.177053   780.633954   381.498912   627.078911   629.638516   617.905550   1379.717576   1397.465746   760.555594   724.411156   911.863032   577.005642   642.520642   575.563298   905.209463   603.165102   543.253100   660.755595   1417.874407   611.711219   657.200555   558.133774   522.227859   562.695699   479.483713   562.753226   551.817042   478.738056   315.638364   561.074718   2031.393747   2298.618607   
58.600000   363.569616   663.135803   534.004440   766.718575   402.523227   603.017586   574.110266   586.244963   1280.449012   1420.748981   765.930137   619.992991   591.741477   459.248322   586.747141   579.395548   938.383279   576.430783   580.147136   648.387726   1376.293518   595.939016   633.154360   534.326921   528.155365   548.255952   480.530127   527.617431   547.678584   506.418193   286.177189   539.800599   2047.486668   2299.910922   
58.700000   353.821753   822.543995   496.853327   790.965733   359.578629   584.781348   585.779282   533.300633   1318.166957   1420.173293   756.540075   502.550708   550.316366   449.319250   639.265199   529.249810   938.169700   591.126503   539.877562   638.397736   1380.814786   601.796023   627.435184   529.040496   506.031667   549.756104   476.633427   536.960642   553.651281   472.602204   248.733082   585.236484   2081.118241   2359.947235   
58.800000   361.851615   771.004609   499.288129   816.035976   403.418199   618.592900   574.318769   615.212220   1367.531262   1378.636671   760.502044   635.541708   625.545647   389.749342   640.472405   583.153871   964.705768   635.531457   530.968400   691.571490   1422.441406   597.696984   667.597129   582.111216   535.216056   542.939797   484.574194   561.334317   579.064602   501.144514   286.737930   616.549831   2026.319614   2354.774518   
58.900000   362.676733   728.696496   490.104421   759.522865   406.650343   580.290636   588.829143   558.511080   1319.464356   1371.724796   770.198453   465.562000   795.289925   412.599177   622.964177   541.704090   970.120197   584.243463   534.380213   655.838803   1393.632666   600.067734   628.239924   550.123074   520.048114   532.567972   431.038311   525.008731   560.911895   482.334713   295.075722   588.162636   2034.630490   2330.742182   
59.000000   363.943055   689.455400   506.536229   784.498239   423.306207   629.421681   604.893864   594.807730   1322.682268   1472.286479   765.001380   468.904990   914.974885   550.632177   631.400324   555.203135   1001.892426   638.169408   575.956840   687.555972   1396.376730   676.159770   672.956821   579.125695   562.215906   572.873560   349.816491   577.564305   602.048962   532.164237   322.041191   627.656768   2019.302254   2336.318769   
59.100000   383.897624   888.563395   514.128280   789.311560   384.323649   637.920242   596.855163   581.462770   1345.988639   1382.652720   759.272737   498.353828   669.052052   507.370195   680.176973   554.856003   1022.105054   682.549623   541.466444   691.898283   1375.369338   632.365057   663.931162   568.741818   528.319376   563.092513   379.723063   556.208901   596.918807   492.290465   294.837566   589.546105   2013.503971   2320.263981   
59.200000   403.841331   784.185478   525.310124   850.293241   441.009630   723.412966   594.678602   715.967905   1369.168340   1442.454930   778.442760   611.987030   1044.054748   712.851986   645.503531   684.872089   975.257831   702.369612   543.650651   804.093140   1377.290505   733.334578   762.518300   642.246836   577.364662   649.516662   511.793124   651.963573   656.143593   515.678802   362.862518   716.322714   2111.738473   2336.384036   
59.300000   371.166317   864.410911   538.013202   826.722164   425.980193   628.007235   608.340913   621.887668   1379.981277   1564.668183   767.944188   539.697217   1095.750465   445.413305   698.592449   560.473192   915.062933   696.536512   551.454916   706.448429   1374.978609   640.704728   682.916234   570.855278   554.432244   813.480399   458.595763   586.482758   603.937243   528.914408   355.202684   609.274397   2071.648145   2424.007511   
59.400000   406.825455   881.175037   526.906861   895.157986   442.889778   684.050940   645.820657   701.299751   1377.301985   1382.358826   758.039753   688.401321   1222.503653   591.741213   742.692409   645.533365   1092.046606   724.993308   575.718803   803.081334   1329.199880   761.287591   745.908727   662.262271   569.305092   654.027342   587.489646   626.206617   650.284983   566.240002   388.001996   643.605852   2059.619300   2364.143143   
59.500000   374.007233   1102.523217   508.329111   1008.373565   411.100743   786.229739   660.786767   706.896217   1349.926175   1481.811049   764.056263   585.221637   1382.668655   668.901475   819.013736   701.753645   986.927081   823.392817   571.476751   787.460992   1341.719408   621.568444   780.950468   722.440221   596.371019   667.678752   784.430810   751.684825   743.873677   537.042660   386.655155   813.116792   2178.011833   2340.723810   
59.600000   448.733411   824.054961   557.594484   845.744870   452.674094   704.653527   669.129038   697.909336   1419.827199   1571.594064   767.834580   522.237349   1031.769409   513.582105   665.795266   708.085368   971.133584   692.637312   604.859385   756.310532   1382.808906   655.975026   721.094528   643.186178   593.084360   657.936322   587.632092   596.586907   619.823151   538.256065   307.500771   681.579148   2097.612127   2282.914347   
59.700000   376.651466   1094.658525   547.528578   909.218529   420.658763   701.951313   668.343642   744.447021   1457.681557   1398.329538   781.524721   540.896489   1290.439538   617.704300   848.018738   743.516480   1086.013700   785.363692   571.327974   892.875910   1366.592355   671.976890   779.763428   743.360596   658.823193   746.024344   446.829576   691.181178   682.261455   583.290948   411.963331   706.218799   2174.052208   2343.913821   
59.800000   417.759304   1057.235895   523.841039   908.147083   445.822477   723.725447   654.973793   687.900193   1337.703457   1504.826001   768.606786   732.280983   1153.999181   676.851168   961.956077   618.604376   1110.220864   753.588915   580.309130   799.265896   1385.723338   632.617342   738.437174   653.076599   603.022373   588.288379   508.166089   659.449590   696.856545   551.013725   415.111119   742.848816   2139.211352   2363.718275   
59.900000   379.100981   1383.062605   527.753051   917.025546   444.477527   732.237517   688.703401   688.532192   1283.037015   1437.436643   762.987061   716.190171   1385.381590   604.803795   830.951513   698.259949   1097.713753   719.862212   569.880702   725.802192   1408.237401   647.596286   752.461408   586.527101   578.622922   704.116397   534.759428   673.745397   653.491542   532.842640   399.740756   695.493450   2186.470636   2318.362753   
60.000000   397.940199   912.397891   514.853325   809.523768   423.602327   682.207196   657.228650   672.686647   1332.230819   1605.214702   748.637219   538.927001   1103.116637   640.296801   807.899893   632.959004   1089.758616   722.162114   569.104268   754.168089   1490.996204   720.750430   709.813647   675.709431   583.425301   626.123966   406.733399   617.970574   661.826306   499.124752   401.351979   665.968620   2230.248875   2411.468960   
60.100000   442.845659   1207.776675   524.695804   905.349058   499.756351   745.980587   701.567804   740.570821   1592.348950   1701.717534   755.503791   593.031424   1186.765941   659.761890   810.526590   728.703285   1075.746937   756.944632   640.408223   870.298115   1569.952856   791.743184   791.772399   722.836664   618.882794   806.264497   541.872417   687.674889   715.797664   560.404730   408.236611   772.878316   2176.529371   2518.533478   
60.200000   489.946017   1091.841127   593.507662   875.329496   485.436324   742.654395   640.360323   686.723770   1462.154287   1556.934024   764.310447   665.162701   1613.645249   567.674256   769.214989   742.281306   1225.159019   752.749674   605.856163   718.130002   1511.006717   709.710849   728.986796   646.081215   531.345004   642.725344   599.924806   624.106157   654.312792   554.044427   417.797199   710.294940   2110.258560   2380.188442   
60.300000   461.388261   1210.743457   547.670421   898.741341   491.280797   783.719746   671.546192   733.471528   1449.425499   1516.091201   781.393579   785.248635   1206.180805   782.364934   874.011199   734.625006   1160.071060   789.758644   629.528518   835.714520   1529.673262   714.427512   716.200604   736.198326   568.647702   841.236859   624.429113   639.800732   715.551746   540.350578   382.274296   725.164087   2091.244073   2507.824088   
60.400000   455.731302   1190.373397   562.394829   838.833862   491.387129   645.597155   695.901510   643.479618   1689.641389   1582.793277   766.592735   771.093026   1289.645760   560.812496   891.427162   619.428326   1179.387405   659.109967   617.449891   720.199523   1674.862931   630.263472   699.554585   651.316156   650.330756   724.147305   467.512378   585.338948   602.122807   556.610860   385.396374   796.012927   2031.008530   2408.974791   
60.500000   425.657213   1021.736251   617.160494   862.760063   475.409390   699.212209   619.068556   761.913815   1421.075931   1485.938598   745.458642   789.322245   1214.637014   583.981585   790.759173   750.069232   1041.938442   756.439541   563.793725   840.134081   1485.512246   701.593759   757.704555   770.419796   569.604430   732.285200   539.261934   614.150590   670.069980   563.820807   401.031189   849.892187   2040.009604   2349.459972   
60.600000   446.976926   1218.824396   572.570427   1064.014484   409.459539   953.029590   682.258101   876.885402   1575.057272   1630.616430   759.877982   796.722862   1854.840771   722.917204   878.261563   861.190481   1054.654785   993.579468   560.074474   915.369304   1501.992112   829.493832   890.140682   908.697665   588.348491   898.526904   734.547434   853.144580   898.127389   550.016241   500.849709   940.713837   2032.426995   2339.887675   
60.700000   409.501132   1003.077580   640.963385   763.529273   527.376649   669.906884   754.329586   657.261550   1447.168345   1554.333273   755.666796   887.206606   1496.756796   458.254651   917.189038   650.706715   1025.249350   667.776464   640.717543   737.146370   1506.481119   719.750516   692.100809   658.335822   697.756285   842.419462   609.357412   568.870943   598.798362   611.632626   361.456162   714.404575   1982.336067   2444.198807   
60.800000   390.642335   1624.280229   597.330804   817.376120   523.537991   694.383952   685.947450   723.350900   1517.645621   1519.048826   746.055996   924.821048   1339.299899   746.060124   888.444963   676.412612   1253.391669   698.248094   627.343181   725.636052   1538.303180   693.759228   717.482527   673.419434   596.544642   667.066330   649.543668   585.158974   642.764300   525.857211   326.144186   596.797330   2049.860953   2369.718406   
60.900000   407.702078   1481.997751   531.028190   945.758425   544.160298   837.597698   799.511933   934.910537   1434.997262   1644.601485   741.715801   765.591207   1349.967825   602.816535   966.921601   962.640522   1059.024133   805.918949   620.008403   988.218398   1513.632916   801.745304   882.630427   860.447172   693.463823   757.313460   660.286176   723.164366   744.736694   561.632833   309.099833   719.770964   2021.301820   2349.131688   
61.000000   442.379091   1421.328898   576.368484   1198.130091   413.696110   1020.847384   664.604035   942.183215   1526.807960   1663.038649   776.358251   742.766527   1366.837031   771.595260   773.917148   942.330948   1204.256259   910.058424   577.110604   996.781956   1479.811833   685.994871   953.975073   888.943067   578.787754   639.249884   976.826761   950.924670   901.061173   544.206949   340.492786   851.326607   2217.704261   2547.722875   
61.100000   513.993216   1606.316614   651.059678   1019.165545   513.552888   741.911973   809.289384   738.478415   1499.892203   1554.192035   821.203171   740.153533   1264.218379   781.005818   919.637290   690.593616   1272.828298   786.752569   625.686138   848.923368   1439.632014   792.373866   770.572172   702.109982   599.662291   872.334646   650.439285   693.610321   662.193391   578.739005   400.168682   765.189940   2035.884633   2478.318517   
61.200000   503.740880   1484.242057   642.397292   919.130023   526.917157   832.002206   622.275545   748.314594   1494.278669   1861.357783   767.839250   946.769971   1497.451019   584.227394   767.858806   727.366187   1300.846740   895.436413   635.083303   829.835711   1518.948961   811.897625   837.360666   778.697686   593.060802   930.370667   647.201281   662.322342   754.607467   672.375961   422.245139   867.071156   2029.484339   2619.710169   
61.300000   520.502724   1588.099293   612.298977   1025.320097   497.625181   805.174399   733.667637   688.081470   1435.107095   1881.054879   789.475027   1215.512949   1284.387340   892.851484   951.534720   725.105992   1357.682411   904.769499   630.270868   820.715659   1749.352675   660.996634   756.877953   671.240883   609.168535   886.984419   808.868385   760.956311   745.650361   556.624011   342.325544   731.881278   2004.628462   2823.831929   
61.400000   435.095256   1273.338882   618.091913   947.295123   567.889319   789.226633   714.114774   775.395094   1662.183919   1899.678474   775.764276   854.705926   1208.566447   851.745582   944.441222   833.136406   1371.664233   829.017563   699.172757   850.973873   1626.551139   907.837207   757.466191   786.418532   619.687971   662.306591   568.924254   737.148782   758.875913   598.662630   400.121748   834.017794   2175.616269   2832.478546   
61.500000   446.663960   1570.749296   720.789852   959.760410   627.592508   752.550800   814.330674   709.620974   1461.229806   1890.368601   773.803264   1077.491511   1604.278824   575.135918   914.983026   659.303461   1304.525753   863.569916   722.608836   773.442804   1481.616618   868.812250   778.335256   744.484489   695.033246   763.323935   591.245112   665.568843   698.794236   696.398556   502.848014   918.308088   2041.893889   2618.092346   
61.600000   437.534466   1619.140601   622.424721   1115.477454   536.656526   955.481462   726.046343   919.363099   1699.595667   1657.328010   736.013272   1068.249243   1627.883229   771.542553   869.158629   929.713331   1295.661434   1060.371214   652.373114   945.599679   1601.655390   738.030904   952.412381   952.427313   649.055151   869.920687   850.962004   865.669963   933.724315   594.355273   488.319608   982.585332   2097.429093   2593.550334   
61.700000   504.619911   1640.988109   663.258102   1022.575896   581.433123   811.045437   754.194543   742.549222   1669.193462   1630.800773   735.772248   909.227544   1264.847049   632.320032   853.543208   670.196088   1351.144736   970.734308   681.894165   845.773532   1529.019159   787.000714   792.716356   743.503381   636.692121   1044.100295   760.754527   742.576309   824.359262   627.919726   408.974145   702.397686   2108.040137   2507.887730   
61.800000   476.520830   1501.102032   643.346380   1109.534099   537.933040   913.023097   673.082515   824.854714   1737.417530   1584.557111   799.922721   974.893991   1454.751895   668.929857   787.610553   885.296063   1298.984536   987.710310   649.746828   908.952632   1614.208185   743.412088   927.474918   797.386837   643.691880   776.249101   757.395594   887.145081   884.493142   703.772889   558.615145   752.318207   2070.894042   2576.277400   
61.900000   553.966301   1588.315635   673.426696   1155.541292   555.778740   907.498429   779.235239   865.419422   1411.347190   1831.721222   765.832877   1119.757672   1137.504347   884.681318   806.523006   842.008473   1341.524679   912.434053   677.055190   866.807394   1562.223522   752.816586   803.831201   772.115236   637.547895   821.266999   731.066458   825.695718   801.622189   640.590801   440.128708   882.937229   2044.748642   2904.344698   
62.000000   505.958174   1723.547934   651.320040   1127.295109   548.491935   1003.329041   938.913838   947.420718   1635.467299   1880.830223   815.323505   1054.625024   2253.798753   1377.644750   968.300581   904.273263   1451.253957   975.874175   683.652507   1011.771301   1747.128964   1028.200420   1042.906765   950.663182   605.381909   875.514366   978.272788   961.263011   980.340414   675.574723   553.950901   884.884400   2086.915890   3027.862079   
62.100000   509.498638   1392.562422   643.377831   900.365949   604.825060   720.280816   737.449417   782.804899   1770.395933   1503.712050   775.373421   889.895332   1657.499121   634.640098   877.519367   836.395117   1311.137691   720.657423   729.999630   756.631841   1792.687086   770.473613   765.595295   621.069231   691.452213   751.702115   606.564037   669.297538   670.187851   666.165226   475.912595   802.329899   2174.462770   2660.166215   
62.200000   462.571423   1706.488573   721.263372   1411.691508   644.467595   1063.575507   878.783450   992.054255   1507.822211   1632.017849   785.438572   1177.301847   2065.616618   892.063491   930.136023   940.385755   1278.356242   1278.663581   711.941774   952.437768   1932.816634   792.217251   1000.441583   884.730789   753.897802   774.998743   903.736308   1036.523829   937.614252   682.800107   558.741533   1151.116360   2162.799856   2636.459155   
62.300000   490.654360   1925.130977   728.471068   1217.745770   553.200093   874.031798   852.233407   860.331745   1850.047964   1501.768995   799.819491   1050.925536   2156.001318   666.167966   889.423392   936.371465   1446.118647   1083.531979   719.455813   938.960649   1702.988582   734.027204   917.320455   900.527765   697.099009   1054.575635   1012.566739   869.761594   911.354758   616.493057   524.769015   814.905491   2170.726640   2527.622653   
62.400000   492.171062   1659.011835   668.294690   1232.171291   563.031914   1032.668252   703.873869   924.249899   1822.451553   1988.513537   809.904825   1027.077742   2278.350896   823.017120   899.066013   922.855058   1254.131699   1100.859344   732.892152   926.500167   1744.710666   987.165186   970.702721   915.032480   715.207708   951.020808   977.068155   949.329356   937.572442   641.091621   584.528604   825.794446   2245.192823   2876.039071   
62.500000   501.657827   2223.579027   828.412486   1314.036438   756.773616   1031.746917   890.000175   1007.712359   1601.537941   1777.083370   783.788408   1109.675689   1632.117129   905.837576   1008.181149   1093.289592   1361.243719   1143.763573   843.122738   1039.194708   1519.210431   895.621634   1044.953409   1121.564499   886.218590   770.920323   1138.242927   1016.074001   1105.191907   810.270083   602.803212   918.791521   2304.101644   2555.632451   
62.600000   536.931314   1660.272713   726.947215   1107.614545   673.356572   947.269420   890.212599   896.364045   1828.590450   1717.438222   795.707952   1036.278168   1821.061664   980.215333   1071.556192   940.775295   1379.975276   922.395660   747.201455   1055.033010   1495.050190   987.103583   904.713789   979.219481   813.147773   1002.988150   789.393713   839.696785   848.884241   691.311904   533.224549   969.740488   2170.305387   2606.805482   
62.700000   669.920460   2371.250919   828.927506   1264.792825   757.470452   970.968528   897.050954   883.877109   1603.940580   1756.760548   786.144095   1236.936706   1105.669972   1076.461048   1098.844041   877.189819   1764.519541   1025.981946   779.209129   1000.886375   1417.703910   1008.389792   986.837000   975.740763   818.330998   951.089062   1074.160223   945.517586   877.065895   796.023673   498.342706   842.554489   2254.545966   2482.522695   
62.800000   578.836003   2056.903549   667.068748   1260.018458   549.018184   1158.955010   849.451269   1038.127464   1844.315495   2305.399507   864.740853   1176.895440   1321.119710   819.923014   1051.610639   1005.032274   1397.278106   1219.070109   709.330373   1182.967704   1449.243204   1221.452946   1078.442883   1063.268703   741.083276   835.058440   841.961606   960.107232   1095.579280   689.719640   522.198055   1266.149231   2505.084933   2568.324452   
62.900000   549.264331   2134.860188   687.727258   1574.387852   532.289688   1405.810992   710.846800   1199.012875   1980.743247   2303.896566   769.445220   1161.280705   1645.496110   1270.363231   1050.028387   1198.328671   1574.028444   1346.908566   723.631123   1300.731328   1607.311219   1339.681546   1344.903382   1246.392642   748.589666   957.989895   1009.900181   1334.220393   1331.453202   765.531064   651.321896   1249.675955   2428.660208   2784.812196   
63.000000   578.716018   2793.876409   710.679786   1275.048451   555.650720   1050.990389   709.140218   1059.735375   1833.504323   2012.204112   819.603922   921.965049   2572.194884   887.175137   879.827847   988.282306   1774.677197   1193.607680   652.399926   1099.766692   1454.383554   774.332367   991.545540   1061.479824   819.743990   1181.760431   819.714396   1015.856236   1020.571041   767.772068   640.935864   1162.293059   2211.470364   2498.800977   
63.100000   509.968299   2644.681808   697.695264   1273.038815   637.732927   1023.058303   786.358183   1065.585125   1969.898392   1806.221442   798.940519   1074.381370   1770.514033   696.045182   966.427117   1002.404651   1936.781942   1092.124918   723.714062   1058.284341   1432.500215   949.626418   1041.971639   946.429835   745.331312   807.449705   817.925288   994.211861   961.164549   748.986973   440.347982   1081.307829   2053.605799   2779.871712   
63.200000   566.402272   2068.437027   730.349517   1192.112943   668.642251   968.155690   833.503593   946.938633   1664.077380   1670.887268   774.782723   1185.359176   2325.771760   770.183360   961.807557   1067.640998   1677.079038   1130.309829   666.214163   919.080185   1816.722320   998.787826   951.148286   901.499747   795.765907   1055.474977   691.123895   885.517108   872.751498   695.075829   538.437965   1089.726584   2096.425354   2496.045769   
63.300000   487.888260   1528.873814   731.253785   1074.372336   657.681993   794.118149   779.200552   909.831617   1625.529508   1737.640408   783.496618   968.659430   1778.151921   998.935200   1138.695730   934.726046   1515.955323   849.812483   713.156966   863.837609   1427.782149   1025.928697   819.071349   896.115433   785.639197   1416.257225   927.805813   779.327373   772.547093   715.342845   565.332220   1017.497250   2359.792605   2483.144923   
63.400000   493.609314   1719.935617   742.897464   1116.311649   720.539867   964.594852   849.924493   933.085061   1750.832455   1526.823745   741.917171   1460.778010   1666.691588   1090.315983   1072.788497   958.988655   1281.351806   1005.332467   791.457242   1013.018293   1432.267140   969.838913   870.309740   916.016454   865.908078   912.332139   807.502674   869.771459   1015.433547   826.405950   633.407307   1124.663994   2220.188977   2430.647525   
63.500000   551.473742   1847.003752   866.667714   1264.059978   820.387460   1116.984401   882.267416   1112.970300   1863.867707   1828.631805   765.047745   1224.510677   2263.525508   807.931549   1147.003116   1114.646414   1474.491826   1252.326334   927.653465   1212.164817   1865.147046   1018.524023   1136.436078   1149.047947   1090.375519   1241.154686   851.764074   1098.065362   1211.878665   880.369064   771.987822   1670.577791   2106.362722   2610.666615   
63.600000   612.883929   1757.151416   799.580923   1331.884810   643.287143   1181.018101   654.300026   1278.835489   2132.766057   2103.265739   773.974029   1532.724875   1861.070954   1306.902315   874.674041   1247.355806   1637.557947   1225.525037   738.389907   1424.055055   1488.237079   898.254080   1147.678920   1161.612520   778.555999   951.877699   987.512876   1058.789703   1154.952222   808.367363   817.395161   1364.362273   2470.439956   2963.592205   
63.700000   531.655236   1943.275910   731.473070   1394.873257   620.269761   1319.301816   826.794254   1300.741226   2305.843762   2055.806819   732.390192   1505.873842   1568.550005   1162.467048   1201.208475   1368.183793   1509.104022   1316.643134   685.794723   1388.714196   1555.863004   885.318574   1271.480820   1357.483256   806.258727   828.498193   1140.503230   1214.542240   1274.811520   748.079140   635.784638   1332.148530   2315.565193   2776.864149   
63.800000   659.334782   2102.521180   904.766951   1453.619080   730.346278   1025.852153   774.025897   1033.827675   2342.066545   2018.428012   752.813716   1296.765713   1733.398382   1169.190697   985.452232   1236.908007   1513.746219   1400.503163   698.427003   1261.523650   1635.381872   999.390709   1007.386632   979.159224   611.210379   984.588987   1244.625153   1088.523659   1179.507133   693.055067   577.553550   1041.975960   2172.593318   2618.111143   
63.900000   513.358211   2387.469022   815.657775   1599.977023   716.241861   1238.202018   863.183862   1130.860434   1805.902818   2125.826410   830.290727   1666.821012   1754.990664   1136.771226   941.506417   1228.158381   1855.910715   1422.767507   842.812918   1258.831715   1526.042401   1125.599533   1158.504482   1062.569157   765.154563   839.211952   1174.397197   1241.092481   1233.033702   792.671965   611.285788   1235.574596   2240.161214   2703.800012   
64.000000   538.151495   2265.603291   725.060738   1212.233831   568.496903   924.270458   830.327646   770.116974   2325.146938   1774.930615   756.009960   1905.998138   2393.430528   1367.377182   1216.739728   778.579867   1637.180231   1119.091808   736.948296   979.146655   1940.764388   947.668569   916.237090   798.554675   717.356732   1206.442964   1189.253392   949.423376   948.105104   702.469718   526.159734   908.697932   2221.401418   3299.129530   
64.100000   569.586270   2276.677847   725.282658   1094.173530   871.151038   1167.804443   976.258862   1177.701865   2335.216232   1711.830487   760.379112   1450.723343   2345.950087   963.656256   1634.294025   1107.422095   1826.424687   1141.555624   903.073809   1401.814146   1926.572408   1273.641961   1138.357454   1332.971887   934.989070   993.814230   697.015800   905.675464   941.718650   793.525957   569.028368   1122.751547   2509.274070   2831.752995   
64.200000   601.272111   1531.877849   763.005249   1114.763570   772.518015   775.347360   879.570919   776.863742   2322.995402   1866.184105   827.958514   1753.239038   2220.180758   1253.799159   1458.546281   794.425912   1505.847569   837.466458   860.883103   801.851092   1861.947438   998.568411   733.978489   727.766904   932.921493   1053.396270   1186.187570   755.601912   697.973107   860.819239   588.448887   898.809305   2295.681223   3169.592349   
64.300000   552.806692   1980.995135   807.511322   1696.357166   967.875360   1651.540012   1061.036638   1470.382675   2246.162592   2112.448821   808.513169   1730.649966   2580.502940   1868.837534   1329.750350   1288.004563   1330.298063   1575.447104   1035.885032   1507.093431   2219.724855   1287.127242   1437.935489   1524.652652   1240.201314   1514.234383   1407.276496   1510.231695   1580.984332   1191.718196   915.529431   1243.311699   2029.327473   3422.278739   
64.400000   707.878254   2892.725864   903.051636   1548.161903   900.270923   1326.259914   1053.923483   1384.213051   2343.988363   2303.388322   790.588835   1854.502014   2300.145538   1039.695787   1577.816622   1338.835308   1854.935332   1364.494928   982.907037   1285.098084   1777.768311   1193.588982   1275.455098   1204.815593   987.899283   1227.369557   1346.888472   1245.362273   1213.619140   933.018857   513.716603   1209.201872   2059.052475   3410.042213   
64.500000   524.485638   2448.025254   672.411265   1266.936044   558.744363   1185.769627   736.939482   961.475478   2363.941209   1735.149411   780.446144   1622.804123   2204.767298   1291.209413   1120.861663   1015.589723   1457.916881   1201.127632   730.880331   1178.449792   1807.856924   1376.836008   1132.266225   1287.925351   801.733846   1083.320404   906.799387   1105.790022   1156.668451   782.164080   637.462105   1164.480468   2026.354296   3368.021500   
64.600000   570.418453   2197.542378   666.781138   1398.424109   642.953957   1269.532058   951.874458   1176.029688   1933.139965   2179.714311   835.050439   1441.519656   1917.905500   1008.201664   1195.046288   1261.647137   1606.165839   1216.108710   658.385005   1211.232674   1748.146547   1063.165708   1235.531891   1080.175632   984.517862   1022.949122   1248.384091   1195.728931   1128.119102   822.336732   579.895284   1270.781058   2184.219629   2523.637787   
64.700000   679.226192   2592.283545   959.911352   1422.191707   849.609636   1325.770458   947.960001   1323.319516   1842.019234   2343.079664   823.006682   1201.443244   1548.088367   1324.249832   1119.126125   1419.818995   1647.165872   1419.530749   976.093622   1436.071673   1603.457025   1119.622587   1197.159102   1445.691889   1045.675017   1315.835664   1142.816194   1244.242701   1271.465374   1022.700151   802.379055   1632.096671   2401.292604   2526.292097   
64.800000   708.150178   1997.235657   903.658331   1104.563578   740.504400   980.074792   820.410101   1008.216590   1888.502642   2538.001481   855.348868   974.997435   1272.992288   898.634287   1004.833912   1045.413958   1632.459289   1068.803106   731.199721   1217.062905   1705.184454   1122.362908   958.704988   1114.908828   975.404335   925.862470   787.021065   923.650872   929.826938   990.013448   805.114762   1079.702573   2171.248530   3693.761244   
64.900000   569.004031   2029.448420   833.171296   1274.521710   876.805168   1364.581242   922.127951   1442.727274   1754.258672   2255.688007   779.893419   1397.572558   1685.220411   1142.259574   1093.758875   1219.419876   1454.950627   1287.999262   930.677455   1532.103148   1756.864906   1186.406213   1175.137464   1427.857156   1038.197788   1177.751388   1131.031636   1236.339494   1278.405297   939.836487   731.992137   1155.398556   2300.279732   2806.403099   
65.000000   528.315464   1669.158116   751.692758   1423.323906   621.611575   1253.385163   737.877060   1237.858265   1619.625583   1849.755482   747.772044   1920.100389   1809.398416   1003.315055   1127.431278   1113.651177   1493.662354   1084.489748   736.298353   1326.856549   1578.567515   955.782709   1088.254267   1154.932445   796.238886   1493.116876   1282.312373   1116.796295   1129.802539   733.370059   575.434694   1066.401327   2337.028304   3079.058406   
65.100000   784.098670   2068.176054   879.021065   1275.811323   805.785384   1046.491739   1108.404786   1151.825445   2065.338740   1968.894222   840.066221   1526.691973   2147.202626   1131.622373   1682.363839   1139.810459   1729.685361   986.590228   856.375955   1099.623297   2071.770066   1241.464976   998.178140   1001.267678   763.155316   1646.394161   1149.907801   934.472987   949.592266   733.676056   664.269363   1133.834688   2309.653579   3101.262659   
65.200000   597.986947   1984.563769   905.472811   1142.797917   771.904554   1059.268415   741.047522   1118.126085   2243.367838   2358.775306   790.890489   1907.181601   1926.805711   1063.508912   1205.541302   1206.029777   1541.082785   1086.106572   822.030584   1146.322481   1736.873630   1213.781153   1056.510714   1086.916586   796.727130   1240.535804   840.808335   955.295546   992.940169   974.347363   726.736493   1167.601476   2302.366165   2932.040915   
65.300000   535.270730   2718.432387   844.090794   1287.375532   658.876665   1089.097362   898.020864   1047.477990   2437.944658   1741.721048   783.879326   1782.855344   2785.832574   1079.492854   1421.325668   1245.228428   2240.681561   1210.541632   808.019983   958.731380   1862.947554   1049.250178   1066.754486   923.956047   814.273850   1393.489734   1230.990146   1027.810854   999.836598   754.123588   617.476320   1130.192472   2220.819040   2513.547251   
65.400000   597.588627   2638.072328   897.990963   1386.477303   981.213761   1268.405213   1117.629515   1274.479481   1955.051702   2641.802140   804.674307   1831.411807   2106.244040   1542.535478   1584.221360   1275.211857   1681.339411   1222.222531   868.186714   1232.333901   1898.117735   1196.362517   1144.726427   1193.825246   951.436125   1170.744065   1387.322682   1099.443793   1087.232216   817.953217   556.916265   1253.353454   2268.292263   2673.309041   
65.500000   612.065719   2016.247385   679.095179   1712.039835   744.924955   1647.006792   803.742556   1396.009931   1949.524503   2629.577566   770.015703   1631.780441   2233.426979   1645.515673   1112.794254   1555.201197   1568.826038   1464.718736   923.542909   1367.004974   1866.625379   1098.659920   1371.724015   1382.911449   824.881637   1489.343705   1351.141236   1512.523058   1342.869675   688.588752   679.989557   1229.937626   2116.224877   2687.567332   
65.600000   567.899190   1672.163638   794.917718   1172.397823   856.232683   1062.099565   927.310447   1012.531138   2766.034661   2467.144190   820.950239   1550.683857   2068.512457   1092.543835   1216.158178   1174.215362   1689.727858   1158.418015   981.519806   1088.877190   2150.572861   1094.186401   1071.369695   994.995445   951.116653   1246.974533   993.768001   955.148961   1085.951527   822.178047   575.822163   1176.085308   2187.963571   3345.590827   
65.700000   694.426967   2043.660626   752.283477   1312.767247   680.811156   1195.947076   969.825640   1248.466676   2766.866293   3044.818321   844.990819   1689.125609   2488.884423   1381.716349   1229.257195   1343.586939   1561.835869   1203.801323   971.762606   1271.088302   2172.535537   1062.392886   1195.959158   1093.191269   982.562350   1343.920678   1129.743427   1108.379912   1185.217650   985.578847   815.398707   1367.856959   2030.930428   3159.869216   
65.800000   665.980096   2204.363494   962.601229   1689.536293   916.391982   1302.381091   1046.741208   1095.620683   2498.769337   2697.956140   731.231618   1923.642976   2376.566526   1167.551288   1279.166268   1169.400401   1785.788647   1613.032014   999.953653   1276.170645   2090.191832   1239.722050   1283.659337   1190.897808   1131.597421   1226.129028   1553.986293   1394.746399   1516.354103   1024.380864   718.943876   1330.283172   2253.291749   2990.914222   
65.900000   611.830411   2583.951683   849.186895   1554.351640   773.198777   1218.969428   950.214691   1301.667338   2363.471066   2136.446947   867.746447   1898.963489   1831.964722   1431.465114   1423.930973   1481.763838   1587.602889   1322.890739   775.270765   1240.460430   1863.594617   1340.343811   1346.624240   1133.086113   801.690064   1389.250034   1275.480021   1268.431709   1125.328698   763.527839   574.918496   908.670471   2171.375537   3012.443465   
66.000000   768.049652   2471.279148   849.559248   1336.234404   732.902175   1235.063838   905.942682   1247.142458   2046.796722   1999.193571   878.751119   1626.739911   3264.992465   1533.685626   1127.380447   1293.892377   1879.353938   1312.353852   836.580376   1244.066974   1738.051549   1180.935907   1238.851560   1093.991508   919.072485   1605.541727   1143.633755   1133.714183   1169.668781   881.604808   1005.830406   1022.929838   2412.238062   2852.159768   
66.100000   670.811868   2670.828148   845.144939   1377.506038   823.986878   1228.062843   955.218079   1328.398148   2160.656011   1991.032485   821.866826   1655.714713   2746.850765   1614.519976   1783.754784   1540.437799   1957.309847   1434.837368   802.415670   1379.697255   1595.615079   1396.451183   1200.789293   1175.120462   998.782584   1376.513937   1329.346345   1140.305641   1153.359256   875.161073   729.429286   1229.127771   2235.256527   3226.105215   
66.200000   530.031193   3241.120775   682.254124   1197.571447   642.759771   1035.329135   1001.989814   1067.813316   2105.870445   2447.675132   777.373181   1459.097753   2668.419501   1171.403666   1432.095444   1311.839988   2080.553563   1171.796934   723.618662   1135.053611   2481.777206   1285.449621   1091.893451   1140.238889   830.686625   1189.583492   1268.796646   901.040373   1008.354599   631.528154   725.256967   1075.006473   2155.163231   3563.396336   
66.300000   691.485687   2543.504760   899.068717   1236.856815   908.187035   862.589195   1225.092753   1030.616305   2209.482204   2428.244000   759.567850   1808.036269   3133.612847   985.571245   1809.995378   1110.321631   2022.106508   1127.542171   921.211080   1061.304422   2457.597779   1102.422799   956.598582   989.680677   971.169523   1250.112207   1146.217492   875.568318   938.610341   832.200132   686.651349   931.520966   2408.764143   3699.306869   
66.400000   1002.541076   2681.343661   1275.141534   1580.479297   995.505321   1434.046604   921.568144   1547.590259   2271.650970   2397.092110   894.652081   1598.070160   2799.158249   1194.306692   1378.083306   1561.716576   2466.078980   1490.074095   1134.509643   1552.150334   2185.461642   1416.894288   1382.325896   1576.103883   1032.720540   1219.517591   1067.185379   1279.730401   1387.307480   1041.377074   864.570466   1452.194536   2096.437242   3050.539408   
66.500000   766.431094   3359.339347   766.981810   1583.128437   708.957613   1393.379322   856.460422   1459.429955   2549.824369   2091.217509   800.413573   1542.991369   2329.177978   1119.465082   1047.767713   1248.675800   2167.180587   1460.800302   1104.847284   1493.660157   1760.944915   1367.538647   1352.431588   1343.121959   931.681829   1383.899029   1357.834927   1348.319864   1273.812995   877.804542   737.220436   1048.021173   2313.152484   2830.006638   
66.600000   668.936408   2191.458651   838.213048   1876.116381   852.170826   1450.782018   831.614792   1418.813953   3087.106905   2068.400449   791.404469   1312.879068   2235.956979   1175.476809   1129.964837   1365.440665   1470.354722   1541.554103   939.323798   1396.764362   1784.979524   1418.474787   1382.773239   1245.835083   864.009450   1259.020660   1723.882391   1580.250847   1436.389611   780.370109   689.882752   1196.884056   2189.515213   3385.237534   
66.700000   756.684865   2737.962028   802.685045   1634.668869   681.658106   1240.991905   1084.763038   1090.185345   2857.204231   1871.026819   813.395782   1791.330627   2417.881575   1443.199426   1349.907175   1021.806165   1953.496359   1379.016675   786.551860   1207.716127   2057.904446   1415.340950   1225.991522   1235.172450   942.655996   1018.110405   1211.068273   1354.987325   1142.644016   658.156213   560.541915   1087.156514   2287.540286   3280.454472   
66.800000   708.411416   1999.522101   804.304392   1750.622302   665.738596   1457.240329   1016.639629   1319.965434   2794.363532   2024.016889   791.994014   1554.386387   2244.240020   1348.912469   1482.284138   1379.319546   1664.206002   1578.876297   851.251434   1386.216079   2167.464296   1494.950619   1219.862818   1235.262909   1005.414739   1706.639783   1195.048223   1444.407172   1275.655017   792.356107   702.562694   1548.967183   2430.789258   2479.317628   
66.900000   750.238030   2037.919539   969.167842   1651.421309   805.360117   1469.637945   1116.358149   1413.233147   2277.723816   2205.694554   794.976316   1450.786108   3003.001427   1364.664121   1613.409306   1302.045152   1714.594382   1447.691321   953.604427   1564.788844   2170.326144   1226.409542   1240.180359   1322.935906   1057.882466   1434.028270   1118.415229   1433.927363   1295.811075   962.316299   708.149571   1659.533995   2279.777417   3140.612037   
67.000000   709.312960   2164.383694   826.009098   1525.124000   739.270111   1520.365495   818.865662   1514.514432   1839.623263   2333.388639   744.202064   1460.622153   3041.133705   1273.857374   1270.096769   1372.645854   1558.232801   1636.788901   851.611144   1624.818876   1958.888064   1354.276370   1346.947728   1542.885573   975.059235   1228.963232   1136.661104   1353.662067   1377.505585   931.173178   831.170287   1715.625715   2253.652454   2938.730631   
67.100000   689.344289   2916.034100   1132.681204   1607.967589   1051.274589   1471.968791   1027.773763   1447.952139   2240.935176   2191.169370   714.446559   1504.489600   2515.753850   1366.112275   1313.239554   1471.156195   2152.906056   1813.235331   1204.630966   1702.103980   2004.121917   1051.133658   1426.013521   1408.376852   1011.923780   1034.133564   1484.688800   1350.174870   1463.401982   1008.927073   706.294497   1139.631839   2236.084962   2640.981448   
67.200000   729.337842   2118.301713   974.661054   1536.634410   777.868256   1240.327830   758.996023   1124.429012   2597.554258   2233.381601   777.959593   1467.279441   2665.828260   1206.259951   1215.410645   1230.299401   1500.324109   1557.476891   868.387600   1163.840315   2422.578486   1117.966734   1178.334748   1164.527746   886.337252   1066.485936   1317.561268   1200.352374   1130.820968   949.760289   778.605359   994.865847   2130.212511   2771.374899   
67.300000   575.638435   2430.439073   896.442895   1328.900524   690.770046   1198.954281   941.891838   1308.608686   2173.025591   1953.492873   768.667357   2215.798644   2435.019422   1529.513882   1537.620196   1483.867216   1952.513209   1159.421168   896.224476   1227.919467   2116.433392   1193.359710   1221.874542   1182.080097   898.413584   1104.244214   1237.936152   997.129553   934.856376   729.108723   545.859756   880.485324   2145.536081   2559.626605   
67.400000   682.894420   2455.093527   876.263059   1256.198978   745.696211   1057.025400   1004.072827   1223.871701   2099.129919   2078.781352   794.224454   1758.751578   2386.556246   1264.792693   1331.053378   1277.437651   1720.504119   1116.870162   890.091089   1135.086243   1854.328966   1116.151523   1111.091189   1023.255554   838.717204   996.466008   1172.094192   967.200136   927.004746   737.719935   634.137062   910.241193   2455.247750   3366.743845   
67.500000   677.218320   3639.714577   834.851331   1391.467611   631.925090   983.560187   938.614673   1125.730759   2147.827372   2324.840274   750.399882   1546.595334   2152.919904   1015.083920   1477.429340   1290.591317   2256.404074   1248.014410   776.039002   1156.990809   2190.427650   1201.661958   1016.314313   1145.097103   910.609921   1501.670334   956.995813   1003.610691   1036.905307   740.676266   667.881773   1086.796244   2482.576509   2902.094724   
67.600000   692.179684   3689.518854   827.490260   1606.005479   638.284427   1188.430419   955.175967   1101.006879   2333.936405   2613.279596   808.683371   2329.682498   1941.232309   1337.309243   1236.316949   1124.342257   1877.598458   1335.458236   737.661161   1256.541974   1952.305557   1065.052145   1059.725298   980.096710   934.710513   1340.751308   1292.234278   1137.654419   1015.806104   776.557765   706.811318   1388.407421   2139.299566   2829.695270   
67.700000   670.687705   2776.145183   782.582050   1411.930359   583.703823   1213.062021   750.570905   994.164762   2130.116880   2495.608863   802.557847   2193.429057   2276.676846   1496.261736   1067.567359   984.560728   1836.110465   1307.751295   695.586889   1090.324318   1870.090180   983.981965   1080.794286   981.384149   734.254354   1424.268062   1368.734836   1124.306797   1123.368967   711.105705   776.552397   1084.632772   2251.452139   3250.137117   
67.800000   860.353273   2746.887876   1079.521407   1516.392528   821.852236   1221.703476   858.335568   1173.848851   2625.389973   2394.524232   837.667236   1675.829465   2963.748360   1194.074212   1160.154049   983.011197   2070.525661   1372.861078   907.317021   1320.292290   2309.897748   1320.843373   1173.154482   1066.044479   842.336433   950.926506   1691.695263   1135.969762   1127.230825   840.632316   784.741614   1095.419191   2134.018293   2942.425761   
67.900000   852.143229   2040.829638   1128.015360   1920.175391   852.579553   1468.087621   787.281455   1326.209794   2518.150814   2023.740478   777.731768   1432.848569   2580.568285   1529.581320   1365.739322   1297.928847   1736.183744   1696.785931   909.625083   1310.828407   2169.246276   1496.174175   1465.449399   1054.570227   825.590855   1153.008086   1587.113576   1522.107635   1382.037387   1004.540644   636.776562   1396.654325   2278.365824   2902.867297   
68.000000   527.623070   1465.267253   1028.214288   1500.974470   923.647005   1484.640099   1033.240120   1424.194758   3062.708739   2003.128927   719.257908   1468.776185   2143.554161   1484.380441   1336.586334   1442.650962   1396.863540   1422.116665   1070.421020   1575.972609   2298.618932   1257.137765   1389.157989   1293.727819   920.444363   1387.434212   1504.395875   1299.125705   1264.775187   1014.681285   601.442067   1214.766233   1999.396473   3046.961701   
68.100000   652.163414   1933.707408   786.020013   1415.382336   940.837691   1325.735559   1044.914445   1340.529561   2495.084682   2162.267798   774.031678   2142.372575   2672.119068   1619.016271   1862.337429   1240.749597   1603.241346   1372.509258   858.102453   1354.799397   1930.130662   1052.762136   1245.278043   1167.177200   1053.462592   938.871914   1510.986678   1138.611098   1191.214875   967.463225   721.898567   1272.494652   2039.900743   2871.313681   
68.200000   715.357974   2645.245688   849.147323   1191.061696   814.201351   876.414518   844.810178   824.729695   2414.359573   1613.274157   801.679520   1606.882728   2453.473755   979.527600   1398.001121   875.524943   2080.439217   1087.319272   763.460841   960.274605   1637.731043   980.470452   925.362644   958.536852   908.690766   1144.090451   1377.101128   923.946851   909.903726   706.338040   627.380937   824.005888   2250.950468   2520.143659   
68.300000   681.378406   2333.157162   883.362702   1365.266820   622.602260   1057.367046   1062.442758   1177.929234   1890.022459   2047.036727   739.331442   1679.219331   1907.662331   1296.926858   1354.118297   1190.423152   2010.292632   1170.633055   722.034532   1335.054043   1566.903016   1313.289840   1109.019984   1146.827073   765.645808   1646.694947   1445.876428   1045.221652   980.514101   771.883782   642.971065   1219.789045   2222.834365   2703.203644   
68.400000   801.454907   1843.274977   729.076451   1385.188814   705.775809   1113.258246   976.298325   1194.725591   1880.570663   2374.497433   830.334412   1228.461696   2117.659468   1399.942871   1275.235404   1243.242144   1682.003625   1089.989287   771.150591   1255.498067   1764.237339   1245.202376   1107.048775   1029.901351   850.267119   1296.608122   1034.248630   1083.811457   1028.100693   765.318409   611.936358   1132.643531   2152.509321   2994.569339   
68.500000   593.570267   2458.787740   772.945856   1588.056025   738.486648   1356.381321   898.983210   1319.045467   2277.004521   2693.291749   778.083205   1647.167790   2170.100128   1261.378663   1578.165911   1292.530505   1671.260319   1485.513847   852.896959   1342.532592   1854.489286   1377.920286   1372.745290   1142.876914   869.393694   1103.513580   1470.747128   1328.114975   1356.226443   902.158247   671.109471   1331.602863   2492.349581   2948.348012   
68.600000   698.071994   2407.892998   684.447714   1372.856043   612.191713   1249.970121   907.877029   1251.772337   2147.008958   1906.059581   752.208738   1239.803985   2352.383680   1085.353937   1334.319755   1354.082379   2092.513120   1380.532821   865.520522   1260.537372   1713.126677   1069.076090   1115.690113   1142.117538   921.158709   1167.795007   1225.352478   1220.842203   1164.657614   900.723102   965.650223   1329.780441   2404.314602   2510.901350   
68.700000   686.820920   2840.484980   764.157288   1365.723614   696.480754   1074.042524   838.493993   986.424394   1443.041979   2091.039583   816.221740   1741.523538   2062.225732   1091.956668   1282.259660   1029.503052   1699.983081   1350.099000   720.511192   1003.840189   1627.565195   1089.474489   1050.203977   846.700656   778.171807   964.285901   1150.222053   1187.579315   1064.675452   728.218824   690.525737   1016.435903   2198.905975   2765.072483   
68.800000   521.638704   2351.625915   743.769600   1449.890448   639.322355   1343.803418   640.436058   1482.691166   1782.829592   1980.536008   751.606375   1872.610136   2328.296889   1326.005270   1066.875411   1461.397593   1520.231733   1354.593267   720.188262   1432.357988   1756.289063   1180.585293   1349.210178   1168.797773   739.893036   922.787884   1485.868241   1189.439447   1250.023648   744.682909   643.012336   1273.732440   2142.855154   2983.178177   
68.900000   428.268598   2082.374229   762.032452   1622.980980   753.664510   1308.114104   808.739955   1303.549629   2319.218911   2166.928121   728.114080   1449.652211   1925.670214   869.546652   1254.312736   1227.599541   1195.486011   1413.619049   788.988065   1349.617394   1919.250362   1510.290835   1242.930626   1192.784350   902.936298   1238.994913   1305.379303   1298.207260   1194.557985   912.383117   678.167826   1329.663421   2223.718617   3255.985409   
69.000000   563.876085   1822.862051   700.485385   1508.090883   711.737895   1421.253806   1072.740617   1374.015405   1752.441783   2006.445575   743.904400   969.998106   2182.913205   1323.693995   1039.292514   1385.311182   1502.290674   1390.524761   912.891546   1497.599529   1883.940404   1256.490987   1232.376336   1385.385420   996.993685   908.167409   1548.279529   1249.142794   1187.031746   829.157473   695.889369   1236.644172   1986.784980   2706.581103   
69.100000   638.700914   2448.029392   769.501213   1512.813198   700.294957   1250.389065   794.135016   1080.823764   1605.890932   2429.122820   740.727905   1701.194188   2357.213503   1213.750468   1086.383313   1242.147671   1576.792288   1427.543880   821.703863   1168.938438   1916.152799   1118.005911   1162.765941   1080.252807   863.769345   1041.911210   1153.956525   1188.116088   1153.344445   790.857131   636.614388   1251.835611   2421.461457   3183.391939   
69.200000   550.569190   1871.255776   556.357297   1165.407006   580.393977   1040.469582   765.245254   977.810353   1675.367331   2152.703478   734.030076   1298.618411   1964.345510   1307.905487   1101.783722   1160.868714   1677.551033   1106.905503   650.856736   1099.564910   1840.103424   1193.419101   967.397599   1001.177532   737.674942   1322.931958   1282.634318   900.105355   974.631026   588.214499   504.645312   1117.034727   2380.628762   2511.655143   
69.300000   511.213978   1554.344613   658.298008   1536.995865   574.394176   1259.013830   719.259363   1140.295305   2141.130482   2300.575034   815.914419   2060.032611   2213.845735   1155.353932   1008.823034   1156.036673   1427.695050   1254.073274   663.352582   1170.493260   1847.924021   1109.045273   1065.267771   1207.635173   765.218271   1421.593423   1696.841133   1252.422817   1178.527392   717.213206   644.641963   1113.692366   2176.763833   2758.534890   
69.400000   565.910188   1785.671240   627.725722   1139.232872   587.856397   1046.032283   796.088789   929.692932   2019.652368   2098.422326   772.668599   1476.343078   2766.583250   1078.762013   923.213645   977.022993   1854.262467   988.738196   665.040406   1174.996124   2013.045716   1144.356943   1044.613207   1003.005075   577.459658   1154.113804   1592.739439   925.781038   908.574229   590.494390   748.589522   971.138574   2117.843553   2507.194690   
69.500000   681.340152   2347.607959   654.058840   1246.946163   552.440385   1114.780243   891.120166   1131.368116   2143.904165   2319.733426   751.393540   1143.011685   2056.576484   993.702823   1451.004711   1121.479361   1776.940961   1117.195740   698.097078   1197.094153   1845.045687   1075.831453   1013.300882   926.586657   840.686160   946.586087   1200.357929   1019.990842   951.728812   705.566839   720.148635   1040.906682   2264.050206   2545.375574   
69.600000   501.946477   1862.545254   739.853261   1524.958801   633.543531   1288.280725   795.938978   1207.601418   1840.961488   1902.424733   784.525724   1414.582520   2368.060124   1058.673970   1224.212518   1084.058704   1331.086236   1429.988065   792.740616   1271.406170   1597.565777   914.797697   1156.070634   1089.110279   791.433062   1450.712124   1213.036285   1235.723796   1181.588485   692.943976   651.104588   1302.346669   2312.342745   3015.279077   
69.700000   505.864303   2100.772126   636.792476   1201.675787   625.455692   1095.707077   933.433032   1161.898246   1941.935556   1983.434553   790.824120   1823.858494   1718.637704   1149.436802   1127.213159   1067.005732   1420.514639   1042.915015   772.963215   1353.829220   1777.910598   1148.093120   1115.132280   1212.955503   983.710517   1145.204452   1368.326186   964.296667   920.052129   724.790686   573.388648   992.256375   2218.521978   2522.773029   
69.800000   564.366541   1780.712676   707.840384   1317.353622   595.377408   1126.444703   863.362690   994.679348   1863.494108   1950.156859   776.926055   1646.341617   2375.395228   1070.499161   1007.443562   911.047703   1363.339348   1155.903779   738.959598   1100.029749   1773.502420   973.972421   940.556114   1053.365170   735.149201   1305.497611   1008.371559   1075.752549   1011.241233   713.444714   641.565082   845.859783   2295.093145   2461.273371   
69.900000   628.483544   1449.999498   819.079757   1391.217355   702.642469   1275.640583   862.303446   1220.277079   1761.438789   2137.469530   759.002335   1730.204207   2511.965090   1180.235384   1157.897871   1139.354626   1612.200480   1240.119536   767.043522   1216.668983   1700.302596   1451.349392   1156.855084   1166.118700   1043.521232   984.686671   1240.881707   1240.886071   1001.363352   889.230171   950.118674   1325.692589   2052.961596   2937.047747   
70.000000   510.376807   2417.918242   833.445824   1255.206740   836.049613   1142.137309   852.086287   1190.033385   1481.509975   1750.098246   778.348967   1345.047608   2714.581498   1086.189447   1222.967815   1290.427898   1640.850068   1199.102519   751.862776   1137.495610   1653.105404   1017.464138   1097.038515   947.421268   850.540802   1082.034204   1176.546540   1043.761927   1041.730815   872.155033   855.057164   1060.074625   2801.285543   2893.689508   
70.100000   590.721043   2189.026899   806.677053   1623.786973   943.157955   1220.709130   923.344769   1111.512634   1580.165289   1895.664053   822.034065   1335.398233   1535.861901   1258.558912   1208.909558   1254.548400   1605.703821   1373.384900   902.998962   1175.700783   1702.365681   1053.001655   1166.258633   1199.649316   982.761349   907.066696   970.868878   1295.972654   1260.491662   917.784375   689.471224   915.563497   2316.281985   2522.366798   
70.200000   491.635227   1897.153224   602.750687   930.103442   696.286558   804.163026   987.024760   860.409490   1801.102700   2075.173369   729.613231   1341.847381   1954.586642   892.548359   1113.755997   969.403419   1397.955211   883.297806   928.616222   939.317485   1825.477981   1160.654780   786.146243   870.485375   932.207496   936.724927   859.847904   714.225270   694.810744   643.660795   413.054311   952.135030   2117.177578   2358.072858   
70.300000   581.230961   1618.659689   619.141689   1021.253388   536.825400   901.566852   637.131358   920.057447   1508.633394   2101.536891   743.948548   1255.772682   1213.188770   855.043027   1154.491736   897.344029   1435.280164   943.196313   683.236240   992.165601   1529.141271   959.252357   871.736996   948.931791   680.752563   1241.136932   1153.607924   815.989904   832.541998   763.511290   525.594289   912.408222   2066.522123   2607.877892   
70.400000   505.590122   2008.905687   670.204582   1098.455568   520.497344   1084.730482   748.182300   1060.779174   1524.103175   1985.647498   737.925487   1133.763927   1780.204020   1264.742626   969.241947   1159.107518   1788.624019   1143.841775   649.496724   1091.339136   1663.933585   840.177169   953.633590   836.805935   733.375752   987.488139   1155.232832   894.339522   1022.218521   664.156356   610.398086   1128.945076   2302.141307   2536.273933   
70.500000   558.957086   1751.015583   670.112720   1154.822262   572.594761   1012.039089   857.524998   1110.871999   1820.005998   1996.638502   760.162835   1210.918560   2123.326252   1139.984988   1251.861726   1122.360571   1446.786498   1182.129847   672.335082   1219.382078   1728.086232   893.896232   1008.615032   1074.698407   843.743465   1109.223474   1052.599342   959.672265   1025.315651   632.720055   623.255356   1045.966667   2305.199927   2234.931512   
70.600000   429.353625   1596.363762   561.044585   1154.658952   534.887113   1167.431654   809.271898   1214.002550   2137.009032   1625.220543   703.132321   1079.368596   1824.742462   1156.496928   1254.624062   1131.271667   1183.963536   1176.581395   644.744985   1191.500259   1772.500199   1066.586825   1085.800216   1037.407865   818.672542   911.407174   901.129578   1048.602357   1007.606148   603.091662   616.073429   1104.313128   2312.449792   2624.642825   
70.700000   658.476901   1738.194773   845.458428   1235.339496   718.924515   936.517790   887.321408   828.720315   1487.475905   1683.070275   739.486079   992.311230   2524.212581   1057.283286   1328.229937   887.042749   1506.049626   1151.039820   829.790124   896.570622   1451.748406   989.615707   953.227588   765.881224   924.056269   888.983153   1120.109823   897.053805   934.206121   823.189862   660.249263   922.475952   2054.741089   2360.209181   
70.800000   517.417532   2078.490532   684.817223   1210.045669   567.574199   1081.906568   802.187341   887.822192   1440.973267   1779.596804   696.443018   889.945881   1738.116682   899.067500   1015.010781   928.260142   1284.455839   1326.339374   702.005076   895.109308   1443.266971   1256.168724   874.418632   917.753805   797.820049   932.090493   1093.291022   951.285190   1099.269789   641.264959   559.393027   1055.266835   2021.972419   2216.241027   
70.900000   532.037222   1655.858977   684.699025   1124.785955   591.210864   1022.887690   834.957115   1137.837962   1552.242397   1829.963091   774.511114   1579.108912   1610.710034   1019.460651   1447.097740   1177.152122   1310.704817   1017.877184   706.383962   1122.524719   1484.253630   955.682641   1009.036467   1075.017143   920.497489   987.446041   1079.557478   830.133027   866.356944   740.416155   548.789379   1028.971978   2469.315625   2160.385530   
71.000000   582.316610   1704.412499   690.229309   1509.544089   587.333093   1283.211152   780.141517   1254.566742   1812.400821   2200.660458   751.894281   1238.042682   1222.501558   1044.521440   1162.843548   1267.610331   1351.803853   1305.693056   759.657658   1310.177486   1567.781249   1037.429925   1183.734899   1038.218016   782.613219   1247.083763   1403.711182   1165.599705   1200.118178   752.518704   460.404758   1247.160267   2062.456433   2303.731452   
71.100000   522.554246   1709.434268   669.693062   1181.524242   654.976304   1018.034091   942.319152   902.456422   1573.535653   2114.357737   739.826204   1244.541717   1392.014004   862.019441   1350.868374   858.274050   1355.463164   1000.595881   823.631763   1027.665295   1707.786653   921.850018   941.640992   984.183253   844.326864   1219.171479   1234.983969   929.880303   917.361763   759.918660   526.863809   972.892422   2102.832625   2529.399027   
71.200000   442.584978   1866.942550   643.239819   1089.168554   714.979605   889.509492   988.387481   933.335886   1312.183019   1615.473119   727.912280   1142.392157   1357.712570   819.522090   1353.872583   964.186785   1173.820803   859.668911   746.995762   1039.129603   1631.941159   731.545735   882.893084   799.145995   832.524370   729.778339   926.901476   821.573982   808.306306   675.157963   458.298247   838.010486   2135.023398   2790.263388   
71.300000   535.150434   2629.324610   623.827222   1070.523672   751.002204   882.108550   854.600061   947.864051   1736.852116   1689.896317   726.331526   1269.096043   1792.413378   815.852647   1255.834280   1170.469010   1690.128184   895.035242   738.773069   954.348734   1622.301410   714.675247   880.774034   804.010573   802.290814   773.566531   1011.901431   797.622392   802.224907   572.981550   482.049537   716.003240   2390.236039   2508.905068   
71.400000   524.046885   1958.277286   696.048567   1249.355778   610.421579   1229.915228   674.407302   1116.736935   1615.684946   1614.238270   748.449639   1323.434131   1962.844157   975.976227   854.839080   1222.549902   1549.685626   1253.889797   766.351176   1113.677768   1388.801286   881.981176   1079.791808   1146.769668   861.398021   905.220490   1227.978842   1095.228396   1066.162004   761.564288   695.774562   938.115952   2048.164174   2467.209505   
71.500000   478.478577   1476.377508   673.479565   1016.810709   522.754964   908.681729   882.432042   866.377181   1572.725843   1703.987603   768.475730   1021.811626   1843.611099   806.926594   1119.036979   907.797650   1351.311565   964.354046   640.412368   962.497978   1497.403772   1041.295111   913.536047   874.142524   754.058346   952.450053   1051.060529   836.807336   865.910511   688.038875   533.687392   891.658546   2013.185910   2497.312137   
71.600000   437.974072   1952.180935   689.343673   1162.894918   620.638808   922.391505   714.937590   870.539575   1371.500680   2328.109303   684.032959   1404.286278   1763.213940   813.895563   1005.304953   845.104028   1603.071337   1072.576766   582.049902   885.153036   1407.125139   1011.087032   842.466293   828.263221   613.358178   793.812820   914.788118   796.725232   890.602055   610.543571   376.445802   801.457381   2027.880694   2249.259074   
71.700000   473.904980   1640.842295   646.824786   1053.992052   581.152625   932.681895   729.727040   859.474716   1546.264965   1667.975391   699.569837   886.615327   2284.114123   806.405205   1022.236032   860.752176   1158.169416   985.190661   647.005777   961.076161   1229.886862   767.379094   860.830346   975.251224   641.367274   1024.993421   1020.346660   831.981508   933.701835   650.393483   527.243022   868.545921   2076.375518   2238.998211   
71.800000   548.992470   1646.417280   723.203152   1074.017761   668.002045   978.074457   676.922087   830.083196   1488.208630   1614.701819   695.598427   914.935266   2074.407602   772.999030   1035.218322   733.371650   1404.879723   899.347063   650.535005   926.672618   1442.269805   895.784620   899.808050   920.138603   740.265969   767.572787   809.172120   870.694683   904.739130   767.518818   687.664091   869.983531   2017.742769   2482.661305   
71.900000   547.385708   1474.165836   609.498519   872.735148   470.659345   815.958545   678.838349   793.477540   1615.222206   1502.664469   686.287524   957.157877   1543.749271   591.926056   913.401185   825.246222   1307.951116   803.244395   599.375143   846.882299   1276.665181   815.817345   749.462700   867.670603   586.341276   814.206945   677.947064   653.270080   752.926161   568.068835   440.307255   804.136768   1961.837780   2227.723811   
72.000000   561.999202   1525.852316   701.450284   1008.377964   572.820406   849.701550   693.880822   949.891680   1275.610602   1575.451262   709.119042   1082.984714   1837.197155   906.296276   795.890002   951.142311   1233.025871   877.411903   712.424806   1018.452702   1504.048988   875.624960   874.420828   940.380176   636.371024   868.743154   692.939245   779.536975   839.339763   670.191211   546.071471   783.732641   2019.280889   2215.578350   
72.100000   519.423151   1390.438358   757.124659   1125.824249   731.857850   925.426134   788.938000   944.936330   1662.577687   1769.074379   709.595571   955.945391   1760.115813   913.088125   974.265643   950.152668   1306.524159   1074.981212   772.270398   970.782624   1398.516188   915.857993   884.053837   923.789226   751.963838   714.682935   975.932613   946.945176   972.545837   754.226695   545.534391   825.949677   2111.071819   2250.379305   
72.200000   386.341277   1723.756781   563.300576   1105.176936   507.716769   1060.082330   641.357734   1085.544275   1558.854191   1742.362017   671.228763   1088.817325   1725.882428   939.675074   749.912943   1012.750260   1380.687677   1030.124608   620.357770   1199.941146   1495.458727   874.852603   1009.933923   878.659815   716.937621   780.480645   860.963310   843.989213   925.856836   708.928579   556.575421   1177.065864   2109.304166   2593.523440   
72.300000   496.182047   1284.668923   607.598085   825.230061   538.428591   689.579851   694.755565   720.680830   1262.168468   1805.054095   688.145328   883.461922   1777.506542   624.199233   907.336990   740.710891   1438.687036   670.652067   618.040079   766.083503   1660.692639   635.873178   713.494682   674.034754   650.189284   720.937891   809.537252   616.467438   620.335869   656.614909   493.074322   769.699061   2125.770143   2632.323345   
72.400000   436.829470   1727.162006   515.893511   1116.345023   495.825675   964.996214   738.655839   832.311986   1391.672552   1921.575249   697.866442   931.414598   1505.696982   968.299245   1063.069410   849.773748   1253.195476   1018.519329   606.601583   932.481937   1547.343172   859.380873   865.954073   874.716382   739.898549   928.027290   753.935676   861.555943   841.446232   614.024792   422.838405   876.735572   2124.292569   2355.700126   
72.500000   502.391686   1630.408095   624.289039   1107.645835   572.104637   859.887134   803.482909   771.428990   1437.671958   1813.925040   704.318610   631.546802   1229.565761   769.033111   1043.963258   742.128963   1414.074689   915.622877   679.864730   903.031999   1663.321970   932.559154   859.196630   802.296176   761.407410   726.736966   674.388408   826.804713   792.479108   687.684368   419.820165   867.126559   2006.669088   2210.169332   
72.600000   423.257372   1398.746190   539.315383   858.530473   473.524894   749.958967   657.967100   665.361769   1530.842221   1531.067994   703.609694   673.703676   1359.030271   774.026714   784.466713   694.682357   1246.435651   658.044612   539.740999   715.195345   1424.805202   693.092713   670.750285   647.341296   596.948988   870.846558   740.054479   672.380882   650.279550   582.134916   417.678833   706.908377   1852.286844   2185.252134   
72.700000   421.902675   1297.638076   516.528704   754.292538   480.717284   641.193899   634.579413   620.633339   1397.679721   1439.618828   709.177568   717.429077   1404.793883   659.518127   832.364235   659.641818   1077.885279   656.470280   554.031270   674.161615   1403.523508   733.991322   631.807790   551.004570   544.545906   861.972354   805.529952   587.819830   603.531410   520.473530   387.525586   640.947947   2148.013340   2042.320409   
72.800000   442.758958   1126.676818   561.983706   848.715514   480.376732   656.046988   703.912545   649.741671   1260.717983   1443.844547   665.376640   734.221955   1214.400536   689.310359   855.794430   698.426786   1248.635180   692.441783   607.850746   679.696053   1390.820317   858.248680   651.125486   562.230884   657.825004   966.595048   789.636967   586.870187   568.096501   612.990641   449.425243   754.055941   1990.263829   2127.646933   
72.900000   353.852300   1290.813476   501.457985   788.244144   488.722010   662.248893   615.841690   609.795377   1400.578848   1344.835700   654.044683   773.035812   971.624374   562.254865   750.552641   585.242685   1049.149323   700.433539   630.017690   725.141793   1265.919614   814.781784   655.208976   565.856038   618.992888   858.594337   724.045337   589.859044   634.592741   532.707898   344.014910   662.490465   2004.853908   2176.208664   
73.000000   371.975094   1378.654028   523.539608   854.496258   506.104303   656.665011   600.523854   657.058597   1136.431344   1432.273209   658.059045   721.687167   1228.466351   650.462598   709.465822   737.601180   1018.570579   718.919373   551.146940   719.627845   1270.494912   756.251494   678.868220   598.894141   559.712279   723.894789   712.169014   606.489735   628.604752   524.011698   479.585205   673.551413   2030.386009   2223.779319   
73.100000   369.891413   1237.384086   580.723315   923.849024   396.481187   809.005146   573.795047   723.250932   1224.859775   1614.143794   667.384939   877.295566   1776.282477   574.011904   698.178852   663.696833   1042.592976   909.669024   537.491333   827.273611   1217.149501   754.390565   761.795643   708.462385   599.095709   853.063937   981.576291   729.454270   774.607351   571.114997   382.272443   804.580649   2180.750085   2099.601855   
73.200000   397.893627   1397.008606   579.488387   995.570273   407.384322   837.150526   558.113520   745.531918   1226.822866   1629.188632   677.693930   905.748432   1958.751659   691.727726   694.919670   776.064457   1080.450874   977.566565   519.501536   886.979286   1269.559251   758.865670   774.000044   793.402515   526.851824   702.846331   898.701461   725.744252   805.002684   520.695173   455.438347   837.371695   1931.016478   2089.191316   
73.300000   412.501980   1131.250198   624.829545   794.213990   474.679760   666.406596   558.003678   716.714529   1115.816591   1450.581449   678.745338   748.639037   1253.579261   639.160753   689.506122   798.245106   1199.457886   735.238867   590.773749   738.752008   1212.759433   590.838909   692.539814   560.044762   594.520589   803.073117   633.092944   613.067369   639.571433   613.187340   460.972414   820.811480   1958.253840   2251.220944   
73.400000   465.162236   1173.385008   567.546643   854.146108   441.370248   684.252273   623.652417   652.082427   1148.400266   1453.396425   677.794423   630.875076   1520.868475   599.669631   703.926895   669.312489   1151.918359   700.594777   530.832297   699.096200   1177.906890   676.486240   621.984144   576.666627   564.285929   682.819655   720.077255   610.707654   599.555053   523.301507   426.419543   634.782602   2013.832772   1983.743960   
73.500000   412.859956   1206.923560   525.714493   765.648005   434.856126   541.554533   560.149113   513.860006   1136.653011   1355.983837   679.030138   594.106884   1280.832287   388.328731   751.603490   597.076085   1006.923449   597.843204   538.086035   569.016982   1237.935532   540.294043   556.042102   475.500348   494.542070   565.581439   710.185086   541.951997   553.596953   448.352652   332.298397   525.467618   1903.007083   2252.954297   
73.600000   466.621542   1211.995754   520.208464   774.622666   467.244271   619.023171   633.845140   511.114281   1207.701643   1242.676978   696.442766   684.719972   1179.718931   526.097017   825.995864   539.808138   1087.497279   631.583814   567.525079   655.886158   1192.843460   546.968812   607.520591   531.075935   530.026004   687.473895   425.576830   543.706911   570.822483   518.273263   355.866992   605.700568   1893.265998   2052.991202   
73.700000   376.281410   1072.900921   504.108738   841.398357   395.338805   621.990217   632.350723   573.221061   1070.541888   1298.710080   648.419285   719.781716   989.831084   597.047041   736.480839   544.157486   1084.248193   626.149558   514.076999   711.628252   1182.164832   591.572444   637.598959   591.294873   498.866817   650.708219   666.244681   588.333720   569.533800   463.102370   324.329935   591.605756   2035.205930   2025.653343   
73.800000   352.020159   850.655002   471.483906   742.262668   384.259755   622.537990   577.008912   625.670035   1159.693140   1343.247103   651.300835   896.256373   1053.495811   525.923168   746.757073   579.155352   972.073924   609.085383   519.800915   724.244099   1256.427664   565.502906   639.496821   598.095339   499.082174   641.285387   513.532026   583.941156   586.364740   502.133120   328.425846   608.536014   1906.987062   2044.372970   
73.900000   400.296910   1306.087836   495.476236   747.272146   395.830342   528.957585   618.170766   498.417753   1326.072790   1323.371364   665.803319   789.999479   1008.125204   453.288547   752.374658   483.541558   1080.784437   603.681692   509.579161   617.168163   1214.148427   570.612668   562.104030   528.114437   499.870110   622.183494   474.041569   525.069430   526.754261   459.563475   341.021562   491.766926   2002.103738   2113.746210   
74.000000   352.197765   1031.660165   461.280931   724.680183   354.213092   608.905876   549.304063   582.427125   1239.721471   1343.794269   643.877919   556.918801   934.723279   581.225725   679.340904   644.236579   1037.355641   593.610183   513.108072   608.022889   1266.874246   576.453237   606.479371   552.947000   491.062737   663.446276   502.898287   536.825999   516.481479   473.405975   327.530171   537.212337   1928.219143   2020.488612   
74.100000   337.052077   1021.972102   487.934268   832.907650   364.619578   641.138663   513.503606   608.952125   1178.326583   1276.227279   665.146401   705.958826   696.302712   520.991091   635.097459   579.114854   980.315292   718.874066   486.789624   647.525665   1233.706743   653.869954   646.255591   579.989827   509.697988   548.302028   535.640298   622.933494   611.570868   523.460532   348.462600   626.400498   1854.291421   2046.943084   
74.200000   351.417760   1012.802027   492.856122   795.643858   381.248169   642.728304   526.187461   585.349248   1145.479773   1271.646424   658.214785   591.055735   874.835877   477.947221   610.977377   634.041813   1136.347539   606.196241   490.237798   697.800995   1187.717084   615.160154   629.362562   573.543792   504.710580   617.123522   517.363360   599.079496   576.151911   493.050008   369.372439   690.077317   1820.293029   2118.953693   
74.300000   394.049458   911.930219   540.271466   841.293399   409.124638   632.515422   570.298889   552.375565   1103.343917   1233.867085   651.674885   794.429090   797.732755   437.906008   660.220566   554.814487   1078.764217   660.684488   507.179766   625.901725   1161.745036   597.724439   615.033431   524.275118   521.433208   551.899592   499.791448   588.867440   564.044056   473.063583   302.174051   594.932500   1879.341610   2002.710344   
74.400000   369.805789   949.433683   443.654668   778.852580   369.462466   603.238855   572.367397   553.269209   1082.563516   1212.175340   657.832282   654.935864   824.358944   461.767825   645.286743   564.068821   973.677377   614.815237   500.885196   608.602366   1184.522213   594.037617   579.903175   517.051428   509.208141   574.150430   459.114046   571.019335   516.869632   441.342950   278.844586   612.129965   2071.737039   2033.263406   
74.500000   363.327131   857.974219   511.395680   744.669205   395.009745   577.242732   572.986201   512.646008   1144.302602   1243.891327   670.343945   647.312731   1095.908136   465.107634   738.962006   511.752362   880.221036   621.882615   518.966794   611.908242   1204.637745   587.431450   553.767781   494.047277   528.235061   554.273151   443.568695   505.646727   517.427992   479.213823   295.314928   564.744543   2036.067474   2061.318497   
74.600000   375.201748   885.467094   481.401964   733.149619   384.208009   594.817453   567.983891   532.735362   1176.479841   1200.347690   669.102524   642.756130   766.850215   421.276111   655.893318   509.375090   950.880678   547.074366   495.150675   626.236627   1195.270248   492.070280   593.559773   524.567346   509.559994   609.265844   433.408815   495.309611   523.828851   448.506742   260.903981   593.699672   2144.780892   2069.318042   
74.700000   418.404224   984.357251   483.090568   715.464187   379.261614   555.464720   559.980866   577.971336   1137.894088   1353.050088   678.962832   486.146542   809.808468   425.327021   643.378562   571.942751   1025.589951   571.799509   501.038770   645.704639   1195.351802   521.602340   585.804270   527.497378   534.365214   614.006810   349.613220   489.962791   532.020107   508.527194   332.237996   637.773070   1792.185016   2087.696522   
74.800000   429.460264   632.364741   484.860344   682.674871   385.631249   529.461833   572.768926   545.773593   1074.933850   1347.972986   714.557293   568.564304   920.814043   487.996806   649.259528   542.631293   830.941810   511.879693   507.236670   703.533405   1243.684098   546.192366   574.550565   496.826712   563.715067   563.104058   373.891722   477.032307   482.152639   531.535651   357.317555   613.604552   1923.375944   1988.774184   
74.900000   585.989877   933.482572   570.804535   847.331375   416.039287   617.242465   694.031853   650.349872   1085.159190   1430.165043   815.869365   687.379321   1019.527279   558.201520   813.347632   619.681948   934.365153   623.413224   558.646487   807.245411   1293.112161   619.026721   627.038227   534.689955   628.464461   662.734776   454.812993   558.368156   534.485824   638.922602   478.490261   706.223610   1751.289124   1958.004614   
75.000000   1753.880987   725.672948   1218.362455   1309.331808   962.265178   909.422365   1608.410674   1030.252220   1279.354145   2658.816684   1517.861643   1251.937432   2515.580330   978.883213   2174.212973   1062.785354   1287.449877   819.181643   965.834193   1962.315998   2037.294856   515.473025   543.766763   467.999036   1603.979911   1535.083170   410.806282   454.510565   488.478532   1649.369713   1456.522263   1588.794382   1923.064659   1968.923208   
75.100000   1459.653702   1014.884790   1145.035291   1360.067161   811.920960   951.975693   1463.345160   984.065224   1271.951780   2592.508972   1333.057454   1273.072641   2386.842244   933.331565   1948.507433   998.060773   1169.031208   838.029971   826.328015   1761.405564   1870.779844   492.589094   557.878423   495.867794   1392.825403   1398.199575   379.198874   480.996665   484.011186   1445.467466   1278.022069   1489.305818   1882.516064   1927.473189   
75.200000   560.425442   873.602539   533.676984   803.756651   390.852111   610.705745   650.989380   633.114933   1093.119936   1404.563979   792.545019   571.851317   924.485532   463.197051   786.715911   602.643799   939.876632   622.427119   498.685938   854.340887   1250.705253   486.183813   580.348940   512.147482   608.788284   768.152170   398.214695   468.933821   519.421490   600.321235   448.570369   729.670429   1793.447018   1892.565450   
75.300000   424.741169   812.863787   471.779710   719.217088   384.717723   570.474643   572.518326   566.361854   1056.131648   1225.341331   709.986988   563.775746   863.640379   405.977397   624.154647   549.280630   876.587188   569.167356   511.144537   672.763972   1204.154013   586.105552   589.421542   500.647272   535.221747   581.274090   358.104614   489.367138   490.398910   522.970850   366.220690   581.997636   1815.781969   1884.908853   
75.400000   359.276934   739.233351   429.656317   704.160147   334.787621   573.340395   551.523100   577.072290   1094.358440   1191.995370   672.601819   415.841305   753.026889   480.349417   660.138399   550.252486   810.573702   570.002977   464.469216   671.862425   1158.957309   533.558424   588.906591   516.243784   503.363772   546.905340   329.258713   491.830779   482.123173   461.405518   314.590261   562.817645   1821.871579   1889.703220   
75.500000   342.117450   765.386635   432.174953   695.334381   337.362658   530.069041   518.523310   525.478202   1185.686282   1174.516050   655.467835   503.735274   611.497046   416.337308   568.549713   536.013288   851.256285   535.194285   451.577205   588.270792   1142.096120   517.989819   531.706454   454.135541   459.440215   490.295447   461.948891   463.129760   467.506193   431.965362   278.412632   505.374103   1879.312579   1867.065463   
75.600000   343.417179   663.495312   420.078339   676.179429   327.194797   492.707629   534.332269   483.671642   1074.377413   1142.905235   642.137114   504.307297   624.103348   355.625839   581.753952   459.396477   882.094418   498.047456   456.823887   554.249905   1123.279742   511.591853   531.399072   438.460271   453.695777   486.311531   347.232184   457.868238   465.466105   414.295955   251.184658   492.005466   1848.255952   1869.651496   
75.700000   324.942928   692.182493   426.187946   676.491673   331.257908   495.438219   497.339828   474.070523   1096.768873   1135.925749   631.393722   429.966121   653.498270   321.450377   584.401664   443.414048   782.183481   526.723193   457.881085   560.885960   1131.738055   453.981262   530.278492   440.746449   430.763723   521.333411   333.708372   464.500747   459.025712   411.581748   251.871274   510.019934   1959.723390   1923.519746   
75.800000   328.483950   710.938100   431.077123   694.793722   347.225597   531.903567   496.568007   485.384247   1099.357762   1157.519857   632.962276   449.495704   568.504882   353.688364   496.319163   468.049250   835.486187   543.109633   464.407671   563.081046   1138.962266   456.726358   545.446048   438.786659   444.249866   524.682920   361.438111   479.949504   481.891971   424.439868   257.722037   506.859997   1817.658810   1946.542754   
75.900000   317.765624   700.353056   430.761053   647.569447   325.313029   469.555253   485.681159   435.648976   1024.336289   1098.181038   646.144562   427.825981   506.759871   299.641385   498.302510   417.379761   875.550605   519.981643   456.098465   519.397201   1118.955530   466.639835   503.945670   420.603525   425.135816   489.117971   326.641483   436.326888   452.230962   410.735011   221.434581   455.715387   1798.162146   1906.953409   
76.000000   311.842303   613.002163   424.547203   625.422501   323.471026   463.634900   474.455398   440.712342   1002.718251   1119.021956   634.038410   363.676480   509.314759   312.556152   515.471222   442.566869   795.998460   475.971955   447.047865   510.226014   1101.727756   465.446484   506.388105   409.996477   440.413393   480.615911   312.938692   423.163338   433.300873   422.056619   239.155825   459.968235   1785.062680   1856.604211   
76.100000   298.307319   574.034117   411.358068   624.252281   303.327082   468.263233   454.569438   456.059462   997.835422   1128.467440   621.479002   463.553118   453.350184   327.105281   507.008121   428.441827   795.660726   488.531685   440.169603   528.611547   1087.507496   474.052334   515.743451   424.854187   408.841660   434.670354   320.948737   425.869604   438.560933   386.245816   224.108587   463.598888   1876.674755   1860.487023   
76.200000   296.978506   605.607328   427.742349   590.618168   322.978102   444.508975   482.894520   442.774077   1021.311194   1149.296501   624.647504   363.877386   441.429544   342.457364   536.433555   421.670754   838.512370   448.226793   457.922617   505.947765   1107.652907   453.811117   492.796305   413.518561   429.442863   424.959574   287.027745   407.030121   426.314151   403.952035   217.951388   456.492131   1835.046909   1864.976088   
76.300000   310.955393   602.656048   420.191451   627.104233   299.085264   480.669494   481.392367   454.081566   1011.319643   1117.158196   619.557209   337.546569   484.677557   316.813337   504.725917   427.773104   859.558881   489.945802   439.299050   519.333448   1093.154649   441.371094   516.445089   426.775730   424.686238   451.058464   297.104098   433.160227   442.767365   403.857862   238.145301   471.390089   1731.624295   1908.050812   
76.400000   288.660099   534.191857   396.396506   610.272921   289.022496   463.225371   458.896113   454.239826   992.365055   1089.995639   621.965556   302.823383   547.048393   310.688531   483.842280   438.173842   765.977742   465.472930   429.683903   532.756003   1086.290913   474.524025   505.158047   419.853665   404.560050   434.847263   260.411679   421.602358   430.256108   385.654708   258.817808   466.400644   1700.406560   1866.247836   
76.500000   291.081478   445.535740   414.175755   582.119226   337.033468   438.023046   474.758471   430.335909   983.263869   1089.644541   619.476379   401.905812   487.673438   278.583394   492.658089   408.706149   755.326770   469.273244   441.885802   511.413195   1092.867411   429.179846   499.171380   416.534898   429.857825   430.421503   311.512185   401.081079   429.134213   403.298682   228.894809   447.274480   1750.728975   1830.107765   
76.600000   289.438958   587.401914   388.119640   605.584384   288.265117   450.177444   452.065474   460.270301   996.562268   1113.403033   616.442756   323.613917   289.736508   275.499935   477.437157   458.559240   732.064513   475.306799   421.590270   518.653190   1091.166098   480.941743   503.607137   419.574751   404.885502   406.778742   257.429909   413.571758   437.232951   374.297563   200.745080   434.625487   1819.667895   1834.420121   
76.700000   283.644206   566.979633   402.828410   598.371451   316.283564   449.261510   468.186362   439.159223   991.670481   1119.578320   616.158584   315.262082   464.504459   294.342755   487.445246   419.211533   758.947016   479.415903   432.545332   511.235513   1093.912484   477.196671   493.480792   408.554457   416.283502   424.383732   264.461478   411.357124   420.521373   389.817733   215.725521   443.379055   1844.733281   1856.212035   
76.800000   285.631201   448.080934   393.212392   597.248087   297.813167   454.622716   463.029805   428.782522   972.289598   1111.169743   615.956603   320.127609   470.619716   319.454570   494.000003   408.796072   709.093034   464.253379   433.660214   506.373069   1080.415078   442.043756   499.365358   398.102964   421.093734   440.200269   295.138127   408.081594   425.581637   382.740850   194.319127   447.172029   1700.102558   1847.752131   
76.900000   286.201844   445.621043   396.486481   592.051690   288.012322   434.686728   451.886433   423.306516   974.130321   1084.209779   616.388637   306.467863   504.777599   273.910049   478.394534   402.486906   722.823719   438.760817   425.678752   487.242826   1085.760170   433.010297   486.936308   387.778182   404.503927   435.830717   268.038635   395.370233   401.558055   370.156513   204.222123   425.275580   1748.675924   1840.578757   
77.000000   274.719188   523.236088   389.918666   602.196172   281.776723   445.406223   450.587216   430.436882   995.318642   1085.022012   610.216793   282.561980   378.387915   268.010235   479.435240   420.934438   701.386791   478.703691   419.307623   502.386038   1088.134236   436.230988   500.745535   398.262250   408.170193   435.381857   261.821079   417.090672   425.745903   372.099520   182.856289   440.439925   1836.463961   1819.851526   
77.100000   276.667265   478.485933   382.265186   586.407549   276.801328   439.474567   440.809396   439.537349   980.966799   1089.671503   613.252888   293.178616   410.821624   248.091826   453.597187   408.503608   716.197894   463.784667   417.571035   492.217862   1075.708197   430.942004   486.215516   396.332753   396.276125   440.195738   254.747295   395.788114   422.519712   362.032957   182.901925   425.651115   1755.866760   1816.570633   
77.200000   281.623882   455.984659   383.020431   579.590147   280.398989   429.448453   444.447508   415.196789   961.160255   1063.010503   609.859574   230.825613   424.565167   251.015522   470.594464   389.082467   719.767686   441.333660   423.856543   478.264560   1080.516699   420.955674   477.808544   378.324894   391.249367   398.564818   228.581145   385.368432   407.050968   363.908744   187.686317   408.454024   1680.408696   1819.101211   
77.300000   278.233991   456.783103   387.998614   597.657790   282.571283   447.897973   447.835506   431.089323   983.518635   1085.928047   609.252353   245.897672   537.465754   313.585283   450.359019   415.047676   728.724880   459.908960   420.892957   502.235774   1079.577087   419.703446   490.731287   397.334126   398.553506   409.247021   241.981322   407.313286   417.622833   370.384780   207.665856   445.477374   1772.905334   1822.310052   
77.400000   279.544239   479.679468   380.703867   573.996127   283.781183   422.781660   442.672978   410.408479   970.725612   1049.475373   608.999647   266.784880   408.623358   264.512720   443.552433   391.600798   737.045740   435.482620   415.424225   476.748375   1074.290866   435.561910   473.745996   380.123457   392.866033   408.643496   202.964674   383.979204   395.882479   363.807246   186.243810   410.321695   1834.171175   1824.476402   
77.500000   278.135355   449.860034   383.871334   570.078083   282.381847   423.541445   441.432243   401.206754   951.787983   1046.921682   608.479941   269.587338   333.410017   240.267076   451.226175   374.207419   741.041640   433.251463   420.567988   470.192718   1076.436978   420.480731   473.722034   375.096598   398.116947   398.842928   236.370583   385.440015   397.205661   371.057314   184.494396   396.357881   1817.612595   1808.851431   
77.600000   271.134783   409.433540   376.079127   567.321945   276.987604   424.349781   439.750528   411.498502   950.533902   1053.219698   605.596050   290.572803   324.945441   269.411373   445.798701   389.764842   705.791967   431.252595   417.096322   478.831071   1066.827168   427.673787   475.390465   375.334859   390.630053   400.189163   244.313405   385.114192   398.626574   362.783072   193.976461   413.304195   1673.569695   1814.017979   
77.700000   275.879937   377.882642   382.041670   565.040508   277.969315   420.227177   437.475853   406.948200   968.396459   1057.735233   608.317225   275.278657   311.794417   259.299479   461.990743   392.063007   692.620702   434.293929   415.627062   478.278673   1064.064252   417.956202   474.095943   380.388376   396.758513   399.988349   234.120816   378.777846   397.144668   368.968834   185.366749   402.347442   1675.331666   1803.354968   
77.800000   267.504695   421.198186   373.247356   567.617765   274.728218   425.059898   436.931160   396.741840   944.144199   1047.415223   603.665408   251.045970   397.438395   237.598179   449.997343   366.402062   683.079290   425.200857   412.289078   465.132034   1059.437341   402.859542   471.074476   370.056312   390.026688   399.229440   211.655804   375.414731   392.520957   356.779029   186.436240   404.595002   1735.775966   1800.012824   
77.900000   263.325587   378.968579   377.200369   559.508313   274.294692   418.802529   438.587034   407.286994   941.545411   1047.269823   602.863891   237.704884   302.805260   248.435612   457.020870   388.324445   680.072348   428.113013   412.630637   478.004061   1062.882427   412.201243   473.128720   374.266229   392.857483   392.672031   213.365992   379.425444   398.011514   357.345711   174.690366   406.754255   1677.566062   1800.150356   
78.000000   265.383644   404.423266   380.483778   558.885997   279.047923   416.822894   450.516212   408.897394   945.622170   1060.430627   605.891152   262.953171   244.014700   245.024890   463.720553   375.030190   697.965918   419.949524   410.072073   472.715160   1057.261803   409.285252   468.355782   373.867425   400.598241   395.951020   207.005855   376.724143   392.497859   360.809696   175.361673   398.362475   1758.217624   1791.382497   
78.100000   268.362250   419.578571   377.845969   557.626589   285.293254   414.312090   441.488414   402.857305   959.315039   1048.261295   602.144732   221.404535   238.394114   231.493504   438.674624   365.224694   696.171378   423.407083   415.426066   473.228913   1063.320458   406.319331   467.626233   370.914810   391.075745   383.793799   227.351649   370.560177   391.798863   358.183764   172.173767   407.247435   1762.084689   1790.772949   
78.200000   266.902326   372.561820   373.407457   558.869973   277.196245   417.118656   440.360389   398.106448   952.538022   1042.725502   603.963941   225.910368   276.333755   233.263343   450.010626   366.779255   667.429052   422.690725   414.572149   462.104740   1057.265865   402.775997   463.127535   366.267304   388.911022   413.152945   215.940120   373.099129   388.958835   359.340329   168.254083   398.102190   1640.510063   1789.071168   
78.300000   266.353857   365.626223   375.579060   558.063490   275.449159   411.943473   433.185696   392.426069   941.454093   1044.085216   605.138668   256.966455   260.490719   233.585474   445.691252   369.704779   680.238217   419.546578   412.880035   460.892027   1054.743779   404.174403   461.076353   364.159463   386.803690   396.587736   213.244739   376.408138   384.527178   355.845950   169.816717   394.328480   1632.534194   1791.745030   
78.400000   269.704661   355.977469   378.693141   556.776123   270.258286   413.352527   431.811428   395.001046   945.674019   1044.319502   603.200015   208.291199   265.076302   232.680912   442.310631   370.502303   684.676019   418.200222   409.919506   460.850610   1053.862631   399.053538   469.265895   366.370098   385.511497   388.138525   216.582023   372.999060   386.272097   352.710233   173.557694   395.164042   1668.874046   1784.929967   
78.500000   262.513340   396.227133   374.806065   554.941142   269.012025   414.294531   429.603034   396.122051   935.022535   1038.955094   602.854462   195.610712   267.992610   239.335119   437.087592   370.267288   673.298514   422.217581   406.984286   462.239093   1052.847873   396.968978   464.181091   369.034348   384.326589   387.985909   208.394042   373.169899   388.843496   351.024361   174.172252   393.762115   1645.622822   1782.631127   
78.600000   276.144427   382.204376   376.393103   555.557112   279.609303   412.832770   431.447824   398.390500   936.281835   1035.734311   608.306636   205.679310   236.889296   239.778651   432.613303   372.211561   687.355014   422.100192   410.609491   462.502296   1052.297902   401.605756   472.189582   363.559727   382.747946   398.034164   200.810388   373.249106   390.027420   354.044955   176.578843   395.453839   1690.012993   1785.437802   
78.700000   266.029424   345.028238   372.441322   551.217776   274.530526   413.604719   429.289991   394.314484   938.161103   1030.370608   600.714744   200.016420   285.431003   228.568050   426.875880   368.366501   658.256835   418.268714   407.205649   467.899664   1051.916515   396.440994   469.104643   368.531076   381.728689   390.931336   195.635241   369.712488   388.519003   349.971607   167.813964   386.163961   1651.122704   1778.989694   
78.800000   262.569011   357.218963   371.656612   554.017057   270.372846   407.759280   428.820790   394.235381   937.376900   1032.932922   600.083482   207.904567   223.199466   224.331292   430.022088   366.273487   656.748097   417.523912   407.724540   458.801911   1051.889390   402.974873   459.980442   360.998849   379.981425   392.081806   199.558098   367.099544   379.792742   349.092104   168.835645   390.168108   1605.958130   1779.134345   
78.900000   265.341288   359.032876   369.735422   547.014846   271.250162   404.009628   426.717978   388.358885   935.798149   1030.062394   599.488495   197.022442   209.081816   223.229296   427.185976   362.423720   659.403311   411.992004   405.331869   453.618930   1049.253646   393.589863   460.918987   355.690951   380.904889   389.288500   199.877651   361.865956   379.808086   348.644267   171.846026   383.653230   1606.581490   1776.668711   
79.000000   262.058666   376.781444   369.731169   549.298478   269.912452   412.195851   425.649842   391.645450   928.588914   1030.634640   601.463774   202.612191   217.083853   227.671710   425.815814   371.835658   656.870532   413.517927   404.577440   458.168271   1045.040281   397.879878   462.892405   358.613814   376.910376   383.834669   197.467253   366.080958   378.236133   348.151777   162.520445   386.415046   1626.068096   1776.558638   
79.100000   261.333613   365.180818   368.847997   545.351207   268.482329   403.802381   425.890959   388.039672   926.898116   1029.235644   596.578494   193.937971   220.562810   222.081637   423.190481   366.949285   659.858206   413.264911   407.897750   456.061728   1046.339761   398.821833   456.928231   358.019550   379.339097   377.918959   190.155429   361.559420   377.774389   347.683536   166.208102   385.218811   1640.995303   1772.183987   
79.200000   262.099377   359.605599   368.533765   548.015435   272.288895   401.397382   426.311762   389.702247   927.734529   1025.786289   596.506972   203.114535   220.809755   227.900938   424.103082   360.962134   651.627687   412.009809   407.934530   454.638124   1045.676418   391.965805   456.980988   358.934884   383.861666   377.761402   190.054982   363.911485   378.708380   352.761631   170.915085   387.827945   1615.340975   1772.263916   
79.300000   264.724784   344.689612   372.918335   547.131741   267.992253   403.737130   423.257310   386.859412   930.319991   1024.834480   598.363566   205.833394   232.689384   217.060921   422.967542   360.277337   649.126523   409.359495   404.289297   454.527137   1045.440875   393.300946   456.768835   357.474919   377.673871   378.377158   194.388517   364.324606   380.708299   348.095428   164.838280   380.500613   1672.094749   1774.082025   
79.400000   262.321178   348.174581   367.145563   545.383360   269.920935   401.266113   425.877437   385.486719   927.345522   1024.385551   594.820367   199.639805   203.711489   221.420022   421.506117   360.012653   657.333825   410.814757   406.329855   452.368349   1046.003367   394.778736   453.739658   354.748051   378.925238   378.325666   189.294291   362.554158   377.819240   348.598922   163.196160   383.053141   1648.371100   1768.985461   
79.500000   260.116892   354.799505   366.706332   548.246879   267.502807   403.711489   424.677192   383.438467   921.244077   1024.290618   594.943691   192.515575   205.061796   220.249910   421.152933   355.935767   652.988125   412.861564   405.843362   452.498835   1040.653362   391.603562   455.174781   358.906691   377.495548   381.139210   188.708764   362.529721   377.682774   347.093290   169.850775   384.470839   1642.318241   1764.718203   
79.600000   259.041560   330.713318   364.914835   542.359898   266.801688   401.120320   425.144990   385.655071   920.130319   1022.107596   596.055178   193.105947   204.777926   216.696224   418.835724   357.342904   646.629613   409.255395   405.296047   449.984051   1039.339733   388.388058   455.855433   355.757107   377.631543   381.487826   186.218797   362.191103   376.478793   346.500127   161.866792   383.578956   1648.696329   1762.754728   
79.700000   258.085835   339.898339   368.104348   546.121109   270.145266   399.484837   423.188427   383.045143   925.505103   1023.045931   594.336550   192.333960   191.338100   216.102570   419.603622   361.005367   644.985019   409.524053   402.865819   450.096387   1038.611793   390.812439   452.989990   355.975526   376.589612   377.994608   189.792369   360.259891   374.684469   346.920029   163.350256   384.576829   1643.330593   1763.509760   
79.800000   259.743539   334.325447   365.637537   545.498084   269.635864   400.464972   424.681779   381.450587   921.103964   1019.086894   592.239890   189.897401   195.106238   220.764037   422.097176   353.408323   642.938570   410.014363   402.661503   448.222383   1040.331370   389.379373   452.449482   354.244182   375.497524   373.815105   188.479921   360.666533   375.094045   344.307227   160.197934   378.617408   1694.478535   1760.200461   
79.900000   261.941140   326.511433   364.606275   541.324560   265.443770   399.115274   422.203833   382.153343   920.024911   1016.940680   594.531889   187.139483   190.091227   214.760282   420.174693   353.928181   643.299582   403.342976   402.081289   448.459425   1036.822356   388.211496   452.270597   350.543605   376.090582   372.920242   185.914633   357.754420   372.636618   346.215851   162.723803   376.665377   1587.763284   1760.167117   
80.000000   257.680994   332.726634   365.069225   542.009503   265.883514   396.460947   423.467529   380.827497   918.194842   1018.638088   593.182861   185.844131   179.095914   215.969791   419.047082   355.131533   639.489781   404.079331   404.357979   448.834600   1034.483539   388.347255   451.205476   351.176102   374.796342   372.552383   189.331281   358.038907   373.924709   346.206108   158.408886   376.027807   1641.115035   1756.740507   
80.100000   257.703188   328.701814   362.772055   539.877597   265.090887   395.417515   421.343984   379.990092   917.311238   1016.845947   593.674533   185.688803   198.922177   215.298039   417.783041   353.591145   643.162616   402.275291   403.405530   445.024959   1033.846384   386.341992   450.527696   351.109739   375.204796   377.277848   182.800434   356.934597   371.975501   342.540183   162.512065   377.245463   1634.630815   1755.595344   
80.200000   258.445768   336.234328   364.578093   538.567175   266.321252   396.620168   421.463534   381.321807   916.438619   1015.124348   592.079291   187.700643   188.739554   215.406534   416.877356   353.909304   642.141100   404.152062   400.793349   445.722051   1033.657860   387.001822   449.494294   350.582374   374.255815   373.078147   182.905504   357.351473   371.810010   342.988168   160.471482   375.280698   1608.552865   1754.932900   
80.300000   255.556106   326.703402   363.187537   538.322939   268.121143   396.791633   421.662155   380.374948   915.668017   1012.378041   590.487208   182.240151   191.600239   214.481225   416.193250   355.792633   641.318404   402.474015   400.529358   444.851486   1033.648811   386.906768   449.022591   351.299033   373.111797   371.305867   185.487939   355.809759   370.345147   342.881107   160.548759   375.351452   1598.392932   1751.944732   
80.400000   256.862035   324.109135   362.868539   538.053410   267.210804   394.305240   420.263655   377.817691   913.904116   1011.759566   591.680560   182.644398   190.224518   212.870764   416.045206   353.649122   640.945022   402.374676   399.727027   443.266933   1033.455357   386.144486   448.886937   348.353755   372.473927   371.374891   183.157383   355.593521   371.498159   342.804380   161.936017   373.578572   1592.215819   1751.483805   
80.500000   257.828668   321.255958   364.632342   536.498038   265.437036   394.263371   422.756331   376.851924   913.087748   1010.201181   595.068713   188.703990   188.740922   211.373548   418.055985   353.332040   639.891391   400.985634   401.115084   442.919459   1031.079553   384.416710   448.487133   348.345390   373.004591   371.327150   180.858573   355.294479   370.431731   343.121757   161.048978   375.862740   1621.243627   1749.484666   
80.600000   257.735171   321.645693   363.022967   536.520313   264.901431   394.037481   420.469183   376.301359   912.990423   1009.898229   590.866966   185.287010   178.238644   210.864362   415.245315   351.903457   641.670727   399.942277   399.137737   443.147734   1029.677658   383.328870   447.444542   348.185861   373.443337   371.015407   180.833830   353.915564   369.137822   342.181164   164.947075   374.022671   1580.203958   1747.850126   
80.700000   254.655322   320.778806   362.244990   536.282321   263.773719   394.764942   420.410995   375.544332   912.425555   1010.294688   590.227511   183.123170   177.169259   211.319450   413.453161   351.623263   636.929309   399.852749   398.482777   441.923876   1028.289087   385.298443   447.313383   348.988454   372.401940   370.159399   181.737201   354.278607   368.405641   341.318631   161.008489   372.035094   1563.634005   1746.527036   
80.800000   255.410410   322.730178   361.647428   536.422686   263.218545   394.429392   418.861532   376.272045   910.450048   1007.798483   588.235702   182.340056   172.858836   210.147057   413.722963   351.571769   632.885605   402.156159   398.619154   444.152096   1027.437652   382.843100   449.917355   348.446513   370.772981   371.106167   183.415096   355.136958   369.823295   340.952243   158.920601   372.835394   1576.162788   1745.336230   
80.900000   255.423926   320.442063   361.354302   535.048130   263.552924   393.445692   418.510274   375.384555   909.601614   1006.801743   588.634051   179.957234   179.059405   208.805035   413.130215   349.789632   634.006508   400.490412   398.365971   442.401498   1026.781657   382.526675   446.841392   347.016017   371.081258   369.839677   181.188134   353.642122   369.507701   343.217096   157.329797   372.365659   1574.247637   1743.823889   
81.000000   257.656216   323.061832   363.799584   535.758693   263.726415   393.461477   420.224562   375.809834   909.784532   1007.328975   591.871564   179.025782   178.456107   210.370981   415.647188   350.128504   636.125590   400.762063   399.055763   442.430040   1027.397631   381.557456   446.942916   346.468037   371.368640   369.743908   183.617483   353.446909   369.158206   341.592049   161.016471   373.643566   1576.317882   1741.916732   
81.100000   254.399307   320.143507   361.170088   535.900873   261.811008   392.818732   417.633600   375.242678   907.177557   1005.166945   586.385870   179.635276   169.845299   214.119156   413.008420   349.215482   635.233150   399.802027   398.206372   440.326970   1025.633047   381.825168   446.333846   346.718556   370.676404   369.930185   182.378297   353.495114   368.435857   339.672652   160.206412   371.122880   1572.265314   1740.163965   
81.200000   256.657244   320.046859   360.886667   534.380991   263.433761   391.828141   418.308237   374.365202   906.414771   1004.516040   586.923682   179.126043   171.266140   214.132232   413.509976   348.970302   631.505087   399.087152   397.929356   440.453644   1024.689657   382.150178   445.771969   345.674885   369.432002   371.504578   181.100569   352.968775   367.978963   340.426749   160.348407   370.738371   1571.469146   1739.781098   
81.300000   260.644029   318.715267   361.631175   533.642841   265.323515   392.052145   416.073794   373.845968   906.141129   1004.603423   586.393535   179.374276   178.474177   210.010276   414.676458   350.066567   629.673633   399.171870   398.969449   439.786067   1023.757237   381.708941   444.814681   345.809121   371.520789   367.853753   178.931125   353.064616   367.959103   342.273753   160.632240   371.079112   1562.643082   1737.635442   
81.400000   256.202901   318.488907   362.419629   532.676297   262.471177   390.824723   418.800769   373.755095   906.969730   1002.537941   585.021990   179.570208   170.525118   209.513041   414.855464   347.837069   631.151621   397.415963   397.965807   439.937326   1024.564054   382.678757   444.788760   345.764473   372.770462   369.893022   179.636969   351.766139   367.992108   341.884660   161.688600   371.994475   1569.679856   1736.268778   
81.500000   255.003847   316.847477   361.027445   532.947941   265.133354   391.025175   417.497826   373.642344   905.791991   1001.549349   587.003618   180.077817   174.369252   208.613784   411.339870   349.084907   632.746806   398.936267   396.814101   439.436844   1022.125579   380.381303   444.767896   345.909945   370.603836   367.360804   179.958287   351.899974   367.634472   341.470973   159.590068   372.166310   1560.380106   1734.824755   
81.600000   255.738283   317.573126   358.834534   531.776512   261.071950   390.341641   416.474483   373.051028   904.167746   1000.794549   584.752024   178.319559   167.442298   210.826980   410.551917   348.868222   629.890361   396.754652   394.782136   440.002531   1020.993762   380.527994   443.831915   345.172187   368.890367   366.372201   180.891669   351.879113   366.731925   338.382835   160.564301   369.300432   1565.081083   1733.618730   
81.700000   252.975581   316.964093   358.702467   531.099458   262.765014   390.640733   415.939762   372.401588   904.118616   1000.171492   583.653514   177.655462   165.650687   209.989276   410.674095   346.444752   629.393854   397.364426   396.150293   440.580891   1021.176218   379.843771   443.459053   344.042914   369.324231   367.084596   178.029754   351.053620   366.581427   338.799868   155.841602   368.543615   1544.401813   1732.130853   
81.800000   255.006202   316.481142   359.048387   531.045222   262.757109   389.768849   415.403817   373.411979   902.104154   999.624268   585.534390   177.102135   164.455473   207.599861   410.471358   346.946309   632.035768   396.577329   396.135566   438.452315   1019.812640   379.739769   444.068749   343.677715   368.520957   365.929580   181.048340   351.930711   365.413196   337.360400   157.746302   369.352477   1548.903777   1730.701506   
81.900000   254.264365   315.899693   357.881029   530.244025   262.274810   390.018635   414.909666   373.527512   901.839501   999.416720   585.819958   178.849169   165.031888   207.978224   411.333339   347.468811   630.498793   396.740052   395.794586   437.046542   1019.293825   380.219654   443.103392   344.757352   368.411909   365.712593   179.334359   350.510036   365.417380   338.382818   159.702200   368.617032   1536.595128   1729.180989   
82.000000   255.810119   315.943790   359.541996   530.465112   262.685990   389.780172   415.677929   371.822475   902.028684   997.528255   584.249744   176.529295   171.080288   212.867972   412.091748   347.142937   630.485952   396.466284   395.360975   436.976752   1019.471379   378.834651   442.817818   343.912156   369.285928   366.803496   177.907458   350.669213   365.475406   343.029512   163.174639   371.382699   1560.571876   1728.195546   
82.100000   255.552519   315.976389   359.916549   529.193093   263.061973   390.249383   414.235068   371.825560   900.785306   996.983886   583.569904   177.636465   169.481961   208.155993   409.442086   346.174693   627.176254   395.477213   395.354697   436.627524   1017.331845   378.489400   441.768066   343.168695   368.570788   366.015339   178.199443   351.480784   365.697232   338.568002   160.124181   368.399010   1545.851149   1726.690557   
82.200000   251.436399   316.697246   358.107327   529.565233   260.977149   389.495326   413.285955   372.366371   900.241300   996.477908   580.966004   178.340796   168.772448   207.180427   408.515780   346.605114   628.192852   396.309625   395.046641   436.480192   1016.711943   379.266445   441.541995   343.008425   367.886499   365.398981   177.801400   349.326529   364.671573   336.933719   156.722388   368.173770   1548.464319   1725.753085   
82.300000   252.374146   316.598055   357.885303   528.703808   262.027670   387.917945   412.416090   371.181955   898.943352   995.672838   581.664511   178.165556   164.314032   207.551518   408.346397   346.278510   626.559091   394.927530   394.823512   436.881260   1016.802300   379.381252   442.001766   343.106609   366.966000   364.623083   178.678253   350.043350   364.048138   337.014362   154.627210   367.735917   1528.846714   1724.319713   
82.400000   252.129413   313.889080   357.504099   528.322812   260.268942   388.913889   412.862848   370.886698   897.970455   994.546895   580.138476   176.690117   163.186470   206.663367   408.024822   344.804322   624.275350   395.583158   393.555283   435.360376   1014.507574   379.240003   441.382412   343.918889   367.350354   365.508703   176.019418   348.787275   363.886345   336.024330   157.650878   366.567641   1539.315712   1722.973489   
82.500000   251.663950   314.094296   357.464195   528.377774   260.456213   387.853329   412.853603   370.587580   898.038568   994.142922   580.195639   176.305899   166.594521   208.749966   407.949976   345.509067   625.816575   394.848592   393.738854   436.801795   1014.407214   377.742279   441.285135   343.006732   365.922691   364.737477   178.638191   350.157220   365.301240   335.232521   158.846517   366.103212   1526.939519   1721.467195   
82.600000   251.772770   313.241223   355.807653   527.368883   259.431065   387.887955   411.880433   369.577564   897.014301   993.547233   581.816344   175.087960   166.684383   208.283938   407.539590   344.609679   623.655760   394.318826   393.383110   435.088304   1013.175524   376.856223   440.334507   342.435352   366.074707   364.816493   177.121970   349.308804   363.465531   337.233803   156.452909   367.697854   1526.407038   1720.458295   
82.700000   254.891404   314.085300   356.164163   527.633251   262.180451   388.074353   411.398155   369.444552   896.774860   992.475043   579.802219   176.044331   166.686212   205.511496   408.172509   345.251739   625.576629   393.962009   392.918053   435.033824   1013.303811   376.985387   440.437242   341.419534   367.144351   366.683509   176.278736   348.332243   362.777184   337.438129   157.237227   367.106767   1525.626202   1718.734313   
82.800000   251.532366   311.694004   356.279125   526.958673   260.472100   387.108675   412.887506   369.941939   896.495629   991.781596   577.822810   174.901567   164.853964   205.702596   406.914221   344.867223   623.013317   393.314655   392.041986   434.381200   1012.549716   376.993452   440.461524   342.501485   366.537176   364.814794   176.942597   348.148090   363.258558   337.438410   156.820655   366.166762   1523.652833   1717.689048   
82.900000   254.347308   313.269774   356.770714   526.513735   259.142314   387.206665   412.461976   369.395817   894.474901   990.824041   577.941880   175.791548   165.441721   205.545659   406.551494   345.032228   625.075173   393.195935   392.715440   433.914332   1011.534012   376.649635   439.937488   341.418069   364.975857   363.098234   176.625845   346.971063   362.823253   336.477371   158.911900   366.259540   1528.563398   1716.320664   
83.000000   250.778217   311.569000   356.510694   526.141289   258.118505   386.430991   410.957353   368.793067   894.785212   989.763859   580.068721   175.321605   163.081579   206.494304   407.393887   342.968503   625.465500   392.779508   392.715566   434.060993   1010.264637   376.114344   439.737592   341.233020   366.303251   362.367723   179.226761   347.270468   362.365087   336.194067   156.301560   365.896112   1524.112064   1715.056674   
83.100000   251.267061   313.530238   356.149064   525.888943   259.070772   385.943920   411.380000   368.450185   893.509477   989.299719   585.906869   174.822269   165.310009   205.820168   406.583962   343.232404   623.019904   392.976740   391.409326   433.400409   1009.937272   376.140192   438.910324   340.274434   364.957004   363.487136   176.728900   347.085795   361.880593   334.748134   157.036764   365.770122   1522.021297   1713.956012   
83.200000   254.306490   312.822875   356.498947   524.957269   261.481994   385.521541   412.300571   368.018542   892.519126   988.995763   580.920138   174.017042   165.824019   205.553537   407.933661   344.363269   622.719313   392.476632   392.568601   432.921004   1009.564811   375.688047   439.311613   340.136911   364.472128   363.215954   177.467607   346.808630   361.714133   335.804132   158.487187   366.137885   1521.324859   1712.987407   
83.300000   251.888491   310.675302   357.427253   524.544468   262.055267   385.147833   411.807589   368.251395   893.082719   987.760127   579.911006   173.167401   166.932414   204.819147   406.276973   343.849157   622.679447   391.877367   390.658886   432.370679   1009.312673   375.809042   438.251121   339.683109   365.552957   364.489766   175.664271   348.329009   361.919758   335.420599   158.035084   366.127080   1509.631604   1711.262763   
83.400000   249.434245   311.338428   354.932338   523.754354   260.971454   384.667634   411.715842   368.937022   891.389135   986.828326   576.759422   174.411083   164.579400   204.939109   407.636214   342.483097   620.528637   392.508122   389.811919   433.048784   1007.602642   375.803454   438.221000   339.668209   366.110498   362.621288   175.138810   346.255525   362.396899   334.869328   156.360071   365.249266   1519.333009   1710.404530   
83.500000   250.229727   311.843450   354.960697   524.157213   258.329726   384.949619   411.015738   368.679508   890.373620   986.521673   578.843234   174.697214   161.464818   205.006861   404.405743   342.737144   621.659342   391.407563   390.482816   433.345878   1006.583694   375.215288   437.106953   339.660235   364.262133   364.431058   175.615835   345.957250   361.816143   332.697709   155.909512   365.051693   1512.771149   1708.921704   
83.600000   249.427905   312.126039   353.300549   524.082716   257.416725   384.516515   411.600194   368.781078   890.094803   985.747141   574.936201   175.499666   161.671606   205.960734   404.362939   342.643918   618.815571   392.152120   390.659578   431.935214   1005.743356   374.299507   436.826101   338.930395   363.182062   363.554069   175.736107   346.421969   360.742683   333.171628   153.724549   363.116266   1512.688551   1707.428804   
83.700000   250.852836   310.574734   354.607425   523.308527   257.543452   384.824941   409.980022   368.973571   889.778325   984.782058   576.570140   172.667768   160.854903   203.978221   404.599075   341.059931   620.802252   391.428680   389.170868   432.540586   1004.782980   374.057901   437.106675   339.270174   364.551966   363.343327   175.308388   345.821088   363.116884   335.070002   155.047842   364.122134   1507.065817   1706.371003   
83.800000   251.556414   311.453967   355.865415   522.563897   258.085601   383.884624   409.209212   367.264497   888.625610   984.542516   573.740664   173.946679   164.416708   204.452589   405.290011   340.762845   618.984829   390.991482   389.680486   431.526496   1004.281105   373.927708   437.013385   338.406111   363.582435   362.617442   175.865808   345.451133   360.156274   334.923551   156.329569   363.413618   1501.526838   1705.126416   
83.900000   252.558400   310.023224   354.810163   521.933599   258.579284   383.373487   408.854257   367.312804   887.878357   983.726693   576.689723   176.580819   160.096748   203.899853   405.767832   340.826676   618.330366   390.374875   389.425997   431.164552   1004.270154   373.545131   435.969095   338.888298   363.505443   361.316359   175.219263   344.885858   360.105469   332.091613   157.562444   363.268635   1506.731639   1704.022205   
84.000000   250.672433   309.514596   355.216650   521.734677   258.943483   383.216723   407.667460   366.660140   889.368664   983.243774   576.699495   173.943261   165.180259   203.469243   403.913350   340.342245   618.827733   389.900099   390.118503   431.228481   1003.660927   372.872794   436.749609   339.632305   363.145684   360.567025   175.231866   344.718064   359.574958   335.228750   158.838709   363.964213   1501.488405   1702.908855   
84.100000   247.894981   308.761936   351.708840   521.663465   256.451158   383.924232   407.749494   366.346317   887.631489   982.269389   574.623978   173.024715   160.624391   203.561661   402.230325   340.612395   616.639474   389.651779   388.775726   429.739687   1002.303679   373.343466   437.078976   337.447199   363.970013   361.524781   174.582835   344.504422   359.058961   333.191400   155.542642   361.742813   1506.379883   1701.182097   
84.200000   248.881975   309.823980   352.144938   521.015080   256.670124   382.342935   409.496076   366.046879   886.263903   982.190776   576.203226   172.513197   161.628711   203.990934   403.318028   340.349858   619.741724   389.399642   389.261087   429.804158   1002.054172   373.232769   435.906569   338.176857   363.173562   359.342784   174.448656   345.064959   358.646993   332.830647   159.687724   362.741113   1512.965631   1700.130406   
84.300000   250.633191   310.070099   354.185063   520.946188   256.447628   382.369360   408.184338   366.497479   887.037647   980.526090   576.046196   175.046208   160.462344   204.119989   405.340474   341.306114   617.580735   389.340797   389.955868   429.600662   1001.329460   374.411688   435.216987   337.496084   364.912696   360.231016   174.169524   345.593871   359.069959   334.598808   155.155983   363.201671   1499.784728   1698.995990   
84.400000   250.876876   307.812339   352.711781   520.496391   258.134522   383.016475   409.512710   367.273247   885.978731   980.834745   574.409555   172.057971   160.584177   204.878735   403.290484   339.645899   616.468060   389.770651   389.225956   428.828892   1000.543275   372.151590   434.760899   337.847206   362.008642   359.821537   174.659768   344.183884   358.787577   335.459949   160.528347   362.678655   1496.567867   1697.904802   
84.500000   249.215849   310.053097   351.430824   519.829763   255.836124   381.581645   407.133219   365.978328   883.941469   979.473226   572.847060   173.555813   160.044708   202.867373   401.762975   340.264102   614.290286   388.529252   387.953072   429.147231   999.768714   371.335740   435.377451   337.516385   361.278200   358.769669   174.904465   344.632320   358.700370   332.457611   155.178735   361.283404   1493.148969   1697.198845   
84.600000   249.230663   309.209570   351.433260   520.576486   257.100798   381.642698   406.039671   364.251526   885.716582   978.618225   571.485790   174.273697   161.222787   201.962325   401.408715   339.621093   613.792537   388.454183   387.794957   428.142823   999.546766   371.762470   434.992102   336.757531   360.831111   359.210821   175.335567   344.485412   358.446527   334.711569   154.856251   361.277566   1496.903978   1695.556111   
84.700000   249.456508   307.968082   351.997340   519.387020   259.544610   381.207477   405.363342   363.871546   883.514498   977.614602   571.901871   173.725100   162.890063   205.148488   401.199835   339.904255   614.550326   389.051475   387.036355   428.976541   998.265003   372.082027   434.287556   336.137295   360.655453   359.808370   173.697826   343.985335   358.676440   332.760216   151.552666   360.870317   1493.774686   1694.404920   
84.800000   249.166059   307.643155   352.583311   519.019537   257.360480   380.664718   407.102900   363.680991   883.836511   977.094480   571.799366   175.300077   160.302653   203.716047   401.707245   339.031552   614.247910   387.400648   385.694024   427.872498   997.686021   373.045073   434.196845   336.550545   363.542295   358.710737   173.644725   342.810675   357.834745   331.138702   156.009454   360.602298   1495.689683   1693.038998   
84.900000   247.173523   308.930323   351.728876   519.183112   255.738611   381.063883   405.893858   364.293667   882.071870   976.093682   571.297937   172.393954   158.578490   203.028413   401.236401   338.575995   614.051326   387.573468   387.782073   429.299166   996.498825   372.703237   433.331434   336.798492   360.433473   357.436618   172.550182   343.410487   357.824137   331.817997   153.043986   360.349065   1490.618321   1691.909317   
85.000000   248.691190   307.319409   349.699413   518.378988   254.682212   380.129530   405.332290   363.410795   880.937698   975.681788   569.446518   173.087879   164.419095   202.452950   399.936777   338.518196   613.638352   386.787590   388.157949   428.021117   996.133724   370.715750   433.100392   336.849361   359.735808   358.973061   173.135482   342.725307   357.081249   330.656834   154.979519   360.761324   1488.948910   1690.511790   
85.100000   250.232804   307.474739   353.163457   517.393284   257.339989   380.049684   407.732507   363.560024   881.635586   974.875365   572.341103   170.969949   163.254541   202.429983   401.222672   337.428310   618.415886   386.863679   387.824633   428.195414   996.889089   370.610593   432.178197   336.022536   362.444309   358.450770   171.907138   341.896545   357.271052   331.803905   154.165823   362.245996   1489.341631   1689.347343   
85.200000   247.823086   307.927209   352.209256   517.490794   262.885098   379.573688   405.278960   363.157006   881.460084   974.903167   574.625001   172.861744   162.707087   204.058459   400.055388   338.756267   615.192527   386.249243   388.574776   427.277255   995.418457   371.277920   432.252821   335.352972   359.913350   357.471742   174.407645   342.026595   357.045230   330.794528   159.123725   360.990621   1488.565482   1688.148784   
85.300000   245.312220   307.565987   351.587838   517.487469   257.252748   379.145154   405.436892   362.883412   879.712367   973.874290   569.703942   174.019517   160.227950   202.875283   399.672719   337.288618   613.108798   385.771155   385.854509   426.892100   995.371645   370.845753   431.562934   335.029077   360.817418   357.105941   174.250450   341.647227   356.245662   330.427339   157.332582   359.585460   1484.137475   1687.313484   
85.400000   247.286258   307.659939   350.879994   516.956905   253.944159   379.407612   404.960559   363.275724   879.134753   973.976016   567.564696   172.834431   157.979473   202.799929   398.850913   337.397001   613.893634   386.298434   385.936163   425.639315   994.166389   370.904975   431.759691   336.506882   359.424981   357.411638   175.637156   341.683552   356.614451   330.871251   153.803029   358.688394   1485.471741   1685.855725   
85.500000   247.225933   305.966414   350.595818   516.831453   253.130572   378.801937   405.338360   362.305047   879.351624   973.378390   570.985264   171.808448   159.158400   203.286569   399.567865   338.032035   613.256011   385.530946   385.638278   427.409853   992.898860   370.152743   431.421920   335.440514   358.880727   356.316750   172.905094   341.406975   355.702706   329.531332   153.723293   359.028571   1484.249024   1685.067897   
85.600000   245.027396   304.702955   350.905304   516.192461   256.344012   379.233681   404.147744   362.114970   877.348474   971.950572   567.478571   170.418625   157.956763   201.936608   398.495204   338.150711   613.129219   386.138439   386.116297   426.709414   991.694366   369.335807   431.610540   334.541991   358.358577   355.937249   172.530052   340.529357   355.143667   330.616419   153.017920   358.786926   1484.731112   1684.083846   
85.700000   244.643814   304.968114   348.119306   515.933570   253.167905   378.972970   406.833545   362.619454   877.271449   971.463518   567.518140   170.834618   156.165077   201.727580   398.476885   337.736955   611.636991   385.794258   383.455040   426.119189   991.970459   368.079318   431.768355   334.288654   358.206545   354.486500   171.833112   342.402646   356.111754   330.559316   157.284409   358.010808   1482.316384   1682.688457   
85.800000   246.819325   304.717190   348.185549   515.987577   254.216069   378.767180   403.009276   363.194143   878.013322   970.022688   568.949198   170.098137   161.456288   201.694867   398.414092   336.458632   611.545277   385.034807   384.220070   425.252911   991.054498   368.040733   430.897562   333.900356   358.474862   355.578120   172.019290   340.612311   356.263218   327.459069   154.038697   358.285861   1481.802785   1681.434261   
85.900000   245.384649   304.190390   349.485946   515.584243   254.907889   379.218826   404.077700   361.334047   876.376658   969.501761   566.293444   170.364344   158.337819   201.301926   398.162151   336.168313   609.646419   384.883649   384.386126   424.970248   989.778536   367.928993   430.992626   333.594886   356.383339   354.510561   172.668621   340.288183   356.481295   327.054251   152.389528   357.544128   1479.646435   1680.112974   
86.000000   246.363088   304.486315   349.726371   514.784448   252.329080   377.541026   402.473983   361.374602   876.337074   968.754683   567.805285   169.605006   159.239300   202.713135   397.817504   336.307618   608.577751   384.553025   384.037337   424.561750   989.635740   367.991454   430.611806   333.794688   358.050788   356.188637   172.803750   339.984432   354.637118   327.139216   154.057727   357.421866   1479.550476   1678.939451   
86.100000   246.317437   303.536791   348.151121   514.643708   253.573464   377.570776   402.934499   361.121740   874.605586   969.020433   567.355734   171.165167   158.008635   200.646959   398.113000   336.197080   607.505211   384.611202   386.379225   423.755612   989.194389   367.837599   430.307457   333.835815   357.077447   356.009446   171.889879   339.443064   354.307628   327.761907   150.317704   357.380563   1475.456921   1677.912391   
86.200000   245.599046   304.209019   350.835240   513.590178   258.025354   377.986001   404.237727   360.677331   875.777193   968.209768   567.007480   170.041222   161.418276   200.817447   398.815006   335.238735   608.554383   383.598786   385.282482   423.857201   991.054054   368.240519   428.723726   334.601083   357.379122   358.416706   173.380219   339.795547   354.890428   327.165903   155.623446   358.067364   1474.931413   1676.831052   
86.300000   245.750805   303.711135   348.480926   513.314492   254.662776   376.832262   402.141562   360.793791   873.234241   967.057746   568.820981   170.223127   159.418734   201.191617   397.847837   335.106888   607.254509   383.463687   383.289097   424.062622   987.176502   367.441889   428.566603   332.313499   358.171183   354.323862   172.934399   339.600306   353.786031   326.938956   153.171537   357.650573   1473.862602   1675.582353   
86.400000   246.552128   303.419966   349.017381   512.863533   253.972928   377.592250   404.000131   361.069516   872.800139   966.153138   567.223958   170.146598   160.300896   200.924022   397.286212   334.946516   610.103789   383.054259   382.511610   423.166291   986.574583   366.649647   429.952622   333.585652   356.913994   356.199798   171.659903   339.505029   355.058428   327.223581   155.384875   357.526622   1472.908817   1674.581943   
86.500000   244.988459   304.571837   346.214674   512.707855   252.535050   376.035188   403.828603   360.208439   873.121713   965.559381   564.365525   170.491505   158.399408   200.129789   396.727962   334.972449   607.726356   382.867739   383.989192   423.599507   985.893232   367.345996   428.810572   332.373413   356.901473   353.870233   172.275928   340.079633   353.669162   329.632445   155.417819   356.900653   1471.880440   1673.651794   
86.600000   247.724518   305.358156   348.405128   512.901685   252.622281   375.804914   402.270494   359.644771   872.545244   965.215516   565.147814   169.189041   161.422695   200.452406   397.049757   334.312889   606.911186   383.622699   383.017232   423.269694   985.856321   366.525974   427.728034   332.440786   357.323311   354.061316   171.468855   338.832582   354.094176   327.187138   153.698216   357.531378   1469.634608   1672.568987   
86.700000   245.803620   302.921508   346.804147   512.953820   252.851694   376.536178   401.147920   359.491370   870.792133   964.288978   563.442534   169.572948   157.402706   200.339220   395.932794   334.973243   607.067148   383.093266   382.808175   422.420675   986.077525   366.312064   428.277305   331.891823   356.721244   353.244631   170.612440   338.714023   353.154546   327.171548   153.299532   356.239998   1469.026405   1671.343730   
86.800000   245.898101   302.790182   345.547119   511.960989   251.542929   376.421208   400.402096   360.127151   870.889047   964.329390   564.877733   168.203676   156.955873   201.897087   396.316712   333.851542   605.889398   381.891456   381.866966   423.144246   983.701063   366.300479   427.207943   331.496439   356.720041   352.984161   171.307574   338.607912   353.543200   325.788505   155.457928   355.722139   1467.541389   1670.238351   
86.900000   244.624694   302.436009   345.305439   512.177313   251.987315   376.135974   399.728753   358.930153   870.241701   964.563662   565.176394   169.084748   160.097078   200.519073   396.151997   334.191885   604.169863   382.021437   381.833531   421.174691   982.759757   366.250748   427.091531   331.395691   355.352252   353.276733   171.522652   337.385768   351.697689   328.576876   151.846549   355.577293   1468.118969   1669.311688   
87.000000   244.808359   303.013218   345.483076   510.932010   253.953839   375.596520   400.133015   357.841123   869.981562   962.317118   563.062918   168.501052   162.402128   199.680653   395.379295   334.122669   607.537813   381.766953   380.995305   421.423195   982.718453   366.233260   428.306184   331.653083   356.728561   354.775399   169.839461   337.206911   354.376642   326.868689   152.049794   355.928109   1466.202786   1668.770958   
87.100000   243.718479   302.426030   345.314058   510.895055   253.920971   375.444695   401.592184   358.199625   869.028266   962.153435   561.932799   169.799086   154.934650   199.687410   393.966052   334.310037   605.164314   381.382170   383.590516   421.256071   982.205093   366.161508   426.825363   330.533754   355.522253   351.792568   170.834483   337.040477   353.500452   327.414357   153.087100   355.417920   1464.727781   1666.928596   
87.200000   244.849470   301.862890   344.844825   510.124439   252.919864   374.817917   399.974755   358.131297   868.310798   961.584323   563.586868   169.639349   153.907067   199.789839   395.012587   334.322405   608.294791   381.364641   380.853290   421.459580   981.581935   365.618627   426.416523   331.047974   355.557282   352.426065   172.981281   336.529077   352.127197   326.379286   152.033993   356.103481   1463.779558   1665.732890   
87.300000   243.123522   300.876906   345.814707   510.305219   252.914417   375.550334   399.186515   357.661394   867.248459   961.130974   562.468837   171.175202   154.738831   201.126970   394.012273   332.447459   603.223161   381.478571   382.093521   420.933675   981.149574   365.415559   426.797015   331.477549   354.151426   354.664884   170.786118   336.971665   352.162340   326.160770   154.736779   355.595919   1462.777967   1664.984618   
87.400000   247.259392   303.591697   344.610512   509.752121   250.517829   374.827428   399.453644   357.857609   866.977052   960.345966   562.472749   170.248104   155.648951   199.284323   393.060977   333.223283   601.834041   381.350350   381.065306   420.563721   981.039927   364.038457   428.342236   331.214723   353.557006   351.949541   170.946081   337.727210   352.380417   325.512946   149.819189   353.694627   1461.902908   1663.792952   
87.500000   246.188882   301.566250   344.093892   509.826204   252.671783   376.133845   399.715672   357.238769   866.195987   959.553000   561.870696   170.307300   155.577782   200.801668   393.734594   332.357088   601.656826   380.396859   379.159962   419.675289   980.431259   365.741161   425.086932   329.707778   356.401386   351.078016   171.734033   336.849673   351.739611   323.879335   154.637245   354.303265   1461.070338   1662.770581   
87.600000   244.072062   301.314690   344.883699   509.794829   253.181972   373.480002   398.915942   358.680075   866.164124   958.783159   560.803126   167.684448   155.942140   199.121433   393.303759   333.206750   601.992528   380.462628   379.384478   419.067821   978.868800   364.751282   425.442821   329.760893   354.874293   352.608739   170.276071   336.131094   350.772584   324.526808   151.076759   354.147046   1460.509044   1661.524352   
87.700000   241.775555   300.607438   344.262399   509.907400   253.361530   373.910782   399.697461   357.394640   865.677068   959.209614   560.029637   168.649472   153.371900   200.407291   393.445136   332.806986   601.513511   380.129559   380.152615   419.444270   978.326056   364.154062   425.590318   329.868191   356.174651   351.083594   169.981402   336.062297   351.659965   324.619971   156.510050   353.712668   1459.125686   1660.388069   
87.800000   241.925414   300.549195   344.808962   508.547053   251.210121   373.046083   399.207558   356.831541   865.957312   957.616771   559.935719   168.736302   155.456327   199.332411   392.446201   331.305152   601.690203   379.683583   379.075965   418.564841   978.650684   364.452972   425.265951   329.381032   354.309053   351.022900   169.792917   335.781070   352.903585   325.048332   150.495470   352.941857   1458.130223   1659.917264   
87.900000   241.198114   301.065773   343.474933   508.699500   249.129981   373.095571   398.358279   356.564247   864.979127   958.273884   558.001034   166.959925   153.441414   198.583017   392.800518   331.248250   599.987675   379.104572   378.242089   419.150468   976.956729   364.196756   424.392662   329.113518   352.340878   350.496940   173.831285   336.710478   351.229529   324.240239   150.644325   352.229075   1457.199206   1658.724817   
88.000000   241.727153   300.303067   348.065577   507.774560   248.879422   372.597960   397.326553   356.595999   863.525085   956.308920   559.583933   166.650350   155.285564   199.111905   392.670675   332.162508   601.452238   379.586903   377.984630   418.841859   976.265363   364.599652   424.353262   328.865264   354.163776   350.575941   172.498574   334.874585   350.627293   323.391166   152.058315   352.953259   1456.110579   1657.386686   
88.100000   244.765197   301.127629   345.587206   507.646211   249.202036   372.948336   397.737150   356.373236   864.796727   955.439378   564.018579   167.998137   160.201445   198.194241   393.523476   332.061081   601.131949   379.762188   378.263285   418.517520   976.237131   363.968419   424.811934   330.281396   355.865807   352.522046   169.079728   336.098250   349.841292   326.741744   152.244251   353.125876   1455.003023   1656.293506   
88.200000   244.042412   299.060872   344.259262   507.097676   250.090689   373.573183   398.146361   355.231304   862.834050   955.277859   561.307880   166.552580   157.162798   197.965591   392.411911   330.868454   602.150530   379.600565   379.035855   418.386168   975.095648   363.355223   423.785895   330.258765   353.067061   350.011845   169.648613   335.949439   350.136114   324.068808   152.809054   353.701062   1454.205364   1655.269642   
88.300000   242.599684   299.927761   345.820004   506.667187   252.342769   372.812078   396.660316   355.486788   863.517245   954.860380   559.440025   168.254408   159.678795   197.570061   392.538683   331.261410   603.015539   379.490244   379.255061   418.402019   975.140250   362.959630   423.422141   328.684660   355.971920   351.490360   170.132608   335.260213   350.128127   324.144764   154.156355   353.915062   1453.551774   1654.219632   
88.400000   247.442057   298.852875   344.800126   506.324988   254.136210   371.692991   398.378389   355.827404   863.197117   954.495810   564.445874   166.121209   159.581309   197.936466   392.252644   330.137607   604.437107   378.687080   379.854477   418.499797   975.657720   362.342913   422.854750   327.922393   354.661780   352.769728   168.703930   335.840215   349.098200   326.369252   157.038317   354.335248   1452.325626   1653.311225   
88.500000   242.189205   299.727267   342.184042   506.897123   249.862594   372.071753   395.587015   355.611585   861.810926   953.311043   559.561473   167.844105   156.901605   197.271361   391.004269   331.629470   599.034953   377.454987   376.782432   418.376607   973.732013   362.410813   422.433434   328.119141   352.637988   348.810485   168.535343   334.964756   348.619374   322.783691   149.631129   351.342973   1451.670020   1652.486342   
88.600000   243.579147   298.716577   343.565488   506.330345   250.247315   371.858285   394.938835   355.057494   861.565066   952.691521   556.102479   167.079871   155.182832   198.218754   391.443803   331.792186   601.004408   378.323765   377.710380   418.111828   972.993859   361.808782   422.622858   328.172126   352.653699   349.775014   169.377400   333.606510   348.703135   325.497026   150.240851   351.636729   1450.766341   1651.116602   
88.700000   242.862541   298.215165   344.455967   505.513180   248.231386   371.251405   394.637610   355.766274   860.222132   952.397755   556.698102   166.709225   155.741739   197.742951   390.161479   330.565180   598.327954   378.304903   377.737814   417.683051   972.785397   361.947262   422.511688   328.314890   350.536445   349.170699   168.520795   333.329611   348.225507   322.073323   151.223496   351.119926   1449.877627   1650.046503   
88.800000   241.684263   297.843303   342.516825   504.858002   249.285109   371.270524   394.548925   355.357941   859.212351   951.860361   557.566861   169.188999   153.607653   197.420757   389.773579   329.492116   597.508546   376.982899   377.310236   416.233624   971.413266   364.041047   422.426671   328.197085   350.553387   350.033986   168.456728   333.800850   347.819119   322.140851   153.854282   350.563398   1448.783725   1649.432440   
88.900000   240.871181   300.471282   343.900071   504.442723   249.472702   370.739273   395.825539   353.981806   860.386983   950.980351   556.189182   167.242270   153.588272   199.495551   389.689897   329.973532   601.083051   377.653592   376.044225   416.258255   970.719756   361.791601   421.651070   327.765642   350.480801   349.603339   170.675214   333.242764   347.534272   322.325663   149.628668   350.982406   1447.802416   1648.651189   
89.000000   244.398981   298.987241   343.240048   504.224446   250.468208   371.646460   395.635094   354.635286   859.011034   950.016791   555.944198   167.360135   156.819557   198.882228   390.876287   328.873666   600.142428   376.754814   375.717829   417.059126   972.061235   361.393222   420.769837   326.986264   351.221528   349.107912   169.726954   333.327524   347.921813   322.859401   151.378046   352.037025   1447.134537   1647.124301   
89.100000   241.309038   297.922535   341.709451   504.172882   250.510954   370.475001   395.683760   353.527457   858.141464   950.440805   556.682749   166.269198   156.791438   198.071635   390.875690   330.248225   595.732870   376.571097   376.081062   416.298175   969.557953   360.760924   420.860122   326.933908   350.068601   348.293887   166.866364   332.700871   347.316670   323.144119   152.668284   350.649187   1445.821483   1646.398364   
89.200000   242.703723   297.705844   339.839592   503.990729   248.327639   369.325630   396.979729   354.203727   857.048431   950.411357   556.218095   166.891781   151.854398   200.488835   390.271544   328.771137   595.673862   375.696673   375.983937   416.449642   969.276595   363.115786   421.271860   326.275203   352.117175   348.625544   168.144561   332.568715   348.487683   322.360118   149.789916   349.553000   1445.352217   1645.562387   
89.300000   239.907064   297.417761   342.478044   505.255772   249.559177   371.014521   393.175664   353.708245   856.953299   949.269435   553.507359   166.845855   153.679890   196.966400   390.387138   328.969002   597.808656   375.788587   377.261040   415.515626   968.667359   360.633285   420.808698   326.127616   351.127324   349.185580   168.922651   334.091272   346.718085   320.515779   154.469293   349.618944   1444.145560   1643.941906   
89.400000   240.601305   298.033272   340.742504   503.952780   249.612051   370.330912   393.403210   352.618274   857.384188   949.105847   553.298063   167.319222   152.382425   197.039002   389.159340   329.394545   595.726192   376.815517   375.285873   415.161784   969.136791   361.003092   419.736818   326.089323   351.181630   348.008940   168.147991   333.083826   346.578490   321.935602   150.762416   349.626971   1443.272779   1643.310671   
89.500000   240.693231   297.243330   341.113340   503.233708   249.058162   370.798008   393.514189   352.656699   857.018543   947.607339   555.517258   167.116361   156.290396   196.082589   389.385168   330.664483   596.115396   376.087760   375.670412   414.349568   967.760843   360.069963   420.242801   327.710758   348.976313   347.614663   169.323378   332.193879   346.272239   322.854481   157.486472   351.004917   1442.613524   1642.125837   
89.600000   245.580715   297.202661   342.376659   502.749210   249.180611   368.768756   394.265290   352.161742   855.868682   946.856596   557.425853   166.103165   156.113867   195.955350   391.411849   328.319929   597.339900   374.995600   377.548240   416.180958   967.614294   359.795528   419.967970   325.511934   350.110254   349.454899   167.477793   332.308326   345.634013   322.791447   152.242293   350.930502   1441.869849   1641.255653   
89.700000   243.037177   296.996894   340.519519   503.754699   247.796104   369.491153   393.621129   352.605378   855.408513   946.593302   554.297134   165.626110   151.552241   198.222416   389.640192   327.181076   596.166337   374.890557   376.105960   414.434107   966.569129   364.095617   419.812620   325.231597   348.164648   346.860945   168.143747   332.543561   345.568173   320.922389   151.082377   349.406598   1440.804387   1640.229601   
89.800000   241.013666   296.981851   342.117806   502.296311   247.921888   368.484394   392.519144   352.591373   854.761119   946.176821   553.704371   166.053655   152.442954   196.610044   389.292104   327.177308   594.833075   374.975642   376.347944   414.290619   965.884618   359.363598   419.279383   326.989386   349.549235   349.293169   168.112608   331.417573   346.718179   321.679606   149.452600   349.433743   1439.999266   1639.115998   
89.900000   240.280714   295.959383   340.641657   502.394954   247.307776   368.832470   394.124355   351.600752   855.296686   944.930117   552.662265   168.141390   152.495884   196.939224   387.552200   328.069547   592.677318   375.015336   374.884107   414.481724   964.794476   360.002985   420.474349   326.336258   347.516261   345.824679   166.666984   331.360510   345.867925   319.407045   148.762677   348.367728   1439.022119   1638.306909   
90.000000   240.021305   296.123466   339.953685   501.869511   246.467279   368.291060   393.902308   352.134093   853.172184   945.324199   553.951494   168.608037   155.724402   196.459252   387.523946   327.349872   593.940087   375.229480   375.047068   413.043922   964.751234   358.664970   418.623453   325.235500   348.154901   347.310762   166.755663   331.441372   345.894852   319.424114   153.849541   348.853213   1438.380329   1637.242238   
90.100000   240.065950   297.598113   339.427611   501.308936   246.907185   368.547176   391.840643   352.293908   853.641085   944.010154   552.097532   166.020190   154.243796   196.782692   388.047117   326.603764   592.716202   373.585975   372.822025   413.024330   963.589458   358.824770   419.530716   324.898567   349.051803   345.208292   167.119037   330.471001   345.100870   319.602645   149.741368   348.120106   1437.499455   1636.266567   
90.200000   238.664195   296.502813   338.882896   501.083970   245.799872   368.544015   391.293461   351.455641   852.343579   943.732992   552.025397   165.449813   154.316918   195.732185   387.194568   327.118483   592.667556   374.025938   374.354395   413.590609   964.198360   358.217608   419.712129   324.512463   348.198304   347.070452   166.587976   331.971923   345.500455   319.841610   149.116404   348.459158   1436.565955   1635.327569   
90.300000   237.725750   298.422284   338.723432   500.976833   244.899479   367.778091   392.432086   352.680470   852.102631   942.714655   550.777567   166.018097   157.539513   195.803149   387.280777   326.604172   591.923202   374.404906   373.386795   413.976012   962.842586   359.271444   418.369575   324.345665   348.865012   344.798050   168.834544   330.900349   345.632603   319.227903   147.055245   347.787318   1436.147134   1634.299269   
90.400000   239.292356   297.627597   338.961849   501.286848   249.442132   367.628538   392.026661   351.850205   854.334671   941.877480   551.299375   166.740068   157.958526   195.052851   387.197134   327.635607   592.085937   373.464270   373.672790   412.480095   962.203859   358.367342   419.542064   324.278985   349.071544   345.548740   167.341222   330.294096   347.138644   320.625329   149.137891   348.468576   1434.767767   1633.564515   
90.500000   238.584069   295.172816   338.000232   500.265845   246.260434   367.417632   391.850506   351.374291   852.024861   941.608208   550.546192   164.576929   152.026164   198.713817   386.725950   326.339707   590.679863   373.492679   372.731248   412.352580   961.794020   358.959446   417.462814   323.750121   347.771210   346.330854   168.370084   330.105153   345.249412   319.394668   148.774598   347.431443   1433.911422   1632.259018   
90.600000   238.666244   294.622723   339.722537   499.443377   247.517551   367.561509   391.636490   350.435359   850.534763   941.423404   550.105660   165.658403   151.973116   197.134464   385.620986   326.192085   592.515750   373.375113   371.985279   412.193315   961.524480   358.338871   417.114806   323.995058   348.244732   345.700510   166.879293   330.588369   344.814698   318.706970   148.020203   346.882321   1433.422680   1631.308398   
90.700000   240.484248   295.152872   338.332859   500.136633   248.706905   367.190335   391.241626   350.836239   850.030368   940.574418   552.352547   165.467227   150.437732   194.611419   386.772093   326.193435   591.782739   373.692642   374.611016   411.948155   961.014224   357.138566   417.070866   324.545061   346.223500   349.466700   167.507908   330.202934   344.616035   318.584176   149.033256   346.967209   1432.134577   1630.720802   
90.800000   237.908909   295.142779   337.089381   499.601162   244.474159   366.593855   390.015925   350.425063   849.876984   940.548298   550.889280   163.992544   150.641984   195.757384   384.536344   325.961901   592.388389   373.065744   372.698341   412.239282   959.942001   356.968203   416.946744   323.334384   346.616323   344.114675   167.095553   329.184456   344.163367   318.000907   146.756534   346.276234   1431.633025   1629.626818   
90.900000   239.311695   295.710646   337.469505   499.142605   246.498262   366.771508   390.227918   350.469920   849.377116   940.599096   551.610171   165.344296   150.150188   194.894013   386.954899   325.227362   593.813808   372.858279   374.326370   411.788338   959.766501   356.896943   416.853291   323.662942   346.893202   344.574914   165.989672   330.172280   346.010688   318.316848   150.858171   347.043902   1430.689169   1628.613576   
91.000000   238.918410   293.779523   337.637616   498.440068   245.992006   366.098340   389.786810   349.977052   849.505909   939.224860   550.006312   164.039830   149.632974   194.462289   386.545652   325.954268   590.931849   371.826925   371.454092   411.811780   960.044702   357.373887   416.639450   322.621251   346.938539   344.808551   166.192991   328.795694   345.021561   317.697428   151.244433   347.084887   1429.909532   1627.636180   
91.100000   238.987392   293.790264   338.705874   499.790793   246.574443   366.306005   390.065062   350.437848   849.068596   939.271164   549.191798   164.306791   153.090534   194.592676   385.041357   324.427074   591.665946   372.092661   371.430456   412.200690   958.970017   356.144107   416.771698   322.581975   345.552179   344.344765   168.632872   329.979783   343.665648   319.697749   150.041255   346.874179   1428.969047   1626.520016   
91.200000   237.865392   294.216394   337.312080   498.026545   247.571149   365.524706   392.340973   350.187413   849.420803   938.943486   550.244670   166.259998   151.970975   195.670509   385.153444   324.533005   590.026183   371.551025   373.507844   410.914770   957.656995   356.849896   416.347527   323.264619   346.144486   343.890189   167.342873   329.610625   342.867465   318.214285   149.691309   346.484500   1428.223138   1625.706257   
91.300000   237.489377   293.603443   338.455957   497.934745   250.297188   365.855312   390.515262   349.497252   846.834554   938.050152   550.280798   166.590922   153.311587   197.331846   384.848757   325.568146   591.058925   372.032778   372.205333   410.354584   957.690036   355.941966   416.081860   323.830744   347.298261   345.902392   166.055541   328.410189   342.945532   318.216243   156.240332   347.733302   1427.361251   1625.003783   
91.400000   236.320566   294.431335   336.755393   498.011728   245.304950   365.639457   389.453288   349.215787   846.336258   936.912645   548.387481   165.332647   150.150840   194.406488   384.369762   327.002081   590.577745   372.890733   370.712426   410.294620   957.094083   356.042846   416.291320   321.936561   346.765733   342.695168   164.825489   328.865687   343.165677   318.636214   151.041622   345.346861   1426.641451   1623.981768   
91.500000   236.414913   294.238511   338.730350   497.507310   247.365692   365.677577   389.658028   348.305139   846.243894   936.548293   548.781368   163.676922   152.360108   197.647260   385.175284   324.891782   588.923099   371.028667   373.311014   411.522626   956.167470   356.625013   415.335168   321.852491   347.615915   343.145776   167.293868   329.439464   342.187533   317.654109   150.524776   346.052366   1425.651572   1623.135689   
91.600000   236.704476   293.935026   336.779455   497.008750   245.022789   365.445437   388.132091   348.054038   845.312929   935.569167   551.538838   166.347295   150.546445   193.697410   383.977517   325.619687   589.510263   370.429407   372.493559   408.991805   955.366506   356.178201   414.920402   322.508380   345.369335   341.781092   165.934088   328.676507   342.058953   318.390864   145.997162   344.999704   1425.198446   1622.044575   
91.700000   237.404172   293.142986   336.275961   496.907688   243.426038   365.168578   388.402844   348.235844   845.858711   934.965441   550.174747   164.785332   150.806859   194.301774   383.885874   324.691721   588.743077   372.184640   369.941647   409.393150   955.503478   356.212325   415.392822   322.217091   346.384508   341.894240   168.395977   327.906049   342.487279   317.153592   152.058179   345.103457   1424.088535   1621.173360   
91.800000   237.896175   293.015724   337.585281   496.127216   244.188185   365.058701   390.331631   348.486319   844.452205   935.909847   550.190610   164.992142   154.363880   196.270493   384.128951   324.321984   586.133742   370.562036   371.448135   409.490844   955.749045   355.861829   414.972823   321.281640   344.126950   345.042952   167.279885   327.266366   342.197802   317.308298   152.110160   345.584649   1423.532731   1620.266337   
91.900000   236.908455   295.055247   338.589026   496.110741   244.071217   364.441453   388.270641   348.112021   843.880600   934.602966   547.621798   162.699491   152.048385   193.820781   383.758809   324.820062   587.677342   370.587906   369.990731   408.846135   953.922697   355.140892   415.287616   321.359976   343.798585   342.768205   166.605672   327.829153   342.515588   318.131702   147.318480   345.088353   1422.764317   1619.832047   
92.000000   238.048389   292.616092   335.422626   496.259527   247.475691   364.557294   389.350013   347.394985   843.018267   933.584884   546.452704   162.848802   153.410251   194.679262   384.015415   323.292912   589.012495   370.185241   371.098187   410.204709   953.670939   355.142965   414.889176   321.428954   344.478097   341.780252   167.979088   327.663224   341.188812   315.993908   152.455289   345.296420   1421.976672   1618.558334   
92.100000   237.637422   292.376969   336.368621   495.183342   244.955192   364.170528   386.979719   348.113031   843.206071   933.231165   545.643554   164.075601   148.695593   193.791551   383.068597   323.708107   586.391036   369.590004   369.299154   408.354512   953.061559   355.862737   414.270862   322.273839   344.492482   341.069511   166.433111   327.115302   340.913990   316.066763   145.674932   343.864252   1420.970832   1617.512915   
92.200000   235.256795   292.142083   335.774940   495.550328   244.253352   363.100271   387.567884   347.879036   842.606413   932.695898   545.487692   163.707761   149.372597   193.619196   382.373195   322.811812   585.186197   369.521325   369.362159   408.865484   952.332339   354.650053   414.179486   321.418735   345.692944   341.531910   165.700306   327.610863   340.744948   316.715112   147.377934   343.704958   1420.087132   1616.629435   
92.300000   239.014879   292.302086   334.875302   495.272723   245.021852   363.959722   387.537850   347.128343   841.637817   932.367584   546.821036   163.279521   152.865688   196.089015   382.462868   323.022550   585.026576   369.962678   369.695140   409.853402   951.797165   354.219656   414.116465   321.629001   343.086878   341.679845   166.995029   327.259105   340.292469   316.715419   148.169305   343.643812   1419.838898   1615.971456   
92.400000   236.812536   292.185680   334.998910   495.094592   244.741135   362.701146   388.979560   347.063289   841.464556   931.962333   549.509558   163.887079   153.538052   193.496299   382.982710   323.387531   590.051637   370.405694   369.834024   408.205726   952.317832   354.058892   412.580334   321.667671   343.320637   342.978725   165.404177   327.957351   340.755952   317.488284   146.651693   344.379233   1418.601747   1615.234420   
92.500000   236.531205   293.124436   335.789139   495.504562   243.977826   362.650453   387.453315   348.092480   841.607056   931.107618   545.841624   162.919954   152.050610   193.555853   383.995120   323.328921   587.587002   368.252633   369.320038   407.682487   951.583940   355.683229   413.051390   321.040527   343.361182   343.089877   164.670051   327.831103   341.282390   315.481323   148.250031   344.789477   1418.206971   1614.563699   
92.600000   236.939213   291.990534   335.024621   494.772223   243.294360   363.690193   387.762884   346.666219   840.987537   930.947890   544.466601   162.098580   151.363530   192.981288   381.856485   323.618615   586.242538   369.042099   368.558373   408.294773   950.211550   354.719664   412.435930   319.931991   344.037574   340.317218   166.462997   327.209147   339.991150   316.314870   156.191804   344.971158   1417.180775   1613.383695   
92.700000   237.829783   292.100330   335.197968   494.740732   243.093494   363.230627   386.947216   346.481552   840.902895   930.088676   547.390665   162.228622   149.775028   193.175848   382.887089   324.743121   585.813514   368.380495   367.917336   407.461803   949.755860   353.103224   412.393396   319.511128   344.398329   340.688910   164.047098   325.786113   340.147755   314.059908   151.798736   343.227455   1416.518206   1612.326701   
92.800000   235.487503   292.724700   334.022446   494.431208   245.970242   362.815025   386.044465   347.330889   839.874981   929.749498   543.616125   161.933092   151.359618   193.611253   382.596411   321.742375   583.487563   369.933247   369.686125   407.365364   949.124087   355.029782   412.316032   321.135614   345.137225   339.654827   164.602287   327.430233   340.430068   315.683703   148.164385   343.017006   1415.520851   1611.410367   
92.900000   236.972399   291.536004   333.128292   493.880305   243.024389   362.484028   386.358702   346.495318   839.886754   929.419605   544.015693   165.603837   151.892518   193.366067   382.439083   322.634883   583.563044   368.156663   369.892151   407.520620   949.717883   353.324941   412.988732   319.810108   342.492753   340.370424   164.701569   325.674242   340.778501   314.613590   148.346468   343.133848   1414.917259   1610.662978   
93.000000   241.151174   290.786592   333.982192   493.117962   244.045034   362.244932   385.687747   346.922812   839.636050   928.218445   544.246743   162.987459   151.792750   191.367304   382.360912   320.978517   588.237064   367.505260   372.656045   407.992907   949.072199   353.005527   411.671226   319.509254   342.487538   343.535259   163.594463   326.655634   340.230985   315.952187   149.097759   343.168915   1414.226009   1609.850471   
93.100000   236.791761   290.468365   334.703857   493.429888   246.765016   361.610795   385.109047   346.163547   838.945377   928.309551   541.849434   164.006783   151.245718   192.766252   381.553549   321.649626   585.824768   367.395250   368.237927   406.341486   949.104760   352.625700   411.612075   319.234460   346.904578   341.987690   163.290532   326.856457   339.167894   315.942966   147.746673   344.080312   1413.097680   1608.971768   
93.200000   237.156629   290.135110   338.893805   492.911191   245.269913   362.373690   389.126204   344.749398   839.356555   928.740513   547.302971   162.660317   152.217897   192.095469   382.082334   323.050922   585.781803   367.867802   368.613502   406.337790   949.104350   352.659063   412.232404   319.547701   344.976993   342.337600   165.509064   326.755092   339.344739   316.063916   153.453036   344.257370   1412.538183   1608.045456   
93.300000   234.173682   290.496856   334.149767   492.374250   243.974679   362.260493   385.807412   345.076497   837.704039   927.183731   541.622049   162.061738   153.964034   193.896127   379.413164   321.119609   582.295807   368.145228   368.612231   405.968667   946.931000   352.287328   411.982285   319.092993   341.758528   341.109607   164.723362   326.265219   340.120138   314.889163   148.143051   342.399646   1411.927252   1607.225136   
93.400000   237.092876   290.176481   335.937676   492.372594   243.626175   361.066889   386.238858   346.223790   837.769258   926.669189   543.719075   163.241950   148.708657   191.919507   380.657395   320.242129   582.224008   367.900206   370.233027   405.164126   946.293703   352.320903   411.034939   318.990721   343.418470   341.174801   163.767905   325.248955   340.658825   315.067228   155.806169   342.622352   1410.884974   1606.404579   
93.500000   238.159578   290.036349   333.241240   491.635479   244.290300   361.411205   386.785527   345.119835   837.006420   925.925575   545.567133   162.963681   149.963089   192.788749   380.867519   320.897446   583.401837   367.837990   366.485261   406.964772   945.328007   352.524325   412.207080   319.338159   341.839279   338.820902   163.306561   323.919379   340.022991   316.669390   146.835684   342.257326   1410.480166   1605.367554   
93.600000   235.844614   289.972612   332.982143   492.269159   241.420597   361.539647   385.245119   345.917118   836.841725   925.864612   543.349227   161.892525   148.884850   191.897895   380.388478   319.717079   583.329922   366.682651   368.432990   406.772214   945.420891   351.892862   410.605267   317.971762   344.139468   338.208235   163.771591   325.313027   338.900910   316.758615   149.316177   341.934787   1409.767243   1604.546185   
93.700000   235.075169   290.115569   331.701965   491.375311   244.256695   360.877487   385.685642   346.329379   835.709799   925.947697   544.348678   161.481058   148.555972   195.177789   380.415677   320.932279   581.214681   366.625061   366.700972   405.735700   945.160566   352.126889   410.256364   318.651384   341.771125   338.097363   164.217350   324.202777   338.927011   314.525576   148.255494   342.251729   1408.796727   1604.035278   
93.800000   233.972996   291.463920   332.095279   491.994402   239.561633   359.965710   383.100098   345.265238   835.776222   925.122093   539.460306   163.639292   149.225673   192.068580   380.192801   320.599316   579.870772   366.674511   365.693672   404.601588   944.389798   351.568177   410.105958   318.295622   340.700476   341.235039   165.766778   325.368619   339.658318   312.351241   149.187768   340.620069   1407.983851   1603.144471   
93.900000   237.905071   289.979265   333.559378   490.911639   241.128938   360.540173   384.548872   344.395933   835.658853   923.939730   540.320422   161.945431   149.141092   191.217658   381.750833   320.521926   580.008828   366.887622   365.272843   404.435146   944.224748   351.267135   410.123277   316.944581   339.850301   338.668326   166.100513   323.811263   338.815689   311.681749   147.414587   341.272442   1407.349264   1602.431300   
94.000000   236.325825   289.362138   331.105359   490.918618   243.295370   359.356679   386.348405   343.864425   836.437337   925.246637   540.379451   160.673916   157.159171   191.069621   381.067203   319.352800   583.322775   365.707101   366.264043   405.382931   944.290129   351.801603   409.599708   318.311631   342.250546   340.149137   164.056951   323.693188   338.247881   313.653510   149.029769   343.507685   1406.404713   1601.940563   
94.100000   235.029913   290.155975   332.061528   490.060751   242.106219   360.416884   384.772911   344.396911   835.038328   923.725575   542.053590   163.773939   149.720875   192.357304   378.069360   319.861666   579.485631   366.029283   365.771885   405.764710   943.835709   351.327547   410.693087   318.947024   342.117626   338.522410   164.116838   323.749572   337.579240   314.786674   144.467434   340.655058   1405.871180   1600.789026   
94.200000   235.966052   288.924859   331.817467   490.775906   240.673966   359.235392   384.824065   343.595839   834.920457   922.584086   541.058435   163.457478   154.975150   191.402695   379.626474   320.097095   580.632665   365.992804   365.639605   403.937388   943.382529   351.287436   409.401207   318.328537   341.767073   338.784242   164.218774   322.889916   337.704387   313.933519   144.485747   340.613701   1405.195766   1599.788783   
94.300000   233.945929   289.021280   330.630171   491.012677   240.672596   360.143045   384.003027   343.600665   833.165986   922.410063   538.793457   163.106075   146.823607   191.697261   377.718251   319.475011   577.381283   366.309874   364.992846   403.844549   941.883802   351.445602   409.390818   317.342411   338.972539   336.251249   162.416600   323.082563   337.973273   312.446325   144.545730   339.245377   1404.422887   1598.978946   
94.400000   234.079064   290.172143   330.965494   489.796010   240.781104   359.410798   382.336706   343.035822   832.791912   921.354659   539.543874   161.658503   147.400769   190.555294   379.478814   320.450778   578.163447   366.097899   364.537766   403.564828   941.158068   350.664351   409.733349   318.490655   339.224330   338.975103   164.272742   322.973058   338.051834   313.506282   145.728485   339.601077   1403.725996   1598.037040   
94.500000   233.434168   288.471357   330.641665   488.971183   242.372270   359.650316   384.940392   343.305889   831.831862   922.052937   538.351189   161.839970   147.976363   190.943256   378.111005   318.801140   579.920867   365.069318   366.137627   403.836548   941.427522   350.949622   408.263600   317.224658   340.072751   337.488101   163.760818   323.281645   337.467782   312.523541   145.833930   340.365274   1402.812204   1597.383773   
94.600000   236.578539   287.786959   331.910687   489.186325   245.939959   358.918921   384.914066   342.558579   833.281303   920.584433   539.239137   160.869923   147.849262   192.392253   378.848544   320.009877   582.503349   364.590870   365.545362   402.721128   941.529570   351.806563   408.073178   317.809256   341.430494   338.020564   163.090033   323.750109   337.096120   311.468994   149.423518   341.919009   1402.525292   1596.164156   
94.700000   233.589481   287.470574   332.076669   489.252114   241.165437   358.631585   383.150121   343.463138   832.369164   921.011742   538.117208   162.392410   151.016890   191.982401   378.321521   319.066231   578.020221   365.403927   364.715061   402.818670   939.910914   350.653247   408.606078   316.430186   340.692255   337.595586   162.020052   322.642361   336.801863   312.605013   142.964826   340.483376   1401.535757   1595.865020   
94.800000   232.522866   287.257149   329.965063   488.438764   243.368976   358.236702   380.829110   342.752870   830.929619   920.750161   538.390562   162.300166   150.540614   190.287248   377.371641   319.134973   579.119308   364.575820   365.579102   402.735068   940.247566   349.601818   407.786128   317.635240   340.321969   339.623307   165.018778   322.092301   336.423615   311.258399   146.106733   339.080838   1401.473175   1595.101307   
94.900000   233.004002   288.121288   331.931642   488.290867   241.635498   358.878937   382.114531   341.780516   831.709280   919.956315   536.950505   163.539810   149.450528   190.059024   378.198330   318.455651   578.033877   364.756743   363.250081   402.195251   939.200848   351.838644   407.261458   315.792549   340.037807   336.956718   162.517607   322.365232   335.642682   312.869386   144.836852   338.853046   1400.201443   1594.204195   
95.000000   233.419316   287.825293   329.338869   489.379753   242.643677   358.679765   382.166209   341.733260   830.504810   918.974043   538.113148   161.563194   147.144956   190.777688   377.005552   317.736033   580.448023   364.096610   363.343413   401.872179   938.572732   349.379360   408.915827   316.629420   339.166776   336.795360   162.663853   322.832903   335.710702   312.513891   144.235346   339.768737   1399.661557   1593.217939   
95.100000   232.898423   286.399589   329.737553   487.594063   240.340188   358.214514   383.391946   342.844298   830.301291   918.656846   539.524568   164.896934   150.292552   191.405686   376.788373   317.946151   576.863702   364.802221   363.086490   401.622775   938.520557   348.445713   407.713317   317.177049   340.142578   337.137370   165.741660   322.579577   335.979159   310.261340   145.998297   339.689512   1399.038941   1592.165926   
95.200000   231.975273   286.872721   329.013654   487.492478   240.654539   358.144923   383.301036   342.442144   828.899629   917.735064   536.958299   162.220982   146.015528   192.451166   376.268787   318.078031   577.953811   364.689578   364.179056   402.206523   937.588588   347.849124   406.883451   318.222232   339.295313   337.865062   165.703512   321.964542   336.312934   313.102145   144.008681   339.600084   1398.021295   1591.824104   
95.300000   234.012610   286.189772   329.789678   487.744196   240.336787   358.016776   382.027877   343.209025   828.954812   918.195292   537.827853   160.322790   149.763259   190.613450   377.060114   317.574467   578.512510   363.631706   366.493040   403.122322   937.571004   348.265433   407.063965   315.558890   340.106675   336.276162   162.866048   322.885492   335.629856   311.739253   147.414904   339.327404   1397.603302   1590.682247   
95.400000   232.242329   286.211473   330.086011   488.318088   242.208682   357.814589   381.694851   341.321445   828.985281   917.262431   535.426851   162.532498   148.279212   190.105512   376.485140   318.899892   575.798795   363.917188   362.219770   401.446099   937.112215   348.523254   407.900423   316.240164   338.908696   336.101288   162.656246   323.251883   336.868650   312.729195   148.262525   338.556525   1397.326226   1590.051592   
95.500000   231.610821   287.211222   330.280087   486.508789   239.272835   358.268046   380.971191   341.799401   828.598319   916.951704   535.512244   162.392250   149.100329   190.935326   375.286862   317.402927   575.071769   363.647316   364.108900   402.284992   936.104037   348.342329   406.257104   316.267835   338.612478   335.886279   164.665882   322.495942   336.073795   311.093316   147.968294   337.531964   1396.203128   1589.287106   
95.600000   232.268633   286.288045   331.503928   486.742941   239.956415   357.847993   380.340049   340.754614   827.569144   916.014989   536.089124   164.108845   150.359582   190.644936   378.039159   319.365348   575.596700   363.898448   363.669412   402.381512   935.786865   349.238736   407.569626   314.436481   339.300539   336.359747   162.009070   321.418656   335.215693   311.388855   147.483537   337.978181   1395.565402   1588.445179   
95.700000   234.673862   286.294394   328.777305   486.550053   239.082068   357.037355   382.359640   340.901842   827.232709   915.552437   536.020671   162.148848   150.384924   192.180468   376.251635   318.962103   574.517537   362.367740   364.217511   401.628837   935.846778   348.824011   405.981062   315.750728   338.046325   337.104452   160.994263   321.022031   335.190601   310.704772   147.055803   339.245478   1395.515098   1587.737351   
95.800000   230.800671   287.316829   328.162325   485.927395   240.550710   357.384405   381.269424   340.985497   826.475341   915.093219   535.144453   160.249091   147.589815   190.574974   375.860065   318.768118   574.413584   364.329823   361.952932   400.779963   934.566343   349.460673   406.613672   315.200465   337.293364   335.545832   163.956490   322.106004   335.453365   312.578997   144.166839   337.119711   1394.617807   1586.961690   
95.900000   231.604198   286.080241   330.054247   485.701914   239.228275   356.941803   379.840316   341.524843   826.394469   914.838435   535.548014   160.888496   148.632738   189.397901   374.417924   319.730687   574.414083   363.533691   362.626445   401.341948   934.154972   347.068471   406.028161   314.668678   338.440717   334.630652   162.188716   321.444663   334.981428   309.522030   142.268994   337.214003   1393.501811   1586.534377   
96.000000   232.001972   285.934808   328.927176   485.899903   240.607339   356.996027   380.979849   340.412278   826.330933   914.263703   537.710407   161.134341   147.725114   192.024494   375.952330   316.802511   573.990544   362.660255   362.046109   400.962307   933.849617   347.306692   404.990216   314.659774   339.909245   334.163527   162.412539   320.588033   334.178892   311.414027   148.547872   338.478944   1393.177172   1585.484667   
96.100000   232.522710   285.751269   327.637669   485.467829   239.207737   356.058493   380.808086   341.299215   825.537559   914.106522   535.978502   160.326350   144.921655   190.531838   374.899788   316.594152   572.362721   362.457746   361.775707   401.460256   932.975143   346.603793   404.918045   314.737760   336.952412   333.749547   160.781124   320.067395   334.481301   310.796332   146.511938   336.707370   1392.021336   1584.901387   
96.200000   232.207763   285.816754   327.678028   485.044001   237.888586   356.291139   380.186912   339.807909   826.652121   913.466589   535.506296   160.826331   146.387970   188.552946   375.921814   316.290657   573.938318   362.283477   363.411208   400.580467   933.325208   347.382729   405.242978   314.333699   338.798861   334.521522   163.003459   320.545975   333.706112   309.611288   148.363395   337.939904   1391.682267   1583.988014   
96.300000   232.567560   285.556704   328.399440   485.382238   237.490303   356.501892   379.099554   340.202751   825.329203   913.105297   533.812483   163.288458   145.441564   190.975401   373.724564   318.107424   572.864672   362.370397   361.953162   399.932716   932.729948   346.866269   406.134558   314.418157   337.258784   335.287610   160.956508   320.462815   333.977807   309.954176   149.743891   336.532748   1390.415737   1583.128691   
96.400000   231.938049   285.440224   329.313750   484.608947   238.562182   355.345827   378.806681   340.002820   825.710005   913.423197   534.306921   159.872603   144.443480   189.399805   374.626812   316.141244   572.155654   362.290305   361.498528   399.277703   932.765747   346.648550   405.367463   315.419801   336.876437   336.006862   161.875465   320.626465   335.006394   311.454027   143.880615   336.207411   1390.024214   1582.393556   
96.500000   231.732843   286.552288   329.338210   483.943106   242.857384   355.192785   379.352407   340.596098   825.276160   912.639256   534.722491   159.835168   147.788369   190.683980   374.335725   316.877440   573.548742   360.958040   361.328186   399.381383   931.979730   347.395532   405.009731   314.088231   336.616706   334.304099   163.657262   320.097941   333.640015   312.492596   143.943396   337.141127   1389.552515   1581.723352   
96.600000   232.660760   285.063411   330.714608   485.102134   240.442393   355.979659   380.316887   340.591300   823.351382   912.310619   534.680590   159.444213   144.127891   189.510153   375.036487   317.517203   575.589012   361.739586   363.197237   399.231973   931.454740   346.338857   405.321287   314.837009   339.491403   336.668850   164.306830   319.650346   333.897495   310.758355   145.825649   337.842161   1388.673741   1581.140584   
96.700000   231.869462   286.002215   328.087650   483.599739   241.056823   355.806217   380.877870   339.999553   823.633827   911.763338   536.828479   160.090043   145.406834   188.687575   375.105783   317.646474   572.424643   361.397235   362.493629   399.235062   931.689395   347.461091   404.675600   316.006834   337.193705   338.811183   160.835974   319.439064   333.564588   314.086534   145.808902   336.335042   1387.821295   1580.187309   
96.800000   230.575691   286.104112   327.462411   483.728273   240.212052   354.858923   377.812757   339.590513   822.680600   911.015696   533.617890   159.446322   145.362376   188.340751   373.286549   316.517914   571.218029   361.266915   360.293456   398.647055   930.497779   346.050015   403.776157   313.542919   337.514134   334.964479   161.899620   320.692994   332.816739   310.334928   144.295968   335.596431   1387.845877   1579.240604   
96.900000   233.765232   285.585295   327.723598   483.504438   239.235846   355.410231   377.973603   340.444718   823.274088   911.080239   533.010822   162.637491   145.589373   188.934982   373.678726   316.514237   571.358915   360.731109   361.649999   399.072560   930.276058   346.230585   404.791861   313.477729   335.958800   333.884048   162.103481   319.038479   333.340487   308.165387   145.340064   335.557853   1386.700336   1578.762878   
97.000000   234.833707   285.854983   329.332426   484.814539   242.290267   354.850271   378.543242   339.029171   823.082686   910.272396   532.793632   161.457461   146.505227   190.343032   374.824024   315.122049   571.886194   360.978321   360.604715   399.130229   929.508930   346.227286   403.271808   313.463949   337.090118   334.733058   160.144647   318.665316   333.314504   312.291575   146.918443   336.137977   1386.106143   1577.835048   
97.100000   233.336087   284.714544   328.744992   483.191270   241.964937   354.587479   379.951624   339.119377   824.051979   910.042495   534.153026   159.173306   149.760616   190.111181   373.994064   315.142615   574.094895   361.874802   361.164462   399.344647   929.955134   346.742992   403.929204   313.144668   336.231710   333.845239   159.190645   318.441260   332.404871   310.686998   144.873163   337.021109   1385.314543   1577.088669   
97.200000   229.860693   284.086942   329.689474   483.990074   238.120828   354.558040   378.515326   338.316120   824.511558   909.281460   532.625444   159.131536   148.826506   188.334598   373.253977   315.788788   574.489846   360.030610   361.734158   398.573229   929.840172   345.011381   403.836057   313.484233   336.525757   335.000461   162.015638   318.356964   335.108748   310.977414   146.879335   336.868199   1384.852044   1576.818371   
97.300000   232.458651   284.115495   328.730721   483.212495   238.436255   354.811443   378.075057   338.193559   822.973931   909.090721   531.737316   159.849518   154.521857   189.026245   374.328307   315.440649   573.268940   360.720953   362.121169   398.615890   929.097631   345.193443   402.941983   313.091915   335.827915   334.177583   161.840030   320.474053   332.776469   308.825111   147.693076   335.958174   1384.212820   1575.944092   
97.400000   231.081753   284.203361   326.978118   482.057064   238.182718   354.542864   379.414981   339.478704   821.097077   908.572328   531.374483   158.297456   147.218117   189.622122   374.014103   316.800581   571.895920   360.481136   362.157215   397.453153   928.297909   345.618167   403.226347   312.347705   335.920921   332.486872   161.806581   319.211454   332.401723   307.426405   144.332656   335.800598   1383.453171   1575.205607   
97.500000   228.653925   284.131839   326.754203   481.578113   235.860601   353.487874   377.341854   339.003011   820.584614   907.682864   530.465409   159.020352   148.375774   188.251390   371.940432   314.808033   571.145761   360.674861   358.750691   397.640813   927.896389   345.130669   403.431319   312.715668   336.075552   333.286958   161.614053   320.193316   332.632870   307.554041   144.976010   334.729464   1383.263477   1574.858558   
97.600000   229.240244   284.864609   325.715892   482.861952   238.014069   354.123099   377.898212   337.586368   820.386719   907.574677   532.518755   162.092028   150.369338   188.608247   372.115569   314.993329   572.589794   361.150776   358.496239   396.980133   927.575426   345.275889   401.979274   312.783253   334.761273   333.896029   160.521116   318.425066   333.929741   309.101889   142.621745   335.311765   1382.435905   1573.483154   
97.700000   232.138045   283.498494   326.336726   482.109375   241.449719   354.184871   379.463895   337.300511   820.844583   907.320000   536.472996   160.128014   146.645756   189.634763   371.923445   314.559803   568.903332   360.143795   359.614480   396.780674   926.962509   345.478303   402.705054   313.225032   336.249503   332.904700   160.081640   318.000094   332.613948   306.885112   146.997069   335.742795   1381.817416   1573.143237   
97.800000   231.148700   284.181808   329.829535   481.555088   242.379244   354.221091   376.748030   337.252955   819.648202   906.821815   531.113566   159.540571   149.279201   190.234112   372.844158   314.781332   572.665996   359.718880   358.757786   397.745501   925.903075   345.837482   401.895423   311.580313   333.957068   335.195301   162.600824   318.612735   331.874568   312.320438   146.209067   335.932153   1381.296237   1572.248436   
97.900000   230.473952   283.456267   330.233561   481.917812   242.723528   353.422034   378.342723   337.311090   821.139060   906.949530   531.026586   158.344969   146.257862   188.881186   372.284997   314.156927   568.857750   359.903895   360.550500   397.072143   926.072848   344.770348   402.256858   311.429875   336.427522   333.574077   161.679627   318.332083   331.155048   307.059323   145.521290   334.687499   1380.707627   1571.399409   
98.000000   231.441012   283.309835   327.273376   481.976834   241.645911   353.192358   376.861797   337.261061   818.768763   905.778170   531.221606   158.921034   145.159604   187.705473   371.829865   314.332527   568.761765   359.278879   359.935358   395.915610   925.734767   344.544783   402.123697   311.495303   335.262556   331.866251   159.542520   319.785361   331.779774   307.532310   147.560557   334.769082   1379.586267   1570.886997   
98.100000   230.711186   283.244889   325.968674   481.112960   238.554013   353.570619   376.769203   337.380691   819.068832   905.838630   530.648685   159.242759   146.784972   187.644884   371.454631   314.190746   568.217268   360.099570   359.721686   396.307752   925.021637   344.120771   402.059792   311.070155   335.878636   331.622627   159.640747   317.328771   331.371998   308.614823   147.453654   335.607083   1379.127935   1570.200403   
98.200000   230.005100   285.274437   324.831663   480.966388   236.557427   352.888535   377.102445   338.055674   818.441720   906.332243   532.431168   157.974811   142.984390   189.867985   371.718637   313.824993   569.648927   359.941549   358.107873   396.365795   924.586449   343.694682   400.927942   311.752757   335.256192   332.079202   160.401721   317.435312   331.559267   306.548092   143.726540   333.454480   1378.749953   1569.546205   
98.300000   228.696085   283.808115   324.711057   481.068463   236.325648   352.331784   375.842804   337.415832   817.643869   904.906379   530.737382   157.814274   144.184071   189.111748   370.714111   312.495160   568.595854   360.084782   358.336152   395.822903   923.864974   345.190145   401.948742   311.660155   335.138123   333.387288   159.259930   318.607534   330.173771   306.359268   143.213508   333.064548   1377.898271   1568.707265   
98.400000   228.432073   282.701905   327.267866   480.699579   239.248627   352.401182   375.180681   337.337744   818.474874   904.804705   529.816883   159.357806   144.876937   187.796804   371.100105   312.829960   568.012210   358.592431   362.941033   395.678428   924.233622   343.841324   401.425628   310.844916   333.416973   334.167469   159.913306   317.245347   332.619112   307.291664   145.503817   333.184003   1377.328140   1568.246991   
98.500000   230.454193   282.046026   324.215026   479.965859   237.209481   352.044334   375.777901   337.894483   817.163159   903.699774   528.942677   158.731457   146.683682   189.337195   370.349196   313.297591   570.275110   358.345868   359.044276   394.998206   923.202244   343.575381   400.928079   311.926035   332.978221   330.937269   162.612273   316.824428   330.496950   307.009592   141.305079   333.209310   1377.256706   1567.440956   
98.600000   228.752186   283.595643   324.962419   480.035923   236.076808   352.725005   375.509038   337.350657   817.412219   903.903340   531.046937   158.702652   147.665237   189.720306   371.983967   313.039688   568.248169   359.045719   360.594701   395.443587   923.150165   346.109141   400.524082   312.758561   334.457344   333.498119   159.505502   316.860551   331.352857   307.643891   145.067243   333.423763   1376.369371   1566.544249   
98.700000   228.111177   284.503594   323.955430   480.447174   236.013178   352.396693   375.753998   336.373645   816.787852   904.351938   529.180638   160.832924   146.322087   188.832614   369.901288   312.446265   567.089702   357.680119   358.447049   395.451026   922.376965   344.384500   401.304139   314.463005   333.247417   330.886638   161.915215   316.313105   330.367426   305.782119   142.765798   333.210929   1375.655030   1566.416611   
98.800000   232.787814   282.486871   327.169433   479.997034   238.785709   353.141490   375.653710   337.471796   816.471587   902.909941   528.055100   156.777037   150.569253   187.007591   370.862958   313.248248   570.470073   358.374274   363.551955   395.036711   923.205561   342.856231   400.580270   311.082837   332.161150   333.686238   159.982735   316.483526   331.192397   305.339657   144.235623   333.775881   1375.023928   1565.163995   
98.900000   228.687768   281.584373   323.631998   479.077121   238.882355   351.725585   375.074987   335.446845   814.727507   902.423904   527.950498   157.372314   143.935832   187.162193   370.778848   313.242478   568.158226   357.775932   356.612724   395.399214   921.919567   342.295321   399.738285   310.503465   332.338061   329.309069   159.276844   316.869136   331.066493   304.499283   140.606734   332.350078   1374.391111   1564.513619   
99.000000   231.252298   281.735296   324.152881   478.916307   237.132860   351.743329   377.245268   337.084053   814.489095   902.294482   528.151764   158.482626   144.084202   188.648632   370.079599   312.083472   568.269512   357.467278   357.738971   395.110593   921.936407   344.495925   400.874526   311.399159   333.513798   330.398755   160.505464   316.300856   330.670998   304.845202   149.419243   333.422374   1373.988774   1564.100594   
99.100000   229.852775   281.661593   325.653886   479.031826   236.710438   351.394248   377.306396   335.909879   815.688853   902.066514   528.099438   157.315042   143.785424   186.286895   370.465833   312.302248   567.026416   356.995084   359.145537   394.490807   922.125047   343.275899   399.458012   311.324566   335.229017   331.145841   158.735392   316.903820   330.227252   305.809147   144.180257   333.799098   1373.298198   1563.170342   
99.200000   228.271705   281.633127   323.335836   479.641078   238.543559   352.001230   374.279090   335.207588   813.823603   901.676820   526.860319   157.559325   141.205242   187.129504   368.725766   312.011450   565.567185   356.847522   359.347452   394.632862   921.202984   342.572219   399.455611   309.569868   332.799869   329.610977   158.819271   316.329317   329.544208   306.024721   140.739147   331.773842   1372.825210   1562.495270   
99.300000   228.052504   282.672827   325.951367   478.189189   236.404336   350.639401   377.109016   336.388787   814.178851   901.439398   529.399431   157.106991   147.504786   186.776109   371.215033   312.005797   569.075253   357.752184   359.586794   396.277529   920.159058   342.243209   398.681171   309.758241   333.989809   329.721908   160.048523   316.413650   329.514867   305.336828   140.403821   333.408596   1372.140976   1561.994328   
99.400000   228.055855   282.368027   324.236800   477.811634   236.851489   350.622071   374.529382   334.531035   814.131914   901.248978   529.100081   159.056395   145.258234   188.172977   370.352632   311.606734   568.528699   356.704985   357.612405   395.030734   920.539813   342.019091   398.772954   311.153913   334.013896   331.896729   159.492667   315.221796   328.941664   304.192113   142.887714   333.047296   1371.584503   1561.492254   
99.500000   228.348615   281.516846   323.910857   477.331395   235.223794   351.498432   373.052566   335.691292   813.752368   901.491069   528.482344   159.003218   148.495371   186.970231   369.854390   311.596807   566.590755   357.004105   357.291388   394.813259   920.202565   343.308923   399.021311   309.604228   333.662001   329.796404   160.856632   315.831039   329.381074   306.174396   141.188543   332.680312   1371.113913   1560.865365   
99.600000   228.168543   281.198779   324.878599   477.911551   236.487058   350.200748   374.578166   335.681754   813.556151   900.378837   527.581740   159.042596   147.579102   186.841346   370.121870   312.780943   565.489819   357.992304   358.120846   394.213603   919.052519   342.527296   398.783780   310.427421   333.188026   331.120676   162.262575   316.843013   329.508951   304.865967   141.369155   331.787580   1370.918346   1559.965396   
99.700000   227.125895   281.525339   324.203367   477.407655   236.065210   351.547372   374.822733   334.246762   812.985579   899.660787   531.493012   160.242447   146.405058   186.501086   370.151341   312.462941   566.296327   356.148756   358.562037   394.023322   919.265991   342.240442   398.630538   309.235062   333.999920   331.523805   158.779922   316.365698   328.914233   306.879705   145.536828   333.261240   1370.396965   1559.409398   
99.800000   228.951012   281.390355   326.553032   476.909023   236.289371   351.175655   374.764164   335.495124   812.426576   899.740678   529.546725   159.747335   145.774570   187.330534   369.886046   312.765029   570.510960   356.346402   357.192617   393.252830   919.750520   341.750373   398.793125   309.984852   333.114511   331.162061   159.660106   315.827205   328.403806   305.642905   144.133617   332.664669   1370.586352   1558.568039   
99.900000   231.280215   280.693215   325.646248   477.312475   237.520360   350.265019   374.620468   335.523007   812.371364   899.266326   527.782676   157.074202   145.126744   185.043164   370.080106   312.525065   567.391509   356.607356   355.622988   393.277825   918.712277   341.629411   399.906974   309.323349   332.535322   329.277033   158.356120   315.100264   328.590300   305.159944   141.277674   331.384655   1373.132885   1558.121238   
100.000000   226.840661   280.793889   322.970607   477.445056   234.122021   350.135746   372.322584   334.198847   811.676758   899.338733   525.770229   159.506872   143.334918   186.254179   370.112207   310.962929   563.758563   356.131750   355.423372   392.767921   917.327608   341.255053   398.955273   308.669578   330.516902   329.196473   159.300611   315.088950   328.534383   303.900648   141.299246   330.696666   1561.317762   1557.378240   
100.100000   228.870791   281.796593   324.923751   477.504955   239.509647   349.719455   373.173692   334.908403   813.249139   898.234722   527.272134   156.982572   144.221118   188.142405   368.302067   310.893899   565.324604   355.205771   355.626504   393.562801   917.846909   341.220943   398.836864   308.172621   333.611718   334.537692   161.349983   315.554519   329.617870   303.841975   145.590582   331.370211   1372.011665   1556.779381   
100.200000   228.389879   279.957399   322.279788   478.477555   236.296862   349.917687   375.053718   333.891150   810.875338   897.504303   524.334261   157.107662   148.790571   185.751630   367.720149   311.073719   564.842718   355.668863   357.244238   394.161286   917.890428   342.449961   401.188822   308.788598   332.208976   329.348251   157.911961   314.669346   328.762104   305.774070   144.148490   331.593752   1369.721697   1556.034429   
100.300000   228.380262   280.393345   323.217858   476.760949   236.957641   349.651398   376.025812   333.449222   811.201487   896.954258   526.131660   155.922956   147.544790   189.054512   367.958660   312.253398   563.634467   356.633143   354.103708   392.614925   919.000479   340.667932   398.645823   308.229483   333.342508   332.027327   158.883866   315.044126   329.120161   306.877271   145.098697   332.681024   1366.924896   1555.765947   
100.400000   226.422875   281.149324   323.133849   476.115662   234.572467   351.744635   376.644866   335.930533   811.930360   896.528381   526.632505   155.867185   146.747878   186.088726   368.532024   311.080436   564.403331   357.429788   355.764479   392.605238   916.363477   341.493294   398.357843   308.439260   333.204860   330.730418   158.287682   313.910803   329.668284   304.345646   142.375588   330.873901   1366.056441   1554.759365   
100.500000   226.429291   280.462690   322.194183   477.028002   235.269928   350.062089   374.289878   334.996003   810.522703   897.152577   530.242453   157.911189   149.530522   186.415907   367.827346   310.986666   564.778146   355.427473   356.355881   392.579301   916.117145   340.506895   397.970559   307.659072   335.036470   329.609652   158.890592   314.344844   329.699075   306.227702   146.544752   331.244613   1365.618607   1554.092582   
100.600000   227.518433   281.548849   322.022273   476.979936   236.188754   348.963089   372.998075   333.521018   809.489702   896.953471   526.645951   156.341786   146.482984   187.267409   368.462422   310.588159   566.109697   354.639714   355.841568   391.930025   915.961149   340.639516   397.483822   307.598869   331.091076   330.202580   157.997318   314.390256   327.503749   307.966054   140.598896   331.204793   1365.412538   1553.580274   
100.700000   229.589605   280.399083   323.203249   475.819151   237.379656   348.652519   373.513838   333.477302   810.950237   897.390111   525.386847   157.731395   148.278758   185.399126   370.179498   312.722512   564.758436   355.797779   358.307913   392.337638   916.933677   340.317770   397.165109   309.029962   333.019579   329.423647   159.371009   315.263363   327.491902   305.239286   143.215990   332.931105   1364.461259   1553.079414   
100.800000   227.535610   280.775955   323.634632   475.543467   236.400350   349.053597   372.297926   335.304742   809.440578   895.147005   524.530988   156.518178   141.734984   185.988586   368.522122   310.787823   560.327456   354.770980   355.653604   391.464122   914.928485   340.389888   396.491357   307.773537   330.552542   330.101741   161.221845   313.630466   327.790095   303.840478   146.307973   331.017480   1363.829169   1552.556107   
100.900000   227.445815   280.897860   322.233742   475.703394   236.650010   348.645425   373.404314   333.419980   808.733266   894.532445   524.847421   157.529001   144.440637   185.976356   366.648575   311.886825   562.125817   354.181415   354.960494   392.016036   915.642439   341.885232   396.730419   307.891754   329.211407   329.196763   157.884345   314.300121   327.192409   302.923046   146.840236   329.975427   1363.467366   1552.449303   
101.000000   227.495835   281.489250   322.832307   475.394105   236.065275   350.118182   371.351145   332.889413   808.765711   894.896200   524.320522   159.422292   141.059656   185.363383   367.115741   310.880294   563.897600   353.820780   357.031968   392.307467   914.224723   339.918973   396.606360   308.527068   331.135388   327.002270   159.302707   313.643513   327.453479   305.038883   148.153821   330.788630   1362.813510   1551.444943   
101.100000   226.892617   280.738975   323.428255   475.145281   233.370474   349.407824   370.699043   333.678774   808.638068   894.298258   521.946482   157.300867   140.266023   187.994837   367.568390   310.810367   564.526878   355.005766   356.211502   392.072489   913.440384   339.555811   396.642314   307.657552   331.485057   329.521786   160.653980   312.834573   328.530287   304.317617   139.614857   330.279088   1362.373652   1550.427022   
101.200000   227.730616   279.083096   322.824778   474.316992   233.658957   348.975365   372.776884   332.078769   808.633812   894.511253   524.099521   157.557349   144.115468   186.688880   368.475935   309.099131   562.173691   354.258766   354.280257   391.500417   913.431692   339.776513   396.309261   308.327851   330.312247   333.102527   158.199417   313.695911   327.645332   304.859966   146.311238   330.789486   1362.139120   1549.795014   
101.300000   228.754133   278.853994   321.339194   475.290171   234.084900   348.267019   373.225303   333.854383   807.242220   893.596711   528.734431   156.941749   145.668189   187.031687   371.641191   309.145166   564.696209   354.014226   355.236981   391.065753   913.877549   339.389584   395.994681   307.101310   331.303991   326.935714   159.736602   314.145814   327.142454   302.509621   152.654525   330.427462   1360.915079   1549.344180   
101.400000   228.441374   281.494538   321.337776   474.095513   234.420836   348.638797   372.021268   332.493963   807.970506   893.363854   524.640424   156.155246   146.034556   186.126406   366.592087   309.402813   561.064046   353.880954   355.590266   391.142016   912.868910   339.018461   396.149618   306.584260   330.724757   327.246679   159.176546   314.080307   327.899557   303.420363   141.995571   330.256176   1360.535985   1549.082474   
101.500000   227.722230   279.170043   321.314350   474.250645   234.638874   348.058853   372.333529   332.875926   806.416735   893.027381   523.255919   157.189304   145.424578   188.988625   366.014604   309.639826   561.385586   354.480604   356.339600   391.127282   912.218327   340.312449   396.230364   306.939755   330.598167   326.634816   161.043235   312.953156   326.593280   303.955671   140.864474   328.618891   1360.190923   1548.007442   
101.600000   225.910793   279.609992   321.288077   473.927465   235.601730   348.555332   371.447758   331.796487   807.893079   892.899910   522.060157   156.547089   144.862534   185.084553   368.990604   309.436108   559.611368   355.050455   356.007896   391.200624   911.832162   340.204835   395.313120   307.312078   329.577280   327.694540   158.482820   313.418675   326.472852   304.872578   138.514737   330.363757   1359.603239   1547.776125   
101.700000   229.244543   278.825469   321.299815   474.809478   233.110744   348.259004   370.182342   332.474872   806.071707   893.277872   521.299517   155.505911   145.611246   185.594626   367.098262   309.766632   561.656115   354.120338   354.625274   391.017254   912.826670   340.172410   395.728481   307.694554   330.405982   326.796206   159.954983   312.482735   325.738262   306.458180   143.214144   329.836769   1359.579331   1546.866085   
101.800000   228.156208   280.123957   321.470481   473.843443   236.266134   348.536342   371.559031   332.061312   807.119644   892.239583   523.105912   155.430068   145.018685   185.076263   368.116527   310.258575   562.106263   354.657981   354.546677   391.328466   911.875729   339.042056   395.823715   306.972170   330.367765   328.538269   159.197981   312.506655   327.324914   304.483924   146.128504   330.366342   1358.268491   1546.278671   
101.900000   229.183360   279.409248   320.280222   474.283895   235.548742   347.315650   370.246649   331.405238   806.366195   892.165594   526.915427   155.540922   144.795734   186.150970   367.905539   309.211957   566.060146   354.569951   353.447819   390.683395   910.972336   338.686892   395.993663   306.882508   329.527308   327.366986   157.156289   312.726912   326.079908   304.214206   143.580380   330.392374   1357.942002   1545.759855   
102.000000   228.634115   279.248776   319.833874   473.825747   235.994572   347.737193   371.339507   332.940962   805.825701   892.087385   523.341921   156.454936   144.606474   185.719724   367.824998   308.474357   562.807383   353.236120   353.904568   390.738835   911.783192   338.434518   395.143513   306.899814   328.836582   329.264326   159.175592   312.474123   325.983172   304.207847   143.896661   329.819559   1357.412419   1545.367492   
102.100000   227.980746   279.366740   322.911809   473.278756   235.617680   347.447761   370.814971   331.419022   806.203493   890.928613   522.317458   155.259765   144.292269   184.874630   366.284003   308.155205   561.990109   352.688110   353.167799   390.373542   911.175238   340.629282   394.958961   305.906744   327.622252   328.487983   157.571780   312.415722   325.173027   302.343260   141.156122   329.752151   1357.187882   1544.717055   
102.200000   225.862365   279.596415   321.095532   473.039062   234.378923   347.165080   369.173165   331.629049   805.164369   890.903245   523.311724   156.586830   144.102112   185.367770   366.342170   308.581336   560.771871   352.691635   353.083028   389.646062   910.020733   338.097537   394.938482   306.562387   328.520539   327.027404   157.387982   312.324750   325.683283   301.345454   146.716283   328.442167   1356.571771   1544.014222   
102.300000   229.225647   278.669414   320.658700   472.869988   234.045758   346.908221   370.580382   331.901640   806.021841   890.136430   524.716785   156.767551   142.112487   184.339703   366.685035   308.654639   559.958812   354.626599   353.521368   389.024547   910.689219   337.822239   395.353547   307.057005   329.682367   327.052990   157.663607   313.883622   326.878274   300.943276   144.611321   328.652206   1356.070579   1543.395947   
102.400000   225.133955   278.755091   321.863119   472.605126   236.030680   347.617563   371.869445   332.282337   804.390429   890.164819   523.656403   156.571138   143.118020   184.407836   365.792938   309.200988   559.599821   352.410911   356.695520   389.962858   910.745520   338.071767   395.472736   306.815999   330.562129   331.784788   157.950060   311.419153   325.363751   300.875099   142.048725   330.070659   1355.443415   1542.813815   
102.500000   227.198949   277.435040   319.567111   472.270457   234.345826   346.530990   369.798877   332.060258   803.131890   890.124032   519.196259   155.276522   145.236608   187.495964   363.986706   307.526498   558.387912   352.008157   351.937748   389.446970   908.710971   338.469737   395.194965   307.977026   329.650553   327.736015   159.319218   312.403407   325.920426   304.522781   141.341666   327.834041   1355.427102   1542.136883   
102.600000   232.540123   278.022174   323.632081   472.306270   236.473574   346.566538   369.795305   330.422471   803.592407   889.223087   521.527587   158.406394   145.714860   183.981303   366.795181   308.406039   564.841041   352.358779   354.452988   388.913459   908.859706   339.686711   393.983887   306.665075   330.718784   329.472248   157.579658   311.944799   326.356247   304.191308   145.334473   330.697028   1354.692517   1541.919870   
102.700000   228.430699   277.629369   321.723494   472.335650   234.061753   346.596377   369.520068   330.108330   803.325823   888.632951   522.029710   154.458009   145.128247   183.550837   366.506756   308.274502   561.977677   352.058070   355.358632   389.859831   908.662738   337.441454   394.411214   308.288302   328.681641   330.507693   159.614495   312.257712   324.697215   302.132249   151.118256   329.179740   1354.056876   1541.539710   
102.800000   227.362482   277.640279   321.278432   471.559762   235.488304   346.229489   371.509085   330.027887   803.854530   888.385759   522.755041   155.958955   143.098246   183.938527   364.883067   307.871361   559.621672   351.328824   354.156598   388.979545   908.154384   338.384456   394.011417   306.709967   329.345828   327.243034   159.009325   312.331419   325.315288   303.356546   141.437908   329.782596   1353.590302   1540.675344   
102.900000   225.934312   279.097447   319.509575   471.904667   235.794885   347.134487   370.318898   331.317155   803.066784   888.669229   518.949829   155.485516   141.700576   183.705211   364.665682   308.715836   557.357904   351.969959   352.056158   388.967975   908.242004   336.813859   394.663095   306.565766   328.713687   324.736119   157.665778   311.452014   325.762034   302.324437   147.564926   327.498073   1353.740019   1540.032972   
103.000000   226.906415   277.908552   319.062589   471.609435   232.619569   345.987306   369.248512   330.707518   803.749859   888.351558   520.042608   155.704493   143.285353   184.313647   364.068090   307.900282   558.380660   352.184656   353.704270   388.568358   906.647174   337.659884   395.354822   305.365484   328.065085   324.365082   157.030177   311.200265   324.406695   302.376989   141.137971   327.269607   1352.578942   1539.534528   
103.100000   226.327381   279.679053   320.724558   471.973158   232.172308   346.459816   371.224837   330.579784   802.734207   888.158822   521.128549   154.817105   141.983799   186.594326   364.373974   307.616514   558.290512   351.600759   352.832247   388.449062   906.838935   337.962826   393.122394   307.438858   329.346794   326.325973   156.457807   310.585686   325.027902   300.578024   142.627027   327.931285   1352.466104   1538.861387   
103.200000   226.912818   277.955732   319.767869   471.170264   232.230082   345.958023   371.898538   330.579983   802.146439   887.557207   520.935226   155.305495   143.460131   184.692504   364.594417   307.357477   558.737019   352.680509   352.939386   388.030724   907.318138   337.501241   394.036005   305.358567   328.860975   326.974085   157.236635   310.665883   325.050475   302.439043   147.404587   328.053676   1351.494773   1538.543988   
103.300000   227.141110   278.351771   318.208504   471.189182   232.789562   346.077449   369.068460   329.989812   801.415748   887.544598   521.520353   154.598034   141.339426   183.389069   366.379767   307.847362   560.469940   351.689257   356.204934   387.639245   906.177987   337.304022   393.532933   307.174610   327.893443   324.788467   158.716440   310.777999   324.417336   300.652453   140.349048   328.156642   1351.294101   1537.891115   
103.400000   226.456479   277.189385   318.284172   471.332569   232.889831   347.210744   368.503568   330.156043   801.515166   886.997112   519.766731   155.868550   142.133717   187.899532   364.947480   309.147201   557.338592   351.443237   351.414047   387.882989   906.508546   336.560763   393.710531   305.039660   328.448273   325.274370   157.304442   310.969011   325.069941   301.200992   141.315263   326.990202   1350.568202   1537.539920   
103.500000   225.314125   277.287040   318.620866   470.620449   233.536131   346.211376   369.394144   330.701092   802.171539   886.329264   520.224229   154.546238   143.492177   183.191929   363.650779   307.372317   558.427667   351.519172   351.163547   388.780969   905.381125   336.255915   393.655796   304.917004   326.124343   326.048432   157.493980   310.470997   324.748439   301.820487   139.003398   327.377986   1350.049674   1536.804422   
103.600000   225.575585   276.834559   320.375871   469.996190   234.162585   345.346032   368.320376   330.162687   801.279132   886.275888   517.825614   154.414275   144.827163   185.976699   364.132127   306.599765   557.882093   351.282868   352.137616   388.903040   905.531393   336.621953   394.444782   304.103883   327.427108   325.669630   156.148263   310.296960   324.277548   302.621596   142.728793   327.274187   1349.669212   1536.357581   
103.700000   224.209868   277.501956   319.083156   470.497073   232.792721   345.247237   369.012221   332.160162   799.766505   885.745574   520.764117   154.938981   142.201434   185.281516   364.432485   306.782535   555.970245   351.232825   351.412524   388.647668   904.501971   337.759600   394.808285   305.915508   325.904620   324.200019   155.225971   311.910601   324.904223   299.086193   142.791485   326.685770   1349.258987   1535.635328   
103.800000   225.675160   278.171292   319.384121   470.430909   232.338075   345.833270   367.950897   329.839083   800.905464   885.651519   519.092954   156.766726   141.115600   183.054617   364.582932   307.808859   557.116927   351.333150   349.976594   388.466736   904.999862   336.626281   394.213141   305.659091   325.993837   325.422028   157.608955   310.917351   323.768591   298.759777   142.432899   327.243136   1348.991738   1535.342717   
103.900000   225.447072   278.850862   319.057460   470.678686   231.155841   345.464831   368.408497   329.043787   800.309314   885.274236   521.031007   154.080330   144.544777   184.704374   363.670506   308.077544   556.984451   352.108584   350.922134   387.284641   905.540927   336.613016   392.445434   305.653822   327.267312   324.752618   156.621913   310.410246   323.597417   300.489697   138.499205   326.879791   1348.422574   1534.821170   
104.000000   223.878486   276.774132   318.352085   470.261327   229.357403   345.298227   366.691148   329.651988   800.092646   884.951732   519.101702   153.944705   142.108712   183.334948   363.359255   306.669625   555.285715   350.766224   351.564786   387.994635   904.553161   336.501832   392.752516   304.415646   328.348961   325.195614   157.351115   311.215305   325.105929   299.066368   138.864726   326.366755   1347.840114   1534.394873   
104.100000   224.440622   276.155039   316.918918   471.951893   230.555059   345.089170   366.228687   329.985775   799.924310   884.792788   518.784371   154.157450   142.465564   183.764440   363.045488   306.285417   558.298897   350.600246   351.107200   388.311106   903.684028   337.116937   392.016973   304.504040   329.693724   324.234365   156.710956   309.693894   323.448546   300.330762   139.050757   326.436251   1347.357120   1533.582133   
104.200000   223.721121   279.159941   319.556361   469.781287   230.221734   346.694763   367.355812   329.105224   799.024890   884.351596   517.933409   154.724089   146.342672   183.663292   362.994351   307.032881   556.504971   350.401485   350.661643   387.796369   903.043583   335.715242   393.088054   303.399267   326.401160   325.153746   157.577113   309.823120   323.313413   300.034338   139.038392   327.287222   1347.215002   1533.072471   
104.300000   223.324971   275.873678   317.146126   470.290481   230.346256   343.970496   366.261578   328.460450   798.679240   883.971330   518.407365   153.820785   143.325742   186.232650   362.699662   308.238159   557.120584   351.408493   352.094124   387.557214   903.314175   335.591393   391.850265   303.424764   325.587964   322.973570   158.686904   310.778317   323.187740   301.343186   138.286196   326.547124   1346.717033   1532.651887   
104.400000   223.197082   277.096588   318.462309   470.275418   230.525760   344.986226   366.736278   328.341042   798.884902   883.807607   517.551006   155.786462   143.155947   185.127527   362.948096   308.684207   553.953860   350.821746   350.228687   386.644637   902.395514   335.754045   392.897039   304.727764   325.645616   325.282399   157.415751   310.741778   323.973683   298.956716   139.905138   325.762513   1346.018613   1532.063028   
104.500000   223.303294   276.512219   317.447061   469.412235   229.855849   344.560315   367.795230   330.959124   797.918623   883.713545   518.321103   154.754468   141.638657   182.791455   362.842725   306.651944   552.996013   350.556513   349.753759   388.082065   902.871749   336.288469   393.567987   304.467328   326.287773   322.944870   156.570912   309.375087   323.182593   298.626243   139.263245   325.775516   1345.646847   1532.030821   
104.600000   227.334818   276.239029   316.432053   468.662860   232.086627   346.732900   370.334285   329.070493   799.300942   883.208745   519.228234   154.653303   139.921774   185.847933   362.371753   305.571666   554.470705   350.241447   349.662294   386.235805   902.315329   336.237957   392.392761   303.297752   325.362014   323.408769   156.428706   309.586960   323.282270   300.538593   138.896921   325.132906   1345.257131   1531.429585   
104.700000   226.113627   275.036511   317.728155   468.781070   231.007654   344.815333   367.753001   328.172130   798.383717   883.044245   519.470766   153.467250   140.355077   182.335526   362.276781   305.700115   559.691102   349.502629   348.844721   386.273639   901.461809   334.768701   391.638189   303.854278   327.215370   322.929484   156.285465   310.261739   323.550436   300.638152   142.650689   325.806040   1344.970644   1530.645244   
104.800000   223.932757   276.793313   318.353192   469.011440   229.433181   343.918549   365.600589   327.919565   796.454773   883.323479   519.675027   153.761256   139.513322   182.366476   362.254400   305.640437   552.500985   350.068091   349.763566   385.954462   901.619417   336.003118   393.027150   303.084310   325.409412   322.656552   155.714201   309.182093   323.417317   298.439529   140.293819   324.989418   1344.585148   1530.450215   
104.900000   225.349267   275.817971   317.243514   468.494106   234.240617   344.243414   366.280759   328.281192   797.175733   882.057193   518.767271   156.977479   143.908056   182.562181   362.524802   305.411376   556.060106   349.728788   350.504603   387.055243   900.773844   335.181824   391.818855   303.148721   326.048717   322.889133   155.933920   309.798745   322.866301   298.666986   138.421054   326.074413   1343.792861   1529.744505   
105.000000   224.109444   275.792662   316.899127   469.640737   232.033254   343.764582   365.447546   328.210871   796.485450   882.569845   514.933250   157.338097   140.092938   182.824467   361.290712   304.952742   554.153040   349.708630   350.282382   387.046682   901.183754   335.601727   390.607077   303.803712   324.864634   322.660164   156.170098   308.967523   323.079100   298.481974   139.991895   325.120031   1343.321203   1530.089585   
105.100000   223.707406   276.102702   316.864437   468.439384   231.538173   343.333241   366.896161   328.569823   796.657994   881.583670   515.520830   153.977170   140.287589   184.040573   362.948589   304.858369   555.397348   349.771976   349.239190   385.915967   900.693350   336.449235   391.648997   304.113303   328.200831   323.140906   156.465804   310.617089   323.310603   299.670331   140.524480   325.370733   1342.950964   1528.585359   
105.200000   226.079603   274.976218   319.027896   468.400741   232.760719   345.027425   368.147974   328.033496   798.402350   881.461801   516.883960   154.758846   145.150053   183.714967   362.882353   305.457764   554.766055   350.565461   349.662975   386.247045   900.792334   334.463282   390.968025   304.683598   326.588188   323.666433   156.805867   309.581622   323.024020   301.587155   142.160805   325.898669   1342.527848   1528.241262   
105.300000   226.854346   275.499507   317.298145   468.125759   232.172482   343.572286   366.298798   329.120960   796.515288   880.851808   515.707096   154.623697   144.164190   183.049445   362.788000   306.634861   552.637421   350.170598   350.065740   385.698566   900.804047   336.247902   391.690444   303.187306   325.592661   324.556796   158.136068   308.698603   322.223793   298.491518   144.018720   325.546270   1342.249114   1527.895565   
105.400000   223.550842   275.818196   315.102971   468.274841   230.788182   343.547258   366.133674   328.856742   795.737595   881.228987   516.425121   153.245460   141.098728   182.630778   362.312758   305.166558   554.195635   349.212799   348.153257   384.858505   900.209508   335.593088   392.285391   304.087703   325.141606   322.861530   157.175207   309.348974   322.131907   297.540251   138.815815   324.433675   1341.558428   1527.596230   
105.500000   222.565015   274.801806   318.583731   467.828553   230.183911   344.103286   368.170078   328.787908   795.880848   880.421340   517.419392   156.016851   145.039401   182.068887   362.518538   307.704745   556.183127   349.513910   349.284074   385.382722   899.805216   335.962691   390.344165   303.735244   326.899940   323.006396   156.987934   310.000641   323.229169   299.163381   140.374397   326.663177   1341.406623   1527.063741   
105.600000   224.754986   273.992654   317.404171   467.334689   231.515697   344.765177   365.927001   327.670109   794.791617   881.146599   514.528830   156.338171   140.252053   182.276173   362.203108   304.633489   554.096878   348.832481   349.662144   385.186281   899.363619   334.579411   389.771844   301.938459   325.785433   323.402236   155.778414   308.712627   321.848309   298.617697   141.559057   324.711715   1340.657264   1526.227795   
105.700000   223.180895   275.663539   315.822637   467.631369   231.922942   343.487019   366.611126   328.748760   795.350874   880.533854   514.823649   154.954013   142.169152   182.402298   360.422762   305.158998   552.559041   348.909990   349.001625   384.605816   898.733408   334.744877   390.374796   302.420750   325.228755   324.430297   154.499579   309.205492   322.358987   298.235459   145.824575   324.614807   1340.400686   1526.410285   
105.800000   223.245752   277.186569   318.776138   467.311386   233.495043   343.701663   365.719620   327.554012   794.974262   880.254004   514.753397   156.781490   144.131702   183.125594   360.452330   304.492144   553.627789   349.824241   348.486872   384.853588   899.255937   335.817482   390.348839   302.096595   325.791465   321.322923   154.813353   309.237442   322.266751   297.631079   144.520646   324.971871   1340.015053   1525.245113   
105.900000   224.796262   274.969185   317.283801   466.593471   230.326979   343.644908   365.252700   329.729552   795.089275   879.830650   514.971374   153.611744   142.142555   182.491843   360.808099   305.718772   553.959443   349.025567   349.853417   387.183366   898.571089   334.208165   389.981948   302.713747   325.442219   321.866185   157.373855   309.292679   322.479738   300.386802   143.328834   324.659223   1339.289073   1524.772413   
106.000000   223.303454   274.052835   314.945929   466.545595   228.678075   344.033763   363.870853   327.559269   795.029013   880.696862   513.579286   154.339852   142.768598   182.942932   361.182711   304.185774   551.486790   348.392751   348.757076   384.620825   898.025931   335.283576   389.929373   302.022664   326.567372   323.674585   157.358343   310.083891   321.421755   298.263736   138.707489   323.420417   1339.197741   1524.334371   
106.100000   225.575243   275.497969   315.827574   467.145381   230.870568   342.565406   365.486261   328.519756   793.725664   879.366419   513.146119   153.383559   140.819249   182.539420   359.989372   304.216643   551.544357   349.517647   348.543101   384.417824   897.544215   334.055303   390.701171   302.495753   323.163258   324.499864   156.342682   307.969862   321.526818   296.998421   144.749700   324.320717   1338.999819   1523.979089   
106.200000   224.789648   274.537608   318.618329   466.187633   232.617435   343.108570   366.011609   327.090712   794.885668   878.643891   517.018097   153.113922   142.655187   182.760222   361.143505   305.345341   553.372010   349.592375   348.311474   384.543304   897.581460   336.086571   389.537493   303.045838   325.666213   322.204745   155.463567   308.310785   320.556955   299.180983   142.050838   324.621345   1338.344477   1523.415452   
106.300000   224.914223   274.537913   318.700552   466.995201   233.294791   342.633443   368.569960   326.747090   795.659111   878.162853   521.145294   154.675823   150.740947   182.367790   361.644149   306.108027   551.994670   349.925593   348.987738   384.727307   898.606387   334.602082   389.348651   303.053681   327.938691   323.140891   155.578567   308.807384   321.185314   301.582839   147.327460   327.989222   1337.865204   1523.006308   
106.400000   222.946305   275.634525   316.835958   467.076930   229.761710   342.894978   364.518520   327.027025   793.583090   877.732609   513.446819   152.961283   140.888797   182.294358   360.199420   305.200692   550.369340   347.854394   348.868020   384.146552   896.685445   334.425425   389.174968   301.956680   325.656496   320.986419   155.228666   307.580019   320.910125   298.056189   139.220966   323.551356   1337.807118   1522.750778   
106.500000   225.162991   275.774668   314.527858   467.286723   229.478045   342.484998   365.632646   327.075118   793.424835   877.737726   513.505318   153.019323   140.722070   181.376544   360.921252   304.301503   555.164666   348.216016   348.802228   384.093249   897.466899   334.164009   390.688593   301.887170   324.996649   322.298638   155.230934   308.218097   322.400309   300.160330   140.307285   325.239999   1337.058932   1522.186393   
106.600000   225.829282   274.135979   319.172957   466.608481   230.396412   341.712597   366.168800   326.948676   793.298837   877.132644   516.130235   155.694318   142.211274   183.035350   362.960200   304.362971   555.222167   348.069983   348.797504   384.488707   897.130486   333.278597   389.563026   302.222177   325.081219   323.781032   155.239936   308.788179   322.805625   299.671919   141.299918   324.768987   1336.925922   1521.554232   
106.700000   222.555443   275.293639   314.628028   465.382798   231.264424   341.936277   365.680193   326.815522   792.669971   877.065274   514.462672   153.963866   145.599650   182.352653   360.449271   303.841677   553.427043   347.584778   349.100492   385.084273   896.610766   333.439334   389.279220   301.248185   324.656330   324.300931   156.053298   307.906931   320.334026   299.336188   140.066645   323.624859   1336.378443   1521.068368   
106.800000   225.895361   273.533972   316.517483   465.805153   232.981881   343.138844   365.278349   325.928009   793.712737   876.761133   513.854465   154.674221   143.653345   181.855813   361.266544   304.457321   552.515200   348.435299   349.024584   384.279554   896.017169   333.436264   388.392747   301.590563   325.512464   321.701094   155.683688   307.333337   320.511931   300.682806   143.211960   324.214951   1335.869536   1520.455261   
106.900000   226.082154   274.269920   316.127273   465.885455   228.989196   342.547484   365.226719   327.626882   792.325980   876.885986   515.489540   153.447950   141.711638   182.670069   361.438512   304.268860   553.778984   347.864043   350.067645   384.541267   895.702549   332.997818   389.164648   300.754588   325.698518   323.407853   155.073793   307.484444   320.335117   297.840481   143.522458   324.595381   1335.569872   1520.209439   
107.000000   223.042905   274.124960   314.687343   465.059159   229.294769   341.732806   364.747886   326.604541   791.815770   877.651966   513.756976   152.850152   146.365580   183.291971   359.676620   305.463332   549.334750   347.886744   347.726524   384.460344   895.372986   333.491439   388.980716   302.003436   325.053961   321.342139   153.789545   307.528580   321.574632   299.329743   140.481991   323.739581   1335.296114   1519.976083   
107.100000   225.122947   274.301161   315.567768   465.694060   230.176439   342.003558   364.435496   327.457697   791.755101   877.681238   514.396115   151.872869   141.946407   182.901505   359.187237   303.135238   550.239051   347.414657   346.938260   383.634997   896.002570   334.035698   389.249554   301.148838   323.394878   321.199725   155.535668   309.718271   321.828911   297.966856   139.724725   323.147010   1334.814734   1519.596238   
107.200000   222.872872   275.368071   314.081873   464.901947   229.356434   342.701138   365.694776   325.994438   792.161163   876.135370   516.106016   153.513227   144.724089   183.263205   359.255945   302.987070   553.963490   347.387115   347.004499   384.187459   894.958551   333.977838   389.190512   300.831537   324.729005   321.674943   155.817789   307.873108   320.947702   297.048622   141.466928   323.091569   1334.336521   1518.847075   
107.300000   224.931400   273.988897   316.598613   464.553520   229.997239   341.557992   364.804529   325.839679   791.595083   876.241656   514.567328   151.887140   141.205934   182.755657   361.497483   305.240372   551.966210   346.299181   346.753698   382.903570   894.761208   332.951704   388.057447   300.457951   324.606904   321.725941   155.573863   307.055988   321.624505   300.518432   140.380058   323.547829   1334.267790   1518.246764   
107.400000   224.747574   272.806321   316.106928   464.910960   229.983127   340.966296   365.703121   326.006651   791.758892   875.578273   512.955898   154.254453   141.029711   181.878646   360.867358   303.397186   551.718245   346.263826   346.806384   382.942634   894.278307   332.407756   389.170420   301.169243   324.597203   319.669959   154.046766   307.304118   319.775566   298.283000   142.395721   324.100884   1333.683006   1517.981865   
107.500000   222.675296   274.157193   315.453003   465.424630   232.396645   342.041170   367.613700   326.281644   793.410566   875.688966   512.706401   151.763435   141.324843   180.763333   360.657599   302.700483   556.426356   346.381277   347.558198   383.340818   894.831974   333.085824   387.602442   301.014859   325.145883   320.593306   155.775781   307.050046   319.853553   299.567960   140.826264   324.361744   1333.137731   1517.734384   
107.600000   223.499256   274.889642   314.150789   464.889152   229.250572   341.876494   363.493223   326.343730   792.573423   874.758711   514.900246   156.244066   138.580077   181.147114   360.519190   303.506065   548.893530   346.605382   346.428830   384.326528   894.504496   331.713239   388.825265   302.545053   325.538596   324.124237   155.267968   306.749667   320.123203   299.609070   142.565389   323.599749   1333.201921   1517.190517   
107.700000   222.658884   274.675551   314.474734   465.533636   227.274828   341.348042   362.834908   325.839460   790.850604   875.607664   511.187123   153.557375   139.747673   180.639348   358.555641   303.455132   548.750732   345.881460   345.920655   382.252371   894.180037   331.846619   390.192748   300.375633   323.889189   319.567961   154.851669   305.964341   319.420603   297.455434   137.980702   321.546855   1332.223808   1516.922193   
107.800000   224.131723   272.668356   313.437648   464.727761   228.858607   341.406619   364.108737   326.540123   790.433481   875.854843   511.280659   152.661179   140.607547   183.034965   361.140238   305.132456   549.018063   347.627861   347.823832   384.252440   893.535321   332.061112   388.625088   301.665905   323.532702   320.950145   157.361964   305.390149   319.201726   296.994561   138.583765   321.958017   1331.888771   1516.513080   
107.900000   221.036243   272.255781   316.352190   465.866297   229.074695   340.833328   363.504697   325.528280   789.819570   874.446123   511.340910   153.207907   140.690361   181.732997   359.168083   303.691245   551.093987   346.863633   345.440839   383.746145   892.757528   332.501430   389.059191   300.473670   322.780919   320.468318   154.422998   305.628415   320.589809   296.080135   141.641124   323.046748   1331.896614   1515.892098   
108.000000   222.399790   273.437685   314.893264   464.267002   232.252206   340.574072   363.799663   327.402321   789.635911   874.006402   511.212333   154.145619   139.390503   182.338691   358.663142   303.533409   549.581532   347.125379   345.892054   383.843187   892.752860   332.637266   386.933824   301.554776   325.581496   320.277165   154.946104   308.815262   320.566334   299.108320   137.188308   323.231119   1331.478446   1515.653443   
108.100000   222.978820   273.031766   316.669084   463.971371   229.610723   341.202285   364.974723   326.143148   790.328353   873.690384   510.774296   154.241383   144.416218   181.808830   358.223168   302.382688   550.644258   346.140685   346.160338   383.977312   893.128757   332.432277   387.556176   300.524524   323.201068   321.294538   157.523807   305.950504   319.220875   298.069002   141.220658   323.263368   1330.896689   1515.273235   
108.200000   223.833069   273.850462   315.371976   464.040031   231.222233   339.939078   366.305113   326.329240   789.414479   873.511934   515.141744   152.880012   147.956901   181.229651   359.660599   302.940464   549.699717   345.978061   348.215941   382.630714   893.340554   332.369931   387.221502   301.357034   322.571397   322.121045   155.206125   306.449885   319.420390   298.938082   141.995743   324.023063   1330.809308   1514.984661   
108.300000   224.042575   273.502730   314.393999   465.167286   229.993189   340.899857   362.626628   325.582532   789.819312   873.145335   513.487105   153.529134   139.772320   181.287359   358.189893   303.422299   552.822348   345.679631   345.680263   382.809243   891.816272   334.241695   388.039639   300.092179   323.049133   320.883682   153.744917   306.580586   320.040001   298.199090   142.770523   322.292766   1330.100997   1514.709606   
108.400000   226.004087   272.383835   314.691855   463.412205   231.025008   340.006891   364.595232   325.722034   790.404342   872.866580   514.656250   151.952685   138.432107   180.884081   360.465263   302.212492   552.147110   347.116098   346.051335   382.533224   892.006619   334.651078   386.880218   300.123188   322.215976   318.846429   155.525883   307.094369   320.286545   298.366176   141.391467   323.176421   1329.893449   1513.986214   
108.500000   223.470415   272.204656   315.381158   463.671313   229.323277   340.656669   363.361582   324.995096   790.171974   873.193973   510.953547   153.826188   142.382129   181.019028   358.667159   301.643806   550.997781   345.699119   349.172698   382.453388   891.615331   331.887400   387.382927   301.214900   322.037457   320.168867   155.918101   305.458234   319.891821   297.111163   143.995880   321.981633   1329.408315   1513.340536   
108.600000   222.014534   271.986971   313.371849   464.012139   230.087082   340.303974   363.011128   325.160715   790.069265   872.503909   512.604341   152.510043   142.931159   181.567436   357.972069   302.926495   547.828538   346.215506   345.753097   382.979716   892.177659   332.946477   386.931612   300.378050   323.597296   319.666251   154.437430   306.236306   319.543778   299.232932   143.959917   322.087516   1329.124968   1514.290870   
108.700000   221.822912   272.606994   317.193040   462.991118   232.359105   341.132411   364.786712   324.015199   788.740994   872.734526   511.539753   153.788756   140.841878   181.525956   359.066506   302.712098   549.564433   345.900508   346.983629   381.644864   891.982207   331.096259   386.608632   300.777025   322.600127   320.465180   154.713255   306.413470   320.352549   296.853666   138.737755   323.040731   1328.895456   1512.781501   
108.800000   222.517246   273.120396   312.484639   462.819097   232.228215   339.778793   363.324049   324.939892   789.013025   872.413567   508.662061   153.994300   139.855081   180.799467   357.862050   302.667010   546.239871   345.586017   345.767150   382.126736   890.450255   333.125553   387.444121   301.166430   322.384895   319.092112   154.398914   305.658898   319.998282   295.412604   140.425439   321.636428   1328.753684   1512.547545   
108.900000   222.360199   273.318903   314.941905   462.711165   228.615377   339.916595   364.024357   324.335982   788.216136   872.270428   513.264223   152.005026   142.904705   182.451654   359.145120   302.021088   549.150805   345.013052   348.293552   381.239689   891.646197   331.302207   387.045327   300.532385   322.119984   320.947886   157.021818   306.478812   319.259694   298.452200   144.897942   322.970814   1328.303993   1511.988035   
109.000000   223.390389   274.072153   316.135401   462.817574   230.881129   340.432535   364.386477   324.310208   788.028310   871.923351   513.997269   154.584401   140.612298   182.048314   359.547871   302.515641   547.428838   345.802075   347.033937   381.237546   891.335905   331.133321   386.574567   299.596990   320.976082   325.182873   154.757798   304.801065   319.255786   296.280782   139.772063   322.878525   1327.970494   1512.134473   
109.100000   221.979677   272.426620   314.108694   463.090028   229.391231   339.768585   363.179483   323.970593   788.249390   872.125287   512.319458   155.868632   141.599771   181.178506   357.617344   302.878287   548.265078   346.314577   347.955549   382.495616   891.766991   332.299653   387.085911   299.876884   321.932372   318.547193   154.214108   305.928162   319.123069   295.295210   141.258522   321.794634   1327.431278   1511.059126   
109.200000   224.702731   273.063222   313.778731   463.532384   227.547008   340.097588   365.741233   325.173274   787.630453   871.807458   512.657797   156.895810   138.836032   181.465920   357.470217   302.116304   546.680284   346.109963   346.206629   381.084157   890.722058   331.592159   385.513091   300.386213   321.714553   318.994945   153.626190   304.835857   319.640797   296.947938   138.993862   322.205472   1327.240102   1510.713691   
109.300000   220.977080   272.097148   314.036986   462.403037   230.123776   339.826322   362.586576   324.263283   787.580177   871.313463   512.715384   153.066548   138.573337   182.686574   357.924060   304.310258   547.401245   344.860116   346.702191   382.350592   890.326779   331.181390   386.322799   300.081328   321.924053   322.039387   154.591765   305.352445   317.769578   294.867222   140.602637   321.257074   1326.757475   1510.320993   
109.400000   220.330650   271.960203   313.462151   462.233404   230.528912   339.297476   361.401982   324.559784   788.014207   871.016454   511.209286   153.563401   140.142733   181.347591   357.565518   300.966517   547.435792   344.713769   344.833609   381.347377   889.651409   333.041287   385.771565   299.888599   323.311419   319.118748   155.822894   305.165583   318.030813   295.559101   138.700869   321.664997   1326.428071   1510.069498   
109.500000   222.332644   272.258782   312.716864   462.119956   230.641717   339.924110   364.456205   325.733368   787.280123   870.868372   510.492340   151.576143   140.285385   180.615641   359.411814   300.926689   549.706092   345.101388   345.454768   381.438168   889.461501   330.845561   385.775950   299.389653   322.790421   320.874121   155.818555   306.904294   319.167067   296.119214   139.444342   322.857303   1326.224538   1509.624036   
109.600000   221.581002   271.227071   315.550861   461.936454   229.349292   339.403672   363.115104   324.112405   787.057183   870.119518   509.258764   152.327528   138.453905   180.849879   358.525190   301.788040   549.355757   345.081025   344.782856   381.590198   889.847223   330.625545   386.647664   298.973194   320.730517   320.251275   156.628180   305.336717   317.708337   297.235702   142.607941   321.914693   1326.127768   1509.243329   
109.700000   221.363182   271.935292   314.675527   461.668767   231.118759   338.986149   361.177866   323.704466   786.242873   870.536606   508.746802   151.971036   138.883871   181.064068   358.436583   301.466468   550.821473   344.858756   346.733297   380.872780   889.055905   330.352475   385.820632   299.271150   321.512909   321.252718   154.875587   305.327015   319.691082   295.278749   140.521483   322.578304   1325.717325   1509.204969   
109.800000   221.660139   271.566229   313.246454   462.576924   227.260599   339.977382   361.648707   324.454130   785.823797   870.750434   508.722919   151.634656   142.887491   180.445821   356.911120   302.495611   550.796860   344.798245   344.784870   380.323628   888.683527   332.360138   386.287750   299.356258   320.806870   319.052235   155.835819   306.065616   318.447237   295.203015   136.189739   321.166430   1325.337721   1509.283917   
109.900000   222.416091   272.208628   314.205827   461.732125   229.763534   339.314901   360.352708   323.549774   785.965324   869.895925   509.674417   152.569987   140.530821   181.383706   356.816646   302.070424   547.965105   345.090245   344.578842   380.278265   888.598552   331.126953   386.107874   299.137662   322.079230   319.314392   154.757327   304.985016   318.110717   295.709973   141.086917   320.953108   1324.960977   1508.057465   
110.000000   222.517716   271.771694   313.262991   462.403340   228.499830   340.022418   361.786028   324.075453   786.584848   870.219824   509.682795   150.881214   141.105755   180.388479   357.884272   300.875588   546.649232   344.784322   346.299314   380.474430   888.720551   329.951643   385.729014   299.038072   323.179109   319.738140   157.159165   305.212571   317.831778   296.570932   138.831714   321.530521   1324.528416   1507.888368   
110.100000   222.078280   271.670444   312.077642   461.254056   228.796366   338.766504   362.710850   323.543111   785.216913   869.458765   511.033643   154.220607   140.093564   181.595950   358.592669   300.796332   547.019867   344.909473   344.579963   380.556586   888.272947   330.185308   385.826094   299.021149   320.656722   318.841901   154.931966   305.177106   318.018123   294.919271   137.799136   320.644594   1324.094889   1507.493383   
110.200000   219.520224   271.446358   313.136739   462.179983   227.670340   338.557068   363.915834   323.019159   784.459111   869.096958   507.363063   152.425139   137.798238   180.642257   356.753360   300.727370   546.527441   345.984233   344.572543   381.155742   887.594361   330.761804   384.609432   298.751661   321.080881   318.670400   153.383721   304.961388   318.643834   294.371662   137.118888   320.403407   1323.747395   1507.016755   
110.300000   222.647404   273.060239   312.216096   462.028466   229.012079   338.680086   361.398142   323.457807   785.386921   868.932356   515.032739   156.394467   141.191064   183.895728   357.772947   300.512884   546.324970   344.173233   345.741812   381.761761   888.493697   330.606710   385.553967   298.411662   320.669744   317.944125   156.955062   304.714859   317.889703   295.252245   138.181987   320.757950   1323.332090   1506.713825   
110.400000   220.071518   271.537489   311.866328   461.471412   226.308636   338.524010   362.169788   324.401713   785.081452   868.852864   510.685899   152.382024   142.973036   179.004997   355.757086   300.481856   546.735654   344.772315   344.244942   380.415943   887.610284   329.691919   385.429126   298.993255   321.515760   320.622433   156.188814   305.102365   317.608499   294.842673   137.563862   320.895230   1323.290665   1506.381165   
110.500000   222.739751   271.421966   315.352310   461.728692   228.240746   338.479026   362.959951   322.435357   786.245112   869.519939   510.740908   151.959617   143.472530   180.286879   357.474797   300.987349   547.805745   343.982325   345.399058   379.628121   887.215200   330.105077   386.450428   298.625298   320.650737   319.901681   156.164984   304.881515   317.630092   296.560667   141.027084   321.471701   1323.200000   1505.746108   
110.600000   222.840096   272.255180   312.270881   460.931893   228.227227   338.532703   360.753598   323.660965   785.205336   868.276236   509.820023   153.790470   138.172022   180.472718   356.854620   300.094170   546.811228   344.723177   343.848976   380.223816   887.826613   330.507664   385.520678   298.778463   321.347677   319.652337   153.695812   305.398292   318.068790   294.862805   141.851198   321.026704   1322.514940   1505.385817   
110.700000   221.777814   271.044465   313.343519   461.140714   231.157019   338.241638   361.917551   323.600261   785.733540   868.309216   510.255878   151.374188   141.536887   182.003864   357.873982   301.321495   547.667461   344.364178   344.150888   379.468329   887.338154   331.883185   384.608914   299.757564   322.818356   318.445148   154.910419   303.713363   316.756454   297.090489   141.674534   322.345429   1322.171786   1505.216131   
110.800000   221.138889   272.648520   312.008782   461.755559   226.579780   339.302212   360.831317   323.655189   785.208945   867.854638   510.801924   152.512451   137.058939   181.733109   358.587993   302.117241   546.738041   344.805077   343.810010   380.286451   887.094533   331.159137   386.187709   299.067969   323.444985   318.320134   152.921814   303.795404   317.565359   295.873699   138.700989   321.122977   1321.914458   1504.962987   
110.900000   220.053238   271.782707   313.703914   460.625210   228.888808   338.718803   360.099059   323.885155   786.853295   868.626339   514.019308   152.952574   139.606613   184.017694   356.373405   301.336749   545.016535   344.149991   346.366950   380.029852   886.419041   329.708495   385.163323   298.632958   326.412974   318.352933   153.182854   304.966444   317.078031   296.491497   143.109424   321.031705   1321.882700   1504.889869   
111.000000   223.225111   271.329242   313.139521   461.619555   226.704175   339.239228   362.539771   323.435774   784.803974   867.199515   510.410765   153.903346   141.382631   181.412270   356.510861   299.917258   544.796119   345.241839   344.794809   379.274284   886.653603   329.173819   384.113092   298.493140   322.889972   319.096730   154.508685   305.282342   319.136640   296.963935   142.343478   320.329490   1321.358314   1504.327709   
111.100000   224.627940   270.859381   310.833462   460.437326   225.908124   338.120954   361.026876   323.869438   784.075500   867.321021   508.628086   153.551741   139.607827   180.767139   355.601331   301.263841   546.321558   344.126152   343.994108   379.813805   887.046376   329.957158   385.648727   298.402227   320.988580   318.221284   155.245335   304.248801   318.528207   294.049503   137.816239   320.037960   1321.182488   1503.869534   
111.200000   223.674315   270.343638   313.211310   460.644255   225.989241   338.019150   363.702034   322.994367   784.657027   866.921100   510.784669   151.652860   143.425348   181.456679   357.129602   300.511135   548.749651   344.670001   343.681922   379.644312   887.025131   330.243315   384.801629   298.732048   321.094037   317.426869   154.776914   305.402238   317.570984   294.571582   139.656247   321.016557   1320.662572   1503.656244   
111.300000   219.525200   270.771000   313.685172   462.101222   227.320491   338.128396   362.944946   323.480517   783.227102   866.905762   509.558451   151.683093   139.518076   183.355320   356.820282   300.650585   545.300338   343.201184   344.088345   379.020092   887.833058   329.964792   385.821734   298.046067   322.103931   319.127854   153.956421   303.704756   317.254046   293.282229   138.710250   320.522322   1320.514557   1503.287482   
111.400000   220.986873   271.782005   311.196464   460.318343   225.952021   337.617050   360.663165   322.103153   784.637084   866.986044   511.683837   153.667527   139.474290   179.769579   357.180042   300.762693   545.244074   344.305943   345.379060   379.490995   885.722721   330.616299   384.926046   298.882900   320.085499   317.113125   156.381445   303.639909   317.367684   292.616242   142.050755   320.587850   1320.312442   1503.391337   
111.500000   220.710706   271.320174   312.189480   460.389604   225.393204   337.886743   359.862997   322.867329   783.867181   866.924902   509.189150   152.113642   139.486369   179.170773   359.125397   300.170387   547.658926   344.109176   344.403057   381.617194   886.156209   330.455808   384.916018   298.742708   322.361143   319.809522   153.767888   303.857388   317.331257   293.864403   138.153079   321.175861   1319.850318   1503.040577   
111.600000   218.926608   270.199677   312.840225   460.832263   227.598337   337.667665   361.210751   322.444774   782.893894   866.058482   510.760940   150.817672   137.143400   179.987710   357.017281   300.047392   550.084727   344.414193   344.039035   379.436831   885.903483   329.294024   384.469497   298.243387   322.744938   319.556272   153.456113   303.721683   317.356536   295.313521   140.460714   321.699286   1319.412577   1502.535317   
111.700000   220.383670   271.538946   314.195566   460.614915   227.607424   337.961844   361.777810   323.859199   783.016291   866.428434   507.837592   153.478946   144.260553   179.724053   357.736228   300.872782   544.312267   345.340267   343.620575   380.530964   886.040612   329.806740   384.780124   297.802617   320.621333   319.240152   154.192065   304.271765   317.265083   292.988248   138.963220   320.396707   1319.228944   1502.239932   
111.800000   221.547276   271.270388   311.713409   461.248420   225.803262   338.004672   361.080858   322.035901   782.569832   865.878399   505.864316   151.535833   138.972544   182.422650   355.920874   300.533306   545.549749   342.969312   342.094043   378.366749   885.169416   329.253488   384.111890   298.586778   320.089002   316.811505   152.729970   304.330206   317.814307   293.367768   137.229827   319.698292   1319.798395   1502.049475   
111.900000   221.694974   271.213774   313.184935   460.316737   226.573592   337.798189   362.212606   322.780098   782.897156   866.027668   508.473023   149.947255   140.045340   178.896494   356.164367   299.636810   550.913519   343.142069   345.274108   379.861138   884.951883   330.399692   384.013423   298.023523   323.058721   318.863434   156.296530   302.896863   317.135024   294.770536   144.336237   322.665763   1319.075508   1501.228846   
112.000000   220.086494   270.693668   313.880512   459.752660   227.890081   337.404670   364.842793   323.395118   782.669189   866.676796   509.561177   151.749319   138.162312   179.810364   357.142493   301.139358   546.241363   343.049737   345.192519   379.462482   885.514682   329.958937   384.139232   298.277595   321.045368   323.429874   155.120209   303.245476   316.076123   298.639596   141.861174   322.181950   1318.509263   1501.239728   
112.100000   220.854123   270.758594   314.777903   459.642694   228.591909   336.650781   359.927088   322.048106   783.746213   866.440350   507.792200   154.518529   138.764642   179.332210   355.251665   300.251765   546.074858   343.116859   344.492517   379.182612   885.349339   329.000010   383.762888   298.047056   319.421562   317.779558   154.885593   302.697193   316.176129   295.085687   139.131598   320.698016   1318.543001   1500.979954   
112.200000   220.646128   270.736166   311.795988   460.374677   227.113232   337.341590   360.913477   322.805022   782.016595   865.537394   507.246652   153.114031   141.511198   181.118783   355.894034   300.094575   543.057835   343.421734   343.512014   378.861979   883.678022   328.632732   383.677967   298.019246   320.000149   317.809370   154.222328   303.621609   315.996363   294.083595   140.464304   319.133674   1318.280892   1500.519401   
112.300000   218.549106   271.140001   311.311123   460.054433   227.143220   337.485404   360.384782   322.311861   781.754818   865.595437   505.982529   154.048468   139.583588   179.108610   354.485474   300.589696   543.192932   342.609379   343.229645   377.788511   884.000136   329.278985   384.059183   297.379778   320.576262   317.391636   152.505309   302.765492   317.123082   293.498951   139.442855   318.378978   1317.924728   1499.980525   
112.400000   218.434323   272.035675   310.949293   459.347040   227.382938   337.060613   360.988523   322.360631   782.056051   864.934161   506.178316   151.265524   140.459746   179.780728   354.074544   302.406354   544.046258   343.685019   341.717090   377.929136   883.590870   329.714812   382.807354   298.322569   322.781152   320.042200   158.071637   304.477662   316.332680   294.975117   137.974982   319.005734   1318.071395   1500.047937   
112.500000   222.166784   270.222037   310.654099   459.736243   227.060490   337.673885   360.158059   321.938872   781.692143   865.204089   505.472895   152.318655   138.567031   179.393818   355.857639   300.512136   546.672828   342.897648   342.568667   379.008898   883.789146   329.754410   383.902283   297.215222   320.613774   317.753002   153.833690   303.566700   316.695207   292.450817   142.293285   319.888111   1317.200691   1499.551237   
112.600000   219.624573   271.142000   309.912456   459.529613   226.005742   338.297248   359.230310   322.626373   780.871544   864.497916   506.047276   150.513073   138.316139   179.638193   355.098001   299.653594   545.424566   342.789271   343.330846   378.648494   883.986101   329.950735   385.081595   297.864977   318.999329   318.309766   154.212013   302.993890   315.568075   292.653900   135.590667   318.224660   1316.740893   1499.235833   
112.700000   219.821932   269.700643   312.082242   462.040959   226.350391   337.222223   359.759028   322.978606   781.479500   865.337382   505.219985   151.150810   137.036039   184.273548   354.685331   301.121088   541.371005   342.351687   341.676054   379.686145   882.967069   328.846727   384.031219   296.471249   318.539930   315.049719   153.663887   308.541237   317.862660   293.524476   136.020450   318.194446   1317.251569   1498.910153   
112.800000   220.886062   269.998778   312.079005   459.412594   228.943751   337.373149   360.602680   324.083255   780.493970   864.506593   505.524791   149.887106   138.495728   178.214820   354.753259   299.136578   547.935697   341.977468   342.172359   379.213403   882.671145   329.280024   382.742108   297.383342   318.782820   316.728786   152.196409   302.290851   315.678888   292.519457   137.305766   318.870293   1316.770953   1498.442971   
112.900000   218.545062   271.673128   310.615910   458.957435   226.003541   337.672119   360.145015   323.457513   780.419490   864.576376   506.335003   151.237068   137.644375   179.129483   354.331420   299.484112   543.902845   341.694491   342.648848   378.606251   882.382741   328.341116   382.738383   296.977549   318.584563   315.094954   152.447402   303.803596   315.660752   292.296757   141.343375   318.316619   1316.228768   1498.369475   
113.000000   218.607330   271.000396   310.399545   458.391524   227.368737   337.277766   358.681001   321.966209   780.796235   865.180894   505.791363   152.639705   140.877783   179.221607   354.277222   298.864643   542.052868   341.715155   343.898402   377.989110   882.771849   329.929873   384.300015   297.961779   318.105955   315.583653   151.607890   302.717200   317.077374   293.071226   138.083682   318.531791   1316.113594   1498.195505   
113.100000   219.143387   271.580532   310.362121   459.375555   226.025981   337.664485   359.632882   321.560856   780.937893   863.991746   507.064465   152.367098   140.963945   180.645967   355.181224   298.962250   542.759577   342.956293   344.230100   379.541615   883.166808   327.883589   383.374830   298.194206   319.169587   315.488597   151.737511   302.355803   317.218635   294.099060   140.346439   318.635408   1315.957052   1497.641314   
113.200000   219.547922   270.918354   312.086793   458.771919   226.549690   336.803942   358.032130   321.056494   780.819254   864.908510   507.465846   149.974919   140.665156   179.626788   354.758663   300.204118   542.613330   341.961804   342.120877   379.005142   882.321032   328.298158   383.816732   296.930069   320.056368   315.668659   152.620512   302.847292   316.771483   292.399972   138.919062   319.335467   1315.699772   1497.430149   
113.300000   219.729521   271.525843   311.266274   460.315728   227.987320   337.800815   358.786610   321.679731   780.418055   863.950974   507.769065   151.818590   138.186071   178.717766   353.584156   300.545551   543.949339   342.812969   341.496111   378.759796   882.029202   328.615009   383.048499   298.008655   320.679673   318.246764   152.972204   302.565677   315.411838   291.021261   138.391576   318.356513   1315.367475   1497.529013   
113.400000   221.329709   269.515211   311.532036   458.967177   226.292244   337.854057   361.691294   322.410794   779.730866   863.733509   506.477529   151.010469   139.928028   180.027460   354.556350   299.025699   543.284820   342.680987   341.202517   378.114115   882.025144   328.837522   383.407169   296.999814   320.416978   316.609587   153.724651   302.506243   315.746892   292.775591   139.179347   319.671243   1315.217302   1497.132632   
113.500000   219.854814   269.482528   309.411182   458.729666   225.372287   335.991241   359.199731   321.436748   779.970180   863.633321   505.828739   151.067507   137.165270   179.095598   353.641929   299.679225   541.530285   342.323588   341.437851   377.441600   881.673627   328.058190   382.972263   296.086950   320.293732   319.088825   151.881636   303.383994   315.898359   293.396017   137.580029   318.581246   1314.972262   1496.888794   
113.600000   218.231263   270.170568   311.030763   458.806050   226.081668   336.393859   359.444814   321.290945   780.602599   862.778379   508.475561   149.825808   138.657633   178.009052   355.878453   299.287102   543.081652   343.296989   343.531701   378.203801   881.201319   329.553787   382.911983   297.348121   321.413922   316.491905   153.077002   302.643575   314.887276   293.191779   136.942494   319.341002   1314.584468   1496.515021   
113.700000   220.081043   270.129530   310.906226   458.534879   226.214729   335.841914   359.467808   322.166499   780.004967   862.770374   506.877666   149.346984   142.597525   178.129155   353.995796   299.619026   542.624937   342.757591   342.431779   378.170145   881.756302   328.513026   382.345223   296.435477   318.187763   316.361246   153.633869   302.314184   315.301727   293.312863   136.816563   318.797719   1314.395397   1496.228777   
113.800000   220.308744   269.808100   310.095116   458.125930   225.027837   336.288334   360.027379   323.069006   780.577281   863.016314   505.739877   150.332664   141.910387   178.886020   353.205845   299.485807   544.140236   341.684077   342.987130   376.501712   882.026923   327.998146   383.024051   297.735733   319.419600   318.170769   153.557930   301.919471   316.006526   292.881767   137.142315   318.510521   1314.591123   1496.076542   
113.900000   219.384601   269.562979   311.076576   457.798728   227.133367   336.917567   359.980749   323.718851   780.372107   864.830743   508.649371   153.538965   139.838866   179.243683   353.858388   298.603933   546.146832   342.090034   343.212052   377.779049   882.455347   328.121072   382.639595   296.566077   319.520772   318.394028   152.286124   302.041909   315.534874   294.015395   140.746433   320.447641   1313.990194   1495.772882   
114.000000   218.324976   269.992086   310.229014   458.425696   227.604935   337.576122   360.644178   321.632055   780.465340   862.660563   506.605380   154.293190   141.281213   178.847635   353.646873   298.819866   541.325407   341.638346   341.513475   377.930776   881.466689   327.111722   382.141740   296.725223   317.530625   316.172745   153.080168   301.776460   315.981832   291.450495   136.356437   319.215500   1313.615246   1495.132977   
114.100000   221.541805   269.746493   311.532662   457.548006   226.637632   337.128634   360.780937   321.372194   779.957971   862.440922   508.473985   153.055236   141.704131   178.191922   356.248033   298.505282   544.147108   342.066796   343.776327   378.239603   881.447097   328.874613   382.328047   296.110146   320.371271   318.950273   154.343334   302.944800   314.836673   293.248529   136.421144   319.638504   1313.263248   1495.067838   
114.200000   225.189181   270.733088   313.010436   458.299498   231.056719   336.774205   360.040382   321.335049   779.090202   862.602146   503.658767   151.364470   139.377117   179.357078   354.753493   298.154880   542.788585   342.473576   345.179959   377.529623   881.839532   328.062309   382.642627   295.633422   321.546874   317.597285   153.788655   304.388737   315.147184   294.186679   137.879307   320.406283   1313.446369   1494.848594   
114.300000   220.614008   268.843005   312.368854   458.474954   226.045706   335.894356   359.597239   321.299281   779.718442   862.077982   505.832185   152.507850   142.217255   179.051131   354.648416   298.377005   542.950372   342.035166   342.130200   376.792496   880.765863   327.464252   381.802110   295.822411   319.998641   315.974647   154.104324   302.345564   314.358310   292.761173   135.042209   318.708184   1313.242142   1495.078245   
114.400000   218.203654   268.283916   312.620246   459.379417   228.218258   337.207756   360.426925   321.979809   779.719006   862.389306   505.538350   151.716448   141.817440   179.913868   354.507910   299.331735   542.098235   341.914735   341.401831   376.952893   880.693912   329.088373   381.676713   296.220904   319.473196   320.428069   154.219060   302.623121   314.574757   293.463536   141.267085   318.566656   1312.903703   1494.405452   
114.500000   218.872790   269.414040   311.626255   457.054975   225.856173   335.729021   362.038087   321.436144   779.511934   861.528396   510.160767   150.526727   139.535551   180.383589   354.821747   299.259985   542.326087   341.752829   342.916148   376.998394   881.616531   327.534502   382.114475   296.234027   319.920666   317.709373   151.947624   302.904678   314.950595   295.614369   143.632130   318.601308   1312.457370   1494.152834   
114.600000   218.593263   269.922664   309.833299   457.715331   225.643210   335.601812   358.802471   320.969497   779.203136   861.655502   503.505827   151.960557   138.447469   181.138795   354.255257   299.581204   543.049716   341.717411   342.214911   378.023865   881.036530   327.895371   382.168845   296.641006   317.913097   318.714140   152.253886   301.295235   314.112988   293.482715   138.840333   317.566483   1312.432170   1493.753724   
114.700000   218.524566   268.385354   308.975682   457.958167   227.146405   336.346764   357.328272   321.972738   777.631977   861.610188   503.915648   151.870308   138.261066   178.462083   353.616358   298.755526   542.949107   341.659143   342.155048   377.257379   879.973439   328.091894   381.973603   296.255610   318.429732   315.789340   152.654239   302.245886   314.861089   292.058318   134.785556   317.493755   1311.896875   1493.769896   
114.800000   218.699162   268.937513   309.609279   458.003303   224.437734   336.348744   357.346847   321.176146   778.280986   861.494761   505.584978   149.439918   136.879985   179.556904   353.520287   297.873893   541.297999   341.568116   342.810412   377.036530   879.316058   327.573188   382.176368   295.426723   318.350006   316.014123   151.791801   301.937268   315.361714   290.443668   134.096718   317.442207   1311.705521   1493.128307   
114.900000   218.467995   269.373105   310.943600   457.317981   225.497138   336.317394   358.439745   321.353786   778.178439   861.906206   505.001913   151.839352   138.218970   179.468791   353.738397   297.794401   541.566212   340.655078   342.078337   376.856172   879.584121   328.065531   383.044668   295.378882   318.562245   316.601297   151.894431   302.907742   314.477194   291.568670   136.023898   317.512653   1311.484295   1493.365427   
115.000000   218.660172   271.897867   313.344496   457.341535   224.789304   335.296518   357.186762   320.436009   777.874045   860.566870   505.729132   153.143237   136.782837   181.299870   354.659259   297.793933   541.572404   341.560439   344.584750   376.591592   879.939817   326.593420   381.339026   295.619853   318.010432   315.756416   151.480902   302.605271   314.263314   293.758776   135.495630   317.951098   1311.350223   1492.625828   
115.100000   217.049122   269.286352   313.202622   457.285463   224.938852   334.960755   358.525627   320.356848   779.546576   860.451719   504.016576   151.020930   137.431335   179.183988   352.471115   298.344087   540.524747   340.654935   341.530349   377.780350   879.649047   329.079217   382.377375   297.140071   317.399627   315.918896   154.009965   300.965093   314.819832   293.674689   139.281072   317.818351   1310.831884   1492.391735   
115.200000   217.508562   269.016172   311.890472   457.451249   226.232288   336.869128   358.329006   320.336291   777.442011   860.506099   504.968528   151.463670   137.613460   179.262915   352.904734   298.118928   547.524705   340.811376   342.000360   377.654235   878.905298   328.849728   382.899173   296.913691   318.400025   315.170204   152.987754   301.887383   315.125006   293.566534   136.867050   317.351805   1310.721508   1492.189555   
115.300000   219.820619   269.193949   312.432849   457.628060   225.770890   336.398248   359.522039   320.959081   777.825763   860.839185   504.181717   152.275578   141.784992   181.561224   353.370978   299.352417   540.964845   340.404543   340.658705   377.079935   879.362290   327.406732   381.588725   296.204919   318.186272   318.860110   153.969514   302.636849   314.442455   294.506595   136.628827   318.509692   1311.091827   1492.175946   
115.400000   218.140450   268.821287   309.775236   458.156240   225.894587   337.232947   357.109940   320.359098   776.716566   860.457807   506.499767   153.100676   138.492851   179.037146   353.467416   297.968572   540.791131   341.621812   340.306248   376.848365   878.865179   327.442467   381.087067   295.803778   316.817309   314.211129   152.946907   302.064621   314.736704   291.211477   135.388268   316.875274   1311.343693   1491.921053   
115.500000   217.271121   270.479962   310.796553   457.250734   225.662541   335.378610   358.027090   320.128950   777.472405   861.448145   502.585840   150.988345   141.173297   177.905006   352.445241   299.117460   542.744593   341.064711   340.656520   376.386343   879.275353   328.081309   382.032443   295.524291   318.409089   314.233545   154.371033   302.619817   314.301754   293.913705   136.502216   317.921795   1310.479885   1491.633463   
115.600000   218.658210   270.616052   312.336551   457.831122   229.229510   336.662016   359.055738   319.516798   776.746498   860.124349   504.318117   151.646765   139.040915   178.819969   354.350436   300.050859   543.397815   340.425972   342.109310   377.128409   879.392305   328.805727   381.098424   295.526782   319.952098   318.161010   154.553938   301.775329   314.624499   293.573369   139.122045   318.868917   1310.253610   1491.594060   
115.700000   217.806258   268.468267   309.290155   458.974092   224.801708   335.681561   358.890030   320.204317   776.572644   860.300189   503.505431   150.697368   136.351603   181.525346   354.802230   299.161787   542.572244   341.542968   341.522349   377.552848   878.249012   327.509451   381.000349   295.733964   316.696206   314.020232   153.762471   303.469750   314.655813   290.855376   134.338593   316.924920   1309.944698   1491.517762   
115.800000   217.591870   268.712265   308.716934   457.918640   223.403384   336.147873   357.917303   320.460521   776.742956   860.412660   502.280307   150.089469   139.078667   178.245950   353.748598   299.886685   540.094741   340.211523   341.725368   376.077471   878.187436   326.590365   382.059457   295.824497   316.512483   320.451660   154.019599   300.819509   314.736391   291.108853   137.830767   316.789009   1309.891287   1491.074567   
115.900000   217.058511   268.576703   308.443116   457.088395   226.535178   335.091956   359.038695   319.419484   777.056521   859.920312   503.278900   152.511611   137.004443   179.832636   353.547841   298.012690   541.645935   340.653657   341.627433   376.409768   878.315220   326.205528   382.368615   295.169035   317.116592   314.762765   153.202480   302.562070   314.711725   292.768649   138.350718   317.578682   1309.664205   1490.701006   
116.000000   220.604463   269.055676   311.535218   456.738019   225.557636   335.269340   358.813852   319.816793   777.993023   859.478552   502.298782   151.776439   141.353896   178.346088   354.578377   297.830069   541.371366   340.988773   343.992158   376.095536   878.642542   326.697176   381.114594   295.743228   318.361466   315.491031   152.061920   301.779537   314.159194   292.194076   138.746355   317.803607   1309.479436   1490.692762   
116.100000   218.771560   269.038126   309.927727   456.883450   225.626465   335.875266   358.911997   320.695590   776.180281   859.931269   502.815501   150.433547   138.691383   177.839371   353.145959   297.823466   542.766836   342.682664   340.955055   376.044711   878.187933   326.473919   381.346463   296.959636   317.419163   316.466462   153.416612   302.644473   314.427460   292.381640   135.338021   317.559593   1309.414592   1490.549075   
116.200000   218.793785   270.565676   308.929964   456.275772   223.836177   336.496041   358.140816   320.233330   776.643936   859.884529   504.013836   149.806234   139.736279   178.955167   352.366164   298.607530   539.338596   341.634062   340.575574   375.817659   877.877582   328.883755   381.180197   296.587092   318.056599   315.502781   153.324008   302.929031   313.841875   291.161920   134.569138   316.465151   1308.894641   1490.170959   
116.300000   221.760518   269.993971   307.336088   456.649843   225.186807   336.490156   359.305805   319.458059   777.491949   858.909028   502.255544   150.496428   140.138223   179.880160   353.643746   298.509827   541.797435   342.371582   342.147136   376.531183   877.550089   327.811679   381.421251   295.812974   318.313008   315.338313   152.258447   302.694259   314.922318   290.341814   133.925293   316.807242   1308.779093   1489.732251   
116.400000   223.522739   269.317455   309.399348   455.913796   227.429392   336.184950   358.691537   319.843875   777.093949   859.126566   503.471584   150.262383   140.934213   177.325093   352.723156   297.019265   542.150686   340.939788   342.098799   376.024482   877.934479   327.274746   380.741142   296.741540   319.279504   317.156250   152.068771   301.234072   314.764468   290.604698   138.629276   316.856653   1308.833387   1489.669538   
116.500000   220.182328   268.372829   308.150307   456.248595   222.849906   334.609580   356.304035   319.620200   775.876881   858.865703   504.754034   149.537237   137.105309   178.292807   352.126469   297.585318   541.203135   342.374764   341.533598   376.517718   877.322786   326.450235   382.266261   295.959235   318.181159   314.701685   153.845090   301.090273   314.710233   291.813179   138.193744   316.688036   1308.521017   1489.344397   
116.600000   217.889525   270.758578   307.988428   457.611541   223.784953   335.707541   357.196778   320.384202   776.897033   859.071344   505.557465   150.507298   135.588430   179.227997   352.439598   297.618203   539.482535   341.539901   340.644566   375.870219   877.438714   325.867630   381.136033   297.278036   318.121729   316.282399   153.449146   302.616478   314.214910   290.971958   137.570284   316.497464   1308.336462   1489.297071   
116.700000   219.224427   270.107930   308.330475   457.579728   227.111153   334.243045   357.517830   320.115654   776.409687   858.801156   504.936460   150.615093   138.334019   178.996938   353.479584   297.509480   539.460040   341.001362   340.527793   375.956622   878.372020   325.647289   381.949869   296.755360   317.204692   314.382958   153.788327   300.781325   313.669281   292.944327   139.017773   317.222111   1308.144548   1488.961745   
116.800000   218.354378   268.632414   312.321631   457.368300   226.433396   334.425038   358.228499   320.366077   778.581352   858.809592   502.289642   150.689238   135.623434   178.966712   352.968244   297.275564   540.373629   341.763104   339.620347   375.946960   878.345636   325.983930   380.987976   295.886050   317.501386   315.259056   152.796713   302.131332   314.072490   293.107628   137.016858   317.352440   1308.152244   1489.032656   
116.900000   219.190621   268.881020   309.321768   456.283584   224.853309   335.231240   358.311392   320.500190   776.644225   859.615740   501.140762   150.695959   138.784759   179.759449   352.533870   297.527361   537.701751   340.760093   340.896225   375.711778   878.115110   325.808838   381.433861   295.075539   316.660356   314.276345   152.774868   300.648633   313.722025   291.126082   134.897345   316.558194   1307.711667   1488.598778   
117.000000   219.573019   267.365275   313.844118   455.614787   226.093265   334.618484   358.565588   320.473953   777.467564   858.227947   506.069230   152.263564   139.682985   177.565208   355.396879   297.694748   542.025463   340.861112   340.721748   376.101302   878.205103   327.231382   380.326301   294.694969   318.541844   317.043443   151.555354   302.562618   313.552494   290.924501   140.114313   319.624427   1307.610095   1488.827561   
117.100000   218.560565   268.930071   310.316923   455.720288   226.110629   334.606977   356.604455   320.205164   777.218854   857.977388   503.527785   152.426185   137.914617   179.546399   353.136438   298.669396   540.594670   342.014272   340.113857   375.484575   877.348383   326.747755   380.082737   295.278022   320.188136   315.336018   151.553420   300.688845   313.575112   290.691762   137.927975   317.501954   1307.803980   1488.307630   
117.200000   220.809183   267.830802   308.279961   456.311532   225.738833   333.872074   359.461125   319.346065   776.939372   859.155801   503.769965   151.545561   143.547851   177.098468   353.025664   297.426826   541.212923   339.942155   341.720509   375.979996   877.568738   326.500749   380.693807   296.517627   317.391725   317.808498   152.307190   300.944633   313.534912   292.142278   140.746051   318.103602   1307.166233   1488.224766   
117.300000   218.536468   268.261101   308.377525   457.169516   225.423090   334.075495   357.489969   319.654989   776.874431   857.905840   502.457572   150.130296   140.153499   177.885938   352.148005   297.463393   540.105422   339.401318   340.198961   375.197390   876.471484   327.024506   380.314047   295.494489   318.593297   316.097196   152.252998   303.041809   313.554161   290.627471   140.034502   317.158814   1307.291991   1487.840765   
117.400000   217.871232   268.446397   308.655879   456.675132   226.601116   335.042961   356.146140   318.881350   775.868899   858.903803   503.307532   149.597010   138.298590   180.024154   352.499671   298.702158   538.261927   339.915716   340.211691   375.070390   876.816767   326.159954   380.176719   296.539036   318.147460   313.882761   151.566967   301.157000   314.305474   292.126716   139.656734   316.540042   1307.003479   1487.847397   
117.500000   217.303039   268.894532   309.693621   455.461117   225.019532   335.116639   359.170159   319.314740   775.894883   858.877934   503.701084   150.767701   140.567502   181.613108   352.315807   298.874419   542.819532   340.125604   340.205557   375.538360   876.457766   325.798552   380.273193   295.469162   315.834762   314.167661   150.389232   300.629912   314.376285   292.172915   138.781953   317.287907   1306.948452   1487.497038   
117.600000   219.992483   267.325193   309.570977   455.162461   226.254706   335.176694   357.872097   319.071809   775.544260   858.453868   502.334764   150.035219   138.335223   180.202879   352.436500   297.203770   539.607192   340.034557   342.187217   376.937327   876.463520   326.143420   380.167253   294.831292   315.978262   312.856818   153.593846   302.427086   312.842482   292.022910   138.952502   316.802182   1306.673675   1487.264525   
117.700000   220.137784   267.873428   308.396811   455.485243   224.329020   335.987175   358.421349   319.531280   775.022874   858.241793   502.339371   150.606422   135.996326   179.518194   351.398628   296.920427   541.252621   339.812680   341.320306   375.525679   876.480860   325.408416   380.964724   294.921036   315.576048   312.792420   151.540794   301.249045   313.643707   290.493296   133.743570   316.857801   1306.254662   1487.258253   
117.800000   225.137874   269.176464   309.276705   454.829919   227.331312   335.580762   358.172883   319.920452   774.896955   857.314027   502.610273   150.059108   141.832285   179.582051   353.107382   297.165853   542.547776   339.633025   340.931602   375.953845   876.249549   325.748842   380.340275   296.140897   317.539565   316.801712   151.369591   300.911324   313.314855   293.666634   136.767650   316.923850   1306.321967   1487.208667   
117.900000   220.732785   268.347710   307.557005   455.793379   227.730961   336.158542   358.018623   319.115561   775.363797   858.552756   503.268304   149.960686   139.145453   179.164010   353.527362   297.158166   542.235717   340.311983   341.257725   375.189441   876.519627   325.623481   379.652397   294.351018   316.285787   315.906085   152.094015   301.239910   315.085274   290.771529   136.260999   316.652479   1306.168902   1486.967842   
118.000000   220.624593   267.130300   309.801779   455.082173   226.887520   333.997593   358.369700   319.440718   776.864873   858.566259   502.507676   152.178187   137.506338   178.673822   351.950100   297.353317   541.729643   339.500733   341.150504   375.234531   875.647075   326.492620   381.472442   295.531385   315.808514   314.015469   151.938775   301.131149   313.373013   290.839284   135.850203   316.632866   1305.902421   1486.758588   
118.100000   217.568643   269.440190   308.352113   456.308078   223.237255   334.139232   358.789427   318.555951   774.589434   857.475228   501.794463   154.241366   136.452662   178.157311   352.000282   297.710603   540.719256   339.706546   341.181372   375.152286   876.296898   325.975939   379.781289   295.245759   315.207549   316.222591   152.610411   300.275442   313.633655   288.830213   135.755698   316.142175   1305.864585   1486.501411   
118.200000   216.372875   270.019835   309.197101   455.414506   224.080063   334.251349   359.833320   319.981151   775.313796   857.421630   502.034856   152.884615   137.746230   179.716435   351.008117   298.506554   537.963241   340.170312   339.841409   376.354070   876.183960   326.769019   380.122318   294.886929   315.231949   314.896614   151.902376   300.520522   314.087822   289.953370   134.009649   315.344363   1305.695173   1486.789132   
118.300000   216.784412   267.877812   307.956895   455.897014   226.460091   334.238563   357.799340   319.569650   773.912876   857.697082   502.035323   149.904222   142.989856   177.353099   352.732332   297.122865   542.011821   339.700221   342.795903   375.353284   876.558178   328.366025   379.966133   295.934938   315.769292   313.275211   150.881932   300.764422   314.678132   291.558425   136.552825   316.764377   1305.726555   1486.211484   
118.400000   219.074951   267.547816   307.928393   455.197976   223.944481   334.855045   358.308167   319.446769   774.729319   858.199988   502.268426   149.603858   139.732023   177.792270   352.895741   297.263370   543.132148   339.069316   341.735077   375.317288   876.658768   325.739463   382.935357   293.826277   315.903875   316.253470   151.512224   300.335290   314.194937   291.675576   139.931431   318.150013   1305.547128   1486.201893   
118.500000   219.808560   267.919392   311.544427   455.258478   224.092275   333.623453   358.536044   319.469009   775.621629   857.014220   500.715079   149.950836   142.349072   178.468305   353.106992   296.571850   538.021301   339.120334   340.845421   375.255161   876.270124   325.820898   380.426871   294.581780   317.027520   315.287661   151.663120   300.114863   313.900078   290.416301   135.040690   317.099819   1305.834020   1486.198394   
118.600000   217.579624   267.741748   308.720675   455.098078   226.483204   334.097599   355.776684   320.332522   775.416408   857.627579   504.112280   150.982824   137.278066   177.760270   353.104433   297.584573   537.307888   339.298652   340.551005   375.418725   875.367497   325.729741   380.536466   296.461759   315.824045   314.419361   156.237712   301.548652   314.082978   291.518267   135.695129   315.836540   1305.347380   1485.685953   
118.700000   218.334701   267.515723   308.009171   455.643639   225.806443   334.795214   358.046452   318.573295   774.949456   857.859841   500.429931   150.192565   136.337888   178.079119   354.169430   297.769296   538.485237   341.086717   342.326498   374.626230   876.035946   326.942413   380.239644   294.904787   315.574767   316.746384   153.157326   300.336789   314.562119   290.499365   135.680259   317.898483   1305.123716   1485.927212   
118.800000   217.000718   267.843130   308.348429   454.580968   224.423349   334.912682   355.635334   318.779246   773.499238   856.963895   501.712696   148.938588   135.545732   177.779240   351.934496   296.390191   538.244986   339.529969   340.284970   375.530167   874.792796   326.496677   379.929428   294.257043   316.334501   313.216899   153.863484   300.391786   313.389910   290.289453   135.956002   315.630905   1305.046136   1485.657505   
118.900000   217.908572   267.269173   307.760348   454.591969   225.467016   333.811953   355.182451   319.100682   773.575737   857.242118   504.325248   149.686674   136.593377   176.863384   351.720156   296.873042   540.066982   339.710659   340.550318   375.134352   876.400553   325.688988   379.768972   295.290571   317.666425   314.448827   153.024702   299.793616   313.872560   289.830044   137.063779   316.190097   1304.756557   1485.447881   
119.000000   220.821894   268.966710   308.791588   454.487808   224.829846   333.649331   359.404266   318.520522   775.175063   856.998709   500.927778   152.915278   137.664176   178.099225   352.486291   297.468062   539.198930   339.684943   342.890984   375.406445   875.845692   327.680315   380.583246   294.561239   316.734167   314.620741   151.290151   299.632823   313.818043   290.307468   135.125918   316.774714   1304.832600   1485.166803   
119.100000   219.402657   267.072362   307.965181   455.535569   224.613194   334.255606   355.775426   318.460964   774.256206   856.567251   500.705665   151.712664   138.495149   177.380070   351.580114   296.600487   538.955438   338.888690   339.998221   375.087244   875.189614   327.198403   379.708322   297.940073   315.791476   313.373468   152.009933   299.347467   312.880186   289.371790   136.617591   316.811608   1304.627154   1484.965840   
119.200000   219.151189   268.416318   307.595065   455.289570   225.634370   333.601392   357.664909   318.575299   774.579831   856.363333   503.157850   150.892524   137.570770   177.895484   353.316410   297.756838   537.788922   339.719279   341.026247   374.864803   875.874408   325.042484   379.181701   294.286769   316.074155   313.203115   150.452697   300.980092   312.945164   290.234992   139.930696   316.494811   1304.431174   1484.849863   
119.300000   218.132540   267.522380   308.101126   455.416007   227.477144   333.142343   356.986922   319.236447   774.559766   856.572921   501.273804   150.330802   136.105908   178.975695   354.717953   296.986832   538.830632   339.167181   339.936303   374.140092   875.226869   325.615785   380.440078   293.797975   315.731286   314.653045   152.969715   301.285547   312.805343   291.963395   139.316480   316.543008   1304.675585   1484.528795   
119.400000   218.143725   268.685734   307.487308   454.728564   226.459686   334.489826   355.361469   318.733161   773.600619   856.591457   501.738634   150.137133   137.469331   178.614157   351.713888   296.999720   539.854556   339.897491   341.584755   375.207451   876.493997   325.101430   380.447124   295.417902   318.583720   314.705993   151.751192   299.764068   312.709500   293.262873   134.831845   316.681143   1304.219192   1484.689667   
119.500000   217.330446   268.490055   308.731571   455.662905   223.529704   334.308311   358.277595   319.016022   773.250467   856.334292   500.974758   148.218646   137.248762   177.760890   352.000752   296.977670   538.735351   338.931819   341.838481   374.941640   874.611746   325.878270   381.517607   295.135510   317.766528   312.712389   150.926983   300.592196   313.190646   292.210054   139.214957   316.479041   1304.075902   1484.526586   
119.600000   219.013661   268.529066   308.966630   454.840962   223.926990   335.189399   358.709417   319.506617   773.504280   855.934402   501.810591   149.031002   138.019823   178.862723   353.123941   298.352518   539.412725   339.035345   340.672946   374.214686   875.006336   326.073673   381.739308   293.605036   316.615454   317.609625   154.077343   299.886769   312.745806   291.100294   138.168508   316.997322   1304.076265   1484.228501   
119.700000   217.586458   267.664918   311.869512   454.676422   223.487636   333.885300   356.002204   318.701419   772.753274   856.307414   502.594189   148.664554   137.628964   177.302782   352.444432   296.684590   539.232064   339.664579   341.003556   374.644933   874.869949   325.760233   380.477492   293.842187   316.333271   314.439772   151.533265   300.655990   312.723903   291.542286   138.919279   317.213238   1304.309868   1484.072321   
119.800000   216.271624   267.294542   308.100728   454.491749   227.980423   334.235942   357.194693   319.633533   773.463004   855.985584   502.779408   149.364519   136.735971   177.425814   352.068451   296.987651   538.051175   338.428236   338.405089   374.828109   874.754134   327.803231   380.105048   293.293617   315.495315   313.780797   152.138242   301.306120   313.897111   293.307078   134.943166   315.988705   1303.815234   1484.163102   
119.900000   217.338748   266.884944   308.336676   456.184489   227.212560   333.889238   358.136218   318.257193   772.941325   855.647909   506.045893   150.020511   137.964496   177.385276   351.786046   296.791753   541.741502   338.899596   340.148933   374.077611   875.082207   326.037545   379.866308   293.862681   315.375002   318.717951   150.780217   299.877249   313.152347   291.955195   138.645456   317.536603   1303.912312   1484.183648   
120.000000   215.734835   266.607476   307.401767   454.899337   225.250318   333.816091   356.346470   318.507434   774.209623   855.807168   501.028037   150.986023   142.983807   177.704274   351.498637   296.063542   537.302562   338.691935   339.854618   373.963927   873.983186   328.059660   379.276789   293.456066   315.966832   314.873713   151.269917   299.067784   313.893638   289.809518   133.438136   315.130729   1303.392575   1483.935267   
120.100000   217.115118   269.962419   306.839230   454.595961   225.077763   333.088401   356.828973   319.251963   774.152483   856.060052   501.531056   153.173379   134.529857   177.997650   350.354580   296.845748   538.907994   339.633094   340.161030   374.706571   874.045259   325.566394   380.081078   295.651797   316.192668   313.558286   150.746305   299.884977   313.760119   291.431134   138.083948   315.774070   1303.817466   1483.738484   
120.200000   218.095061   267.655218   307.346377   454.302833   224.128522   333.822657   356.591805   318.343633   773.328044   856.496851   501.860759   150.152301   139.360885   177.777749   351.526445   296.901501   539.900626   338.579928   338.792863   374.684753   874.746459   325.974924   379.588375   294.585136   315.777220   312.238319   152.781761   300.677769   315.580279   289.974529   135.761844   315.558330   1303.366189   1483.866407   
120.300000   216.682946   267.919675   307.158463   455.104488   227.137758   333.114188   358.688280   317.724631   773.860144   855.906740   502.619811   151.018197   140.749032   177.703514   351.202766   298.480695   539.345654   338.653344   341.258703   375.038024   875.592126   324.894451   380.130897   293.951952   317.579207   315.402066   151.608601   299.478681   313.749568   289.847284   142.029399   317.612207   1303.393519   1483.663711   
120.400000   217.736447   266.080355   306.371768   454.775934   222.179660   332.942204   355.042715   318.678944   773.237295   855.949737   500.355591   150.571749   136.715711   179.786344   351.670274   296.875029   538.556769   340.807771   338.183555   374.551221   874.257924   325.919144   379.305252   293.703150   318.065991   313.404058   152.498694   300.605975   312.844019   289.876946   133.645751   315.116809   1303.672917   1483.507738   
120.500000   217.168571   266.702994   307.015360   454.322420   223.545152   334.475815   356.678239   318.945863   773.165563   855.345299   500.357376   148.366734   134.521253   179.459186   351.133265   296.908147   538.468599   339.081916   338.482628   375.014452   875.064818   326.378535   378.930380   295.373834   318.444973   313.157419   150.966112   300.583618   314.161614   290.577580   137.461812   315.885154   1303.335059   1483.337953   
120.600000   215.813149   268.837936   308.128332   454.337505   223.946371   334.323312   357.133948   318.902599   773.239946   855.652702   501.704504   152.936323   134.203547   179.520086   351.025502   297.653417   539.448201   338.091613   338.926534   375.557742   873.567994   324.936120   378.934033   293.890500   315.793340   312.868589   152.803967   300.818958   312.871512   289.455512   135.770357   315.225189   1302.829490   1483.128495   
120.700000   216.336409   267.734531   306.733363   454.820700   225.312606   334.482165   355.542154   318.778454   774.734767   855.895419   499.551203   150.643038   137.415506   179.458526   352.189787   297.450592   540.070077   338.704783   338.814399   375.413862   873.698390   324.910577   379.544182   294.014057   315.904721   312.738438   151.602042   299.513790   312.659382   292.207443   137.855999   315.889568   1302.916549   1483.115136   
120.800000   216.952724   267.965723   306.974290   454.407784   228.988469   333.114729   354.935200   318.532613   772.391572   855.725145   501.885841   150.055815   140.170301   177.609850   351.436937   296.631546   537.691077   339.033667   341.545598   374.111452   874.836977   326.712445   378.737443   293.641967   314.640959   312.595122   152.293649   299.805248   312.432702   290.526576   135.357434   316.139758   1302.635006   1483.253850   
120.900000   220.219285   266.553267   308.049739   454.160262   227.679554   332.911794   357.825620   318.179228   774.075226   855.251898   501.324474   151.925298   139.105847   177.641665   350.442070   297.583412   539.941464   338.315102   340.217432   375.117484   873.715743   325.110068   379.681426   295.621424   318.146049   314.283449   153.773693   301.303393   312.917460   290.244630   135.839304   315.245167   1302.690697   1482.711528   
121.000000   216.845699   266.366932   308.463473   454.444400   225.293837   334.295093   357.311698   318.133391   773.717583   854.910522   502.430845   149.809709   138.282371   178.298098   353.094798   295.716909   545.552552   338.565390   339.855716   374.670255   874.101345   326.205003   379.929380   294.523035   315.957096   313.883871   152.190756   300.772696   313.146060   291.837926   138.144467   316.292056   1302.956233   1482.656117   
121.100000   217.559596   266.609840   308.743061   454.734441   223.578479   333.147312   357.918408   318.605211   772.855675   855.666651   503.103857   151.468180   141.811682   176.988847   352.462970   296.765112   539.019739   339.147013   338.759770   374.738453   874.777276   325.482042   379.854320   295.203905   315.892776   312.870090   152.203107   300.548806   312.865610   289.760651   136.161747   316.415197   1302.541030   1482.739485   
121.200000   216.633279   266.404409   308.642247   454.761210   226.305091   333.217276   356.336434   319.062387   772.119272   854.896273   502.557290   149.895734   139.403399   177.628185   352.326421   297.853468   539.798546   338.676278   339.038003   374.914613   874.608460   325.861117   379.051394   294.156998   315.982556   316.416757   152.048080   299.480270   312.580423   289.171987   140.418608   316.325468   1302.209527   1482.847476   
121.300000   218.169777   266.826363   309.621039   454.306712   226.032144   334.434985   355.670488   318.273233   772.199564   855.038169   502.429224   149.616035   137.010360   178.070954   353.680135   296.392114   537.516547   338.679863   339.237876   374.498241   873.750949   325.101756   380.330814   294.225324   316.774966   318.235107   152.139608   300.009886   313.637143   290.618724   137.851940   316.618509   1302.345005   1482.748719   
121.400000   218.742136   266.656587   307.315997   455.089525   228.501052   334.262254   357.016496   318.163543   772.979431   854.921919   501.398164   149.699289   137.674975   179.289075   353.098399   296.643026   539.848239   338.471296   340.682459   374.547529   873.472999   325.551777   379.953002   293.778280   316.339328   317.247574   152.482801   301.707138   312.216898   291.330544   138.732561   316.827521   1302.532640   1482.769709   
121.500000   218.718451   266.640596   307.344397   453.876749   226.427565   334.424806   356.398084   318.053762   773.179733   855.750361   501.324533   149.654321   137.226243   179.111051   352.927370   298.221908   536.652162   339.332253   342.267324   373.741380   873.261951   325.647185   379.417102   293.275932   315.916339   315.351830   153.115738   300.651371   312.948576   288.996979   136.127308   316.297090   1302.437507   1482.425910   
121.600000   216.547468   268.844815   309.190314   453.684135   223.126589   333.826984   356.551835   318.167165   772.452576   855.445193   501.153201   150.590262   136.011197   177.352953   350.580654   298.248610   537.531061   339.204752   337.801967   375.132548   873.507801   328.074055   379.707909   293.308690   316.136075   313.386628   152.414101   299.959289   312.573488   289.562314   133.994625   315.472307   1302.100321   1482.076165   
121.700000   216.017350   267.281999   308.701979   453.665136   222.304737   333.963887   356.234373   319.876799   773.220787   854.726532   501.393825   148.590348   136.331004   176.889248   351.047021   296.609183   536.980577   340.768947   340.686653   373.931750   873.918731   325.236985   379.550745   293.906029   317.276622   314.798378   152.077194   299.036667   312.898929   290.366833   136.871339   315.111524   1301.955798   1482.133087   
121.800000   219.642257   266.072491   310.875057   453.741931   228.344934   334.643148   360.475262   318.640082   772.862215   854.922148   500.082732   149.798903   144.115498   177.517324   352.339565   296.530168   538.370739   338.656123   341.758662   373.949152   873.619357   324.895111   378.883043   295.208883   319.516942   314.407868   153.234988   299.100369   314.138363   292.128090   135.730776   317.063452   1302.454620   1482.578021   
121.900000   218.053651   268.496751   309.197488   453.562171   226.472039   333.010234   356.212936   318.386091   772.147999   854.893465   500.521487   150.556510   142.475517   177.170931   350.281051   295.800077   537.957978   338.634119   340.688335   373.639177   872.807688   325.513792   379.876589   293.781977   315.096933   312.860222   151.800847   299.894287   312.893852   291.232518   135.473761   315.751461   1302.024570   1482.203616   
122.000000   216.475377   267.635873   308.936310   453.133809   226.793713   333.658033   356.428900   317.530933   773.913824   854.806346   501.841089   151.237767   142.769898   177.910303   350.417273   296.958758   542.419019   338.655721   341.079140   375.033321   873.832916   324.641340   379.118748   294.674466   316.508725   316.154030   152.206672   299.889087   313.114912   290.015535   144.578516   316.483501   1301.849674   1482.227354   
122.100000   218.050706   266.005501   307.760646   453.194507   226.162781   332.872742   354.961600   318.771716   771.793698   855.822472   500.153025   149.137115   138.495979   179.634929   350.134543   295.814796   538.524877   339.479434   337.692483   374.072625   872.969135   324.663684   379.319651   294.321931   316.698001   313.811636   150.647684   300.121663   313.137215   289.172700   137.146370   315.047650   1301.878183   1481.779994   
122.200000   220.585919   266.788562   305.727729   453.612137   224.350922   333.259102   356.232051   318.152305   771.685339   855.429305   501.837686   151.343618   134.607901   178.120517   351.029872   295.395983   538.348645   339.218452   339.746942   373.355864   872.786600   325.728857   379.654610   293.670855   315.013256   314.930629   152.519085   299.324696   313.345001   289.126815   133.490949   314.458695   1301.779534   1482.130295   
122.300000   217.269548   266.792674   306.890131   453.498817   223.064938   334.221912   355.116942   318.734363   772.299153   854.706184   499.136768   151.686003   135.131004   177.990648   351.005626   296.907221   536.054145   338.898723   338.015119   373.689460   873.588780   325.497846   378.246872   294.124230   316.592205   312.201144   154.002397   300.113471   312.177997   290.026385   134.998513   314.790519   1301.561137   1482.263029   
122.400000   217.398629   270.021646   308.082740   453.327652   224.462811   334.413919   355.623525   318.063634   773.227657   855.373457   500.820303   150.956652   137.639967   178.096325   352.689851   295.237996   540.361344   339.042609   339.730242   374.633553   874.160702   324.156901   379.094130   295.202119   317.790118   312.954603   152.522121   301.051321   312.259153   290.412699   134.858321   315.005013   1302.016894   1481.609282   
122.500000   218.581470   267.742428   307.458659   453.534334   222.898288   332.869355   355.276027   319.301616   772.050010   854.506691   499.265453   151.653634   134.450236   178.656111   351.402510   296.966470   535.567032   338.383058   340.379911   374.448227   873.866453   324.117999   378.613409   293.299454   314.911383   313.424928   154.227855   300.797937   312.174736   289.931085   136.239465   315.161093   1301.565423   1481.541232   
122.600000   218.172085   267.618552   311.943571   454.883223   223.427002   333.917634   356.844171   317.698685   772.138138   854.523114   501.369450   152.025517   137.788688   178.444234   349.260157   295.526205   539.869179   338.333653   337.031307   375.477020   873.712844   325.121415   379.971342   293.994313   313.901059   313.031221   150.795538   299.301076   312.134554   289.467838   137.586749   315.511155   1301.994904   1481.686810   
122.700000   218.967722   267.585477   307.228139   453.502527   223.951618   333.851716   355.518463   318.959741   771.612698   854.678205   499.777869   149.760500   135.715674   177.548995   350.116616   297.122513   537.377791   338.555468   338.077058   375.091654   873.122122   325.081168   379.747998   296.509332   316.159349   313.321928   151.946230   300.416979   313.023736   289.359670   136.122282   315.238855   1301.601032   1481.492604   
122.800000   220.163865   268.000139   307.211653   454.151970   224.264102   333.977156   354.820487   318.475027   771.784358   854.806225   500.618041   150.264175   136.006351   178.438360   350.302651   295.321222   538.055330   338.518499   337.396238   374.793835   872.896320   324.734933   379.448308   294.258114   314.530298   314.241747   151.493747   299.960654   313.379590   288.612086   135.664015   314.662640   1301.457388   1481.305814   
122.900000   215.897970   267.447692   307.608850   453.915372   224.693675   333.585739   355.474149   318.707191   772.399474   855.931254   502.763104   148.843362   135.368356   177.354377   352.939390   298.423999   537.235133   338.869432   338.692082   374.145715   873.724570   325.352434   378.868568   294.878469   314.976133   314.589014   150.107392   300.528281   313.547296   290.062498   137.191489   316.065848   1301.466321   1481.583710   
123.000000   219.666636   267.897518   307.964427   454.241900   225.516517   334.142311   356.282989   318.772262   772.954180   854.906077   500.039540   149.712102   143.542674   176.562148   350.555801   297.957898   536.345157   340.323190   341.201265   373.663659   874.127807   326.471434   378.665536   293.594496   317.397765   312.652753   151.017336   300.007979   312.030161   290.176417   141.245279   317.346604   1301.642381   1481.170392   
123.100000   217.953706   266.842921   307.133161   453.827252   224.336467   332.399935   356.319715   318.598560   773.458280   854.882659   499.031952   149.619560   136.930713   179.250154   350.744721   295.642302   538.687038   339.501785   337.545229   374.854601   872.847251   324.330770   381.162003   295.335890   317.283289   312.910348   151.508836   299.013375   312.455608   288.754919   133.561672   315.381830   1301.377120   1481.346504   
123.200000   218.946888   266.565508   307.875484   453.690679   225.182494   333.670306   356.998333   319.867592   771.685440   854.675700   499.745696   149.733171   140.604059   177.610611   349.767251   297.647932   535.349423   339.073620   338.674374   374.588373   873.216043   324.967496   380.944431   293.758987   315.830119   314.777428   151.292181   299.176724   311.565575   289.055524   136.644310   315.514400   1301.198407   1481.265342   
123.300000   220.625269   267.266217   306.627627   453.175421   225.352768   332.880622   355.290264   319.696774   771.718784   854.626670   499.086424   148.423992   138.875661   177.458558   350.768688   296.216464   535.411384   338.294005   337.967974   374.762461   872.511356   325.061493   380.280367   294.725490   316.361054   314.140515   150.877540   300.114621   312.563142   290.501711   135.297862   315.904368   1301.410804   1481.415352   
123.400000   218.379467   266.785492   307.329786   453.439590   225.356946   334.153440   357.003058   318.726505   772.662798   853.884711   502.182239   152.811245   137.959601   176.561118   350.124127   295.999366   537.386877   339.236135   338.894194   374.185873   872.054548   325.260640   380.620684   293.772181   316.216549   312.487576   151.654417   299.428090   313.291840   291.043361   134.867454   315.271713   1301.176141   1480.990550   
123.500000   218.265832   267.017300   308.754095   453.698974   223.402345   334.191318   355.615008   318.990169   772.098870   854.115529   502.863766   149.733380   137.507615   176.851615   350.283719   296.435773   537.698918   338.487012   337.917293   373.953339   872.672280   325.596740   380.262222   293.621411   315.829375   317.807158   151.754504   299.698077   313.024343   289.960661   139.225889   316.539634   1301.997023   1481.237246   
123.600000   216.174571   266.346575   307.017328   453.609556   222.168298   332.655813   354.917149   320.381241   771.283064   854.320541   499.872155   149.011091   133.960712   177.603604   350.168032   297.241587   536.879678   338.236121   337.783096   374.719308   872.660366   324.287555   379.242524   294.667606   315.358215   311.696854   151.369734   299.304368   312.045781   289.159303   135.351697   314.661103   1301.061882   1481.155612   
123.700000   217.789979   268.131783   306.728601   453.559340   224.001525   332.986985   354.818659   318.533773   773.805942   855.040017   505.635939   150.456645   143.719652   176.703434   354.267437   297.113636   542.302542   338.085959   339.823591   374.582842   872.312835   324.448787   379.459578   293.871018   316.841279   313.573100   151.121844   299.272831   312.033634   290.343570   142.609298   316.923431   1301.456046   1481.360009   
123.800000   217.470247   267.141377   306.250511   453.489203   222.775711   332.689984   355.785574   318.364338   772.362391   854.845619   501.197307   149.464992   139.281565   178.171091   350.592753   295.756525   536.081615   338.414193   338.336378   374.266062   872.498719   324.499464   378.602774   294.651801   315.981109   312.228841   151.274140   300.513296   313.042146   291.611772   136.402175   314.363108   1301.147904   1481.060371   
123.900000   218.169285   268.327311   307.043602   453.897519   223.140941   333.489069   358.305391   320.011748   773.361809   854.624129   502.074356   149.652825   140.486036   177.670025   351.026124   297.906314   542.929645   339.640992   342.301766   374.069182   872.898981   326.139655   378.102908   293.825723   318.070836   313.360850   153.593782   299.116708   312.702221   289.769024   141.734133   316.336153   1301.066678   1481.465784   
124.000000   219.386639   266.797361   307.681877   453.558065   222.485849   333.463703   355.572993   320.031648   773.138118   854.509319   498.890441   148.795965   142.585678   176.790719   351.743993   295.883139   537.924843   339.512795   339.414421   374.123031   872.727682   324.489746   379.991316   293.302235   315.951925   313.121787   152.803098   301.057512   313.026707   289.920149   138.804525   316.056774   1301.800067   1481.608309   
124.100000   215.860923   267.779428   307.524157   454.091709   224.569576   333.437008   356.801702   317.903993   771.303766   855.064414   499.803558   148.271752   137.827992   177.414014   349.730312   297.541413   537.917303   338.311651   337.398594   373.754040   872.396012   325.291903   380.183023   296.505166   315.476393   313.329093   152.646294   299.487992   312.875133   290.240707   136.058397   314.893544   1301.407028   1481.320743   
124.200000   216.762867   268.495799   306.496907   453.376206   223.990164   333.335998   355.037108   318.942356   772.706496   854.777769   498.826261   149.980584   138.715551   176.128546   349.548792   296.044666   534.713556   338.675351   338.276403   374.987419   872.629780   324.917247   379.485880   293.405783   315.652222   312.726691   153.832796   299.460931   312.418379   287.881033   134.902014   314.520526   1301.059251   1481.718472   
124.300000   215.728720   266.959255   308.709575   453.646424   226.783985   332.707730   355.090408   318.668660   771.783120   854.826911   498.907044   148.230328   135.606930   178.084951   350.283783   295.353340   537.772956   339.211764   338.477066   376.092405   872.564573   324.784179   378.107966   293.776034   314.677490   313.312340   150.731105   299.478661   313.361323   289.595737   132.798455   314.446393   1300.971928   1480.891047   
124.400000   216.406628   266.593972   308.517789   453.604277   224.598033   333.465339   354.414576   318.358243   772.133606   854.682127   502.943124   148.641539   136.511549   176.462603   350.058369   297.179214   537.959913   338.338575   340.541386   374.108133   872.524359   325.400293   377.897601   293.634557   315.164806   313.203784   151.107879   299.037198   313.455464   289.710408   132.899474   314.921812   1300.785120   1480.732786   
124.500000   217.738581   266.200530   306.415537   453.619808   223.480902   332.749617   355.868078   319.651492   773.810284   854.488245   501.555646   152.000675   139.548022   177.279661   350.193649   296.821601   539.957429   338.407879   337.923456   375.277874   872.938352   324.216773   378.783484   295.817916   315.765757   315.242855   153.053967   299.266440   312.801909   290.788552   135.970501   315.756721   1301.254429   1481.043392   
124.600000   216.685493   268.144853   307.168607   454.254596   223.542484   332.878708   354.964547   318.465670   772.184505   854.542457   501.559487   149.876611   137.809478   177.611158   352.571961   296.645954   540.733875   339.240663   338.818937   374.615441   873.263155   324.340799   378.764250   293.586502   316.144131   313.990570   152.106046   299.669620   312.690913   291.427981   144.393100   316.765263   1300.973752   1480.973762   
124.700000   216.483760   267.111237   306.173741   453.531957   222.584252   332.532870   354.230613   318.793469   771.887506   854.134481   500.618010   149.499444   138.182226   177.176390   350.799431   295.693542   536.305957   339.697822   337.394630   373.923903   872.862314   324.409881   378.710502   294.339282   316.009318   311.949731   151.692984   299.428745   313.241669   288.074137   135.756498   314.956553   1301.184891   1480.853652   
124.800000   215.696793   267.766098   310.570138   453.319731   224.978510   332.979241   355.856562   317.902805   771.706541   854.781294   500.151860   149.938748   135.331502   178.265079   350.418623   295.805420   536.817119   339.447193   337.649789   373.899958   873.377360   325.984355   379.143704   293.942967   316.232084   312.196868   149.518715   299.849640   312.122662   289.494267   138.030363   314.787260   1301.598303   1481.104562   
124.900000   220.182482   267.067956   309.901269   453.273538   224.514996   333.410804   359.473368   317.726680   773.323249   855.990853   500.141349   149.521147   140.179018   176.192644   351.218201   296.435723   541.367738   338.403883   338.288737   374.243006   875.065066   324.427781   378.333735   294.133158   317.377099   314.135370   150.264051   299.685454   312.697623   290.241592   141.707909   317.187802   1301.067473   1480.761963   
