0.000000   226221.486220   428713.564542   93641.123908   470109.062641   135752.282684   72719.322993   85958.549048   138477.427430   440038.236992   169500.863269   79738.567468   92596.513673   86971.591285   146799.719649   110271.778988   108111.697419   504934.811714   144826.875730   155453.676995   150479.628381   123223.593976   171534.779839   116689.860543   174188.282347   82411.252413   442654.412328   130353.643623   73967.521785   444586.633844   128669.892908   121095.548892   105071.540478   1089938.036541   788032.764624   
0.100000   218933.376771   174236.878708   232300.718435   306739.617089   234576.134277   182265.968541   212719.369670   231689.812296   508807.078241   513363.229116   142482.714175   100446.703955   101543.356619   203426.524335   215522.006480   224313.393008   287941.324441   393808.121273   285621.665248   325957.954083   546240.053730   319460.721729   246249.695986   341862.256450   190176.911308   147863.177496   199215.211213   191855.294087   306751.776101   280882.178021   128305.242473   234169.578944   1210542.612716   1154700.266328   
0.200000   76033.307935   126336.558748   109180.175112   127535.047426   123977.164536   128394.720214   138864.639227   149926.624173   326787.676798   374547.824101   66040.233326   51292.199520   64130.254942   89365.485886   164869.414084   155774.556984   120018.265038   139188.104700   131124.024677   177237.935113   306317.526146   158400.965437   129229.887279   160712.308312   126212.997299   123681.226681   80929.242247   126078.538361   190351.491911   116006.655107   54636.574849   136143.839537   482917.789575   687490.996211   
0.300000   55868.622067   88835.060665   58511.870582   85420.659599   68421.428138   64001.865693   82537.619173   77635.141522   186612.060779   237190.358858   38316.521509   35753.925935   39795.487086   57128.790425   76110.632674   92735.696463   79921.979165   95913.146720   78105.213293   103003.827370   212145.943414   120216.807793   73083.794811   95246.909372   69076.188657   72975.225963   60833.343644   67044.765973   106929.383050   69832.905039   36594.695447   95234.413793   295127.113485   431685.546570   
0.400000   63456.625465   81659.551435   67969.010894   85621.568147   69312.322001   73899.257188   82974.569413   79714.161002   218583.617432   270283.938055   44340.509845   42876.618115   28264.263949   67166.608342   78446.372373   93587.776350   81035.744065   100427.084823   85707.306388   88871.579470   271116.066172   126838.500911   68822.380097   90636.235005   81956.851530   62610.117159   51633.495937   76893.768299   100434.217680   72411.420301   38658.685167   103312.948039   221822.337463   561974.480115   
0.500000   41500.838322   60287.270071   62788.713376   61970.473982   67532.906210   50575.547062   61474.400634   54173.328382   149639.337388   181219.252626   25778.752911   28997.445290   27751.231596   36849.576359   51261.123480   54768.012174   57278.202932   65526.139107   72462.442897   73265.774691   165705.747259   68336.895597   57285.363418   71184.089331   64848.762068   48083.813473   35133.786404   52635.786760   75925.688801   61564.115265   30795.328939   81054.539836   172811.359808   329764.237821   
0.600000   45021.534197   56072.368015   53601.643442   63244.840017   49835.005893   55070.589887   55715.467363   64490.293462   185599.309869   222627.861245   28305.031883   23655.336404   24208.486697   43149.776883   78166.049735   69136.334485   49839.654409   66011.114645   59364.111938   71874.218055   196561.539120   70272.131413   58847.187922   71289.504449   47789.313397   50907.466332   34492.571309   52871.623158   72251.306785   46281.088938   30071.803036   72816.722399   147524.258512   378745.496394   
0.700000   32768.580776   34648.137882   41097.225813   56319.032724   48449.056948   61195.768423   78646.342886   94601.877649   276094.855201   331515.471084   18741.823825   23277.251874   24202.966914   49856.235978   113287.640831   112345.857024   39334.681600   50339.815965   54007.722605   94138.710103   274346.720904   78390.194212   74062.646192   70766.120654   60280.600104   52749.759393   36012.431613   54584.139238   65045.432949   42161.999288   23139.129545   43982.061287   146476.306987   498031.401022   
0.800000   36591.602270   36898.665786   55542.193849   44219.856005   62168.580553   61329.451555   86019.724504   90210.450148   232887.328179   297325.423064   25290.418042   26247.069708   29360.199457   57681.041087   102020.924987   106573.201220   45285.311434   45243.719623   70518.468699   89411.267601   260116.220814   97393.744701   71250.549223   74540.218798   72377.417662   44595.813033   37120.074660   49074.243572   55835.461639   56896.926465   33007.383719   50551.005733   122750.388690   486112.346017   
0.900000   28801.151806   40367.530366   38036.619925   47051.873874   44924.110152   49537.824516   63202.325334   70386.388163   174934.996410   228646.350091   14485.644202   21534.622374   21553.677978   47089.297949   73353.420704   83296.305911   31219.291373   47699.750690   54898.866504   67570.206618   197310.313735   75229.108747   57088.955994   53485.999937   52920.277628   38470.056207   33244.920924   47941.358551   50921.539077   41979.561469   22337.227853   37614.321061   109354.867999   340946.393685   
1.000000   22897.074678   30183.446735   33836.483347   38892.880217   34696.600274   41061.894742   57958.685992   59867.747823   175045.407228   225815.396058   17955.489402   18923.522624   17805.234202   37904.724153   75559.593687   70160.166833   35978.502180   44094.138800   38515.320651   61510.999801   192386.492571   58477.839521   47995.594073   48975.548367   41490.110569   32759.176575   24988.763013   37931.917603   45737.378772   32447.408263   19264.650213   35123.123406   99338.328922   341215.111107   
1.100000   28409.148060   29666.227746   32410.057690   41668.160202   34484.687632   37051.554825   61950.173649   62778.490487   202503.521846   253587.007009   17393.581219   19727.684519   21227.770711   39309.860478   80685.877638   81361.034251   32982.456617   47629.019693   40997.003138   61678.081686   222046.928682   73117.196437   45982.759814   46008.995586   43671.391346   37453.706880   27394.073640   34150.054967   42651.088647   32736.800016   24118.750972   24839.853811   89982.690638   384518.080491   
1.200000   30022.129165   28122.964582   46217.577957   49506.719219   39389.936632   49173.739875   59552.247432   63225.659989   191514.825831   229982.741019   12813.336896   17279.365100   19996.836145   29578.253936   69793.082946   68162.924669   32433.972681   53098.049725   43094.015382   72772.224939   196781.216686   48787.195220   51560.505694   57068.444863   42375.627587   40595.774265   24298.821837   45288.360752   53207.077901   40771.065011   19877.967257   26656.551471   85779.518955   328946.779656   
1.300000   19971.049332   22745.625732   25037.920736   31173.794950   26256.208432   34501.315315   52510.838803   63671.667390   182231.284212   225117.199369   9261.527820   14945.172811   17659.045302   31030.703017   75958.266454   72041.096276   24366.761643   31414.771079   32360.467688   64186.233903   192323.739722   52678.259602   41540.399601   44200.120828   35741.301789   34113.720404   24403.818646   30779.436377   36375.983231   25473.601933   15825.243467   21487.055105   82376.827785   316923.904434   
1.400000   18616.693514   27552.192068   27391.103955   40137.453803   28848.229723   41309.782098   58770.876476   61094.187847   188748.659449   238823.972658   12060.348651   19341.675390   19493.216215   34173.112037   79317.694254   72217.775569   21777.386542   37954.508639   30232.584723   67809.748266   201317.580604   62151.179191   46466.043059   50625.648963   38429.171918   39441.502085   28007.189159   39555.228116   43860.899201   26416.891846   18965.498433   30662.842593   81120.354759   358209.014554   
1.500000   16773.805799   22306.961246   33138.134313   40307.326339   34016.281720   40730.868902   55309.847403   60476.814625   153015.407610   195568.574412   8194.594347   14460.258689   18910.530583   32648.602548   67144.828877   63962.176964   20703.552404   40619.381689   40133.966350   63623.274851   166672.840915   52190.086142   46586.647765   48679.542220   42039.894438   33317.605596   25646.645237   38182.670094   40856.322685   30772.477989   14287.092768   19317.678472   75393.482714   297187.607452   
1.600000   14930.920736   20263.555874   27415.907668   35245.242276   28407.214462   37713.258430   63228.886375   67377.286106   224260.691911   281197.037959   7771.766623   15755.562164   20213.166652   36379.341772   81965.153030   82448.944309   19958.524314   34509.583361   34134.195093   69821.476116   234725.616287   64462.609191   44055.695153   44668.943944   41264.314135   37392.544008   25407.355749   34302.645843   35983.318467   25996.153751   14467.671736   18476.690660   82995.631108   404489.022845   
1.700000   26140.674523   22794.895213   36351.236972   27662.207663   33166.341606   34339.473799   64270.533016   64012.067958   194324.548431   242336.446640   14624.294316   14888.017811   21531.983303   37740.531306   83902.816599   80675.336567   30091.975554   28086.965015   34136.675835   68821.560289   206373.338163   62267.631971   44962.618500   44711.109337   41884.017498   48923.895926   25659.347872   26804.693613   29272.251283   30310.720168   17801.757410   20259.607111   73421.596507   346422.128393   
1.800000   20076.951806   20711.109092   28630.161105   31259.571159   32529.006237   27897.078086   44004.832475   45661.645743   156958.786328   202911.275623   9553.020449   14780.484513   12902.406459   29731.901829   53264.451645   58069.177327   22847.601706   29609.665857   38474.710801   44673.435285   171388.994973   52629.037538   34326.839679   33916.909341   33802.878192   27124.657570   19778.297328   25600.701977   29926.039642   31253.105700   13540.537387   19191.616409   59646.480552   315534.520451   
1.900000   18516.447695   27707.593224   29086.691784   32805.185816   30372.043405   38839.929247   57904.336660   59313.945229   191072.588590   232846.058832   9093.660845   19931.485147   23979.653040   33053.342087   73586.787087   67644.961936   22491.325708   33400.896678   31715.398198   68467.344130   196134.263990   50338.997827   46146.993693   50344.020215   41936.995231   38830.195959   26911.367596   32403.585501   36467.362010   28245.030763   18952.412601   16050.319702   66917.876209   346459.039921   
2.000000   17308.430103   17302.448425   23992.509207   25724.797012   26340.003757   29764.243671   46730.708072   49284.773875   143104.729728   190199.057500   8921.987664   13503.189750   16803.940157   34958.030912   53557.982649   63420.387854   18629.008066   25061.890850   27367.163585   50288.537132   161543.505387   57405.536349   35433.321484   38515.622100   33449.101924   27364.637468   20428.586629   26293.017657   27152.567232   24156.972743   14531.597736   13371.784254   57603.203370   287643.068329   
2.100000   16326.038093   14402.215446   19166.055521   20170.299307   19815.775705   24378.421432   44666.339846   44811.657552   140323.037700   170960.318095   7340.855602   9341.605526   17866.427816   24715.770495   60485.645500   52943.098702   18949.229883   20698.686726   22288.239636   47891.933534   146830.581277   41663.403262   33675.134087   34606.499129   29514.956601   31662.877497   15284.195809   19840.093230   21635.336886   17149.387140   10364.060061   11207.467531   55770.706156   248830.643685   
2.200000   13358.693211   15596.684765   25702.892319   21672.909347   21785.174937   24371.497178   40150.606672   43059.543484   137515.519144   173229.989401   6515.087389   10879.029063   12896.533303   24466.240177   54171.172798   52082.893921   16228.971540   21095.262842   21702.966864   44802.237915   148528.226708   39334.265084   30929.726631   35241.831233   28381.138190   27508.601738   16565.916196   19655.799983   21471.986994   20262.123184   10907.023063   10596.142609   51788.983989   263362.019695   
2.300000   13206.970695   15689.608320   21725.832818   22925.863655   21951.929623   22442.672268   43820.743782   42470.703412   152429.574243   188804.468419   6550.123552   11145.091243   13830.028711   25041.597272   56619.549653   53521.307860   15842.739332   21285.871057   23155.013251   45941.272943   162534.677245   41023.359897   30858.021311   29209.075528   28553.803120   29150.076289   16151.998168   20356.991186   23106.331699   21598.268164   13382.895837   12126.667545   55751.094777   278095.621056   
2.400000   15903.289019   20347.254111   25219.486018   32739.109228   26264.985531   27944.701644   46448.425731   48473.215215   147817.068232   188448.415583   7904.714086   10260.999797   15391.464510   29320.678192   57220.254119   58920.397764   17722.585057   30850.918589   27764.282119   49455.003510   161745.564356   48110.504030   34441.961447   34230.446371   31281.339331   27221.155821   20714.177929   27468.474350   27656.757940   25526.561859   13670.257779   19449.386084   57959.712580   279309.185077   
2.500000   13659.550048   17798.333681   16425.343414   26404.006210   21373.488386   24006.309387   38585.580950   43166.330906   148484.417049   193776.152001   6405.231413   14391.490007   17143.057663   27667.839251   54157.118619   55987.088262   15781.131052   22173.195119   20911.510370   44770.364389   161128.037670   47553.486695   30953.926353   29559.409066   26238.494421   28178.468335   20000.628237   22844.117169   21876.582452   19883.606020   12441.672722   11731.976811   51366.151009   274354.373229   
2.600000   11373.560621   17061.433568   17686.364432   23346.678416   15899.893699   22851.234427   36538.094219   38543.093125   139021.091815   181335.894044   5461.675258   10860.386322   11466.537332   22408.704124   47547.163413   50244.808772   13184.131758   25379.665383   16058.770067   41725.577060   152821.863558   43127.218412   30015.540880   31415.872433   22560.896544   23676.190189   14139.925879   19265.171803   24197.863989   16862.535353   10049.890847   14146.110961   49501.015268   259264.394891   
2.700000   11172.667391   13339.202170   13782.252864   19122.783073   19221.606073   19404.769940   24085.000643   25669.016147   78958.998242   106424.550647   6684.032549   9671.742516   10000.439644   16269.884837   29116.955271   31796.338015   13968.097486   21005.690699   20970.478323   27131.185039   88006.036463   26784.863126   21169.704344   23142.612083   20544.203723   17047.762701   11742.414731   18853.741502   22794.384511   18514.474700   9475.056883   10264.168122   37071.788767   158140.490108   
2.800000   13131.253013   16246.699822   19561.051639   24151.990857   20416.756934   24903.710098   41016.161065   40132.826851   129246.735837   166128.089875   7315.323454   11470.773202   12824.718714   21345.668075   52227.573410   51853.368605   15135.961129   23623.187032   23912.441212   42964.421145   140682.288099   35509.329865   31729.352281   33619.528431   25853.422590   23568.711116   15513.916624   23726.606344   26875.729903   19121.380719   11017.385703   12639.371642   48024.891768   227104.021868   
2.900000   13536.251784   15922.045979   19588.534629   27235.406438   24793.005547   25853.713965   34458.142137   37183.655831   114243.258447   145897.279569   5842.602091   11353.266739   12623.049393   20849.411753   41899.669720   43015.398406   13557.045772   24692.123550   24523.086570   37224.064574   123830.549315   36115.278183   28814.522826   32791.758398   26325.865464   21106.073998   15951.303534   23772.288102   27256.329636   21298.541920   14969.612803   14893.510591   41840.848884   210444.245030   
3.000000   8889.393034   12371.418238   17712.795595   18604.494663   18049.917304   20700.775257   31948.084055   32247.224534   107061.161884   142453.295501   6283.103386   11230.317738   10301.537479   20755.973358   36733.085032   38550.800271   11991.992238   16894.602832   22504.048196   31443.639978   120171.933373   34767.221077   24351.825904   21074.057912   22006.308852   17180.574527   14988.081280   17631.308410   18147.522890   17594.027350   9480.804083   13642.786281   39581.664992   210525.880178   
3.100000   11270.078725   16271.882076   13325.949177   21643.727631   14325.517361   20240.078025   34703.565127   33818.040578   112355.921382   143518.160111   5210.443211   9431.589147   12498.081452   18994.021473   44306.065884   43462.153730   12623.063312   19095.004548   18989.565910   38784.883642   120358.827633   32585.327562   24482.591306   28292.407640   22401.424802   23320.211736   12431.104496   18572.652678   19782.508165   14330.059007   9792.780989   12535.793003   42667.429762   204124.799225   
3.200000   11058.610770   12493.323660   13960.528609   20310.887434   12656.933894   18541.192867   25181.614346   27724.190723   91995.081607   123327.377009   7332.414859   7380.444628   9063.322430   16488.620287   32621.416418   34097.690143   15716.173900   17929.442819   16268.443628   28173.619648   100351.054851   27679.290887   19314.932650   22092.769570   16788.956991   17469.890168   10337.179112   18191.326147   18601.444356   12536.276436   6782.845418   14171.678374   35035.931174   164864.684445   
3.300000   13051.582598   11319.056233   16429.351933   14907.970792   13541.758236   15773.708083   32942.949210   33403.196296   123920.814389   159095.432290   6426.448687   9117.424196   7669.894774   20368.411188   42743.574924   44511.867269   14288.497452   15372.626466   17614.124551   34148.043566   136015.840622   38801.857721   19752.342236   21248.416693   21264.832618   19465.478879   13363.554748   14680.489966   15633.048954   13586.346378   8514.719127   10232.438615   39015.020203   230874.004794   
3.400000   14716.740004   11601.763822   18663.179723   15836.587564   18124.564862   16540.587706   34234.749602   30849.217608   102473.615933   134776.791140   6238.019457   9195.178974   10116.646863   21798.640309   36493.247605   41492.240956   16960.945630   15506.785160   21237.913868   29745.148280   120023.800599   38000.683664   20813.792793   16954.097846   23853.663071   14313.634085   13613.846058   14274.500663   14083.252909   17162.480344   8760.209309   11658.828663   34492.610621   209655.281912   
3.500000   8546.601951   11902.483621   11762.262376   16557.324563   13072.669257   16583.001105   26255.843245   27358.788971   94225.893701   118738.347113   3078.974375   7400.941828   7830.810557   14063.879563   36437.840995   36450.087077   8059.652447   15408.431338   14430.651839   29700.281259   99194.612807   26128.609923   19366.678131   20032.835797   17485.848198   16354.641140   11148.130938   14759.607026   15766.716418   12478.384317   6757.261817   9694.380208   35568.643333   168261.891751   
3.600000   8405.918406   12578.193436   15058.690949   18747.275376   18000.002103   21723.678495   36254.628994   36382.495018   118560.505422   155261.712953   4385.258711   9072.696612   10017.202740   22599.611798   44255.245693   46262.714422   9466.608714   16826.261716   19900.457745   38048.604191   132492.683125   42882.851988   26255.117731   26722.067360   25108.350464   20097.249428   13260.218116   17223.850158   19012.081274   17153.833919   9317.562162   9524.205722   39450.450088   229448.204860   
3.700000   12895.368418   10566.564659   20564.335526   16986.326965   18805.688285   18897.447493   25762.637262   28425.967589   83960.434326   108940.772488   7032.022360   7667.202384   10167.163110   14814.179606   34473.438300   32792.689112   13181.777060   20572.477818   19673.471585   30433.741335   89519.816827   26800.859576   21785.232036   24017.944263   18329.840970   17723.875962   10675.592752   17015.919470   19975.848307   17893.612691   10528.779124   9024.218622   32974.564426   141411.893948   
3.800000   14274.900015   12901.082682   20276.927322   16720.686575   15289.418907   16706.930222   21634.940195   23641.034968   75846.911583   94216.027521   7522.683071   10485.868626   8157.890784   14238.881060   28275.916933   28659.187894   15011.255811   17575.477825   17940.370792   25453.707028   80103.227019   25397.011120   17988.984716   20565.733563   16277.893682   16390.590112   12113.497493   15591.474162   17915.938484   15963.056268   8228.456733   11842.602196   31151.647410   131652.530210   
3.900000   9296.612078   12540.652386   13811.837530   14476.950628   13006.605832   15679.428786   22459.244301   24217.132743   70497.211444   93790.503395   5410.458879   9572.055846   10159.399616   11909.385860   26289.760956   28186.672253   11433.619145   16168.850649   14132.238115   26726.046674   77753.894464   23703.912177   19264.757560   19505.274434   16016.977170   16299.926820   9598.467906   14592.416812   16779.166292   12709.558839   8873.726870   10441.015506   30598.948894   136858.530968   
4.000000   10067.283552   11165.658872   15786.071833   13703.630192   14829.497191   14994.656004   24033.778891   25861.447615   75986.924867   100777.559242   4971.753824   9703.289432   9689.206245   15322.987143   28709.811703   30067.175878   10208.981532   14321.615330   15482.970459   25379.389450   83601.666362   26357.309197   17956.674920   19029.426699   17363.885868   14185.521731   13399.048989   13340.236774   16290.862560   15305.411853   10863.861856   10188.738887   29984.002203   153848.436677   
4.100000   8742.244154   9653.046373   13773.360235   13062.465078   11540.689984   14113.328581   19942.205971   21323.785784   87104.098798   115923.265486   4649.212447   6879.573143   6399.634136   13058.099645   30975.809531   31355.912634   10050.321487   16727.924140   12767.038062   21080.457518   96666.388746   26263.849701   15902.068632   15579.832274   13700.765789   17229.960114   10039.863836   13941.271572   16430.546067   11772.556058   7918.030728   8610.826318   27763.194483   159216.701083   
4.200000   11158.331822   10976.972766   16165.477070   18649.748525   19549.594971   19299.138763   29046.064946   31533.830740   94933.570190   125814.511773   5835.190307   9746.074618   7841.170289   17584.817901   34296.403459   36827.104503   13449.999950   17495.894658   22851.618073   30377.004195   105509.077589   32704.422950   21758.334368   23573.237093   23115.392235   18026.712927   12614.718110   18473.084058   18977.526915   18950.370591   7169.695565   10784.371043   32760.609506   176823.600208   
4.300000   9092.283116   9742.943311   17858.457097   19595.032962   17645.661201   18987.244628   23864.643123   25109.121545   69191.523757   89206.256659   4387.496304   8620.806876   7977.997192   15733.787165   26609.747025   28458.887477   8594.430494   17471.819669   20424.402493   26608.083668   74807.388894   25957.689283   21762.563049   22361.537511   20395.063380   13648.283419   12628.281027   17840.220516   17828.701753   17360.954816   7988.881783   7316.464371   27398.049373   127744.441502   
4.400000   10498.219311   10665.483177   21706.393300   17744.922596   20403.478990   22192.213492   25901.294860   28327.052346   68794.229011   91148.741637   4448.215084   7986.392037   12856.704540   18212.658766   28576.800415   32273.968205   10095.752953   20263.609122   22234.007800   28930.442989   74566.304594   24531.142704   24551.422010   25597.213193   23036.005219   13217.770740   14443.351942   20208.599055   21223.573777   20416.626874   10565.618627   9195.155996   30573.546000   126954.661698   
4.500000   6919.315027   9925.809440   12594.100544   13946.365443   12866.867839   15056.496166   21464.453177   26358.171990   73344.963962   95572.008846   4276.764106   7666.978979   8171.648929   12468.329658   29404.089737   28617.923665   9424.815799   14786.715908   13645.207296   25017.815346   79481.161509   19724.552720   19642.712748   18465.068641   14464.272008   15968.533038   8984.777148   13259.198300   15806.537062   11388.251504   7106.043923   8718.902475   29721.076126   133728.105842   
4.600000   10871.970899   12299.733156   19397.266682   20053.052472   19040.354856   18666.690187   23825.593846   24563.376797   65792.302969   87296.497885   4864.776742   7972.296729   8901.034237   12497.443677   26702.517349   27722.401836   11668.264250   21806.600469   21388.786710   25178.820306   72313.428596   20166.133506   20128.509884   22926.386491   19043.728828   13764.449470   10936.338497   18134.284466   22342.810053   18935.545125   8895.842659   8636.837066   27905.746789   129994.438553   
4.700000   8528.372617   11540.422067   15226.674667   16576.630496   13922.439270   16036.101480   23770.020781   24847.017809   72244.919857   94853.484795   4160.592958   9256.175537   10619.724732   14885.339848   28645.366305   28854.994598   9300.274081   14995.192072   15022.883801   25933.001321   77683.053198   22423.407054   17688.959034   19648.281602   17599.055734   13144.982318   11168.780275   15732.277727   16380.406116   13868.519002   8424.252826   7038.708668   26494.028401   140223.736472   
4.800000   10453.227554   11079.088046   14693.467813   16217.237125   15738.410080   16048.320119   21458.182037   23063.297418   73523.037789   93880.413023   5183.960562   7909.279498   8441.981151   10955.901553   26981.778475   28444.203935   10228.261756   16721.150950   17961.531589   25996.271709   77990.010008   18247.750555   16857.082617   22506.365285   17473.881541   14208.751267   9010.615337   15312.671733   17648.064197   14193.518024   7569.050579   7691.264885   27088.494564   128938.683417   
4.900000   7521.223833   7140.218218   9757.458775   12899.032789   10530.206644   14338.631222   20856.473049   21019.203572   65380.711715   84014.072566   4349.718556   6077.596846   7428.810427   12538.154376   25624.574428   23998.346330   8678.989642   10974.113609   12776.195484   23258.431520   71491.230246   19276.540299   16638.787681   16966.599881   13740.549082   14109.611339   8722.695813   12589.183143   13335.685287   9203.670380   4830.377678   7827.089107   27020.543012   119235.691144   
5.000000   7129.408350   12436.736391   11814.244562   17620.099026   10940.945152   15184.265838   15152.223561   17620.183615   59759.490029   77639.132178   4031.963502   8323.340715   8243.479598   12169.397799   20938.276774   22124.419940   8711.035990   16435.189457   11599.942995   18762.842202   65668.424658   18552.940549   14944.325911   15291.781866   10707.256976   12650.607663   12374.762512   15285.615893   16557.794093   11578.045310   6923.820423   10621.197296   21650.624735   113071.319925   
5.100000   7721.507367   7330.506541   12407.871654   11378.308610   11360.425220   12026.920452   18335.114525   18405.409149   65406.482868   87162.784271   3495.060586   5240.176435   10801.731585   9829.921463   24797.667338   23984.397264   7591.626073   12586.302077   11710.117916   20122.825293   71669.655919   18449.336917   14607.465879   15261.225876   13206.247984   13130.213603   6933.246567   10715.798200   13103.552148   12208.685935   8548.782903   8098.236159   24927.785337   132966.405204   
5.200000   9226.851210   9524.328343   13729.892982   13061.735117   11014.319231   11115.009398   17198.678752   16754.576866   54545.848936   67124.175493   4803.950534   8121.081794   6876.529102   10522.148005   22366.875799   20334.844264   9172.036851   11502.167670   11794.067596   17318.426766   58361.208649   17469.499271   12171.094003   14048.936701   11471.545028   11227.998965   7162.801231   10182.354166   12000.500074   11636.359888   8132.790015   8235.187579   22572.879838   103005.053416   
5.300000   8372.995249   8792.655427   12749.108061   17312.819618   13761.797751   14232.019496   21083.866110   21897.423863   61314.795703   79043.622857   4007.538430   7794.378678   6554.160890   11534.752952   25762.607783   24533.379170   8884.380316   15623.834126   15835.318008   20718.759850   66205.420086   16969.475476   15001.543383   16062.521918   15540.621347   12860.839882   8590.422804   14092.369890   15737.921957   13330.843434   6537.116312   7454.465782   24030.065504   109587.297769   
5.400000   8569.510024   11105.360526   14659.893612   17611.710171   14476.643541   19923.237769   22494.688437   27765.523833   73811.342416   94793.795805   4230.559217   7793.369091   8437.517069   14392.393922   30471.509051   29938.110889   9780.793341   19277.997279   16743.152980   26885.003238   78044.916561   21364.018918   22772.988728   18977.797025   16895.260754   17495.786671   10564.819721   18116.970004   19841.464673   14880.263526   6736.684052   7318.934168   26593.971444   126055.758337   
5.500000   6969.942876   10224.530493   13885.381274   16324.493573   11675.940122   13721.769923   14695.297633   16635.035635   39542.954327   57413.498179   2877.875651   6389.816301   5702.166607   9221.097064   15304.146235   18446.123749   7707.888832   16476.152081   11933.641971   18907.137561   46030.897066   14080.004086   13424.626822   15612.616261   12143.482258   8409.195521   8119.356678   14334.203535   14796.075269   12210.450445   7161.436244   8613.924202   21288.681112   78806.501918   
5.600000   7840.882871   11329.144563   14470.281063   17606.363609   13103.133427   16989.481475   16995.406192   20795.994419   43814.040413   61208.480919   4087.222295   5780.089930   7765.322811   9372.409595   16118.564909   20703.562630   8644.499562   18541.759448   14296.831127   21414.652601   52567.017583   15844.263426   17459.111446   20765.124137   13126.543930   10920.905356   8497.344061   17015.381087   18947.377604   13217.049256   7093.418946   12729.085155   20630.228186   89001.749411   
5.700000   7760.938811   10554.439881   13081.884011   15084.140517   13120.905604   15056.660521   17415.700670   16791.442647   36730.013049   46196.160066   4342.694796   4579.297350   7046.538039   9455.619823   16865.098080   17465.649588   10366.020637   15586.810673   16522.870521   21236.354272   38587.648667   11957.495291   15327.908852   18860.796622   14860.894862   11142.101694   7133.512283   14279.552519   18064.956194   12924.529713   5974.205026   6745.971880   20744.055616   60813.078729   
5.800000   9450.731024   9342.360937   14528.042195   12759.087791   11025.072590   12713.850837   16352.212104   19276.395759   47015.174069   62995.931314   4993.220860   6013.737027   7797.842164   8480.624013   18967.268367   19962.566418   9656.011221   14264.250260   14035.272364   20059.716878   52359.375247   13598.114662   16214.018603   17638.016286   13112.979399   11467.812406   6158.919928   11919.155146   12654.228253   11823.909586   7696.051641   7218.178056   20943.710867   86204.089516   
5.900000   9306.848842   10959.263415   13579.981975   15912.184973   13138.309327   14885.256436   19736.693478   20047.046005   57076.985219   75745.045821   4026.212904   5577.945010   8062.391660   9554.798508   24388.860640   24480.906403   10679.791572   16797.024750   14265.476569   19572.842409   63126.619798   17815.843921   16423.165857   17069.900558   15464.884448   13064.149698   7854.674691   14149.552231   15889.816591   12279.103231   6311.575296   7676.165577   22397.067464   104161.692201   
6.000000   9320.665267   11466.312512   16940.347143   19072.385660   18928.822236   20281.284768   25218.415629   24517.234629   49379.032411   61060.241349   4146.130918   7865.273043   5950.678558   12020.430478   22735.296717   23505.264154   11875.301470   19948.006580   21359.204282   26224.277759   54427.056981   15645.045304   21348.607090   22890.783319   22162.973840   10630.106682   10243.314804   18176.184100   19384.002064   17925.871414   5153.078794   7691.374205   22563.655608   93448.728297   
6.100000   5053.289796   9021.106356   11322.916600   15286.674995   16128.231144   17504.961877   19771.111300   19581.274833   50069.925477   61879.072574   3088.893326   7643.077819   7002.499100   11275.577541   23268.904208   20859.705710   6852.123448   15387.851456   18108.316598   21500.222206   53700.965592   16700.979749   19466.569625   22946.900935   18191.108142   10748.566531   9026.412405   15691.179642   17734.708981   14565.411017   6375.481424   6041.789634   21387.004117   87771.010543   
6.200000   7580.556942   9044.821771   12819.291144   14360.749170   11416.490560   14371.204632   17670.032454   23994.640727   37703.384782   52761.694625   3587.496421   6463.852036   6132.721619   10987.594285   16786.121599   24760.322741   9525.655305   12224.983159   13784.469984   21407.797115   42584.231225   16564.455607   18038.837395   18427.611959   14227.668130   9748.737644   8071.037508   11372.558723   12832.917864   11081.080810   6538.643574   6348.628892   21163.762991   75818.333351   
6.300000   9333.230587   11574.247877   19433.962849   20537.523312   17674.903814   18169.584798   18894.191008   18484.930257   39876.869751   49521.606970   3855.072233   6140.116246   7666.827347   9474.045938   17517.240773   19514.152073   11380.022361   19667.404229   17958.362397   19810.572633   42209.214944   14529.082278   18157.556068   20857.003750   18189.397681   9275.131530   9104.338644   18405.858369   20015.734234   18452.778356   7324.239373   6630.235944   19222.250990   73091.759644   
6.400000   6367.503919   9425.062474   10126.017867   16645.945899   15234.004930   17026.243216   23704.860844   21098.098261   53874.030733   64961.010617   3094.072915   5638.453232   5789.568275   11262.486711   26168.929515   23148.366134   7377.870179   15056.438278   16514.951198   24359.924342   57907.363438   18100.796384   18799.349243   19788.059981   18993.591353   12529.954572   12474.608312   16142.491600   16425.038582   12823.550172   4477.670846   5251.834945   22552.200387   88559.854585   
6.500000   8880.797720   11008.992640   10926.209798   18949.953068   18559.495935   18964.141588   31133.673611   30032.610610   63495.725762   76622.917116   4414.563769   6832.956681   7614.091820   12036.563339   30643.367290   30003.620302   10640.233246   18095.370883   18932.100157   34324.323780   70197.503711   20390.166438   21803.130979   27256.282803   25406.664447   13829.573517   9763.832352   18323.382045   20321.281906   15036.210364   5526.620622   9131.797866   29209.097990   102792.291121   
6.600000   6720.315119   10281.981214   13128.033812   14859.558637   17362.243028   16503.657731   27054.436056   21611.159693   44967.646275   58322.330312   3911.751029   4949.661195   7758.218779   8696.119262   24311.141865   23648.323638   8745.826818   14580.900616   18815.954236   26642.010045   48692.035033   16265.013662   18550.178409   22422.020438   23739.056574   12102.335165   6411.772550   15247.206529   17453.302646   15414.947741   6800.376842   10039.253158   23112.169446   78821.815031   
6.700000   8565.011364   10860.328037   17667.734219   21659.247184   17768.903721   21761.698738   22537.788130   25497.404660   36348.611694   44800.089920   3888.165913   6231.749458   8366.992535   9818.305604   23448.665779   22989.575328   9228.832235   19880.168040   20774.215367   27199.184250   36741.021398   11985.487084   22761.218596   25174.597367   21632.711167   13322.327926   9835.327625   19955.524933   20957.932197   17134.103038   8607.186476   7486.479911   20793.562469   63394.388795   
6.800000   9220.950253   14449.541669   15420.329981   19137.418126   16418.702287   15826.594575   27976.982720   21306.288840   33023.615158   40662.510712   4500.421777   8010.340904   6662.478478   8444.474413   22645.006951   20660.251367   10033.757440   18170.784443   16876.579963   26365.258364   36065.421172   13215.771942   17150.372241   23950.553991   21224.444892   11193.181385   8159.827826   15654.829837   16747.700954   15435.196452   8257.229554   8064.329921   20795.210618   61927.833423   
6.900000   9138.432004   10252.006600   16074.849661   17222.979855   16941.390700   15624.603319   22457.721507   18472.651016   35239.393560   43300.225304   4113.523679   7977.396903   7136.410096   9746.685809   18751.641710   18832.163869   9144.549581   16993.986531   18993.328451   21303.471755   39676.052015   13399.715736   15961.172080   19874.931122   19946.946950   9315.381029   7978.282136   16559.887449   18367.521651   16637.617312   8393.182342   10204.310906   20005.765167   55874.841333   
7.000000   8884.161140   9255.231986   10082.609128   15796.522168   15487.788841   16318.592119   25120.988566   23257.291391   42084.064597   51512.259866   4415.039691   6847.214623   6794.650366   10608.961477   23670.334165   22614.286321   10466.810396   13168.120888   16184.887150   24176.453028   43351.174226   13412.682797   18556.345832   20219.446298   19883.907822   12676.085459   8998.941455   14485.756870   16247.024651   11863.427121   6582.798109   10842.994246   21826.770493   72892.218222   
7.100000   6812.700991   10422.354770   12876.420204   18655.756213   16096.932919   18160.705181   20730.696489   21884.979706   28775.329007   42704.197100   3858.791529   5640.192664   6161.557996   9857.202682   16034.707714   19396.802564   9171.894572   15699.473763   19491.065733   22311.273774   33552.893203   13453.413054   19327.768251   21202.306669   18799.785745   8990.526551   8024.006000   17601.527776   15535.328660   14053.425369   7404.657887   8567.449368   18515.259857   63976.657771   
7.200000   5281.333846   6537.667780   9948.153546   12860.560573   13953.969791   15850.042624   18353.588391   20139.957524   43331.439032   57422.432088   3525.224544   5880.180220   6191.123928   11135.400618   17916.357915   21649.961657   6032.237206   14381.569698   14651.524957   20248.397084   48446.918437   16144.389118   17793.579785   19363.885778   16275.921115   8504.946375   10031.767579   15157.796477   16473.808940   13123.824043   6864.401853   7806.963347   19950.002062   80089.245635   
7.300000   5829.553056   7539.898713   12216.768499   13752.480698   16445.764676   18876.233090   23232.453742   22338.196354   44846.794486   60773.179945   3017.506469   5724.139880   6654.473116   12569.972582   20545.435406   22733.001121   7468.811338   13754.322630   18738.137612   23462.406546   48771.038734   18222.908264   20318.748390   19963.452115   18818.721985   10842.501968   8556.049747   16363.556587   16947.001366   13759.997899   5676.603015   9270.598366   20781.606623   80899.419594   
7.400000   7275.249329   6299.898395   13306.376797   14301.595226   18180.911083   18306.180113   22656.432794   21241.060397   22775.616580   30372.304685   3741.433054   5164.494832   6662.013123   11656.870174   15302.314460   18469.640269   8529.949081   13062.308590   20601.900115   22621.477422   26125.631705   13380.043607   20478.656132   23762.532276   22053.754037   8076.599480   9145.425371   16069.115320   16901.574317   15861.471720   7172.779788   9141.315429   17880.160824   40798.413846   
7.500000   6321.954072   8836.591015   14022.029719   18000.128602   17461.343152   17827.401034   18718.459953   19700.067781   36823.920283   46290.508357   2728.096063   5740.180398   5758.039158   11517.818233   17573.004881   21043.712074   9069.281874   16068.420111   19732.137952   19382.531218   38478.286517   15265.859175   18552.546271   19661.598740   19529.634688   7668.905348   9535.203340   18028.936095   17109.660809   15762.537687   6252.313773   8744.044596   17812.807927   61555.113373   
7.600000   9727.865440   13924.142337   16615.832646   19187.966607   15736.809264   17871.159335   19351.990732   23614.126643   35768.569584   47004.373925   4390.051220   11312.711676   6885.436273   11270.419498   15539.222273   22261.543463   10601.240159   17282.185022   19980.662234   21278.108544   42242.676672   14506.272034   21130.725757   19615.641272   17145.514269   6969.766138   12551.284519   17192.995198   17572.960302   15217.503952   7833.851127   6815.727341   19439.793731   66981.884585   
7.700000   7427.965670   7133.405975   10879.059129   11310.899675   14397.663424   14715.993154   18076.761173   16706.004547   30661.498460   40069.915793   4052.513152   5806.937298   6190.646574   8498.273521   15067.291583   15037.764345   8927.021471   11706.173254   15127.274384   18121.447985   34812.299709   12036.221177   16522.727794   17973.337356   18312.637748   6959.589370   8662.640344   12674.002386   14481.568273   12873.066168   5734.897479   7912.769893   16289.055280   57744.782888   
7.800000   6780.364294   10019.669995   9367.178640   11366.496414   9706.911356   12489.126432   12799.658538   13983.911955   22497.855963   29657.948354   2859.662261   7172.372030   6526.123778   8292.316283   11272.029032   11802.999047   7207.136988   11402.709285   11547.632574   14726.804999   25065.274226   8846.924070   13214.918536   14825.808076   10839.846945   6115.593439   6783.055223   11761.809857   12674.729535   7830.999943   6591.837708   9222.081429   14186.203783   40570.946808   
7.900000   10545.585041   14972.908829   18895.485933   26560.519041   17592.784205   23364.382752   15216.759346   16875.207860   27156.797070   35107.340803   5214.882854   10112.114967   7714.265634   10317.218880   13022.509860   14026.106934   12912.613900   23767.181950   23614.879980   18038.148501   32251.027224   12372.486528   20789.692789   21864.546066   15233.382645   7550.112018   13992.327357   24799.941978   22515.989612   18108.386308   8150.263443   9286.805771   16182.205198   45516.117407   
8.000000   6290.330033   10194.417970   12723.161127   17196.684810   14490.844732   18990.469895   16747.314730   17759.449671   34479.125630   43335.203568   2842.703766   8702.289755   6724.132830   11087.747163   16206.278676   18207.271086   8338.918089   17295.048620   17407.095365   16711.662398   37391.709943   14464.148071   17895.028995   19514.044032   17437.866606   8238.443856   10441.434352   18303.328330   17931.351562   14040.276734   6083.002266   9467.211506   15949.984881   62011.950607   
8.100000   8060.237151   12079.998766   14709.044813   19843.211777   14742.345615   18094.912236   12728.222701   17408.668769   17504.289909   24360.881678   4170.996881   7267.728944   7386.192984   8183.174127   9991.820734   14380.636075   9560.984284   16533.946348   14338.070567   16568.439797   19101.187655   9146.179720   17374.916310   18648.232309   13363.951292   5282.695904   8296.620353   18199.522748   16796.867094   12958.428474   6794.726560   7807.230300   15862.553131   34816.338885   
8.200000   8203.452020   9112.817331   12155.440917   13439.401158   10707.962940   15484.965634   14051.250484   17286.473955   29462.739830   38333.158764   3512.539449   6375.787092   4168.690990   10140.409325   12552.703367   17777.440085   8248.050752   12029.600264   12654.007822   16768.921887   33692.397532   12283.168815   15581.428211   17599.195768   13234.974759   6315.864090   7200.003124   13880.274503   12256.569049   10523.930466   6523.066858   7868.641076   15869.724914   50583.318256   
8.300000   8679.020632   11182.770156   14109.486218   17012.861906   15111.333495   16983.845218   15005.431906   16353.980940   27392.473914   31045.949072   3611.013786   7581.974395   6731.342703   11344.962804   14613.149218   15811.797097   10004.375733   16068.695778   19171.461222   16394.044375   28631.635186   12041.874742   16772.013189   16860.716148   16243.884159   8340.521167   11413.193783   17029.422883   15338.718165   15069.000953   7864.983910   11230.246794   15665.599540   45737.404109   
8.400000   8463.515220   12105.065835   14344.901814   14487.453438   12558.766744   14545.454764   14724.707028   18359.618259   41169.908470   54202.205710   4544.107346   10295.537933   6603.077792   10673.254233   17481.818106   20334.345323   10443.831705   16315.668709   13542.668885   19139.339201   45041.654917   14664.506013   15892.606079   16303.837482   12937.934261   8960.474770   7215.997230   14555.244142   16602.869316   11978.115723   7076.070205   7637.127990   17614.308753   77570.998004   
8.500000   6771.836276   10528.411344   11681.469940   12871.347279   11073.430024   12043.444456   11185.422837   11574.511505   21891.678436   25812.622267   3321.355858   7778.035736   5259.729301   7541.263738   9358.901252   11087.238220   7571.624422   13448.652518   11071.758656   12620.901358   21739.894436   9059.914258   12737.339438   14894.246375   12650.844002   6336.138160   5282.662546   11686.908971   14392.069809   10500.966171   5840.064741   7942.814284   13366.789752   41467.978614   
8.600000   7511.220013   13515.438289   11287.839035   20146.067680   11069.272275   17227.182340   15797.225922   19108.168776   23643.519595   31559.578667   3668.682800   8829.839133   6321.269414   11822.415656   12259.543076   18321.791968   9303.660236   18724.511887   13689.918141   19946.184149   25488.828461   12332.635535   17484.910726   16402.338074   12687.795813   8072.482031   9540.301507   18060.139483   17313.236434   9898.081476   5216.177170   11905.198121   17027.959706   40037.645250   
8.700000   10846.866223   12281.246288   15761.278971   19003.419923   10149.132772   17299.476481   14680.047590   19677.807832   31848.499756   39671.212791   3761.310940   6780.633496   6971.805495   8524.200722   13610.142283   18390.215871   11885.428592   17738.230311   12955.518063   21193.538627   35221.443852   11025.029639   18300.595428   19336.435021   12046.569476   8700.367295   8611.873824   17656.284933   15299.238045   13208.671595   7826.724408   8849.315471   18219.834488   53989.076767   
8.800000   9612.414510   13848.953022   16416.977231   20551.296057   14933.772701   16078.729314   16009.549932   19275.334249   22817.659432   35659.335177   4102.511349   7209.914097   4521.571555   7954.716284   12173.401114   18519.277808   10759.630260   18904.460757   17059.443032   20513.642609   26807.827497   9783.159779   17630.063082   20239.635162   17260.760255   8157.121139   6745.201545   16665.039344   16745.750253   14941.007017   5987.344397   9801.628558   17763.506187   44223.354341   
8.900000   9946.939029   11917.524140   21469.430108   21774.368607   17818.261728   16915.819022   15879.950320   18257.921422   20310.353565   27229.662209   3333.748460   7803.783692   7125.193515   8924.207281   12532.458427   16726.551446   9767.365628   22321.637600   17637.510723   19360.172084   22404.423045   11414.604636   15880.355668   17767.299067   15070.534857   6271.181052   10100.586050   19100.002522   20037.365751   18739.823099   7529.092063   7373.752575   15666.790187   31669.861300   
9.000000   11079.953907   15280.315355   22762.209868   22444.315915   15542.139829   18112.305095   17017.584296   20104.954503   30612.807849   38717.484435   3175.349794   10303.152844   6899.183509   9625.202998   15519.276150   18517.324616   13527.207034   22766.892986   16700.881756   22794.471279   33221.171191   11192.493763   17933.526745   21462.276354   14286.513515   8436.290626   9320.819247   19379.100548   20113.337129   18049.110822   8024.919283   8350.457212   18409.352360   42488.881852   
9.100000   8958.162083   11864.517878   17850.455607   21144.819976   17419.700247   17814.750508   17404.434830   18115.336348   24001.677830   30206.955248   2836.072404   8174.011198   8037.372622   8989.245136   14441.135654   16722.660113   10695.167961   24261.687717   19873.064127   20290.366210   26948.393460   9835.277142   16846.704112   20697.453504   16898.534268   8925.899961   9208.520231   19784.764369   23086.005094   18353.792205   10688.349794   8971.952123   17560.489739   36109.695799   
9.200000   8037.760148   11945.363264   13057.359128   18134.551146   12503.922911   14414.310956   14303.000612   15467.832787   25976.830783   31233.731029   2549.804204   7973.711514   6822.990274   10757.404541   14212.340871   13111.300855   8768.484444   18079.307501   12721.744841   18906.109346   26202.956875   9455.089501   14013.973213   16639.396083   12600.556082   7557.704328   7960.712868   16091.622295   17122.264059   12176.403626   7297.816540   9159.892056   15972.281277   40126.390849   
9.300000   7608.364617   12858.979618   14217.174031   16247.628238   14519.278586   12627.937427   15786.137143   14008.092044   26403.716701   31763.803596   2589.356023   8042.878855   7505.056534   10459.054572   13579.957678   13513.908554   9298.527634   16307.329769   15357.488426   14794.568686   30180.940706   11746.048988   12755.264747   15498.030758   15632.329917   6132.319025   7779.928075   13644.755478   14197.998658   12978.800436   7330.357446   9364.373793   13566.397965   47229.051454   
9.400000   8706.244113   10916.967723   12989.722603   14720.877263   12140.776193   12608.793959   14687.900078   13273.806377   24933.531147   29006.370992   2956.036006   5808.912165   5926.162035   7786.064133   12505.031854   13285.725599   8059.726705   15724.794692   14969.329981   14701.727694   28158.866582   11305.833221   12491.064630   15982.647891   13996.050483   6606.634801   6188.913595   12101.891504   14734.793648   11819.896248   6401.160167   10276.589819   13022.799178   41381.117272   
9.500000   11430.219230   13025.623887   11843.229964   15828.872493   13654.455293   14821.395116   12926.807896   16166.519508   27310.440947   35082.158423   3508.537498   7805.719229   5463.041389   7032.349478   11384.629310   13703.406997   9870.781219   12674.915068   18985.217798   17945.392276   29892.690681   8060.796934   16334.814485   18020.518771   14339.952281   7156.404129   6617.459620   13879.286268   15525.340475   11042.127422   7190.367290   8892.236507   13952.632073   53084.545712   
9.600000   11258.250531   14331.119305   13492.769206   18222.479066   11041.102170   12110.031689   10730.245024   13653.018806   21190.608484   25214.010244   3080.969448   8221.848122   5942.619476   5870.043763   10461.195604   13584.914592   11759.093469   17715.046788   11904.522871   14185.026621   22647.207689   8313.367994   12574.596950   14935.286798   10686.785082   6836.218444   6818.455391   12163.064846   14971.123299   9883.057576   5039.274819   8743.065452   12834.169572   37880.448109   
9.700000   11225.567188   9994.347043   16611.798300   14408.580777   15118.192364   14229.858596   11525.491016   12543.333592   17171.344801   24147.613204   3292.018710   7952.956883   4905.198077   6360.299064   9980.155272   11157.623211   13151.177820   18477.949526   17217.066153   15624.920502   18882.911431   8314.584877   12431.650992   17604.782653   14670.729363   6697.842968   6956.773688   14376.536455   18647.538779   14235.977441   5400.563870   8108.204356   14085.108561   28205.227466   
9.800000   8840.329098   12016.717630   13740.825969   15309.311712   13627.080003   18045.740930   13727.266431   13632.595109   19714.555155   26698.790550   3304.763513   5946.570091   7412.469976   8881.236184   11679.603373   13378.172961   9669.386915   16902.149334   16398.480349   16529.136932   20835.397126   10660.829394   14707.505094   17081.101564   14946.140708   6729.880486   8788.362030   17106.360777   15776.963969   13588.293243   8649.932950   8244.771970   13757.165731   34906.576600   
9.900000   7473.069511   9961.883616   11806.464722   18475.242853   14296.594176   17360.049559   14716.309821   13912.889058   21602.365185   26971.857298   3756.510090   6608.656281   5895.797737   7567.576277   11519.961466   13190.214388   7129.388311   19016.977055   17505.626133   15653.900718   23588.756341   8795.869109   14711.545320   15037.388566   15592.634302   7110.343048   7326.590264   18647.803125   19597.294933   13398.659274   6479.343529   5033.255575   13237.239440   38414.641736   
10.000000   9556.821832   12983.018796   13127.121088   19366.578194   12293.664899   17151.903145   12127.840966   12790.986180   21743.887515   26024.564759   4113.457576   7388.550296   7609.756559   8687.700561   10783.800254   11983.224269   9968.139459   21994.420857   16281.694781   13630.695700   24036.171155   10267.369385   14249.825940   14898.867792   10871.473038   6604.867277   8651.801965   19209.789794   21089.927427   12171.669157   6816.289042   7002.742787   12380.536516   38189.008833   
10.100000   10028.743491   10631.165214   18191.971905   16845.959660   15307.804433   18517.220020   15082.852129   18658.909210   22206.237211   28548.396149   3987.421398   6573.198878   8661.895156   10002.304202   11617.318705   14900.884395   11184.851548   17035.017987   16425.203624   18752.367618   25124.000023   8691.812320   17973.749796   20249.808097   15702.522342   6783.887577   8485.130492   17711.915389   18062.956401   14195.614318   8910.179774   7470.370863   14465.460329   40524.339900   
10.200000   10334.599593   15814.308967   16688.961144   13623.343967   11355.331390   12713.621414   11399.825054   13609.737008   19522.650699   25074.899682   3632.108392   8797.115836   4104.797569   10401.672313   9035.165627   12551.194447   10966.868733   14314.753325   10998.361878   13816.858682   24280.679602   9347.245128   12733.825048   12803.867497   11953.471291   5687.110435   7429.224050   12093.877136   13057.425161   12943.504317   6775.103675   6318.635486   11851.581505   33955.539965   
10.300000   7392.544151   14574.759393   14389.806287   17787.285092   12870.208936   11973.252505   13596.190346   10743.935456   18554.726594   21186.938548   3557.840006   7442.344189   8113.605232   7740.994228   10855.773533   10591.356757   11955.747472   16963.425210   11671.318015   12599.419665   21880.982333   7100.820296   10185.799636   12551.615247   13212.036866   6873.293844   7240.959240   13800.282896   16197.753363   12575.419278   8075.330226   7718.679444   11630.362730   28580.541334   
10.400000   10294.976564   13649.635913   19241.293925   20308.502948   16494.310560   14319.864199   11089.348580   13032.646816   14051.941598   20239.848546   3929.994924   10771.129767   7712.984564   7706.380976   10354.912135   13126.701370   13466.350536   21390.671401   14758.148547   15428.053149   14862.376129   8434.478329   12994.425933   17400.030574   13461.174210   7887.653349   9001.111965   16718.906015   22378.051598   17014.301162   8243.885570   9556.484231   14325.503097   24664.188746   
10.500000   9049.487472   11356.566571   18243.805263   19700.751290   14964.565348   12732.596868   12457.052604   12984.696424   17939.060501   23171.148964   4025.078692   6282.896554   6531.509326   8269.389166   11329.045963   13739.564531   9190.373678   18915.414442   14297.497226   13722.207000   19864.142381   10365.397390   11297.090765   12746.265547   13344.761507   7946.268251   7876.116583   15013.749022   16649.467882   15603.997101   7299.863356   7488.709949   13666.878046   29083.189619   
10.600000   12005.541037   13209.587248   16884.990304   15044.038423   16026.547743   14593.715117   11385.637773   14457.214523   18972.293375   28865.599752   3857.279441   6333.212298   7423.706261   8501.517683   9940.624343   13858.665677   11211.630509   18358.050133   17298.800111   14547.141806   21471.798903   7986.544588   13195.675101   14094.911251   13333.291781   7273.147186   6301.233574   15360.376229   17745.096178   14227.378076   5988.752695   8689.857401   13083.112097   36422.433209   
10.700000   12859.120655   14548.516463   16007.685817   16620.255551   12984.657810   14311.874976   9180.435504   12332.590127   17950.195921   26055.722864   4414.133093   8258.099051   6923.533018   8758.528952   7857.707002   12011.137886   15455.364607   17672.128657   16416.343113   12789.789731   20304.904138   7406.134604   10823.560149   13320.620535   12141.792579   6718.054193   9085.361632   16307.183173   16487.155695   14388.970525   6540.797037   9541.120112   12279.538527   33371.376429   
10.800000   8252.786025   12924.365780   15331.383227   19545.779793   15455.345563   16759.458664   13009.209725   15032.122140   22750.649775   29727.482538   3420.640925   7047.470759   6254.418236   8167.582342   13945.985002   17297.777830   11135.300442   20895.962268   14513.986073   14877.838433   23702.267523   10954.506603   12981.455317   14473.245000   12785.244442   7922.753092   9941.873745   17650.895071   18338.151033   13275.869287   5834.348625   6634.344734   13192.685139   34990.346614   
10.900000   11299.551942   15061.106371   17786.994941   22290.147071   18944.672259   17399.018841   12487.499960   12825.680536   20935.994530   26065.137484   4357.769237   9106.520386   8400.109999   9421.820336   11171.874876   13166.870729   11202.259866   19663.995346   17827.292884   13612.183650   22683.160094   8842.321666   13945.749030   15613.943606   16900.118669   7690.152599   9839.839245   19606.401253   19168.008583   15506.910969   7480.500121   7166.844046   11374.379557   36525.651193   
11.000000   9559.824668   12078.178437   13744.734925   17825.005466   10762.240099   16126.354084   11859.331097   11809.990642   18592.643207   20404.143106   3788.163932   6574.305667   6124.176650   6681.013388   9757.291713   9778.365502   11156.378488   16745.313983   14410.247688   13412.999131   19913.306840   6041.299131   13126.934873   14669.512765   10019.426906   6301.887200   9192.179856   16899.688264   14657.885426   8750.885437   7741.291207   9760.005426   11433.323425   28451.820124   
11.100000   11405.555894   10636.258949   19574.517768   16941.003015   15202.728792   18120.083777   14470.709014   14577.101010   13077.512341   13606.824531   3412.920661   5931.167502   6110.733813   8985.058188   11110.536616   13062.002219   10548.536492   16778.811526   17441.140277   15262.950918   13508.383368   7703.805165   16372.234596   17656.787962   14584.116525   5363.306323   9831.072651   18261.564223   17234.591194   15179.778799   6061.789124   5735.292344   12890.901132   20288.083717   
11.200000   7117.347504   10286.216660   11534.618943   14008.099977   8993.357004   13354.916016   13197.751157   13070.947052   16500.937940   20908.292482   2777.675186   7014.334559   5246.329107   6515.754467   10801.584330   11655.391239   7925.784208   12827.498953   12685.161686   14480.280150   17795.984874   7838.394475   12361.578139   14356.945921   11996.416960   7202.403466   8677.233453   12996.379497   11479.723850   8348.685556   5908.251872   6808.361204   12514.602447   25937.532769   
11.300000   8687.597136   11847.712482   12255.995691   17816.999353   14456.899157   20746.316484   12342.088174   14572.139949   14598.318076   17160.861145   3280.432631   7061.319823   6195.438110   7369.013234   8905.649359   11741.643313   9388.872984   19151.339171   17638.121771   15374.673541   17353.423698   8173.042032   18452.124277   15528.197264   12674.662870   3955.399641   9300.203771   19859.132285   20336.129978   14070.999411   8445.842775   5629.694258   12477.464177   22696.953371   
11.400000   7494.775973   7578.029949   12582.040394   9585.787744   9933.844440   13018.247787   9354.555054   10928.165436   16371.370015   20791.711995   2833.903585   5155.690059   5803.550513   7452.979160   8979.085593   10341.580928   8726.993954   11692.277833   11335.242701   11546.430983   17933.350584   6940.092302   11126.432512   11538.426922   8489.328720   5834.438297   7491.137548   11969.355006   12283.070008   10296.127257   5588.623462   7078.667838   11252.915576   26924.294784   
11.500000   7430.990089   7983.522375   11016.641540   11747.347284   10776.554108   10944.325441   13031.433493   11742.530219   14305.227740   16854.201551   3176.436051   6289.155170   7328.090204   7899.503695   9646.764553   10529.570874   8249.537976   12489.170256   11802.847285   13963.417984   15265.941697   6635.015350   11005.701376   14447.267965   11972.518679   6585.442569   8225.173627   10553.775758   11767.687188   10037.202739   6071.391350   6801.683226   12226.665435   22032.013218   
11.600000   9026.084512   9811.013802   11487.602943   13719.977499   10912.820382   10302.570455   11469.278065   13758.154276   15698.864936   19713.698070   3669.836489   9662.865585   5206.180370   8685.080560   8627.153695   12809.776407   8158.165173   12173.932702   11746.194497   13620.771940   17156.614153   8102.205917   10757.383566   13919.430016   11006.083553   7367.427099   10122.841970   10478.312242   10981.089983   10951.829148   4516.018395   5941.134059   11158.169925   26973.193651   
11.700000   6183.161526   9049.474959   12696.283560   12480.688275   9015.472005   11014.902040   12244.396702   13537.621291   16633.358854   20228.164341   2601.632071   7141.385048   6461.328739   6284.263430   10293.729507   12174.470355   7204.597168   12460.135396   9994.320216   14200.207674   18101.640143   6387.110317   10952.690948   13521.989305   10147.314683   6718.093609   8255.866144   10959.355904   11872.197148   10324.732586   6348.338094   5360.667352   12200.860418   28757.568947   
11.800000   6096.880076   8666.447020   12553.847213   12669.007370   9965.604808   13420.250485   12636.042316   11730.167311   17315.658598   22076.161041   2467.569322   7436.502987   7739.014127   11025.325870   9757.649087   11724.168070   8404.655561   13832.313255   14103.386911   11636.620024   19145.806026   7558.368470   11684.496495   11721.327041   11400.192374   4502.488723   9187.553375   12265.757956   12153.681506   11849.732902   7657.608247   6506.176674   11478.769696   31892.497956   
11.900000   7254.444010   8169.980506   10812.162560   12053.014218   9476.482884   10860.865494   11146.890559   11993.267882   17124.376692   21138.416191   2423.520981   6886.664894   5433.246285   8501.228600   10117.443325   11919.558392   6616.784486   13786.436079   11382.331425   13315.884541   18299.967998   8663.884395   10237.738840   12648.318870   9778.485604   5468.610478   6894.148289   11171.486324   12456.428957   9417.765858   4605.003795   6992.863606   12172.386256   25218.052181   
12.000000   8529.715072   10849.681066   11560.218457   14619.311810   8385.181044   9412.987527   9469.170553   9994.673981   14887.606776   18616.853154   3174.742272   6104.329858   6497.526498   9132.028372   8017.652213   10500.732426   8503.462611   13574.000724   8342.862435   9902.564194   18090.323645   9087.051290   9209.536221   10258.638337   8880.184208   3997.695464   5742.464987   10729.836640   11535.850428   9507.977809   6341.753408   8456.811918   9981.150106   23642.275875   
12.100000   9254.576262   8771.477675   10249.311797   13405.060904   9686.716609   13691.604103   10542.047218   10651.398435   12855.389801   15403.368932   2909.401063   5154.148203   7411.155299   8291.678696   8279.834852   9663.179468   7935.250135   11853.385499   12094.853724   11981.713092   14051.761222   6999.147256   11856.111373   13606.213017   9252.710912   3677.817298   8748.106136   13672.845267   12086.546532   8929.776870   5987.026673   5248.762793   10727.669601   20981.387598   
12.200000   8424.674501   8713.460394   9912.213366   12830.719083   8285.300138   12143.093409   7677.900411   9063.856331   11928.600514   14843.054715   2928.260266   7041.951021   6405.382182   7803.705533   6730.618864   7370.663151   8513.017977   12967.801469   10335.102598   10975.215166   12840.423126   5092.888355   10728.199732   12412.630121   9104.001933   5893.726553   8474.128781   12139.305803   12759.913081   8930.022213   4981.721023   5421.919208   10161.358249   18385.690793   
12.300000   8849.135522   9288.913718   12203.585363   10188.575314   9623.735752   7879.955955   7948.452796   8885.785338   13902.466069   16757.079413   2886.226006   7608.819446   5355.707074   7722.407395   6823.016345   8870.823885   9633.433634   11571.461052   9172.558002   8331.442519   15037.644454   6139.643431   8074.715965   8602.463564   9352.564708   4440.622166   8539.555789   8197.863490   9402.041785   10078.499495   6374.916566   6434.414858   8935.476698   26726.265313   
12.400000   8842.285830   10486.363794   15071.098586   12103.627012   10680.932749   8549.644538   8367.550804   8219.564663   14330.738290   16091.518432   1966.600082   6567.796844   7080.429970   7952.970398   7656.610514   8490.550168   8754.665966   14323.177568   10282.254842   7600.869868   15370.493389   5911.355283   7621.365759   7663.699044   9854.921374   5320.025052   6133.297473   9685.035520   12048.088541   13152.650002   7695.149787   5317.162703   8771.736654   26011.283087   
12.500000   8691.088486   9342.345961   16615.224661   14511.073706   11839.206973   12139.349156   12102.759392   12276.345508   16538.372552   20169.609144   2498.489328   4905.456751   5382.761924   10828.120582   10199.415123   12901.180460   7037.750637   16406.983296   11515.836506   12448.950050   18520.189698   9314.899905   11436.253595   10800.758184   12100.502280   6358.106145   7169.034064   12430.134459   14013.782180   14159.647304   5980.008628   4431.165643   11021.656133   25473.070530   
12.600000   7961.340359   7406.159473   9640.644477   9053.551703   10524.495221   10421.318821   11503.153667   11475.307954   19120.980346   22538.315729   3125.666164   8214.905450   5515.087001   7430.762985   11009.672289   11858.581626   8159.898754   8995.030697   11875.420308   11479.587010   21142.839549   7931.596273   10518.482554   9899.300253   11438.555328   5236.629043   7102.752369   9453.314280   10464.310732   11150.942255   6085.901411   7403.398137   10244.096797   27834.368781   
12.700000   5305.026115   7160.507086   10690.242815   12330.402464   8131.776782   10085.513256   10489.857054   12968.294681   15379.327153   19042.128958   2920.790536   6618.823508   5491.769257   9308.719210   9126.588028   12751.801314   5826.924125   11168.984894   8530.669295   13457.303117   17107.705267   8026.545234   10910.103026   11952.842991   8588.713108   6054.571617   7303.958695   10519.420815   11267.413573   8774.327052   7773.533975   6592.603993   11361.276145   23880.762743   
12.800000   8075.220139   9512.166292   9273.268180   10484.821397   6008.834741   8542.203889   7009.734530   10494.439495   10056.198286   13438.331313   3300.319994   6319.903088   5896.888047   6398.742297   6026.022892   9768.152894   7901.903767   10585.434798   6942.160215   9656.483521   10602.983171   6560.687069   8994.321406   9632.511340   6514.499292   4412.365772   5825.978198   8353.256830   9225.597002   6691.420017   7938.312944   5165.951264   8979.875559   16463.043781   
12.900000   5639.680914   6405.739661   8855.071563   13505.062303   6361.017633   8026.670822   7510.447401   9092.811524   14118.945287   15738.924342   2975.488643   5654.932690   6270.583642   8734.165597   8213.313742   10047.026303   5723.060278   9498.508691   8667.484175   9242.483436   14806.646224   6671.678542   7964.258675   8400.491806   6703.398806   6217.704808   4807.300334   9470.004264   7120.289729   6590.714140   6975.286204   8396.087453   9316.057876   22850.933862   
13.000000   8658.650589   9394.678603   12934.888671   16023.168168   10903.395161   12353.731921   10499.273045   10425.816720   11197.998980   15084.725569   3138.661629   8295.298157   8084.805010   11235.299106   7632.274655   9709.681613   9027.730458   13606.238906   11257.768108   10375.545213   12691.955649   6786.101903   11812.813860   9329.209554   10342.850711   5672.943885   9275.570018   14347.859092   11493.727454   12754.934245   6615.034974   6638.481648   9864.600973   19217.766702   
13.100000   7006.906794   8754.502634   11184.763721   11811.296165   9181.029552   9036.381709   8194.283636   7550.962308   11528.101556   15219.840411   3401.207180   6365.906528   7093.260035   8053.552875   6848.386977   7329.952038   6266.395862   12723.810345   9883.623007   8386.565608   13349.350012   6228.594312   8163.400365   8658.374323   10136.934108   4772.794786   5718.592559   10329.450422   10574.851811   9560.719457   5485.541205   5797.587991   8058.633539   20985.949368   
13.200000   7889.238919   9540.817306   13349.154093   15873.027522   10214.287971   12796.249104   7962.786350   12525.275732   10333.278669   15951.264389   2858.753333   6930.020845   6453.205937   8965.953765   5755.119391   12666.667212   6078.523401   18405.194424   9874.881847   12280.728028   12383.502049   6669.658022   12577.646047   11658.434916   8480.175171   4286.768473   6268.642424   13795.762249   16042.457046   12268.820401   7017.473416   5825.451950   10759.191653   18493.607124   
13.300000   7709.130022   7666.064119   12179.524472   14686.471993   9643.088353   10434.123383   8803.926905   8069.058562   12227.914641   13734.864117   3405.444672   6362.853878   6789.053425   8530.188375   6609.254368   8194.459592   8090.988786   13660.355267   9824.842039   8064.763011   13530.734395   5599.465109   8491.557432   9562.705099   9852.827977   5266.806838   7988.232556   12491.076943   13188.396831   11007.992503   6577.782144   8190.711423   8818.063514   17415.546911   
13.400000   8745.490689   7266.049878   10672.664456   12513.453923   11777.390746   12440.191425   8049.171321   8793.241927   11156.781614   14981.822307   3546.017512   7751.445831   6780.025019   6130.530330   5810.995871   7157.163589   8633.167515   13980.294055   12585.470942   8931.501615   12177.469214   5129.148941   10522.424744   11989.372487   11292.082245   5660.412505   7441.163359   12962.937061   14198.531462   12300.018143   5157.547715   5750.821342   8434.038333   22666.477352   
13.500000   8285.364947   8131.401349   11910.091605   14078.316324   10447.040821   11869.804493   9617.421261   10746.505450   11495.366227   13777.237042   3630.125327   7878.704506   6734.298185   8106.540185   7960.031741   10185.408194   7582.865999   13375.415454   11872.379588   10006.416480   12402.087515   5523.316344   11240.802735   11281.764084   9851.474153   4860.885207   9684.813537   12824.201782   13000.584771   11347.518977   5846.581304   4108.344250   9228.080889   20124.208855   
13.600000   6363.409169   7940.740468   14000.857822   11569.548456   8140.756744   7196.013097   5503.666015   5253.586935   8162.034480   10684.053182   2617.947510   7613.475111   5444.901032   7731.700153   5800.613788   6302.006843   7065.351749   11230.351215   7454.776921   5749.614896   9107.517383   5177.675226   6403.601021   7273.178271   5640.928734   4167.732119   7436.213932   8920.775634   9752.788261   10840.864699   4807.770899   3916.525245   7479.934955   18162.614412   
13.700000   6410.389256   9502.302492   10885.156692   13844.400821   8872.374646   10934.593156   7707.944122   9825.109001   10801.268934   14978.458844   3564.758680   5997.320214   6655.568821   7682.209874   6258.655889   10232.236137   6672.867614   14128.210974   9240.669010   10009.066965   12375.547744   6261.563112   9646.229826   10597.830168   9028.372990   4686.736584   7259.466070   11874.622250   12364.255036   9152.798122   3873.424811   5040.116599   9320.685378   21979.179477   
13.800000   5296.173712   7135.223304   8469.755344   7153.053045   6263.173950   8030.717052   7917.826623   9906.019075   10523.307473   13573.627416   2908.289470   7169.446233   6716.930652   6448.759346   7213.851105   10215.938953   4638.437939   8820.335247   8414.057144   7547.985224   11839.621728   5693.396451   9645.235471   8019.729486   6908.676470   4394.040636   5978.399822   6921.317996   8222.750893   6688.574661   4778.056831   5474.999713   7587.783274   19786.270439   
13.900000   6826.569240   6012.004614   10390.852600   9515.296752   9674.444922   9822.415076   7520.993617   9846.995969   7730.222721   12510.507910   3173.733242   6151.279993   7427.396503   6774.823921   5523.343187   9487.319397   6233.240407   11791.722637   10280.830141   10075.567917   9102.497970   5984.360489   10210.532238   11841.472482   8645.517454   4445.147703   9383.582975   9812.384804   11704.216007   11127.189932   6712.743378   4719.366487   9158.356387   15719.675153   
14.000000   6678.991983   5735.866493   8969.692964   10695.450871   6283.326394   8044.265862   6406.025011   6210.279123   10664.441402   10934.228676   3702.109357   4824.297169   7384.869050   5920.526686   7321.487063   6008.179844   6566.381116   9575.182651   6680.079639   6100.367681   11391.352037   4338.510331   6899.434405   7400.363701   6249.349685   5963.447245   5395.592625   8839.268079   9809.219810   7941.127416   4287.251110   5442.913218   7347.220029   19224.932136   
14.100000   7616.086129   7913.314116   13378.426167   9475.531235   9056.190536   7489.243313   7488.821862   5826.501841   8886.254671   11394.915093   2403.864510   4664.573435   4912.151541   5284.158326   6593.446696   6264.350368   6754.698916   12159.875702   9448.634048   6190.703611   9468.378857   4849.717748   5707.559331   7707.097220   8193.086923   5273.788816   5557.594442   8204.793875   11531.880766   10225.994305   5127.191072   3758.384076   7177.403111   18590.510784   
14.200000   7177.018502   9942.556012   11141.450878   13049.537198   7145.896482   8195.618713   8003.832688   8682.435578   11096.713055   11708.013762   2049.478767   6960.269937   6054.858937   6697.111651   8221.863543   8785.118772   8206.365888   13873.781949   7095.937228   8691.491044   10975.889649   4577.726746   7424.274396   8418.734934   7345.564443   4954.941094   6305.762595   9091.794858   9861.170466   7781.432103   5283.011981   4411.917711   8490.075006   17943.292764   
14.300000   6366.990011   10856.979991   8428.731784   14054.115479   6911.918694   9188.888110   7582.404039   8355.611329   11263.691170   13206.402316   3058.300226   9070.210258   6954.355915   7579.779258   6798.150809   7961.243122   5648.164684   11673.814108   8640.607569   9281.792932   11540.351786   4617.803283   8732.034090   10615.568531   6654.581161   4458.792460   8428.729449   10193.905274   10463.826029   5375.427428   4608.243548   6797.587041   8707.949258   17288.485135   
14.400000   10524.692244   12544.893742   12027.894864   12500.611466   5956.445948   8232.449433   8366.630174   8524.269252   10300.072659   10601.675814   3617.497857   7257.533589   9817.875247   7706.645520   7639.355824   7951.354797   9024.881863   12102.348135   8623.022558   8075.978243   11317.842088   5500.415855   8142.942963   8861.440828   6475.095494   5556.531937   8456.494381   8583.675299   8947.317901   7517.489462   7313.099169   5906.797094   7949.868305   14708.149619   
14.500000   6663.430112   8051.532130   11016.043998   12540.821845   7399.386944   6472.553173   7012.630682   6795.364564   11761.047607   12423.573180   2279.526036   5524.857339   6699.549076   7696.384319   7697.857926   8078.889444   6405.045614   10707.012870   7175.796990   6699.704970   11842.869199   6560.792514   6382.330462   8010.504186   6852.318017   6514.220867   6099.297187   8133.048214   9057.240398   8312.577257   5579.630418   5522.644408   7359.505784   15630.988424   
14.600000   7078.635401   7336.108606   12925.808349   10667.571092   9674.397834   9297.291587   9153.443082   7306.150759   9874.072462   10909.771820   2653.643714   4315.747587   6657.540299   6068.267589   7713.035898   8238.988544   6864.859407   12268.008113   11247.784199   7503.873014   9979.582610   5818.575199   7684.061486   9539.830725   8755.052253   4651.313660   6063.434081   9999.834780   11282.139646   10515.118019   3996.277942   4308.212322   7748.738028   14026.318703   
14.700000   6126.091534   8110.926965   10625.220335   12242.455806   9090.044480   7905.203786   10295.282300   9112.187806   13229.132416   13931.853579   2819.480702   7233.297942   7569.347885   7625.953441   8697.407931   9202.194091   6286.977787   9104.313292   10272.351899   9621.749331   14085.175894   6338.333013   7389.893820   9078.435473   9447.009671   4982.176076   7631.425677   9887.410498   8947.765779   10096.259117   4518.134556   5546.436753   9231.518361   19497.119579   
14.800000   5918.852919   5347.132909   11205.956799   10505.177529   8683.321283   8442.202943   9228.753808   9542.626093   13138.793769   13856.969593   2179.304775   5833.621713   5550.784294   6397.868737   8061.037621   8264.636076   5457.317601   9031.866512   10042.429239   8852.402051   14764.986733   6047.308783   8728.305350   9146.867659   8767.952455   5170.730818   8181.252442   8147.784900   8779.385577   9870.634179   5416.388691   7375.598429   8484.546502   20535.374284   
14.900000   7761.179835   5570.637651   13056.907877   11760.835948   10537.954849   13241.987047   11363.738308   12745.983599   12612.442144   14862.442505   2370.223676   6653.829857   8704.191745   8270.649376   9743.055641   12233.541399   6280.161492   14437.428823   10012.171620   11776.556596   13452.865441   7229.505518   13256.003593   11769.770851   11152.999535   6144.515228   9522.807432   12162.017121   13178.563326   11039.511795   5266.272780   6531.297920   9955.123249   17607.376003   
15.000000   7235.620217   5623.583090   12981.023503   11752.920665   10070.494077   8430.287337   8594.758788   7149.445298   10698.471446   10946.908115   2150.441493   5723.910660   9653.049136   7785.951285   8624.040984   6486.051143   5606.434680   14496.941120   9313.286656   8194.250002   11610.218952   4942.145000   7637.452237   7782.751216   8759.550340   4793.132836   6875.743661   10088.320508   11025.764262   11131.316748   5236.213608   5183.134178   8244.301017   15328.078864   
15.100000   6334.307324   7164.010334   10037.163400   10968.937887   7399.688489   8245.709829   6740.902178   8512.004185   9974.337235   10601.964322   2831.739482   6063.194406   6638.529169   8217.172107   6383.889484   8776.298001   6551.563500   10695.496500   8684.578010   8815.980622   11204.133146   5629.847880   8206.193625   9493.177542   7877.493181   4538.704921   6781.460084   8429.953683   9849.992893   8949.109061   6706.799241   6617.093323   7905.215387   13791.722550   
15.200000   6053.464595   6829.089950   8670.051387   10375.467063   8373.965958   12429.694706   10896.222755   11545.538130   9180.207865   9603.238816   3119.081760   6364.925213   7985.909547   8237.370336   8959.475739   9556.976001   8168.920032   12993.354373   9681.834871   13356.135613   10229.306906   4987.151984   12591.817813   14332.550963   10203.836842   5876.657754   6580.453003   11643.924367   14208.281596   9064.646695   5460.424623   7739.012359   10575.305388   12722.802668   
15.300000   5781.043729   4501.375613   8831.751804   8496.235196   7718.567902   8971.681652   9275.145686   10817.236781   9556.978952   12009.100205   1637.631628   5959.268992   9477.736012   9272.580433   6186.699238   9972.602933   4691.447850   10281.019210   8478.377008   10586.792621   11541.745825   5368.391795   9767.399564   9554.412418   9679.349069   3910.180808   6732.132299   8180.417063   9212.618787   7680.813112   4547.034918   5381.372541   9016.710470   16136.948070   
15.400000   6387.537400   4961.819258   12015.273530   8387.196908   7741.196676   9891.347927   7123.723407   7892.441547   7704.106988   8545.960589   2145.355581   3993.386958   7874.819986   8331.877540   6302.029660   7214.604170   5685.134097   11966.456264   9111.154058   7910.250040   8647.991552   4856.969538   9536.758238   8747.843175   8402.665223   4423.404489   4613.329385   8989.749468   10384.029896   9375.369894   6077.301846   4232.391921   7337.641803   14705.184941   
15.500000   6119.100443   5920.182945   8945.950459   7497.152245   8863.174308   7582.861992   7501.668339   7840.379760   7798.277283   9913.287845   2832.279448   4943.157639   7129.862420   7404.062036   6045.587756   6765.131004   6219.788976   8157.193321   9635.477617   7875.807618   7705.686478   4704.626062   7112.408639   8046.015185   8394.236990   4552.805355   6825.217517   7669.857970   8363.937681   8389.435031   4997.620220   4431.965895   7245.519806   15641.547337   
15.600000   6864.805518   6594.815619   10009.002578   8258.592091   6904.192626   6693.846632   7906.490436   7649.292131   9087.232713   10889.117718   2993.239365   5316.507112   7574.140471   9997.586258   7268.630263   7489.326896   6452.206569   8760.377863   8114.733185   9377.209935   9748.784112   5131.433570   7056.606396   9164.099244   8481.193618   6182.566155   4176.437309   6390.350065   8040.407934   7185.601547   5160.633630   4747.850561   7999.708405   13357.107281   
15.700000   4243.354868   6348.043826   9774.007693   8801.742054   7464.965574   7945.335212   5999.106028   6979.770238   8546.252664   11543.098729   2086.290201   4652.715312   10386.453040   10017.228939   5878.564219   7153.610913   4952.397177   9943.076863   9656.730304   7049.225506   9904.013269   4632.447306   7392.691417   8397.580740   7041.445600   4023.190430   6226.671995   7955.389784   9267.839867   8632.256585   5213.831452   5111.891233   7363.786765   15269.785792   
15.800000   5102.965908   7097.562982   9536.812850   10117.593453   8862.590411   9530.331504   9538.810759   7375.620886   7445.423847   9477.150456   2362.301694   6540.721737   7063.654961   8172.918950   7406.396180   6683.376088   5661.268293   9844.051882   11332.081173   8136.439458   8227.837359   5224.923255   8154.939259   9466.447400   9753.123303   5022.965201   6179.343870   9020.863532   9367.580286   8733.814140   3813.655041   4686.110384   7093.051608   12547.718194   
15.900000   4346.889291   5257.529083   8668.484824   9569.426209   9238.782185   10954.582508   9134.429369   8258.693871   10841.858853   9594.686314   1875.074042   4786.305699   6485.827697   6051.676300   7100.301219   7051.382282   5222.581384   12002.727926   10814.730945   9614.530211   10837.465115   3936.744767   9374.103117   10462.215655   9640.639316   4163.631277   6387.261303   10313.228072   11103.266956   8885.959533   3960.217736   5082.042540   7745.082971   16277.388560   
16.000000   4316.206955   4852.028059   6398.480257   6407.899599   6381.350882   6234.341871   11321.177867   8619.657519   12738.457781   13726.617826   2206.261929   3835.408554   7601.891658   9631.062580   10336.722220   8157.326132   5538.539780   7634.594720   7533.155285   9626.437222   12887.897214   6521.259960   8005.658622   7547.064020   9334.567473   6454.986314   5290.125128   4989.797155   6385.624266   6391.850119   4606.151408   4730.251902   8318.500340   18409.603627   
16.100000   4988.000580   6621.839412   9215.129494   10672.510287   8401.633437   7922.154502   7687.735128   8849.282236   10378.426920   10714.183520   3011.991591   5010.465990   9531.808185   6106.569749   6706.659683   9094.122117   5860.621956   12014.010812   9544.402155   8385.053774   9807.915841   4735.665568   7906.671811   8518.140967   7710.839853   4238.565082   6075.973052   8679.598010   10730.621098   9360.484886   5792.791516   4420.198928   8275.163022   13067.138022   
16.200000   5961.187291   7291.464336   10556.186627   11239.651218   10324.163863   10853.710910   9260.332077   9750.617517   8718.231354   9510.245447   2638.353702   4963.178479   7738.534588   6690.979904   7395.212590   7943.456928   6078.578448   13568.897367   10051.513294   9392.458919   8521.551173   4132.991470   10255.254903   10626.133481   10273.774439   5231.230248   7475.227456   11544.045155   13025.651093   11064.570923   4475.408972   5215.571641   7946.070444   11176.397161   
16.300000   6255.009074   5424.844929   9217.115849   8206.535937   11268.189851   9498.441765   11239.864322   10364.036744   8747.432628   10494.450866   3045.671323   4174.160043   8899.044905   9712.397101   7770.147570   9586.580024   6376.973067   10675.908366   12592.698030   11202.437173   9979.569380   4661.449740   9105.724724   10996.351079   11473.062837   5040.451140   5572.792020   9031.699612   11722.671793   9814.625111   4360.765068   5733.223512   8523.683422   14873.807085   
16.400000   6058.198099   7252.171766   6688.854021   10109.873659   6222.517350   7466.437520   7051.331028   7982.991704   7838.600528   8675.146746   2503.678063   5123.958802   8578.589811   7702.545253   6627.917191   7622.646154   6594.482294   10027.494702   8055.729173   6450.292714   8176.731897   3797.076480   7171.264646   7621.314485   6238.498688   3553.191029   7310.599698   8325.145371   9031.185468   5274.205777   4628.192706   5093.194851   6820.768334   12505.536024   
16.500000   5552.481660   6593.913412   7122.440959   13457.145757   6523.777347   7976.565267   7188.005225   6590.879289   9730.052327   8137.972919   2645.092064   6312.843077   8630.003261   8941.057027   5913.652216   5830.336527   6277.597702   11504.016979   8578.057520   6606.802418   9271.628000   3407.895801   6527.484283   7401.752098   6989.277054   4137.027931   9025.436919   9923.630516   9728.294883   6717.123788   4904.473996   4247.617397   7156.632789   13163.050980   
16.600000   7120.326296   6181.779247   8920.986178   11395.190088   7196.159803   10389.654549   7628.044933   8788.522497   7441.137382   9175.058440   3067.097751   5271.451859   10213.014585   11941.093578   5850.207209   7645.054193   6789.012948   11430.675880   9480.272133   8163.501830   8275.401923   5381.106613   10137.736237   9892.281496   7234.456396   5395.841948   5242.406991   10178.315507   10981.348650   8043.464394   4919.502845   4690.964759   8279.372356   12781.736473   
16.700000   6332.927450   6698.138079   7722.433808   9472.218525   6719.674660   7773.434290   8074.251901   8613.520385   12373.728547   11180.881865   2094.941627   5605.881601   7873.253698   7981.338423   8417.495550   7878.628769   5491.887570   8957.080423   8359.082433   8260.352484   11738.972498   5785.634776   8249.854673   9806.756067   8226.080263   4832.105709   5106.879013   7843.273256   7713.625934   5712.854981   4051.351135   4531.848280   8046.145977   16610.744957   
16.800000   6817.947165   6710.448404   8888.123038   8596.469294   7222.061128   6437.414399   8091.957019   8364.294385   9240.371277   9845.852284   2786.214861   4750.826654   8413.496943   8785.974507   6175.270147   7648.536063   6601.174702   9579.560822   8969.737770   9676.161119   8576.692711   4484.569075   7593.210873   9485.325285   9240.065926   5637.596104   4677.891845   6417.555379   8935.110337   8244.445841   5969.876987   4925.233133   7836.513326   13916.942562   
16.900000   6174.203261   7573.937256   9043.231733   10113.303286   8321.484389   9304.657078   8105.568337   9294.347312   7662.713577   9900.311989   2465.762292   5870.723249   8917.768508   10498.301968   6835.072110   9304.764941   5841.918090   10644.376199   9214.079241   8986.750533   8589.172435   5042.801683   9277.011988   10061.396724   8152.210887   3821.613500   7421.970736   8759.777441   10570.454317   8730.032318   5704.560618   3961.835398   7207.563025   13078.820174   
17.000000   8423.552416   10855.989945   11836.409918   15381.299908   8916.092287   9463.200355   7202.689626   8513.698824   8329.210071   8077.359894   3466.384649   7170.058051   6546.066931   9380.954583   6148.387690   7804.068231   7777.479998   13902.499089   10824.108725   7424.258674   8840.584851   4529.440194   8729.574969   9831.692222   7347.403433   4348.219577   7345.859945   11372.761042   11964.414214   9570.153054   6321.428976   7451.826458   6822.793942   13079.052367   
17.100000   6131.577365   5191.383770   8987.127008   6807.827050   6926.059250   6366.055978   8156.046697   11287.656329   9325.432743   12070.638198   2036.641006   4490.147361   12377.815459   7824.775205   7328.866375   11081.973999   5747.321293   6064.049382   6962.969405   9749.228028   10849.589532   6120.001778   8424.155034   9369.307189   7602.213058   4955.217000   6240.920096   5749.970164   5392.206553   7369.345411   4510.168952   4118.087463   8513.868291   14811.958265   
17.200000   5687.510982   7988.043556   8565.400512   9163.410029   6194.425039   6362.904851   6517.897831   8011.948040   6509.063059   8101.636535   2444.498961   5880.900518   7847.404189   6453.639938   5009.409222   7178.410615   6972.253205   7773.757089   7749.843953   6903.124128   6716.684334   4200.544838   6666.656874   7943.015882   6965.852052   4359.742343   4839.485088   6657.379510   6892.564076   6483.437323   4584.963179   4205.691374   6356.782473   11949.073868   
17.300000   5203.337212   6630.301681   6799.675808   10636.990688   5841.459143   6239.160407   7528.922539   8757.011049   6980.694387   8289.793260   2341.718459   4026.529896   7816.370732   6509.326989   6447.543656   9851.273203   6571.042998   8198.256716   7359.872259   9073.487587   6801.029675   5604.728319   7072.873053   9072.510457   6530.247428   4236.951235   6210.275612   6932.934758   7037.919302   5471.479349   5110.055006   4224.771302   7096.571583   9735.438639   
17.400000   6083.678753   6596.032296   7661.504749   10925.063229   5143.977484   8153.059431   6173.497539   9182.766898   9233.672594   11183.386196   1931.238727   4801.736419   6786.519174   12387.780000   5592.245123   9641.135925   6394.786348   9411.724469   5417.592920   7210.772810   10117.346449   6111.768442   8268.394520   7050.775843   5775.979102   3966.987098   5714.010393   8731.419619   8037.546744   6117.199860   3197.473234   3886.449628   6977.408492   16306.199473   
17.500000   6434.972821   5662.545587   7503.778887   9445.273653   8020.215291   7674.384839   8607.748003   7594.195456   6441.085759   7938.860408   3086.663700   4044.112433   8532.993967   8841.024808   6056.391655   8077.182185   6296.141761   8143.118837   9071.266144   7616.683840   8267.782813   5390.407564   7515.665929   7424.521134   8833.928995   4377.498700   7241.852804   8164.564417   8232.382488   7280.820926   2890.190619   6007.002410   7324.508186   10430.834428   
17.600000   5034.395298   5868.389725   9699.397393   11141.871260   8115.716423   8907.735218   7885.646634   8226.791009   5717.151542   6359.523136   1943.098254   5409.366896   8962.506537   9482.993075   4770.732792   7281.098702   5266.820951   11814.658551   9746.659617   9253.288220   7816.893766   4168.568646   9415.721296   10858.670016   7380.289668   4165.843821   6191.692252   9461.540985   10708.568062   8353.074589   3659.521184   4056.236501   7245.590340   9813.611551   
17.700000   4618.860302   7742.729038   7895.117880   10451.576139   7949.851525   9341.617067   8991.284651   6767.628178   5475.944727   6361.034763   2072.981485   5056.096185   7104.881158   7333.121484   5954.126274   6624.722238   4095.787017   10864.878579   9155.257667   9419.811876   6191.518811   4078.004478   7915.493697   11254.090943   8457.753546   4085.203389   5693.087866   9734.485252   11088.321875   7608.246730   4825.200383   4179.465273   7695.871110   9223.336127   
17.800000   4887.204529   7272.728154   7973.792236   10290.509364   6392.284915   7369.471173   7316.201296   8433.185039   7733.208155   7997.741246   2751.286923   4020.848301   9566.210020   8773.533513   5977.302487   8709.529549   5175.979746   10943.532938   8458.817041   7086.083728   8920.562270   6458.733982   7653.755016   6929.785184   6170.135636   4368.826361   5474.794109   7588.429216   8537.499509   6273.140398   3957.107986   3862.151678   6647.198385   12237.035104   
17.900000   5457.618620   8748.172267   6917.732907   10504.176031   6443.248294   7410.231357   9307.549262   7488.094218   10455.025628   10945.263644   2658.440444   7631.921031   7979.938263   9110.850510   7338.068262   7458.473215   5578.135163   10719.207623   7380.347523   7564.201017   11908.798226   4615.657557   6597.778328   5834.666449   8153.242198   5025.144108   8675.126511   8446.624595   7405.041208   6747.963541   6508.942916   6289.017014   7203.049400   13168.875625   
18.000000   5469.839079   6445.297780   9046.633603   7915.372476   7698.271023   7339.562901   6550.515361   8096.133209   7043.270601   8076.210237   2612.484540   5066.215216   9178.833972   8472.787984   5799.521329   7755.184557   4804.048687   7649.784627   9219.213617   7540.647951   8888.602220   4583.449064   7253.188030   9308.686292   6341.216045   3651.074631   5306.335262   6521.680615   8449.464291   7905.002083   4903.307306   4522.526183   6966.244316   13082.000887   
18.100000   4303.446493   4230.741626   8787.185492   7156.282320   7075.821291   6401.031499   8155.849314   7025.825689   6527.309280   6845.040336   2233.840094   3810.658518   10873.247053   8318.622049   5744.339486   6148.281377   4125.456560   8914.858349   7561.163440   8407.125004   7461.469871   3515.316616   6475.075971   7720.316915   7756.900286   4049.462917   7977.183616   6896.469513   8556.136419   8496.955322   5633.472053   4582.595994   7244.401053   12298.929268   
18.200000   6396.670812   6055.624477   7520.012828   8492.981477   7485.848510   7061.175799   5896.293525   7853.057833   9054.240868   8106.739122   1866.427243   4846.467661   8922.499962   8464.973520   5817.651952   7729.787781   6559.927175   8737.821178   7235.205111   7348.204331   7482.445425   4765.819725   7341.621415   7373.767686   7863.615681   5310.279091   11588.728047   8066.616094   7963.542272   8042.864719   4238.771018   4587.275024   6904.871240   9183.635788   
18.300000   6316.898445   7696.027527   8481.093355   11216.850842   5542.804201   8318.972075   5858.904433   8066.515593   5835.724671   7326.988996   2130.927361   5462.823540   10027.728929   7674.730858   4801.674197   7997.134880   5838.917550   11582.612447   8611.102559   7474.198794   6218.433852   3774.222412   7690.779696   8835.831694   5976.147087   4344.362290   6220.188096   9728.684342   10615.271282   6552.034687   5051.013124   5648.567744   7086.854135   8842.720351   
18.400000   4479.819052   5298.782016   6645.650493   6589.791470   6702.811966   7174.458852   9107.967251   9950.203093   6106.837277   7163.573227   2025.899387   4822.625820   9323.545107   11549.785978   6480.548950   9067.237837   4762.532703   6186.120726   9171.208937   8274.454409   7276.033581   5891.469338   8010.433846   8386.567056   9458.100634   4952.290142   6529.882030   6792.075216   7497.070788   7094.497513   4974.067791   5182.953420   7199.502763   8515.311446   
18.500000   4919.588715   5983.106586   4669.442712   8097.451322   5002.648840   7871.168056   7399.226137   9244.315627   6169.210264   8006.977303   2178.728618   5480.813383   10283.083278   13270.916149   6206.526232   8103.192252   3946.526074   6825.242708   6490.719296   8875.978405   7374.791587   5275.609863   7699.341385   8470.613215   7660.921401   4667.774842   7800.596764   7905.725753   7584.598087   5347.581608   6106.317546   5063.781840   7732.196373   8759.729371   
18.600000   4268.556091   6851.595349   7220.995604   7834.138300   5627.874632   6797.655122   5989.966911   7486.991324   5364.141300   6260.822659   2696.052454   6369.277938   13685.304233   10643.018676   5143.847835   7567.705909   5852.865436   8287.664176   6752.747028   8089.263020   5984.307392   4654.287033   6766.334152   7163.068530   6025.658114   3732.069662   7619.709241   7191.477115   8842.187133   6466.922649   5285.409540   5352.924568   7100.754879   9369.013453   
18.700000   4146.966602   6583.283052   4378.563503   8550.637660   4317.056608   5801.623886   4863.619684   7938.015101   6505.852864   6917.666839   2312.558056   4435.863531   10632.578958   9008.778430   4542.022503   7692.271077   4505.575181   7697.607114   5045.873216   5560.143661   6598.333214   4559.394627   5478.899676   4562.086070   3732.263897   4244.374142   6152.186600   6413.011916   6165.747511   4067.142633   4134.472946   3897.237686   5888.524028   8893.530102   
18.800000   5870.487789   5189.472179   6267.340484   7424.456058   7800.912249   6255.411765   5965.701583   7650.015056   5979.008161   5591.186152   3022.235271   5521.942608   11041.838647   11905.240052   4795.991648   8478.483424   5578.935059   6720.254412   8494.782816   5181.990063   6019.322289   4419.708129   5357.865928   5580.519004   7629.774111   4885.891527   5941.889914   6506.416560   6591.762008   6347.960582   3510.043625   4721.554219   5487.391966   10894.813096   
18.900000   5687.028244   6039.148727   5678.056880   8558.778834   5522.418405   7880.354534   7237.890324   6685.789391   8366.406287   7959.574692   1531.922310   4733.518653   9055.716854   11596.793734   6571.875712   6292.992078   4971.969657   8019.078565   7628.179853   5032.314178   9080.701594   4239.425833   6954.269566   4965.237052   5817.861840   4596.041761   7261.002998   8642.941517   8188.782311   5673.099664   2703.272071   3716.064949   5562.225637   12623.219587   
19.000000   6165.707434   7304.204248   8227.525244   9413.575528   6985.324732   9448.695931   7445.776236   7430.489639   9147.924916   8909.072398   2169.920455   5467.993344   9717.500884   10116.711313   6283.538796   6393.530379   5667.358777   10462.395942   8136.363852   7897.057195   9441.032041   4487.230740   8411.532098   8751.912837   7525.890145   3857.562551   5230.702655   10344.787086   11045.420585   8034.729240   5768.454717   4375.073760   7176.524798   11268.342599   
19.100000   7875.671017   5232.194974   4836.699058   7586.093323   6651.485279   8757.841649   10284.656768   9172.378291   6166.184233   7583.498442   2002.152483   4266.427303   11287.213385   7697.680730   6960.855900   7723.111320   5218.848770   6529.073965   8334.505502   9514.638982   7832.351727   3831.399011   8974.470139   9882.611777   7860.576826   4077.050416   6256.062167   8008.498158   8833.948264   5394.067783   4860.730582   4244.938455   7845.027017   10735.302607   
19.200000   6214.241445   8188.822721   7478.806493   10219.159732   6746.305333   8802.530108   6591.048593   7583.125288   5876.667529   7854.810220   2259.778450   5467.967732   11335.461236   13456.186793   5469.251119   7391.184683   5622.480328   11060.879690   8299.033982   6381.054536   6733.374757   4631.056392   7196.988861   6786.774694   5254.660519   4224.841943   6627.735584   9560.244672   10199.326767   6685.821310   5960.618356   4765.809352   6545.035038   10005.602199   
19.300000   5606.319884   5554.897545   7321.032933   7109.238056   8771.048098   8389.806538   9041.966862   8811.396235   5779.107884   7091.773422   2517.191697   5074.110927   13152.571886   10171.347266   7233.335959   8171.559644   4080.240961   7523.180001   9832.177754   10837.845084   6068.970543   5081.547299   8307.051962   10860.230737   9643.151530   6172.549917   7080.412623   7740.640035   8521.413390   8641.737907   6057.819112   5770.534887   8668.865492   9270.535226   
19.400000   3572.942177   4770.526601   5215.462303   6487.677181   7791.739169   8132.642383   9861.859927   10325.831645   8090.514276   8850.785319   1895.550101   4210.741867   11033.472178   9754.686102   8188.274264   8943.806185   4176.841833   7214.758631   10123.139689   9591.934435   8673.774371   5310.594466   9567.899589   9928.904228   9565.487544   7067.616592   5899.983376   7380.427308   7867.310897   7535.032551   4333.248422   5431.620371   8450.282917   9640.352835   
19.500000   6247.543954   4591.575725   7120.130333   9273.482213   7132.316797   11286.718346   7240.439758   10422.200636   5690.926562   7143.059856   2655.340792   4599.020891   7390.802638   7817.556470   5171.223156   8190.887244   4410.086377   11130.200674   10078.857205   9450.602104   6698.915194   5182.800901   11296.837371   10573.259136   8243.019274   4635.921295   5561.330270   10761.753112   11034.403931   7266.512589   3432.817974   3611.420745   8172.710387   10452.560274   
19.600000   5912.372492   4653.287424   6585.596042   4571.366286   5448.501223   6491.002407   6524.112444   9056.729303   5803.583483   6702.869325   2611.788525   3798.970202   8054.621313   9317.929641   5329.409996   7839.745445   5570.103858   5878.138315   5833.616216   7565.570780   5967.635144   5620.480694   7116.084361   7967.397658   6639.488052   5438.207635   4091.313799   5216.210049   5922.553174   5568.338277   4160.612833   4969.579945   7202.293154   10940.092052   
19.700000   8798.501356   4900.400122   7882.965311   8450.755317   7431.362297   7470.437410   8618.015030   9319.483254   6457.815298   7952.498717   2962.365195   4277.540782   9188.021772   10496.025429   6584.309998   7820.345160   7088.771467   9840.548734   8822.260610   9341.592395   6299.593462   5529.978640   7526.005870   9353.980340   7926.311663   4880.425343   7188.199437   8168.080054   9530.482944   7936.644494   4468.473356   4069.846801   7316.891836   8883.854936   
19.800000   6525.483029   5130.466022   7004.384036   6968.259344   7392.833108   7362.421954   6914.144217   8965.341495   6268.911628   7321.203490   3528.375012   3565.798058   12308.860479   10758.590547   5216.588595   8171.547453   6017.481761   6517.259984   7340.346688   8072.028122   6305.936383   5809.502046   7347.457837   7969.052527   7325.024222   4542.237042   5123.061611   6694.574843   8002.809000   6959.060001   4651.775217   3226.154566   7082.193792   9083.618826   
19.900000   4191.365418   5885.493650   7240.612400   8749.797053   6314.811079   7724.431908   5660.188416   10015.092811   4950.243260   7555.338509   2144.805099   3617.273925   9541.364639   9324.067084   5187.550868   8909.139161   5588.716395   7737.828615   6448.323671   8713.352421   4982.835622   5278.167606   8198.485012   8771.270729   7432.533245   5802.811001   6492.674158   7659.987552   7783.309692   7712.876799   5298.921457   4831.934350   7371.663825   8093.744262   
20.000000   6276.999885   6156.880632   7929.294017   8379.738270   7224.228586   9302.306547   7327.454966   8821.330613   6439.428612   7028.415559   1800.889668   4126.412429   9366.677737   10130.115787   5910.307891   8680.472151   6039.543952   8249.497924   8020.890218   8946.035029   6401.895974   5571.563680   8649.437640   9380.531038   8302.892071   4016.114050   6918.135654   8857.018000   8093.034218   7525.622995   4228.545860   3903.443241   9199.296427   10252.415434   
20.100000   7399.022116   5281.252496   7984.557895   7024.248822   5918.642896   5771.043509   8418.565875   7691.191739   5132.773119   5854.265340   2553.666772   3994.892368   11907.414465   7383.926999   6202.290281   6296.338322   6184.049573   6209.039400   8019.978744   8207.891438   5752.824655   4102.004553   7430.351156   8679.458993   7174.459836   3941.395658   5845.109962   5619.082898   5484.361179   6597.394968   5732.490646   3807.224493   7150.113089   9237.807942   
20.200000   5900.206381   6424.481528   6108.036120   6765.855606   5801.468496   6077.967902   5915.082074   5366.181786   6281.339510   6096.913100   2065.568295   2954.950633   8969.358751   7091.685337   4734.415889   4930.276702   4570.148358   6842.499547   6891.558922   5310.819063   6262.448461   4177.179875   5408.250490   6846.605531   7609.273682   4181.069526   6331.823540   6784.248122   7073.494982   6492.073460   3948.885145   4970.270689   5416.224447   12142.130912   
20.300000   6458.049416   4521.971871   4731.889813   6710.042747   5127.153218   6781.741359   4293.101532   7603.402353   6685.263456   7277.676430   2264.432798   3654.403505   8743.803117   8522.987215   5535.410361   8247.997252   4241.355634   6330.226827   6334.263304   5581.482444   6984.692056   4970.535276   6629.369601   6234.690114   5991.127731   5674.288376   4002.564804   6956.738873   6608.422694   5712.518507   3263.454512   4236.336781   5849.331590   9514.188203   
20.400000   7244.488323   5467.617240   7943.149994   8929.026156   7309.632273   7616.417354   7106.987532   9548.712187   6875.710543   6863.919891   2021.918366   5585.705106   8602.385759   8789.546356   6116.994468   9864.014328   5715.629172   7596.807936   7970.023790   8256.292567   6866.211522   5931.009575   8590.623814   8021.572264   7468.382857   4064.647928   6483.551428   7699.198839   7103.322279   7140.224502   3709.521148   5438.353696   7315.878745   8640.340076   
20.500000   6665.295838   5825.836924   6955.531733   8115.325242   7489.787139   7378.515108   7490.184933   7755.647388   5622.077786   7687.019779   1758.309259   5662.873943   10383.731266   10695.938949   6234.349015   7460.782136   5729.299588   6387.626038   7821.670814   7506.626908   6329.021698   5263.775412   8066.923412   7401.212629   7790.016898   5524.499696   8717.555387   7175.809858   6669.796401   7513.794424   3650.250703   4807.099115   7361.680396   9049.642323   
20.600000   7144.503631   6585.642481   7273.174193   9745.520384   6233.497042   7205.044826   8349.482575   7808.522044   8122.636677   7029.962916   3148.922668   4161.367561   10069.556170   11778.057506   7757.689184   7536.045614   6049.138495   8796.063129   7506.556988   8054.984204   8641.193362   5000.059988   7212.247827   6946.744349   8079.599846   6245.260432   8751.597536   8074.566113   7920.976789   8053.534690   4426.301887   5659.556145   6752.360784   11486.032461   
20.700000   6585.185935   5042.874313   4901.733970   6554.103975   5541.341941   6069.432056   5460.178734   8006.990670   6761.004839   7582.750867   2678.219619   4911.513286   12407.875746   10946.038747   4818.748732   7523.682429   6346.105586   6786.312155   6876.648518   7613.438017   7719.639552   5324.174998   7026.202864   7510.101936   5652.595189   3849.734550   7848.626029   5645.910721   6950.359795   5224.104510   4346.856245   3708.048686   6623.270840   8313.893586   
20.800000   5573.247264   5232.525069   7553.328494   6838.675162   4967.516718   6522.960854   5346.200760   7901.236671   4831.267539   6629.304800   2821.868535   5121.939613   10738.108674   12059.557177   4607.826697   8107.299894   4667.556220   7514.790027   7103.695094   6875.314968   4819.304038   5265.050283   7323.541807   7072.015482   4909.733470   3131.091753   5574.547520   6440.038537   6946.766448   4965.362949   4013.097066   3097.840604   6416.460775   9272.841520   
20.900000   7957.738797   6358.230904   5766.234352   9404.512957   5977.681545   7005.191200   8784.978155   8180.020367   7902.212974   8894.818262   3335.186673   4161.392594   14440.701344   13647.814934   6907.277461   9393.160409   6357.866957   8346.350168   6857.205197   7717.785754   7397.754960   5242.306767   6825.594152   8944.849721   8616.339824   5834.562576   6201.104524   7988.364962   8582.625873   5560.842956   4937.692760   4726.932819   7108.229603   9214.661687   
21.000000   6776.854550   6738.144843   7629.386968   9819.150621   7454.533340   8059.447829   7168.888930   8613.684261   5655.293022   7447.034570   3099.775206   6497.739982   11135.413264   10792.110530   5311.073228   9534.805577   6122.778045   8341.334660   9544.868995   8127.683852   6170.467300   4936.256534   8085.117682   8887.848972   7659.257981   3920.349023   8376.333568   8379.822976   8789.147702   6923.901134   4437.030315   4392.778080   6612.456603   9642.825875   
21.100000   6942.945983   4709.078922   6175.991119   5652.650823   8179.542394   7448.232540   6440.041355   9152.935399   7018.471544   6354.839140   3076.140922   3446.081206   10724.286192   12035.198814   6040.259389   8427.184973   5875.242184   6829.715676   9486.699638   7412.552698   6702.202649   4972.531091   8458.987054   7798.059474   6705.113375   4525.548569   5657.953811   6357.629568   7551.336475   7280.020731   3792.974288   4082.874168   5947.124371   8262.542955   
21.200000   6684.979090   4188.947218   7503.141525   7317.372976   7743.003263   7644.510858   7228.682739   9058.607885   6036.841526   7207.584347   2156.010604   4397.197311   9551.634730   15751.380448   5416.599338   9182.155720   5518.521525   6754.426957   9284.916154   8558.237113   6873.025346   6729.658646   8008.724785   8564.003666   7439.037566   4190.175910   5629.499625   7262.231510   7677.680759   7679.656968   4935.136979   4265.314582   6629.887202   8340.423477   
21.300000   7458.323659   5277.407366   6260.357174   6367.778825   5790.929651   5371.421046   7948.301727   7329.936107   7297.690840   7075.857712   2730.397483   4712.204954   8329.945112   13821.620527   6965.407432   7129.157215   5346.986948   5445.235256   6385.891869   8234.543491   6400.077894   4770.275195   5914.966339   7544.970902   8485.994402   4844.196228   8100.672961   4990.795171   5672.378665   6452.649400   4522.399761   3524.557670   6850.935195   7864.852953   
21.400000   7862.395788   5745.741315   7504.504872   5567.271714   7519.876934   6315.389859   8118.927846   7719.585907   5435.636649   7453.489023   3563.588391   4192.869325   15881.030832   12522.569009   5329.692886   6913.786009   6339.152763   6136.114371   7716.613915   7787.349524   6836.546094   5556.647534   6791.206162   7578.255773   10325.736717   5227.012723   4486.305150   5738.407062   7293.510331   7526.186331   6066.770784   4950.600870   6788.834036   8880.526011   
21.500000   7999.153479   8416.298566   8840.864745   8017.997590   5212.864567   7276.198652   4524.905298   7882.025011   4665.467891   6732.166279   3221.428183   6315.405022   15476.082331   9201.617333   3970.997394   7609.657131   6969.012581   9764.838925   4999.853849   7502.834251   5275.301380   4763.319540   7271.026812   7134.945140   5658.457551   4070.058820   6556.104192   7401.948108   8990.177234   8515.929014   5771.444324   6533.002372   6593.652874   6984.454454   
21.600000   6381.558437   6122.536005   7223.904301   6677.842356   5201.924164   6750.453556   5211.586349   7171.765298   5071.974914   6051.924876   3610.619024   4935.331047   16315.766029   10637.594838   3607.175334   6839.042188   5230.999701   9503.128089   5517.253030   7832.302855   5474.098574   5622.525206   7077.033188   7532.731697   6011.674376   4052.014359   6423.168193   6540.037648   8320.177278   7188.331259   6432.085026   6040.436989   6682.715518   6646.713007   
21.700000   8304.722149   5952.872589   5028.194799   6090.259523   7148.274643   5786.020502   6962.262368   5184.119099   6497.226341   6209.696597   2723.418793   3979.472412   13427.352025   10554.987279   6412.749595   4904.234580   4759.812896   7268.044831   7752.879706   5191.349236   5967.935294   4671.559591   5385.096329   6103.967113   9155.979066   6339.042641   7267.231216   5735.236987   7601.819038   6395.767275   3996.401467   4940.534642   5169.004425   6811.157177   
21.800000   7881.210677   5581.398903   6079.170857   7993.356632   5128.838415   6978.676526   5263.897166   7179.391773   6586.218005   8151.022419   3095.897945   3233.006071   12319.175242   15364.970420   4594.997273   8160.304890   5164.290808   6997.127465   6432.367664   6766.564692   6360.711059   7156.734432   6323.560778   7261.853933   6012.391608   5160.455304   5591.315055   7388.557929   7477.142839   5232.960932   4699.259481   4637.264665   5786.023631   9104.682091   
21.900000   5471.521088   6244.859746   4473.717802   6595.325992   5123.561466   8151.587003   5695.246785   8129.192161   6925.496595   5987.629937   2869.822531   4130.407002   10376.624646   15656.394494   4694.275695   6978.106358   4430.164922   6323.592745   6000.365805   7302.036305   7193.845876   5636.716850   8454.197628   7830.473311   6816.614446   5865.474291   3839.732095   7084.101101   6862.754973   5655.114540   4842.246758   5486.161988   5316.020290   10366.650427   
22.000000   7657.858305   4294.735256   6771.218601   4323.248645   4369.935238   5453.809213   5296.247803   6136.779538   5493.865003   5427.737863   3012.238189   3496.968386   12468.240889   10212.379894   4789.820238   5456.238309   6713.886312   4601.895668   5261.033369   5785.838882   4822.475618   3471.680531   6087.034422   6123.523389   5268.262943   4088.133413   3627.783109   4390.816103   5132.735452   5824.515760   4620.671770   4550.712080   5443.592562   8032.656627   
22.100000   8657.739449   5875.144900   6507.017070   6892.616566   6382.550790   6847.519650   5430.361214   8636.600117   6472.083383   4562.684658   3229.026631   5155.680304   12648.292194   12576.376506   4879.812095   7789.908332   7568.513570   6376.997848   7096.048995   6497.708746   6180.499262   5853.476720   7505.204928   7178.482866   6866.832469   4223.888179   5830.299541   6622.647623   6745.015488   6198.991819   5681.825285   4163.527160   5445.547916   8253.592544   
22.200000   8779.974640   5151.076549   6344.342720   6832.972345   5028.406849   5816.633042   4784.894457   5726.569016   4132.983624   4698.195988   2641.917180   3590.225238   10114.583452   11595.269679   5236.663309   5147.161564   6464.701092   6511.520563   5187.484584   5747.397968   3394.895286   3604.999679   5985.517161   6229.484416   6198.335275   4019.828163   5257.396948   5888.973822   6365.830697   5083.856442   4128.794478   3810.819279   5186.576621   6930.630403   
22.300000   7167.399014   5640.561072   5699.945555   5181.648839   5854.269746   8284.581530   5023.317729   9337.390085   6930.554073   6280.412916   2966.892690   3116.649251   12693.144438   12481.483028   4841.744630   7371.787632   5438.486270   5083.910075   6943.339195   8482.045711   6166.743028   4742.755182   10011.520263   8600.797614   5811.764416   4517.565596   6131.399725   5561.267531   6988.339420   5305.533720   5115.297884   5728.744553   6397.981727   6824.597091   
22.400000   6665.557713   5095.103656   7950.650613   6698.963172   8113.612305   8777.403549   8986.299534   10055.331679   6438.345839   7317.297356   3603.914926   4837.214643   12834.219880   15295.635791   6674.024974   8277.522133   6612.551156   7181.671906   8968.993916   9850.899522   6572.488191   5182.899230   10258.281009   9962.098153   8489.956009   4922.471299   6204.696105   7100.576396   8138.438383   6881.917843   4593.983580   6591.279995   7000.508464   8186.879336   
22.500000   5318.074064   5646.130623   5274.701653   6484.782540   5948.551803   7145.242454   6135.795204   7370.699462   5334.807378   5163.608894   2703.893106   4692.922999   11742.192916   12898.398362   5481.459076   6126.144058   5597.306296   6486.242846   6917.984530   6867.623941   5305.951276   3976.205070   7492.674278   7466.393547   6480.454471   4268.460679   4513.840480   6058.320456   6572.931336   6097.664265   3738.641200   5305.151113   6026.107130   6131.043772   
22.600000   6160.349061   6212.844856   6007.653846   7149.879419   6070.002123   5553.040400   7941.269094   5138.778101   4756.022242   5380.895975   3355.927988   4087.355477   10892.359811   9349.424564   6432.984523   4850.733344   6687.087804   8526.990347   5928.238520   7101.127752   6195.465999   3837.788234   5209.127333   7692.201622   8041.389816   5462.984100   6230.424570   5937.393520   7837.635801   6499.899397   4728.961306   5067.536206   6098.355920   6883.833545   
22.700000   5846.967256   5157.580137   7059.519846   6885.854219   6858.824825   7405.645648   7349.947236   9441.570367   7266.462983   7348.474369   3116.336758   3989.475810   12212.422859   11588.125681   6121.677230   8687.665479   5422.083030   7056.038539   6642.158295   8457.176351   7168.244187   5117.191453   8458.549107   8004.150709   8066.998900   6144.633582   4558.980000   6360.953975   7284.718244   6706.547625   4165.650065   4431.579959   6560.093191   8229.027534   
22.800000   7532.680077   6056.073062   6775.566441   8981.823296   6124.108245   7585.074961   6959.842691   6925.272539   6505.837772   7464.687190   3639.835978   4757.792179   11447.010724   14370.376637   5850.105569   6083.568828   6144.363085   8277.090747   7877.637724   7591.009965   7149.157300   5209.809245   7043.356945   7717.368344   7086.224780   6084.558927   6997.989965   8436.264152   7642.136441   6166.671657   4863.000207   4009.392678   6179.232761   8466.460280   
22.900000   4848.762263   4268.791961   4888.166102   5346.917446   5103.144919   5241.601608   5202.806512   7097.098506   6151.988632   7381.640606   2916.416950   4452.470976   8385.023088   14144.980735   4850.832098   6602.873141   4228.504824   5737.953004   5110.397847   5644.333172   6959.227050   5043.266064   5907.698871   6012.177577   5301.085827   5514.262101   4190.586330   5400.779136   6270.543566   5077.621733   4828.327964   4200.761795   5339.570491   6982.508986   
23.000000   5468.131148   5836.370724   5638.391489   6676.781178   6415.874597   6570.854373   5998.094367   5917.997022   6232.766639   5223.363726   2395.547987   4343.791872   12696.700910   14544.034085   5537.411423   4665.194349   3679.699683   7145.338939   6739.852526   5868.520611   5743.511763   3910.864010   6843.392589   6704.843134   8596.055127   7857.123976   5124.779627   6081.441140   7108.419629   7022.426807   5299.644713   5968.323393   5331.813369   7325.097340   
23.100000   5956.674632   4651.442153   6380.942742   6337.678101   5988.641202   5053.797116   4833.492601   3836.436008   6543.783191   5735.240507   2797.411429   5001.963281   14671.306989   13388.414040   5114.206991   4595.498728   4318.498799   6136.259694   6073.084803   4328.601567   5623.971519   3504.835290   4173.317340   4847.991533   6689.773385   4822.658908   6337.253506   5417.089691   5699.393219   6378.062443   3080.416184   6214.314542   4719.828790   8969.942124   
23.200000   5114.575522   5267.108353   4642.619441   5244.186415   4462.660162   5141.432648   4982.322814   5285.068595   4274.007607   5818.578477   3849.219441   5254.195717   12635.262825   14853.122002   4556.942503   5000.968942   3548.983612   4531.272936   4676.548038   4920.168348   4516.721890   4225.286616   4887.709658   5786.238586   5495.806576   5564.570058   5899.381622   4758.277837   4515.631895   5189.413185   4205.735009   5710.644023   4963.835780   8575.596582   
23.300000   6879.211387   6865.211567   5536.225959   6869.905173   5204.470759   5148.612105   8170.438303   5790.720182   6072.061013   4498.281261   4385.614799   4633.257219   9221.474644   15709.935952   6778.839512   4806.218692   5677.534913   6590.150177   6088.196124   5802.836838   6336.997636   3344.103424   4696.606055   6251.303222   7401.688261   7838.666482   8041.200022   5703.854757   6424.309934   7268.305348   5917.372547   6254.004554   5910.111750   7793.088301   
23.400000   5564.616855   4644.962662   5369.209455   4750.478005   4761.909094   3634.433887   4689.533181   4787.975932   5038.611983   5876.975374   2527.110392   6019.724449   12790.108397   14301.368210   3584.685579   5442.083971   5209.445815   5920.200863   4112.870068   5538.928049   5389.259481   4398.211395   3796.137413   5781.628940   5717.120789   4995.996237   6242.506369   3697.007355   5085.027859   5108.753149   4030.284052   5468.651862   5260.999999   7486.576910   
23.500000   5027.956930   5741.909077   7263.441731   6273.171631   7681.310151   4777.625703   6758.831652   5817.702802   5860.128157   6371.686470   2833.803738   3543.838685   12087.399553   12983.856327   5330.055541   6110.659517   5935.498386   6453.624839   7006.886877   5117.440126   5457.974132   4262.243647   4645.493053   5361.157675   7079.191432   4827.700379   4348.269447   4725.077377   6007.375591   6999.440999   5919.781553   5901.439157   5367.559641   8054.252349   
23.600000   8966.400341   4855.473546   7381.555400   4795.724098   6849.010757   5464.952723   5776.815662   5953.080766   6189.890944   6475.088741   3248.331246   3801.895368   9677.676495   8418.908773   5001.958270   5751.565278   7480.568613   5813.434235   7437.899612   6313.464849   6840.702110   4088.398456   5254.346269   6459.962062   5355.997704   4310.053491   5199.481868   4879.084384   6134.402894   7115.267794   5624.656579   7152.755339   6176.017457   7394.458556   
23.700000   6736.368738   7925.053891   5690.892990   9152.608628   5254.898219   7585.428698   6881.321417   7215.119439   6080.999599   6149.067811   3477.589354   5808.862139   9277.908793   10325.165870   6529.269134   7137.214288   6015.621187   8182.695288   6222.214452   7420.704748   5755.096759   6000.582488   7248.325275   8260.394808   6663.490293   6339.238949   7036.091149   8147.050153   8692.319094   5700.022119   5319.480859   6510.613857   6561.140053   7918.165917   
23.800000   8075.763056   6333.008323   7095.316428   5993.849575   5765.096639   5886.114892   6555.711013   5766.840322   6337.567481   4711.079864   3763.935846   4886.562485   12989.060192   13706.563152   6418.901063   5372.799364   7403.229618   6200.739041   6253.853808   5541.094537   6572.721349   3559.157997   5604.931989   6805.700301   8419.541530   6956.368357   5109.727216   5889.959168   6325.167826   7317.873454   5041.469129   6886.606769   5240.454508   6819.063182   
23.900000   8314.572786   5320.959397   6601.806965   4917.369668   5867.933199   4168.963008   6732.043750   4540.955814   5701.151796   4853.298269   3709.223233   4163.222002   11629.883236   12496.086254   5902.601168   4541.731453   7098.967707   4784.913235   5721.775209   5646.115129   6116.233860   3511.934341   4112.104504   5625.533056   7567.751763   7731.338705   5954.617414   3981.035306   4595.605918   6995.497744   5481.333109   6382.644448   5142.458475   6724.627776   
24.000000   7855.901356   6493.285889   6041.473234   6974.268148   5956.179822   5314.271827   4923.274727   6538.637166   5114.751546   7518.807771   3254.378204   5582.412277   9993.660088   12494.707843   4740.014031   6346.900774   6628.356263   7362.818772   5317.659146   5755.449658   6187.227920   4849.283611   5509.577464   5842.562626   6613.624345   5076.912978   5335.500279   5975.629772   6482.678984   7324.622188   5639.013211   5959.542048   5545.341345   7299.421388   
24.100000   7339.358834   7084.547060   5460.933810   8493.175619   5047.790914   6782.647191   4989.067095   6660.201129   5766.995896   8109.249303   2572.643940   5974.858516   13081.003556   15043.256024   4302.574393   6390.418407   5590.934736   7281.901362   5020.546083   6498.094661   5805.130298   5236.288330   5690.860251   6492.421325   5628.203914   4242.173868   8936.260657   7438.610129   6415.398566   5940.899532   4561.704726   5273.897169   5936.498770   9375.118619   
24.200000   6799.902306   4370.475989   6142.608888   3685.660956   5418.157212   5012.554523   4600.527950   4893.470616   5192.467716   5770.398497   2781.245219   4613.940164   15958.278750   12658.265094   4570.400754   4741.111907   5462.978137   4693.594100   5295.777478   6245.869519   5241.097751   4051.535149   5050.499164   6058.447376   6492.639948   6965.128147   6667.683293   4462.326340   5428.129453   7314.363924   5391.508179   6092.870992   5239.956934   6611.165262   
24.300000   9359.852325   3632.928731   7118.876264   6431.345396   6255.366603   4338.858744   5486.768500   4513.363881   7771.634833   4807.084885   4148.259918   5693.628795   10616.257478   15972.033944   5396.651827   4095.024421   8423.811307   5514.017801   6962.120452   4765.327000   9023.491351   3549.741736   4390.742733   4985.493856   6689.196308   6551.668055   5919.262676   4876.935023   5217.303954   6880.108876   5866.286665   6415.139789   4738.560907   9839.489807   
24.400000   6793.829376   5616.911097   6488.330554   4800.819233   5068.352314   4375.709069   5507.586759   4199.048867   6549.805707   4965.063950   3084.272920   4322.727968   15899.892187   14978.635610   5392.052521   3926.583688   5561.742530   4422.142891   6025.843603   4482.501556   6234.398484   3802.138550   4422.089225   4374.546171   5767.275847   6174.751427   4991.351402   4407.128062   4382.849440   5213.637793   5244.108427   6133.754895   4940.471655   8414.457697   
24.500000   5233.338670   4697.641692   4653.415762   5013.865268   4624.803853   5069.610264   4783.519297   6328.157596   4678.344331   5277.178499   3283.468491   5654.145543   19613.904467   15982.017828   3518.222508   6720.905823   4531.184520   4743.672150   5374.313320   5215.844708   4728.140515   4814.952826   5479.141505   5850.135433   5774.186763   5646.368359   5918.329105   4422.655266   5200.814926   4362.051227   5729.979880   6204.573641   5341.051993   8230.764558   
24.600000   5934.916461   5581.553578   6051.857603   4965.371733   6229.876730   4947.209261   7163.632059   4850.238887   6466.720218   5355.920148   3021.587834   3713.707161   12355.498121   14952.278411   6891.155123   4355.315208   5200.169422   4307.876979   6875.515795   6251.498444   6720.461275   4024.964395   5566.904535   5237.898067   9235.088004   7115.460864   5152.123600   4745.328764   4559.338416   6539.181069   5269.177126   7630.471484   5435.351773   6220.164416   
24.700000   5504.588755   5036.444963   4333.257781   5996.711492   4993.436440   4649.300533   4759.011299   5360.625745   5428.586538   7000.956988   3832.560741   3516.744489   14266.017662   14461.231875   4661.396929   5325.635515   5248.824516   5622.405434   5654.849520   7009.635577   5423.009912   4697.946133   4209.486430   6350.971241   4926.571054   5709.572448   5391.358943   4927.520457   4932.733205   5651.907186   5427.117104   5416.147839   5455.446673   8444.434641   
24.800000   6193.160002   4848.521170   4265.909688   5868.050141   5336.740159   6700.812424   7770.471018   6727.208612   6708.979892   6977.257222   2700.646036   4524.498429   10883.723078   18215.565899   5372.537266   6836.606061   5714.879492   6413.828201   7101.017489   8216.374157   7335.354391   5575.668743   7143.967447   8152.854268   9112.951289   5281.320052   5854.677774   5847.380240   6310.472176   6528.407454   5714.014885   5165.042433   6026.495194   8953.949491   
24.900000   8638.760558   7643.146584   5661.379732   5930.307993   9478.425529   6835.729311   8417.186580   8191.624099   4608.753299   8036.150185   3606.977303   5682.523689   14560.153832   14976.903477   5030.077597   8357.621249   7893.995850   8383.957965   7272.435127   10463.281464   6118.754983   3996.182870   8116.425188   8299.369624   9507.300800   8999.977151   8018.610946   6005.959859   6867.806454   8242.525760   8499.618498   9428.588589   6329.318690   6765.752731   
25.000000   10841.265863   5154.336298   7584.844360   5674.800741   10321.904792   5454.800812   7724.566201   6583.953458   6001.224659   7031.747319   3912.157215   3779.749864   11575.563821   18561.253717   7119.591397   10434.646551   9412.976840   7230.332487   6173.753388   10625.147174   8235.726852   5860.147859   5335.344752   5874.839768   6767.060304   7325.814830   6757.194831   4682.669258   4961.931724   6918.003125   6250.087542   7750.996174   5123.552838   6750.651392   
25.100000   12912.454919   5921.111368   6555.785634   4981.750039   13276.130787   4188.187681   5986.686712   7187.187711   3622.059616   5817.960522   3404.141826   5668.219862   18210.008531   15700.329593   6569.133359   13535.027563   12136.011672   9835.264480   6098.158140   13770.786818   6426.759349   4913.074168   4458.377419   5007.411237   5787.394655   4183.162885   5802.901873   4748.379892   5666.618131   6034.163746   4763.999551   4869.142478   5142.633562   5618.694986   
25.200000   6994.659003   4794.274143   4889.768093   4157.485892   6447.564897   3896.806150   6452.872224   5628.905736   6251.257112   6344.869523   2720.466847   6387.593588   10227.993004   12265.234857   6352.840854   6630.930317   6203.285976   4740.256448   5577.232198   6052.618403   6127.305927   4406.705678   4225.068366   5115.011413   5138.680320   5920.939676   6135.115594   4127.799129   4431.370161   5619.498641   3864.568085   4178.793795   4689.625378   6631.164902   
25.300000   6865.393541   6529.863990   5103.496711   6399.760088   5109.977838   4683.108104   5172.830122   5244.112224   5198.385412   5293.229473   2935.662391   4625.814918   14419.368992   16676.689982   5727.249328   4941.607443   5793.062696   6062.343418   4827.404012   5285.847828   4379.683186   3770.240068   4860.813080   5017.776669   4649.544215   4923.020703   7062.151643   5106.224927   5186.156764   4702.099350   4580.209398   4043.848640   4549.202392   8524.658145   
25.400000   6570.854815   5970.884186   3860.036152   6380.750949   4448.726968   6041.584824   5412.088696   5658.886246   5353.237353   7750.374388   2309.298943   5786.315042   11136.162588   16182.497715   5031.923929   5571.058170   4760.611392   7040.443531   4726.568292   5928.681155   4859.190780   5313.304668   5500.403012   6298.204918   5678.047531   4159.932487   7148.869409   6309.133983   7059.906102   5852.635980   5492.367405   5428.798081   4883.445050   7492.992935   
25.500000   6847.214898   4607.864995   5705.596356   6350.688577   3806.892367   5937.277625   4098.534602   4104.706768   5032.824736   5283.619743   3027.432023   4417.841275   13962.259518   13017.053211   4269.281567   4541.077845   4358.974574   7175.306799   4430.641965   4681.741282   5727.795582   5511.311566   5400.569318   5317.964171   4687.564542   6097.671133   4875.805558   6208.210508   6815.052171   5091.437334   4451.321446   4930.146833   4368.736348   6062.993367   
25.600000   6891.883742   4488.946841   6115.479706   5057.667467   4359.370998   3930.750182   5018.369405   4752.437307   4490.959112   4826.863055   3475.791465   4995.816477   10082.955259   17713.625657   5289.338551   4763.342811   6692.903620   5021.780561   4785.692178   5804.214516   4669.118029   4027.677017   4509.385843   5830.643790   5264.174870   6873.720842   5349.973790   4119.535712   5037.399956   4968.193121   4344.191219   5753.379195   5223.048817   6189.029874   
25.700000   6108.447148   4433.096358   6282.060693   5713.818713   5679.533506   4399.807494   6264.749259   3879.581495   5697.335550   4085.957932   4185.287708   5555.157421   9874.045362   15116.014554   5893.675661   4038.504551   5348.751993   6563.555119   5969.596393   5497.736822   6043.359872   3307.330744   4061.195020   4899.568218   5196.160320   6164.477866   5938.290760   5207.952906   6401.497425   4424.500604   4235.633374   6564.178993   5248.503755   5190.046773   
25.800000   6737.365409   5192.992504   5985.803953   6034.396943   5196.343511   5578.942261   5786.036466   5213.085026   6316.710615   4151.794608   3048.215256   5352.754681   13323.593595   17474.655876   6233.384134   5229.129713   4781.265582   6994.422300   4896.076551   5646.215471   4920.754331   3865.214142   5847.606744   5381.992528   5716.551311   5836.947785   5554.578322   5734.624916   6929.163908   6229.482858   5027.182815   4577.029271   4891.675110   6374.227900   
25.900000   8145.529843   4325.946503   6332.351442   5547.655669   6518.761807   5196.683616   6088.757315   5849.196446   6091.858110   5158.021640   4269.135093   6063.577392   15865.839167   12051.873311   5755.983116   5182.683745   5733.898031   5667.186834   6792.224800   5164.426194   5374.397148   3855.555439   5197.390282   5859.137508   5793.603168   6274.427223   6092.726365   4859.164648   5594.455515   6080.198049   6256.183764   4949.699006   4914.397103   6985.809932   
26.000000   9129.659893   5063.429024   5720.580438   5453.640919   5381.430494   4497.121854   6074.641467   5284.731299   5909.874073   5469.129743   3706.256408   4940.252254   13256.310529   14319.599138   4870.202489   5128.200667   5544.196723   4993.046545   6370.283017   5264.966439   5591.525781   4247.428060   4505.371822   6188.104133   6168.518473   5671.257344   6252.951508   4660.836401   4929.423900   5452.330511   5340.032039   5090.717086   4896.006574   6848.463268   
26.100000   7137.322061   5048.059398   7103.534105   5771.791930   6289.190457   4359.996322   6944.605731   4909.100864   5642.543230   5493.639937   3778.476161   5077.530653   17475.798784   16273.682243   6738.221619   4627.350952   5690.013634   6304.791170   6211.467838   5783.767399   5194.234791   4629.552253   4268.562473   5650.626336   7030.814139   6436.877452   6446.938766   4653.749900   5305.587861   6948.326661   6546.141795   3669.338910   5264.474164   7887.378067   
26.200000   6866.509106   6614.680946   6078.377674   5393.915531   5236.370987   5583.437242   4482.140667   5802.337619   4925.420238   6451.621620   2922.695661   6431.876393   13053.554679   12924.003568   3969.306818   4964.178773   5404.462667   5548.423672   6019.333109   5125.950349   6088.326616   5097.408013   5385.618323   5042.350574   6158.229381   5276.170321   8063.708118   5007.331327   5263.579294   7557.836916   6524.519715   5514.311083   4691.894939   7972.649663   
26.300000   6552.180155   4661.003451   6298.806743   4056.781735   6644.599087   4113.215962   6698.239016   5479.109200   6095.308949   6516.746054   3845.832651   4051.006680   13268.774914   15903.271895   5508.239067   5778.947284   6202.083562   4921.030292   6430.966211   5405.050414   6805.794518   4688.218407   4371.365707   5497.264138   7642.283971   7704.612829   4537.995129   3699.694698   4696.888293   6916.387363   4956.965134   6100.250884   5064.040690   6505.843334   
26.400000   7804.382406   5365.751918   4755.791121   5659.294112   4764.515864   4813.587149   6033.203487   4572.325616   6651.273364   5499.913003   3814.840698   3948.072153   11051.964200   13004.358222   5766.447711   4889.646422   6271.287122   5708.558873   5295.858720   4106.451959   5716.495493   5204.481728   4788.430051   4240.054279   6226.943033   7786.044234   7620.652229   4816.690556   5155.284031   5498.004147   6505.910242   6046.854724   4717.525774   6937.019679   
26.500000   7014.174250   7942.146355   5631.619830   6848.635148   4170.640976   6558.679933   4738.019034   6583.330477   4285.763942   6489.543803   3649.896699   4155.762407   11133.925606   10799.945363   3737.455530   5914.326956   5305.130735   6973.725094   4899.559407   6797.445747   4690.450034   3899.084242   6591.541885   7081.272288   6367.439682   6640.914455   6323.895813   6093.908383   6345.925796   5894.048781   5768.016020   5104.326800   5543.366584   6546.457716   
26.600000   7518.820630   5857.282587   5201.612756   6217.902880   5218.514703   4639.598913   4583.852579   5227.162463   6246.907432   6113.643672   4156.634294   5004.601086   13784.009071   17146.183125   4791.620858   5831.793566   6005.298953   5608.710571   4447.460004   4599.814590   5347.898682   5043.581760   4728.933907   4732.082859   5918.143003   6832.653851   7562.787602   5153.067519   5211.280297   6314.716124   6395.886754   5719.994932   4347.146805   5331.561631   
26.700000   6471.335129   6197.297723   5261.655255   6682.350476   4809.591335   5703.994405   5328.430655   5558.075854   5027.154749   5990.794406   3601.945356   5567.815403   10337.374017   17364.208905   5833.057955   5730.172927   5886.408792   6873.633331   4901.484239   5250.500186   4930.345770   5802.782129   5662.987889   5208.656512   6190.052385   7250.220300   7272.785947   5709.254917   6580.265656   5864.183151   6409.304895   5368.892891   4904.906298   6805.062462   
26.800000   4213.910866   6399.253065   3760.326956   5253.608935   4427.664692   5451.354575   5590.326069   6277.243511   6227.886258   5445.269603   3417.736784   5939.317188   11367.444566   18853.017253   6058.541677   6915.554596   4179.501271   5436.424170   4512.797732   5676.735408   5348.298696   5827.534206   5738.767866   6182.774235   4409.370830   6431.464489   6641.047413   5216.225329   5735.021942   3843.147423   5188.192367   5475.724920   5307.411145   6145.749269   
26.900000   6053.625381   4858.355192   4872.442108   5719.840983   4950.274299   5643.884859   6499.987350   4881.309669   5587.827065   6270.797956   3960.703210   5397.992412   12958.255095   15783.259683   6349.796395   6081.699202   5477.421299   5141.568375   6050.193631   4706.541392   6301.484655   5311.493408   5267.858512   5006.538057   6893.217720   8060.903682   6746.327581   5447.637883   5228.170292   5740.971584   5287.813732   3960.151673   4479.304137   6861.426814   
27.000000   5539.491034   5387.820194   5425.025088   4770.881581   6149.703859   5513.038081   6265.191895   4540.770364   6597.475577   4668.735243   3306.783924   4703.284717   11398.649482   9492.846777   6504.456759   4172.710975   5471.151764   5736.640436   6397.332234   5180.844409   6113.523043   3410.296821   5131.124763   6066.256875   5724.250892   6229.384637   4892.399756   5303.122019   6164.416294   5702.128578   4920.252046   4762.135153   4361.568801   7051.957560   
27.100000   5425.297780   4341.574156   5354.292546   4961.975191   5778.799825   4749.517910   4743.794942   5538.859186   4540.433566   5669.788149   3886.279019   5243.724747   10497.676139   9755.994066   5003.955841   5824.522372   4248.637532   5203.538568   5590.910974   4801.774646   3994.830223   3595.304040   5065.662980   5135.492038   5152.778872   4947.668244   4798.815224   4527.404495   4712.494735   5422.313875   4640.961354   5014.097233   4786.449470   5782.468218   
27.200000   5471.794952   4967.164894   5018.056512   4387.318591   3613.266610   4698.684733   4289.574182   5103.403826   5021.630295   4663.640008   2169.730724   5290.333996   10869.553928   14196.379703   3983.900713   5512.094919   4319.629230   4880.933151   3425.075363   5204.863190   4439.363462   4668.561549   4583.958368   5298.731425   5077.957437   5665.283186   7094.506578   4671.925442   4897.691171   5185.800281   4779.647797   5065.204559   4589.230203   6586.897661   
27.300000   7155.927871   7131.810959   5932.914645   6252.209004   6784.508367   5545.456814   7946.336149   4819.633072   7713.086890   5263.796098   4155.794982   5515.685098   13390.569438   19033.893490   7618.222152   4873.284541   6198.289461   5963.643041   7187.068416   5635.216548   6892.616068   5478.452809   5330.903724   6716.298169   8109.725591   6670.554958   7195.180809   5508.791319   6047.843684   6271.988424   4100.226825   7496.122172   4866.587695   7090.449808   
27.400000   5845.401194   5923.794062   3828.820154   5637.927317   3706.648290   5368.027884   3517.258088   6373.848720   4821.565321   5569.443750   2475.300296   5505.589745   15694.198938   19698.502900   3605.774227   6548.958595   4640.955008   5381.668922   4278.464935   4782.879090   5178.479485   5522.466270   5916.703811   5185.676768   5748.936216   6349.764143   4571.254243   5079.394028   4943.478694   6240.920538   5799.618773   6699.639752   4850.790236   5510.330081   
27.500000   4990.314256   4115.141653   3901.524137   4843.690394   4048.683522   4658.382546   4959.321448   4894.970445   6352.411659   7053.771928   2965.824391   5481.787041   9018.396108   11733.271966   5467.254877   5081.233441   4844.501973   5047.948034   4066.354565   4773.733343   6216.622637   4935.079054   4560.213146   4251.350181   5582.258706   6321.669025   6021.507114   4591.078214   4587.378601   5058.897800   4902.977298   4860.453447   5205.096225   4843.933317   
27.600000   5517.855674   5367.409476   5693.889575   3324.162240   4925.267849   4156.911006   4968.649499   5093.676152   5997.376106   5988.379296   4148.605247   3714.957525   9812.593792   19926.860860   5135.754298   4814.643282   5143.015905   4236.652331   5299.517312   5026.178981   6577.851493   5119.330885   4677.201399   4181.145779   6488.906933   5645.931747   5168.878157   3759.261805   4252.772905   6726.437037   6425.960966   7199.448900   4952.656964   6066.467747   
27.700000   4953.673951   5159.385022   3935.826830   5692.379387   3816.360768   5303.645819   5436.983322   6237.112401   5753.858519   5964.263352   4052.095859   5129.475524   9398.432503   16687.136230   5517.544945   5636.409832   4046.819464   5133.513306   4074.337646   6058.465661   5482.917165   5758.643608   5882.839430   5576.947955   7332.834297   7720.437317   7100.481768   5122.427832   5434.187062   6009.784225   6310.694603   6328.922553   4755.249334   5252.716639   
27.800000   6616.813737   4447.997540   5441.935677   4658.206440   4212.946891   4263.166431   3750.471513   5190.169603   4819.979545   4649.712178   3881.562416   3971.705767   8245.636262   14982.243140   3959.480849   5203.856034   4922.712737   4405.746917   3774.086493   5106.152203   4696.946553   4786.168839   4163.767644   5213.176043   5796.510029   4891.601353   4319.743303   4192.503418   4281.128589   5453.603437   5646.078232   5991.935462   4657.973102   6381.079840   
27.900000   4689.815751   6277.386275   4301.121052   5179.343190   3507.437056   4639.009816   3160.736050   4684.740003   4230.331932   6490.928021   2698.734724   5916.127841   10835.220778   17578.876611   3283.449554   4595.832961   5049.777501   5544.942782   3777.137531   5110.298546   3618.600255   5358.420555   4068.510415   5229.657652   4586.126705   3912.404168   7610.246410   4777.199281   5768.471800   5600.371150   4525.653980   4853.439406   4024.372535   5108.072499   
28.000000   6263.944654   5538.130700   4940.522497   4429.460101   3350.758415   4001.905452   3592.049100   5415.497479   5425.127966   6692.946151   2860.107759   5596.253119   16672.166496   16473.090176   3894.807119   5517.762987   5563.689754   4046.274677   3343.714041   4857.598896   4091.275156   5739.540857   4278.467627   4363.188899   5326.478189   7228.867874   5768.343696   3829.096174   3573.845809   5511.160467   6367.676734   5311.631896   4745.814530   6878.483964   
28.100000   4785.600830   4836.602159   4862.865411   3893.984551   4822.841585   4525.795485   5524.379417   5186.546714   6316.962650   5607.813081   3896.567449   5287.032264   10556.715270   12564.996716   5502.002472   4774.511680   5227.596636   4226.698503   5572.954621   5040.874428   5821.234924   4208.269193   4920.683221   5089.521700   5641.715464   6750.824117   5986.371581   4334.184877   4255.736312   5044.443004   5064.270603   6284.020678   4868.697506   6509.872577   
28.200000   6401.763660   4679.462045   4590.432686   4258.732072   4185.713817   3714.841648   4924.864865   3565.657767   5395.297440   3843.417746   3357.663584   4669.389303   10635.812508   16969.474189   4587.368008   3285.981141   5328.744487   4507.890536   4555.180328   3610.587068   4839.128498   3328.015254   3251.757484   4607.177079   5383.340626   4670.050280   5319.729339   3761.091562   4437.407633   4709.094376   3977.594668   4225.244120   3873.131406   5389.877459   
28.300000   5963.941679   5144.360130   5371.636366   4745.597678   4631.848816   4900.979742   4110.550337   5055.387122   4249.932596   4560.522418   3965.232644   6736.569074   13795.876643   13180.519553   4585.558813   4768.264020   5389.718491   5542.241174   4989.126098   5215.491049   3774.890232   4090.102228   4896.146002   5746.433770   4520.260758   5178.668469   5144.887637   4725.843055   5309.534340   4745.387255   4742.575008   5578.483787   4562.770264   5581.164792   
28.400000   5448.926267   6750.703674   6802.413506   6372.822724   6417.017258   5945.135777   6665.622451   5230.742569   6863.559296   5252.469415   5196.554000   5474.903827   9827.977199   12642.979803   7282.905390   5073.702301   5797.986672   5745.848938   6220.690906   4872.423319   6587.000666   4797.853276   5456.404356   5343.222259   7704.165364   8103.301574   5088.734624   5851.573172   5419.114298   7278.504522   6504.495038   8882.716229   4768.461436   6310.010142   
28.500000   4181.225249   5131.103744   5196.111874   5931.037532   4882.563038   5295.610415   5043.261510   4996.595854   4155.485801   6525.770943   3670.383022   4116.096120   13357.353423   18955.289651   4402.039213   5678.198293   3831.317163   5461.596933   4873.548656   4926.956519   4620.051963   5416.440472   5436.492044   4877.704406   6398.687072   7120.200010   4526.939949   5352.981838   5029.193952   6414.236392   6815.212845   6500.133220   4404.025700   5110.859552   
28.600000   6572.368105   4099.588643   5179.043641   3732.650008   4091.906641   2964.045843   4335.805365   3075.365495   3413.356742   3670.411404   3123.096931   3410.735762   9522.616435   14585.633498   3919.768219   3201.453696   4991.851549   3592.264584   3915.807132   3245.935178   3482.725364   2802.426314   3146.554606   3175.827903   4243.441871   4577.443561   6033.415224   2814.729889   3341.597961   3949.006045   4336.201080   4006.601316   3767.288749   7423.717038   
28.700000   4955.993599   5556.377591   4674.880564   5787.310185   4485.262644   5398.541278   3463.840275   5078.338976   4872.146977   4382.809111   3591.435251   4912.475853   13057.959516   12430.971671   3890.689358   4940.084078   4280.667873   5531.353781   4154.394390   5060.770503   4998.274043   4008.589659   5289.324923   5312.463962   4578.585493   4067.562378   6267.104867   5427.443830   5153.346291   4880.564328   4980.409741   5407.145575   4494.660285   5909.285791   
28.800000   7063.702491   5531.666237   4668.205051   5530.901411   4852.136740   4952.235908   5027.479910   5429.929989   5439.754249   5774.985332   3041.686779   6802.379917   9601.331561   15244.646291   5601.579728   5787.349142   5202.507743   4524.147523   4552.867824   4696.081329   5024.637817   5468.289721   4948.452307   4617.589306   5632.214021   7079.909429   7406.999651   5119.242470   4503.821555   6168.774929   5885.830433   6677.254982   4396.244707   4946.992499   
28.900000   4339.676592   6892.193698   3537.957592   5748.150519   3783.940885   4893.490460   4016.003935   5104.470797   5077.841482   5615.996998   2714.076262   5868.067439   7480.450209   9326.696161   4769.771479   5351.850331   3838.259592   5504.491586   3795.415236   5458.151986   4776.797814   4367.352840   4661.270434   4797.269522   6209.148530   7053.531269   5605.258263   5043.162065   5361.277217   6550.689807   6914.287206   6429.374702   4760.017712   5874.751145   
29.000000   6119.008033   5337.893933   3791.702490   5053.591883   3962.669106   4756.302728   3828.305099   5256.133221   5119.911622   4502.119852   3719.147619   5210.260616   10041.830585   13272.711377   4134.727796   4943.091476   5209.818406   5433.507437   4349.359900   5603.937870   3993.174095   3769.576734   4636.825427   5828.520388   3679.043294   4914.396224   3927.275871   4404.146025   5169.119402   3488.118097   3950.814877   5597.861154   4792.576695   4746.599845   
29.100000   6604.302903   5013.085818   5144.108331   4699.709419   4732.292829   3928.961711   5199.379298   3224.381191   4890.998859   3755.795785   3204.326752   3702.807184   10009.769857   6700.837878   5386.646934   3281.150340   5802.682669   4400.684571   5435.502930   3390.817631   4849.956525   2592.926234   3549.984686   3704.070730   4598.179612   4383.202522   5313.772867   4006.311959   3927.564181   4830.618407   4361.513198   4826.563130   4055.086990   4679.733030   
29.200000   5135.093291   6874.952778   3625.442369   6643.572102   3630.106537   6074.523945   3891.302525   6496.311504   3810.599667   6056.920002   2476.309678   4613.314637   8906.055617   10974.308320   3782.313655   6410.906080   5123.945020   5664.457154   4105.811708   6410.642163   3895.594271   5619.079659   6231.301723   5658.549029   5573.957841   7924.355823   6017.763763   6088.216050   5621.288042   5436.591279   5188.949433   6914.681804   5517.836431   4384.978224   
29.300000   7232.061502   5408.054900   5776.550973   5588.896698   5836.381999   4714.266575   6777.390034   5379.314790   8104.025041   6043.412546   4603.680074   4618.231377   11188.268540   8842.196496   6755.062700   4855.505151   6024.012973   5552.965091   6204.530084   5561.879344   7167.659791   3705.085425   4731.796030   5599.215071   6401.763700   8549.506517   4855.808195   5064.116702   5181.944346   5962.236137   5085.484544   6683.306534   4724.452097   5560.638187   
29.400000   5965.713361   5504.154492   5312.475982   6491.996383   5181.949735   6244.609214   4639.257984   7094.042541   5284.585258   5968.041509   3748.453041   4004.121685   11012.693139   12401.370163   4702.889608   6865.220807   5656.568013   6896.800757   5245.944878   6972.150855   4955.353949   4932.385599   6743.788059   7416.700697   8242.104601   9591.341847   3739.904899   6137.322749   6921.802746   7897.948478   7084.620777   7612.541041   5467.859799   5248.969595   
29.500000   6895.632154   6231.888696   4557.952393   5071.963891   4271.875908   4881.694926   4559.372845   3747.272134   4216.609314   4267.762849   4077.823450   4696.492361   10951.863909   10167.410003   4553.763971   3457.609626   5771.563170   5467.966536   4934.205308   4301.086285   4968.677061   3172.237642   4329.390560   4446.697692   5622.257397   6775.385194   4678.147494   4951.825860   5260.470544   5589.238756   5388.205883   7378.686897   4283.936679   5398.690459   
29.600000   6001.168521   5258.818169   4697.697884   4903.802132   4363.874172   4744.230332   4087.238926   4256.966360   4542.118408   4216.270730   3726.320040   4770.706773   9218.627830   10061.547655   3565.875202   4392.249736   4480.673055   5064.763719   4273.229324   3826.309757   4116.278916   3896.830184   4506.717057   4481.713090   3875.712406   4282.696323   6196.203482   4846.942718   5169.672084   4185.988586   3945.743835   5661.116946   4697.565018   5233.054078   
29.700000   4947.992560   5813.623915   4490.453469   6089.300953   4648.182328   6212.503434   4424.824992   6156.382066   5482.636436   5032.292208   3425.341195   4658.788100   9017.579114   9119.745743   4273.753498   5451.500101   3654.142755   6765.060231   4935.586387   6368.967083   5302.018839   4209.176979   5731.431390   6446.781216   4010.298999   5170.991242   6196.897317   5967.040809   6489.142218   4869.211980   4396.199295   6600.787884   5287.204503   5985.858096   
29.800000   4466.874459   3499.876446   4480.992827   4396.517736   4774.667140   4440.440637   4263.460715   4374.109163   4210.393664   5323.191757   2912.033307   3653.206779   11093.862307   7853.613348   4285.907079   3774.228493   3588.503159   4603.447960   4736.798098   4856.792966   4174.718776   3855.785266   4656.752119   5158.210920   5428.383356   6245.760045   5006.916017   4323.032375   4813.292770   5859.916043   4377.450718   4016.784044   4689.932457   5010.298768   
29.900000   5887.285880   5355.199832   5312.275549   5419.661416   5405.413975   5207.510989   4879.013066   5260.573575   4178.731706   5484.611789   4184.931193   4861.176716   7243.692623   10596.256448   4174.319991   4952.613168   5872.895960   6508.786332   5320.178110   5885.960055   4275.309646   4351.389713   5239.331717   6682.104420   6838.610746   7177.550878   5459.628231   5041.626224   6217.022260   7521.198448   6732.598570   5692.600074   4730.660387   4836.192203   
30.000000   6291.176729   6944.293570   6358.105746   6626.315106   5384.929861   6029.616954   5345.943348   6862.007881   5213.576459   5191.282042   4126.901377   5487.452221   13056.661469   12067.655721   4895.768577   6591.497034   6030.646922   5825.199056   5669.140278   6618.758025   5235.243097   5171.478418   6132.294808   6562.864498   7095.718703   7655.035620   4992.496742   5905.646690   5923.432482   7017.595322   7275.811520   7200.006864   7089.617363   4478.128688   
30.100000   5455.895588   4466.121181   5395.482966   4400.992493   5545.092302   3914.007208   4643.496223   3784.591688   5043.921954   4487.034205   3750.437224   4821.868691   8076.305667   13377.388587   4598.848629   3827.651912   5411.147267   4176.400632   5207.119772   3447.647169   4975.321614   4107.212609   3659.534086   3847.318536   6871.647319   6605.816829   5315.957723   3956.777344   4056.101592   7276.236446   6700.170337   6547.107322   3993.389729   5699.967666   
30.200000   5973.870844   5875.049423   5495.518837   6110.743391   5170.088082   5657.725260   3841.998124   5950.441339   4193.284721   5858.449758   3004.012264   4376.076246   8311.178601   13128.433323   4183.565547   5731.884532   5697.410899   5789.866712   4903.191630   5243.313022   3040.208080   5065.912415   5965.395540   5136.789977   5911.499050   6184.727769   4844.913305   5547.994645   5249.664710   6659.773785   5509.598945   6235.355909   5635.999974   5261.243724   
30.300000   4845.730942   4198.242833   4041.903551   4710.125160   5088.770678   4322.630287   4655.447290   4173.152897   4997.868413   4621.118571   3658.656115   4947.592398   7508.189867   12028.083745   4642.397825   3973.109894   4585.039513   4725.046199   5012.965971   4730.185327   4432.235847   3469.701521   4647.045591   4120.629414   5459.351329   6090.698327   4905.710866   4363.719497   4608.708938   5057.439074   3855.318926   5166.514553   4113.548177   5508.311419   
30.400000   8245.763739   4163.226458   4476.206284   5458.337255   3861.819967   4582.054971   4838.562172   4414.081058   5253.836895   5067.779466   2811.883414   4895.621114   7517.163365   7963.773378   4205.948297   4017.163013   5921.706178   5432.281790   4482.328932   5467.044774   4817.643616   3992.698275   4670.594629   4468.639960   5255.442595   4414.447627   5773.355446   4774.205252   4643.644435   5812.182126   5365.334754   4264.616333   4659.075312   5884.717633   
30.500000   4544.121021   5989.233248   4008.046634   4722.309075   4511.846435   3988.971592   4823.052837   3592.290025   6077.556408   3790.800420   2782.105665   4271.485602   7627.487995   9359.132143   5212.076986   3252.713702   3930.406696   5063.643669   4939.715139   4773.961696   5362.115097   2782.515863   3845.456278   4816.080596   6829.749152   7301.899105   5116.175413   3926.818058   4531.148458   6025.052490   5328.421075   5931.157937   4737.711108   4678.958779   
30.600000   6633.941247   3655.434235   5363.217292   4648.630747   4992.109508   4652.304033   4697.670664   4442.906642   5213.410512   3943.649029   3176.744882   3771.512947   9001.886074   6937.212770   4947.693611   3909.416865   5968.782719   4733.553794   5938.360248   4518.078901   5152.330487   3658.746815   4414.730445   5027.191219   5457.125651   5086.016290   4128.233809   4345.350946   4823.061402   5407.929249   4798.907075   3689.608901   4028.849293   4953.964175   
30.700000   5669.582711   3544.080192   5343.942563   4041.393743   4456.711635   3730.912961   4157.141169   3709.753668   4611.782395   4547.849038   3977.716857   3688.312639   11233.529799   5677.358388   4406.480990   3660.437969   5646.091650   4544.511422   3979.204270   4424.545288   5113.555403   3219.471267   3586.007567   4451.321335   5718.640344   6830.190353   4101.540828   3767.441293   4032.282575   5948.681389   6028.026529   5123.823323   4556.818694   5192.125165   
30.800000   6075.959442   4539.893387   5339.241640   4087.538533   5077.793587   3357.848419   5649.444859   3298.548866   4299.431187   3645.426153   3761.083747   3953.514563   12218.957628   8815.740770   5398.221339   3263.553086   5798.705701   3740.948699   5462.089591   3750.323812   4556.447526   3430.232185   3653.355650   3584.783254   6389.635330   5907.975163   5084.444620   3291.198542   3376.857938   5886.129042   6124.415836   6112.076978   3864.449024   7009.236745   
30.900000   4534.401407   3917.395504   2919.984572   3537.967013   3785.104478   3042.540060   3944.462247   3553.355105   4500.262306   4115.968696   2733.210158   3647.275541   8669.559624   9594.865879   3794.996949   2987.847529   3781.737292   4036.467978   3797.426975   4499.361160   4029.593970   3007.628711   3266.875339   4313.255442   5847.348439   6875.822305   5599.168558   3130.754732   3591.721172   5232.302754   5672.008967   5980.734118   4295.956012   5531.759512   
31.000000   3776.923301   3609.527192   2888.541276   3256.682289   3247.828213   3776.589590   4019.646413   4383.968494   5245.341253   4567.470489   2037.840181   4125.461253   9987.234888   10214.650764   4069.759290   4681.219431   3476.148942   3323.406963   3569.074050   4706.020389   4253.709099   4028.003252   4391.634178   4729.321672   4712.688763   5813.370117   4558.002018   3244.036887   3389.804979   4102.422630   4143.770120   4759.943589   3593.396864   4421.815697   
31.100000   4143.464346   6135.573851   4186.222149   5051.848444   3888.970460   3265.170112   4607.970111   3562.420880   4945.071448   4031.716226   3361.815249   3888.672928   7675.105674   9986.115651   4430.165913   3500.741555   4723.939359   5390.003790   3966.058130   3433.011701   4751.465791   3383.691642   3147.789377   3230.605263   5985.309507   6619.470148   5751.209930   4006.459199   4309.731991   6269.543632   5541.826658   5080.851666   3726.036872   4280.803400   
31.200000   4918.762251   4663.047233   3984.240141   4276.238224   3820.288229   3261.551964   4060.335242   3262.011819   5347.564452   3745.177830   3037.880655   3972.718378   10562.451232   9123.844284   4742.782653   3647.279093   4169.025116   4992.831566   4001.533703   3074.411441   4674.389152   3540.729670   3444.320478   3161.549090   5051.208433   5322.894017   4358.126759   3901.877846   4329.167777   4807.813799   4581.916449   4293.250315   3488.639100   4606.044913   
31.300000   6082.617464   4944.803942   4313.835564   5246.115167   4239.128852   4468.399674   4805.763022   4009.631463   5106.768525   4467.116589   3330.970794   4411.901311   8834.546995   9782.323348   5230.477090   3770.110034   4326.838175   4267.440672   4769.866263   4704.925913   4649.930805   2987.021969   4286.755820   4662.560244   4451.658154   5662.481991   6608.564673   4500.775106   4164.558563   4237.421467   3790.212041   3959.505238   3652.832555   5488.562600   
31.400000   4288.407354   6217.306638   4032.871259   4093.859015   4761.187029   3928.312903   4693.250993   4471.118363   5362.994770   3850.809832   3335.437103   3647.806422   6780.542674   6089.620881   5277.078133   4636.760194   4175.122687   3406.846431   4633.114148   4221.141478   4786.621246   3459.443603   4037.806474   3927.687039   5396.921719   6681.042998   3638.202959   3574.680334   3477.787397   5085.385782   5422.070933   5144.667249   4033.623697   4658.065126   
31.500000   3704.317730   5079.585419   3673.290236   3668.899273   3803.257069   3623.579415   4122.498366   3704.170845   4161.856109   4365.826366   3185.782790   4091.689177   5924.953285   8727.248155   4118.247566   3666.383474   4858.889806   3488.644129   4343.523033   3563.610486   4238.838412   3549.790607   3675.241086   3319.401363   3468.548244   4276.144608   5060.993888   3455.224521   3417.165750   3452.710019   3194.319206   3937.616839   3846.124978   6283.355679   
31.600000   5483.145102   4322.567559   3716.628864   3708.040911   3610.691731   3217.633432   3722.500683   2953.027766   4015.371798   3430.118034   2278.121030   3235.079042   8618.015749   7335.066499   4304.454176   2797.986899   4016.453017   3850.275741   3370.899752   3480.148356   3838.191190   2398.841304   3222.662022   3185.214446   4318.950472   5298.059361   4309.537401   3181.942542   3281.051734   4230.397030   4698.400732   4152.676311   4083.332130   4107.443404   
31.700000   4473.133287   4963.394389   3828.155165   5184.893220   3554.912523   4959.559712   4072.495014   4640.758453   3997.209542   5078.695509   2383.028348   4879.527528   6883.650146   9563.472993   4228.213895   4716.174624   3408.876061   5085.398350   3883.197747   4482.867259   3714.399200   3896.400512   4996.927634   4897.400798   5378.213689   5742.678889   4478.963724   5001.029141   5117.453725   5441.987762   5002.049862   5952.040066   3395.209836   4464.411997   
31.800000   4281.749827   5410.895890   4354.347176   5256.809641   4256.880618   4623.054844   4100.448657   4416.298673   3978.861231   5568.114528   3600.739327   4399.958991   6528.175054   11285.912347   3937.378918   5004.858353   4278.047223   5239.548800   4237.293728   4001.650383   4180.014375   4662.466562   4733.067564   4074.197520   6291.544034   5893.131730   5072.976350   4902.940014   5012.479388   6112.963604   5527.668570   5693.160573   3992.695455   3863.690325   
31.900000   5247.149537   5917.809296   4725.318558   4381.149427   4376.979537   3538.189012   4947.840505   3557.305207   4777.970080   3465.981935   3194.836640   3545.844600   5258.024040   7133.523899   4953.892232   3613.786739   4954.494546   3828.060102   4813.259738   3437.516839   4399.149379   3324.657093   3405.964075   3815.886983   6146.614898   5852.495072   4476.564320   3554.466834   3632.324338   5929.084241   4996.752506   5095.885381   3571.510933   5066.270419   
32.000000   7662.018907   3628.851856   5375.233138   3458.396821   4577.514255   3999.976410   4430.089199   4783.439226   4810.003618   3694.523206   4359.592982   3451.042946   8758.273297   8550.444607   4444.265756   4235.735930   7069.883454   3764.155411   4748.702777   4869.582553   4775.001496   3195.022574   4314.811962   4507.821461   6280.036828   7237.257813   3590.571039   3520.156206   3936.048752   6178.156574   5258.591996   6944.746245   4141.634055   4643.619789   
32.100000   5839.308780   3331.376740   4261.218935   2901.068285   3875.665822   2994.965728   3410.119515   3075.861381   3615.841639   2871.415239   2490.247544   3026.325580   7893.617811   8030.723229   3561.388994   3160.751241   4548.231672   2685.881019   3640.085848   3285.702851   3399.731084   2714.881950   2794.514640   3397.575123   4393.548432   4536.513259   4685.075151   2800.108849   2991.655501   4397.230596   4129.506910   4431.206377   3803.792236   4791.819188   
32.200000   5794.354578   3584.964862   3002.525357   2916.948918   2921.517804   2452.790236   3287.785736   2683.915999   4247.656314   3333.784114   2036.467854   2970.272469   6362.002255   7199.284807   3842.858726   2844.313670   3927.870742   3279.880581   2915.642429   3045.943924   3548.450819   2455.268807   2416.209650   2722.170012   2918.698213   3610.476022   4843.501485   2609.287686   2989.575170   2830.253251   2622.690043   3438.327989   3377.331303   3352.463399   
32.300000   5787.326887   5244.402259   3818.563263   3896.983746   3759.052861   4359.698547   3189.119916   4087.100823   3253.652572   4471.002381   3075.043088   4516.090620   8242.073693   7496.553004   3072.744698   3968.837149   4598.352742   4770.965568   3828.882504   4150.715874   3144.293136   3981.552477   4026.980099   4388.787970   4293.962898   5142.362816   5856.536352   4282.188503   4557.279018   4357.126114   4305.872017   4255.977741   4067.386876   4379.952763   
32.400000   5071.949983   4680.384237   3660.721577   3592.607228   3829.175703   3470.510418   3829.482099   3440.831414   4512.417544   3319.114204   2925.833521   4023.171188   7381.407463   7628.085462   3810.058970   3272.333838   4597.790114   3816.561992   4369.929265   3400.935827   4120.989316   3306.168482   3675.432024   3637.478992   4520.092887   5338.304439   4405.605582   3641.843659   4023.763431   4332.487443   4367.458288   4995.468570   3600.766618   4606.337502   
32.500000   5600.400608   4072.394806   3609.809279   4215.503358   2858.983165   3877.900186   2988.254132   3992.479151   3591.630444   4749.002934   2051.203591   4702.758192   6322.276998   8635.656269   2867.404467   4432.233351   3532.840901   4655.572146   2828.755047   3804.692312   3554.160075   3882.434660   3802.008073   3814.359166   4390.595366   5114.581154   4199.068308   3848.420307   4128.654214   4828.484019   5546.501902   4157.627230   3673.674529   5462.542367   
32.600000   5450.720106   4386.547794   4109.059648   4615.970802   4212.989799   4433.558091   4469.386160   4100.979401   4319.078851   3564.880738   2848.546109   3344.444847   7457.212020   6143.356676   4347.589074   3814.754964   3590.566789   4940.657319   4218.308056   4558.892032   4171.960198   2939.696075   4167.749670   4372.664963   4918.022281   4724.985592   4166.914722   4147.054157   4631.869621   4402.718928   5035.299818   4372.940037   4262.911315   4973.656035   
32.700000   6703.150186   3904.184054   4094.246987   3651.381289   3134.242567   4043.594601   2975.083331   3889.698432   4027.952684   4923.816579   2855.463657   3962.884698   7486.862979   9222.360395   3389.803387   3910.745865   4722.667496   3561.080884   3281.355086   4390.465596   3871.270955   3306.033183   3982.698793   4813.657736   5236.452940   4335.920904   5121.531287   3674.402232   4022.251871   4738.716998   4979.936629   5122.530706   3745.569757   4521.915707   
32.800000   4190.093813   5320.556873   2927.792225   4740.028258   3133.924636   4411.117014   3378.935451   3700.247448   3414.332107   4688.214888   2194.143841   3339.903433   7723.732791   10631.382579   3059.547239   4094.562743   3684.843955   4488.383081   3594.737601   3474.271846   3336.036960   3484.134939   4065.059678   3928.438902   3497.103436   4047.154002   4085.350336   4303.938210   4163.419972   3535.316816   3728.731977   4507.008975   3393.138152   5981.038417   
32.900000   4739.239676   6824.144095   3019.962424   5733.940008   2909.840291   4898.555909   3290.821775   4313.174738   3607.441705   4368.898959   2422.416551   5146.510908   7853.893424   7770.270061   3007.815288   4424.195307   3951.224800   5157.054035   3380.914811   4376.530650   4339.919444   3931.775437   4482.414487   4316.331354   4696.182753   4253.265370   6342.027518   5130.200892   4880.318735   5235.252280   5148.545952   4936.902981   3653.529887   5045.161784   
33.000000   5860.568127   3155.144396   3110.248623   2555.421766   3105.015988   2358.860317   2770.512282   2282.666635   3226.491744   3243.472161   1937.323525   3781.828993   7259.444948   6567.206584   2414.968190   2648.780611   3820.382680   2670.603226   2847.518044   2369.888411   2949.423542   2468.864257   2114.862207   2563.716398   3612.346185   3773.684353   4480.533431   2328.877084   2594.654405   3063.223316   2957.656658   3493.645223   3431.717426   4556.666756   
33.100000   5436.361965   3812.120512   3439.917284   3515.212086   2901.312494   2691.020987   3425.662921   2751.480158   3218.077844   3259.084436   1964.635211   2592.392050   6401.199177   6993.055915   3149.756479   2597.438131   4851.832007   3149.018407   3138.281749   2650.488482   3446.697907   2464.592057   2339.874783   2403.556971   3598.583869   3507.758000   3845.364982   2902.023791   2909.792541   3284.879501   3417.189054   3868.425229   3376.125274   4508.884397   
33.200000   4973.991259   3479.120182   3114.068149   3149.202847   2817.935704   3298.950673   3072.715428   3459.670344   3272.771844   3004.875484   2306.923967   3234.590395   6169.966777   8380.627437   2994.230585   3477.036290   4602.684200   3496.766133   2935.484728   3260.822481   2950.001217   2866.393523   3332.695056   3297.550441   3252.056714   3109.690781   4694.964695   3192.404743   3441.425123   2999.793462   3137.114330   4074.054460   3522.931652   3693.588025   
33.300000   5585.109382   2688.261851   3143.293867   3268.661382   2958.038129   2935.657777   3862.460781   3162.475193   4138.418709   3377.025099   1995.063533   3319.634030   7179.166703   6901.795584   3249.868484   3038.841513   3966.998455   2815.162471   3293.083584   2966.738186   4019.644170   3045.719309   2865.765187   3477.402816   4188.032970   4434.655473   5400.898326   2948.394127   2812.001634   3938.227540   3941.337457   4078.125922   3527.607281   4618.365398   
33.400000   5950.918839   3405.160686   4021.371375   3935.041633   3455.402629   4018.667426   3251.715054   4357.236290   3680.546891   4712.676437   2812.920181   3055.612202   5606.223348   6647.389325   3565.032683   4298.913854   4293.040848   4056.160672   3673.469791   4257.192341   3353.419193   3837.878698   4206.264887   4189.166943   4474.382367   4863.044252   4493.068805   3679.484328   3975.238459   4084.910456   3781.914271   4530.094885   4848.669721   5826.600836   
33.500000   4307.635330   3605.881833   3389.691210   3418.025757   3423.677559   3733.318814   3857.431027   3775.666037   4470.279645   3682.984176   2970.737911   3540.188004   9651.465380   7783.424624   4215.361670   4064.028549   3588.652049   3436.862780   3661.592784   4008.932560   4233.943788   3330.705448   3905.410443   3794.873376   4908.607830   4591.865363   5010.959040   3402.817659   3518.917040   4349.179572   4042.653289   3948.600382   4598.668041   3974.326216   
33.600000   4600.792788   3308.013575   3748.575456   2905.483171   3825.876263   2478.566424   4409.218264   2134.446595   4499.267997   3557.481053   3027.800702   3763.019101   7009.340069   6023.471373   4224.865117   2123.930918   4336.481884   2470.197475   4022.002562   2420.557431   4309.532899   2875.466413   2225.936875   2452.938326   4602.588730   4586.148955   4470.424538   2597.038730   2391.305936   4326.534818   4204.933606   4263.248305   3041.988829   4084.045718   
33.700000   4828.997324   4037.144030   3427.120316   3525.752600   3449.651316   3006.886374   3597.134212   2887.912385   3917.130532   3341.874007   2797.290222   3137.954221   7253.023195   8962.049926   3561.357660   2912.692769   4087.057062   3488.421694   3578.944134   3018.169792   3507.632034   2245.492112   2863.976886   3223.487304   3921.639305   4521.397082   3959.928194   3020.361205   3191.399598   3795.414288   4265.830769   3834.902202   3082.316142   4036.981266   
33.800000   4281.386833   4560.215123   4027.687484   4146.388300   3588.430481   3639.737706   3226.590928   3691.500986   3445.693256   4199.965156   2183.668150   3479.993226   5337.757769   8799.449221   3337.087133   3467.527516   4051.961213   4579.015612   3447.970271   3953.241011   3020.296535   2893.036223   3455.188044   3929.799520   4874.671680   4683.452928   3970.869957   3894.667859   4046.267919   5409.583467   4406.042250   4435.202279   3478.108978   3952.297019   
33.900000   3826.766042   4008.430919   2635.283100   2944.922239   2799.769305   2877.577407   3388.435553   2879.920776   3053.905028   3293.066712   2126.699993   2467.187333   7232.769899   6508.151546   3407.550010   3143.888360   3690.682836   3233.456098   3080.919799   2983.712306   2981.612590   3022.670702   2738.960062   3041.210702   3522.218098   4427.713063   3451.840267   2830.516000   2995.604716   3281.806202   3593.409194   3440.416611   3339.691012   4503.837855   
34.000000   4620.531399   5996.972736   3350.927835   5475.354073   2918.430755   4451.196798   2218.324413   4175.264983   2663.763967   3612.408534   2631.796923   3419.518609   6219.722476   7579.153171   2506.867376   3911.386531   3918.974603   5273.036221   2811.515746   4404.230821   2493.294130   3090.160196   4185.545703   4256.987297   3664.980961   4068.534588   4193.848849   4814.659605   4764.598159   4128.727748   4383.237532   4684.558705   3872.478872   3739.472559   
34.100000   4376.721877   2497.584996   3296.824452   2116.981453   3049.632029   2286.491354   2275.752260   2370.433435   2724.248183   2844.394151   2021.874155   2112.345731   5395.603956   7298.936942   2381.372301   2562.657045   3733.923874   2189.477043   3096.121566   2561.093064   2594.468753   2163.014242   2439.347254   2987.826024   3205.757290   2922.598736   2508.886888   2125.092496   2373.505953   3335.147095   3397.868228   3218.649229   3341.076459   4100.033745   
34.200000   3050.799346   3049.339983   2440.974840   2825.742570   2601.604571   2741.866429   2420.971612   2332.585526   2844.684111   3502.283418   1927.573657   2301.308579   7854.535680   6710.296049   2637.347623   2473.883510   3037.789668   3039.756398   2788.363187   2337.111486   2853.878397   2390.905164   2441.890452   2933.884406   2840.143608   3073.962177   2681.611642   2639.566656   2601.921166   2812.604470   3318.171556   2628.377507   3211.799223   3625.566601   
34.300000   3870.450405   2933.523552   2418.825585   2469.040273   2345.007510   2677.608216   3054.693005   2617.057626   2408.102613   2814.584930   2181.770710   2390.407080   10598.428180   6006.523558   2727.296378   2869.475108   2912.927838   2880.164005   2419.122636   2504.852169   2659.919676   2843.794257   2707.455086   2759.220414   2876.616741   2933.907089   4348.130326   2608.716938   2744.952640   2540.089042   3004.497982   2201.999307   3025.383565   3706.884621   
34.400000   3368.095688   2990.327983   3092.133802   3401.753238   2981.928945   3140.355929   3434.719012   3128.206176   3162.773000   3392.513049   2343.918340   2719.722106   6535.506110   5968.119053   3387.211442   2902.181288   3224.841286   3806.875414   2995.200890   3215.504113   3389.018143   3101.606222   2893.852666   3145.357121   4658.518079   4361.656104   4022.403986   3231.088055   3362.646966   4315.252435   4696.210257   3394.287662   3648.635105   4213.446671   
34.500000   4217.983908   2729.919481   2768.931447   3017.242874   2698.007782   2832.979888   3514.758474   2979.661874   3747.503067   3163.992803   2138.042140   3004.325551   4443.928575   6036.984822   3197.203080   2499.807121   3317.018590   2535.734078   3324.685738   3196.661053   3543.353169   2405.164399   3066.478282   3397.238317   2967.507154   2572.295610   3734.717119   2711.890449   2765.345543   2372.492673   2066.023349   2783.515874   3203.600382   3709.569424   
34.600000   5019.385747   3294.835403   3309.675572   3025.411698   2627.574040   2915.339528   2514.599780   3768.009502   2432.203494   3300.825333   1984.100490   3349.693577   6969.919822   6051.235452   2429.553630   3415.763999   3832.386760   2602.551837   2492.960971   3328.250270   2710.536976   2884.649835   3013.020367   3241.241159   3868.949080   3670.616999   3858.004455   2773.341889   2576.509525   3528.708373   3442.195079   3772.616479   3629.477707   4143.995647   
34.700000   5137.637930   2566.263042   3855.586405   2311.934676   3516.539509   2342.839585   3203.258400   2407.452801   3304.872041   3044.531208   2935.648349   2464.649331   7740.067174   5835.989726   3050.217085   2527.468204   4284.517355   2096.589709   3584.361572   2368.023771   3490.595440   2777.570760   2304.367242   2355.221595   3679.210498   3118.797452   4081.854648   2332.571765   2188.035286   3554.338089   3878.620787   4381.312258   3127.129149   3065.718637   
34.800000   5364.655928   3888.750576   3287.327519   2765.840029   2605.091558   2601.961675   2283.805421   2351.268536   2289.575974   2721.225202   2330.868636   2779.680384   5663.615916   6064.898660   1966.591892   2417.020545   4750.880465   2877.629042   2553.192494   2224.703659   2042.945373   2102.419391   2620.730861   2581.956987   2807.966920   2025.787974   3540.020431   2638.349432   2661.255917   2621.463461   2640.734196   2978.012330   3005.759389   3870.584621   
34.900000   4326.364926   4745.118401   3035.322082   3312.193154   2433.687406   3141.180592   2189.482787   3092.975649   2778.487196   2962.909612   2077.329845   2804.226257   6269.321463   4900.546976   1923.310231   3078.869558   3526.028787   3085.755925   2662.479029   3067.320568   2772.393848   2166.883261   3061.628811   3357.835856   3736.236116   3790.465304   3258.443516   3053.011805   3201.414806   4262.677868   3498.782072   4296.393330   3216.855420   3868.775347   
35.000000   3713.763544   3931.576699   2505.831993   2494.896654   2618.176980   2179.720160   2401.701354   2233.848752   2521.622885   2720.058278   2093.972637   3633.933124   7169.624291   4106.479500   2625.644981   1886.622524   2894.365124   2447.560167   2650.665251   2534.946350   2556.379266   2015.611128   2023.851806   2612.712815   3346.695072   3565.184198   3486.247642   2200.916676   2174.456801   3615.483985   3832.327555   3607.837999   2909.564681   3992.895227   
35.100000   3145.331803   3397.561061   2393.487386   1959.798703   2226.438745   1722.441170   2694.367481   1775.178916   2815.805124   2128.258966   1948.366506   2108.718806   4786.513974   4464.023466   2367.087443   1799.727280   2894.404160   2006.972225   2308.183260   1810.866192   2739.538316   2114.634690   1671.113399   2029.093666   2488.173327   2384.052860   2989.331267   1673.516075   1729.208857   2271.527883   2615.965919   2644.134683   2920.127276   3515.267186   
35.200000   3181.026058   3376.343451   2797.963465   3327.752572   2703.517286   2851.450031   2851.298049   2927.192114   2730.570333   2630.250981   2547.873081   1999.953335   6409.130790   8146.893744   2562.868404   2724.603549   2340.433671   3333.751073   2709.491299   3057.084535   3002.948137   2504.609022   2605.824342   3241.493445   3163.061343   3072.704911   3857.292828   3067.020615   3250.275659   3268.789704   3396.994036   3207.195522   3062.463250   3859.257412   
35.300000   2617.668673   2179.982058   2721.755181   2171.367601   3293.894694   2026.583703   3418.060788   2102.996828   3444.850930   2597.862187   1957.378669   1685.979888   4559.634004   5634.194702   3394.570816   2003.675599   2328.587844   2061.382860   3174.008026   2195.287915   3122.551500   1685.804815   2016.058757   2298.562390   4174.437170   4324.106461   3480.220179   1926.298978   1909.761906   3737.592825   3345.848844   2837.448037   3084.965522   4183.443253   
35.400000   2438.611299   2742.976383   1950.879461   2495.216692   2113.685136   2011.867080   2226.261842   2052.983436   2527.794069   2364.342205   1537.861762   2603.908939   4549.992517   4930.942994   2355.626167   2140.753094   2556.195235   2144.848530   2075.131718   1991.932565   2145.684823   1865.615698   1995.942889   2147.889045   2949.986088   3921.396279   3191.955298   2081.265749   2179.288219   2802.658961   2438.869834   2850.527914   3079.704062   3079.206616   
35.500000   3777.680394   2954.442107   2665.520976   2428.546295   2166.011683   2207.256796   2328.048744   2237.159243   2768.186535   2584.028188   1694.477647   2004.035638   4211.071385   4604.845903   2442.015492   2287.981103   2967.059539   2599.115407   2112.607960   2258.710147   2502.015761   1597.326901   2140.501927   2387.167801   2470.519225   2281.166653   3920.243379   2202.365121   2440.077832   2712.559707   2702.139691   2588.786899   3079.765980   2470.328415   
35.600000   3635.498640   2477.407035   2027.848335   2129.834393   1860.910130   2480.745659   1684.215796   2662.738469   2096.409664   2673.763176   1428.109346   2211.415980   4694.879465   5375.589580   1804.015419   2548.158389   2571.555671   2429.969457   2028.045903   2826.049306   2096.238472   2522.177347   2283.676652   2708.289736   2777.937880   3311.663837   3495.568881   2239.286046   2190.636526   2698.780211   2926.032277   2713.197749   3207.034696   3050.639280   
35.700000   3513.113119   2711.895076   1891.340468   1848.114360   1898.718924   1873.732507   1636.168898   1929.066017   1821.781401   2219.402991   1503.268286   1827.476313   5607.153257   3979.318984   1517.859732   1856.049655   2475.585985   1756.577835   1928.327459   1996.879988   1806.126590   1522.311192   1791.153697   1965.935532   1960.837350   1882.667868   2892.320075   1818.458656   1940.112111   2253.847149   2055.633107   1900.539352   3010.000602   4158.250095   
35.800000   3485.287689   1986.271663   2116.818156   2009.126144   2254.987901   1402.918080   2049.663108   1693.642865   1906.338954   1982.189416   1516.995781   1961.706488   5650.759829   4207.454944   1765.697090   1536.746300   2350.414122   1731.723100   2323.600824   1702.345997   1915.980035   1215.283589   1411.334260   1589.588636   2482.518198   2687.480379   2178.686825   1599.101660   1730.536585   2409.611938   2322.822525   2327.158848   2893.115023   3321.868954   
35.900000   2434.822418   2536.115862   2384.126261   1688.112445   2806.390238   1298.970510   2662.176690   1372.129246   2358.673610   1664.961411   2011.503363   1915.075803   4690.590651   4413.181461   2862.217011   1257.989826   2408.171728   1537.958200   2887.505913   1367.703236   2628.559740   1423.813074   1319.196982   1528.381074   3230.953631   3641.344693   2018.634783   1264.426976   1475.066941   2928.578560   2953.740150   2604.543883   2641.166214   3425.066427   
36.000000   2352.907970   1704.454669   2128.885894   1411.796753   1961.400763   1245.685818   1999.575233   1285.799198   2295.492417   2295.630001   1693.783970   1670.044799   4666.423818   5455.591543   1892.013931   1254.687308   2101.288553   1569.672149   2033.183996   1722.576287   2065.533195   1539.549483   1295.714112   1804.550268   2825.708277   2909.238404   2863.707230   1246.385089   1629.769839   2455.813527   1960.119050   2240.105139   2823.252890   3838.346173   
36.100000   2660.852222   2661.191604   2378.347704   2313.839729   2323.572346   2391.799558   2177.660414   2249.555035   2047.318113   2614.287498   1831.660388   2407.881799   4041.237015   5281.061939   1940.425382   2035.583153   2550.818295   2450.869707   2428.377512   2467.569727   2006.732563   1947.479672   2146.050389   2710.994434   2305.738522   2639.633318   2573.126724   2260.155943   2386.174923   2606.986978   2542.022297   2885.759642   2919.953805   3587.721016   
36.200000   2897.113174   3366.354315   2427.209159   2624.640703   2470.291952   2565.535559   2510.205089   2297.120261   2643.925365   2542.727408   1696.068384   2498.177270   4475.800986   5666.808630   2690.340659   2189.093673   2512.984828   2663.720910   2308.080699   2414.054903   2249.412163   1897.055860   2409.762162   2566.089322   2708.020513   3106.138590   2129.185206   2523.653119   2804.954283   2788.781970   2579.946881   2717.105910   3036.811880   2911.697873   
36.300000   3043.179390   1852.065416   1719.980757   2036.560941   1980.591219   2299.976004   1927.576545   2497.247195   2421.210893   2373.773294   1346.580758   1680.717813   4699.681615   5005.631374   2028.686838   2576.318601   2210.706968   2143.563745   2056.644158   2367.873880   2155.063576   1940.454811   2314.619808   2340.628512   2436.693907   2524.786870   2665.810631   2110.034173   2235.225283   2460.358560   2529.195547   2538.073300   2990.904573   2774.836915   
36.400000   2302.443609   2192.690900   2468.454743   2197.471694   2862.672570   2437.758030   2720.627036   2287.924889   2716.173619   2072.475117   1741.251855   2319.842279   4341.784229   4916.595075   2810.323083   1944.610903   2259.381706   2451.112755   2859.645599   2508.559525   2582.960067   1911.327261   2302.130644   2578.052209   3076.067655   3388.382757   3395.098551   2188.542002   2273.387845   2873.239963   2261.367577   2181.253793   2940.935360   3259.371494   
36.500000   2113.777959   2321.536654   1638.591744   1950.131322   1534.977947   1933.792461   1438.602534   1851.170999   1849.071382   1744.871015   1222.170034   2056.375582   4952.895244   5042.842487   1538.288656   1797.453858   2361.914168   2052.464481   1677.710998   1801.920344   1852.164751   1670.483911   1977.315233   1700.442463   2433.906678   2608.612926   2714.094083   1861.950339   1891.044144   2387.750573   2372.086559   2154.915558   2789.140810   3142.428913   
36.600000   2596.456343   2120.817174   1684.203049   1510.016511   1878.832290   1589.366768   1536.057117   1444.144201   2508.104736   2171.250101   1643.475248   1910.524987   5292.531965   3411.214379   1601.364473   1428.607286   2375.030169   1402.721360   1846.272667   1500.229948   2306.519356   1548.395105   1571.536318   1495.982028   1996.452228   2088.624120   3437.345351   1577.624843   1549.289148   1986.123212   2281.525856   1788.249454   2753.863875   2972.168605   
36.700000   3919.122334   2320.859663   2315.642645   2279.692950   2120.043676   2071.752953   1755.567589   2262.471027   1981.323521   2535.676938   1728.576914   1838.154476   4970.346741   4680.229917   1508.064881   2424.500170   3304.003062   1839.431859   1922.582077   2106.758390   1828.829881   2178.868504   2240.544009   1855.856682   2237.424515   2173.268186   3068.490435   1931.907955   1873.401309   2307.941066   3128.954815   2896.287052   2881.503113   2451.488855   
36.800000   2987.903154   1808.862513   1921.185965   1501.243191   2010.960392   1278.820277   2207.870039   1587.574037   2498.583112   2269.730656   1448.216978   1800.915831   4702.824083   4385.023116   2147.740878   1602.235838   1927.456695   1633.949862   1976.057425   1687.171791   2105.401800   1490.404384   1430.367229   1531.616376   2248.271979   2619.465453   2660.034866   1287.588972   1495.030775   2549.227961   2945.457430   2132.220112   2762.124098   2552.611404   
36.900000   2420.455473   2199.456935   1869.527005   2162.165749   1652.105641   2012.502039   1248.248109   1636.250594   1710.947752   2010.380007   1254.879027   1856.063939   4054.786486   3344.152589   1288.841699   1427.655931   1833.630112   2231.023078   1882.268372   1734.463653   1681.232690   1637.743875   1732.821623   1865.528812   2071.069957   2329.859050   2286.287606   1933.080306   2238.599827   2450.603429   2094.981281   2045.765520   2585.195218   2673.069355   
37.000000   3096.815171   2005.559353   2085.065873   1557.081057   1858.307092   1302.123525   1885.355154   1338.170176   2549.374008   1733.551951   1856.885024   1597.435397   5504.906289   5588.458768   2068.172406   1356.809072   2255.895696   1620.871265   2219.102674   1373.330689   2310.464663   1329.533606   1348.740345   1253.933477   2426.959223   3104.858944   2390.644082   1309.251115   1583.844108   2462.232266   2728.960463   2478.090303   2793.813016   2525.200765   
37.100000   2656.032048   2739.152675   1601.863117   1976.463077   1558.146633   1784.703503   1655.027058   1839.249031   1658.638852   2236.533911   1050.747915   2178.328347   3332.805219   3330.323842   1552.013198   1900.714124   2190.614989   1990.144656   1626.044687   1933.492796   1612.208132   1547.800588   1795.502678   1738.840380   2617.245195   3139.874641   2484.540062   1738.611751   1739.199969   2806.486183   2807.641374   2391.489327   2816.276017   2415.281029   
37.200000   2430.732994   2155.426212   1738.342867   1680.744852   1825.134498   1550.433450   1906.909742   1438.188196   1582.142397   1977.261367   1207.900897   2592.451848   2796.965617   4521.580731   1870.213322   1490.094841   1966.867341   1630.934028   1645.157276   1568.336542   1631.281969   1455.875478   1441.250355   1630.001673   2282.566192   2191.865825   2367.082157   1454.801126   1635.370907   2355.346504   2193.057836   1446.100143   2746.571763   2601.889093   
37.300000   3293.241602   1962.299776   1980.263308   1563.246460   1720.502095   1238.438485   1713.780836   1562.376629   1946.577798   2117.344468   1400.611934   2334.548942   3084.469799   4634.096383   1908.639126   1670.749779   2174.920863   1571.565042   1646.129713   1602.332901   1866.634234   1615.820537   1519.722987   1464.684653   2394.497806   2484.693028   1999.929037   1343.784667   1629.022723   2622.035571   2633.057857   1994.251423   2814.239903   2511.833068   
37.400000   2342.313333   2127.550092   1484.654626   1947.585766   1264.918042   1912.115854   1404.660682   1789.591088   2104.303397   1799.259411   1228.947177   1897.738292   2903.946003   4493.587832   1541.778708   1781.921746   1838.358809   2011.245061   1373.198112   1678.517917   1882.816659   1444.868194   1841.396836   1743.079750   1801.720667   1823.886337   1785.908800   1851.772365   2072.133627   1720.394668   1702.296623   2147.946173   2527.631850   2319.527545   
37.500000   2185.373368   1873.587609   1418.280323   1573.971663   1492.816630   1537.333926   1411.533645   1754.317045   1967.259045   2387.644790   1275.577069   1713.336979   3952.300497   3078.727139   1407.838762   1635.377888   1974.164474   1520.667738   1430.115567   1729.145548   1812.704784   1580.011202   1557.581023   1664.227085   2156.120306   2300.715326   2531.180404   1476.350018   1497.966525   2060.856041   1897.988324   1659.874131   2693.462009   2304.324323   
37.600000   2780.119854   2231.085177   1537.542137   1550.651524   1758.113972   1379.426322   1486.564396   1482.654930   1669.592722   2036.785316   1471.072527   1345.309153   4027.659809   2795.743340   1424.782494   1459.520043   2000.003528   1716.294229   1656.146822   1546.666178   1735.434642   1286.106676   1393.637375   1496.048847   2053.796159   2114.978182   1741.317558   1358.710953   1750.050128   2184.221811   2460.650366   1926.610973   2785.952595   2648.080025   
37.700000   3231.595889   2018.641846   2163.403149   2098.162635   1874.277011   2032.598578   1720.233359   2024.370584   1725.336259   2138.546992   1220.397533   1321.505746   3092.503221   3796.108922   1577.690567   1730.965394   2233.099033   2268.278349   1927.103063   2028.764214   1852.269385   1614.815658   1956.475304   2100.409554   2237.943653   2400.089018   2097.130735   1882.874753   2128.542536   2506.466947   2390.002706   2130.425898   2642.149063   2639.879876   
37.800000   2470.559677   1714.131275   1676.827128   1823.859803   1320.938535   1728.082814   1142.029547   1873.228766   1592.727409   1891.862671   996.057059   1307.741340   3660.542501   4218.853863   1220.955261   1927.487672   1805.719985   1861.175663   1167.999506   1771.860357   1445.381139   1830.378084   1703.102327   1784.508942   2211.007865   2375.466443   2548.132056   1664.540129   1819.161034   2427.421609   2213.766240   1711.224538   2579.993794   2357.082999   
37.900000   2925.028437   1982.047398   1686.021109   1901.874615   1567.772562   1830.097153   1521.441777   1845.729972   1911.613186   1784.205654   1223.336263   1717.979650   3241.967139   4074.399583   1702.867083   1877.246059   2583.852700   1975.997890   1445.650314   1884.562153   1792.418179   1590.460306   1715.870698   2027.532423   2666.562940   2812.431658   2358.382739   1674.744311   1964.821367   2859.752174   2426.432274   2409.285785   2745.708989   2220.728345   
38.000000   1600.730743   2357.374587   1397.421850   2025.517665   1382.622823   1647.766537   1679.340599   1704.601833   1685.809766   1856.365705   972.817814   1936.491198   3232.237931   3669.876018   1631.754457   1576.261840   1983.235057   1955.812976   1381.917002   1847.783510   1826.646908   1571.096150   1657.147719   1805.037936   2259.910808   2280.140496   2258.246130   1688.408205   1719.542570   2150.498516   2243.290946   2221.746774   2568.575450   2196.961162   
38.100000   1870.529937   2025.663940   1478.726538   1787.003387   1520.026556   1694.027339   1347.037725   1778.818566   1505.435254   2237.381969   937.585991   1413.000859   3992.082432   3334.085835   1411.051786   1707.250633   1964.697726   1727.890971   1398.165513   1839.967011   1390.248618   1781.789538   1576.644005   1668.490401   2393.605636   2694.638154   2176.058383   1671.326587   1780.942997   2346.886445   2197.616366   2024.432507   2620.889138   2926.052746   
38.200000   1907.130988   2711.141007   1518.548788   2095.663184   1404.384492   2150.948489   1309.954687   2210.053219   1459.336556   2167.068780   1145.602262   1658.423738   2860.840226   3482.888304   1258.039876   2043.705535   1588.253988   2280.960444   1473.281291   2105.913322   1422.205633   1733.513305   2140.509295   2283.985473   2060.658499   1883.474075   2177.119052   2056.591963   2195.910085   2144.245635   1917.126262   1823.177966   2916.790415   2354.720923   
38.300000   1802.829191   1901.736481   1050.724389   1696.626263   911.577766   1781.209731   1004.527689   1837.220507   1335.031588   2076.173460   1052.235873   1766.561705   2798.784049   4577.919589   960.855904   1774.318425   1452.592947   1786.172206   974.309077   1725.444260   1245.253220   1820.327831   1797.741165   1873.008296   1888.187375   1612.418255   1684.301003   1657.166077   1880.382263   1819.646401   1727.913903   1949.424988   2614.544031   2392.316795   
38.400000   1992.745211   2726.366192   1323.733822   1956.903383   1176.694681   1698.193852   1227.979697   1509.640518   1896.279591   1561.838582   1114.008771   2270.957138   2850.307531   3614.238440   1207.721474   1472.344319   1485.268830   2046.419491   1203.460115   1598.770107   1762.876412   1224.741285   1575.968766   1702.425029   1821.589081   2085.072450   2615.797200   1817.900115   1892.026597   1659.335168   1798.443509   2381.787867   2536.678153   2610.856247   
38.500000   1845.583073   1360.334026   874.120540   1278.133033   1065.511446   1148.748660   1056.307192   1309.648619   1332.539598   1369.554718   794.443765   1397.451058   3759.448961   4704.868771   1139.448491   1360.165577   1223.526965   1300.667969   1057.776323   1359.884675   1202.860898   1228.241420   1169.460388   1422.278391   1482.109481   1753.896007   1610.670200   1163.541485   1317.786864   1400.765737   1465.299363   1348.911440   2534.214069   2334.093799   
38.600000   2532.949601   1374.087446   1367.550064   1158.877529   1206.517111   896.853531   1321.161388   1020.233066   1572.944440   1354.528128   971.199513   1217.518733   2263.182760   2805.750627   1249.978493   1040.311189   1808.890503   1109.661770   1164.049587   1159.910281   1466.710446   901.190750   1004.542829   1141.528025   1554.498150   1620.070875   1771.941022   873.980460   1193.933769   1512.398710   1496.270935   1354.248694   2588.018688   2642.984622   
38.700000   2255.695340   1404.162079   1142.573090   1155.330357   1097.301629   894.056226   1388.911886   943.242705   1767.138354   1514.949613   855.053381   878.267073   2883.910465   2232.161138   1489.051172   914.477358   1611.126790   1066.008339   1221.395066   1112.734643   1537.049770   866.566693   895.127544   1014.286382   1357.596262   1722.107638   1158.908310   907.999030   1100.979632   1248.382178   918.908352   1197.796787   2390.006255   2119.648327   
38.800000   1484.448241   1253.212244   1249.540789   1239.604911   1222.247979   976.969878   1177.445444   1063.789369   1370.229286   1600.780066   903.677081   1195.097396   2676.248575   2292.597776   1152.652772   1070.573706   1422.168333   1140.404144   1173.231298   1029.063184   1364.305499   1013.253081   951.814020   1030.741105   1560.943668   1612.955125   1332.000777   1034.783985   1132.176585   1512.385705   1215.768606   1275.528224   2425.626929   2137.512694   
38.900000   1794.622715   1512.638797   1173.888491   1373.149331   1202.116885   1161.213990   1244.307159   1376.229094   1985.648855   1605.433371   1129.859664   1185.457396   2718.764019   3280.464153   1402.043766   1340.228538   1380.800978   1303.000426   1163.772583   1337.382328   1785.004090   1227.312850   1237.196633   1229.255357   1575.269066   1769.915797   1783.165174   1245.053053   1320.925448   1729.761688   1651.782114   1674.575067   2498.594755   2245.934196   
39.000000   1736.796587   1404.674348   1149.862872   1211.285248   1061.965342   1019.574010   1079.621329   1097.985811   1366.339380   1500.896046   759.804847   1057.230153   2709.739951   2483.131849   1072.609824   1118.445082   1295.797293   1243.373833   1101.055575   1177.041979   1337.357040   992.006995   1082.232971   1202.777248   1483.335838   1665.466384   1802.184381   1052.194235   1179.774581   1497.671930   1475.570638   1496.624442   2490.434867   2407.685414   
39.100000   1418.112597   1568.771762   1046.415902   1256.306900   930.589684   1069.851397   1043.675058   1197.402760   1480.498752   1372.475924   843.101155   1098.128629   3191.318060   3013.157919   982.482632   1288.570953   1109.947910   1302.938297   1005.204778   1172.802850   1369.403134   1068.327210   1067.801939   1182.928784   1369.425881   1530.480121   1533.271367   1132.594343   1279.575304   1336.733427   1170.991545   1385.405367   2551.295375   2246.223477   
39.200000   1606.658153   1732.173225   1065.857511   1460.536624   1024.438817   1455.528130   1261.327677   1451.405021   1595.699289   1550.921449   832.812902   1342.830541   4037.828196   2797.052993   1265.731083   1450.677799   1218.366701   1406.896989   1096.860534   1621.846465   1502.523237   1045.581717   1382.289070   1591.152094   1872.632452   1990.454258   2189.879962   1357.162753   1482.632312   1894.418511   2054.152633   1746.319773   2457.248171   2142.116820   
39.300000   1562.588740   1134.970561   1113.126650   1042.802460   1140.623714   1076.392908   1170.603289   1107.366281   1462.790587   1375.025208   1021.197863   896.540068   3129.284752   2408.616715   1094.384523   1101.970369   1056.477324   1048.349974   1198.487067   1044.120727   1446.566195   905.056476   1027.491368   1096.571690   1271.822920   1411.554546   1578.342100   984.949039   1124.287608   1353.892261   1357.750699   1276.881606   2312.911569   2066.455113   
39.400000   1335.737179   1694.441238   978.888979   1225.405029   921.498685   998.189865   926.901362   1011.111882   1143.519621   1381.994324   756.529138   1140.006773   2516.848295   2446.506796   861.019041   963.618546   1172.608364   1173.599177   915.673772   1059.679581   1165.518555   901.191335   939.845190   1164.746402   1379.396674   1502.172322   1542.084972   1019.884760   1162.332249   1402.090589   1095.751116   1330.501475   2252.037778   2034.095898   
39.500000   1351.617197   1013.229006   1066.832609   1135.966312   1001.081365   965.970231   939.932583   1022.206678   1343.533658   1306.342823   822.713671   944.284541   2449.036046   2241.780436   965.313510   995.120023   1098.796220   1099.716504   1035.038543   1069.689476   1222.921171   818.613552   1008.438612   1098.013139   1176.316604   1234.261917   1135.607270   986.917942   1198.587196   1142.389772   1100.736887   913.022615   2387.731794   2062.216233   
39.600000   1823.989026   1048.328355   1250.072130   851.019559   1167.010640   770.553962   1356.063565   755.339188   1637.069952   1157.928839   887.732598   982.803129   2413.562764   1674.902251   1441.609955   722.207427   1372.863851   789.380954   1119.026859   847.608521   1477.659286   666.925847   750.993216   860.258718   1201.052537   1269.747657   1444.051599   710.082508   899.647044   1139.946626   1213.858902   1186.861510   2395.182035   2075.069670   
39.700000   1016.119903   1269.274200   933.875585   1206.134137   871.739552   914.555273   962.988733   996.965386   1327.621144   1310.507404   882.898101   936.238428   2564.146123   3510.169849   978.857810   982.631261   896.594026   1034.887077   913.436512   912.335699   1260.872800   1036.614206   921.729591   1003.182878   1501.367674   1643.295370   1369.328055   964.393645   1117.366291   1302.238659   1161.955417   1305.247019   2255.774457   1932.594948   
39.800000   1036.528793   1446.534363   997.033424   1331.603092   894.063853   1159.352849   816.287563   1110.277107   1256.328573   1440.328435   872.368195   851.082644   2631.864926   2430.451000   872.094165   1052.927765   1078.179424   1319.866469   1002.373523   1212.336300   1197.945237   985.075544   1037.001637   1192.041186   1197.537104   1314.232903   982.385083   1095.037698   1305.045734   1090.967074   1123.432717   1558.820335   2278.394834   1892.285126   
39.900000   1437.689337   912.285492   898.068976   1014.969597   914.269738   1034.697782   908.879851   1033.930594   1183.126653   1223.549581   704.698377   1184.155634   2715.906507   2688.292390   815.981645   930.051371   1152.121047   994.830050   946.669986   981.968546   1161.659456   938.629676   987.374818   998.570327   1135.262648   1142.669973   1400.357063   982.078290   1046.521604   1040.351011   967.772722   1009.232282   2276.451660   2085.580833   
40.000000   1175.886292   1066.670642   747.041020   984.730665   770.934398   791.578395   787.393193   864.271430   1037.003797   1314.663789   595.412388   1165.685269   2044.430571   2225.995023   692.797185   902.871324   1127.020036   887.327958   764.812392   850.454122   1074.909005   928.436395   784.993286   851.592148   860.120204   892.373660   1376.831553   804.731356   925.763850   856.666973   814.794744   788.507492   2351.134993   1853.917399   
40.100000   1280.977065   1248.834626   841.588795   1483.784738   880.121582   1308.891052   1033.585449   1379.813377   1332.400848   1334.058196   728.721154   1035.136251   2372.135524   2227.477750   921.232081   1365.585295   1283.000564   1505.211091   939.324946   1286.304474   1346.905614   1188.935202   1283.822929   1197.863464   1376.204182   1387.893575   1391.699969   1343.049958   1449.256329   1462.845589   1369.891901   1454.378953   2321.285374   1968.191986   
40.200000   1454.743129   1033.517582   934.111481   1074.946399   942.040448   1030.669259   842.131665   1154.937290   1197.443151   1263.487483   574.529558   908.306170   2345.816975   1922.043925   791.227689   1133.058330   1144.791843   1107.078256   961.473612   1138.418493   1112.381266   1009.025305   1055.073127   1153.459645   1218.151215   1081.343760   1028.209560   994.113216   1178.633240   1222.052362   1105.321963   1029.729337   2320.025272   1815.123130   
40.300000   1249.261335   1329.020246   931.319363   1070.736770   891.945990   932.042450   1024.227700   985.989451   1136.110259   1314.763317   756.020324   876.919210   2233.157481   2740.590615   1006.500251   962.046443   1028.840327   1022.860347   940.584277   1052.932798   1195.209008   921.937268   937.998630   1044.401298   1375.053924   1352.745582   1220.273719   891.234539   1096.284437   1309.505631   1232.807681   1238.880356   2299.523896   1765.484770   
40.400000   1085.474996   1073.784644   800.764880   900.097273   763.728645   869.221829   930.723114   913.364835   1212.050480   1194.255013   864.749551   996.775700   1671.308108   1717.865291   817.618020   849.944323   967.101715   879.771896   799.285878   958.533580   1144.663097   738.973745   874.209638   975.443703   1223.517205   1272.384456   1292.777434   794.425535   923.639194   1106.918522   962.246959   1001.201728   2277.214395   1808.456645   
40.500000   1079.395505   1348.158831   926.286510   1093.583758   887.848577   982.186290   918.802824   1025.038073   1171.554304   1234.733434   675.528242   1067.801532   1857.461456   1703.161283   853.637398   1044.324114   1026.921679   1016.084837   887.554195   1058.172028   1138.372712   878.152054   951.536482   923.408561   1079.633171   972.629078   880.424348   956.750338   1050.593174   1057.741736   1082.691678   1091.268202   2290.535540   1801.188705   
40.600000   827.547287   1166.630966   656.100674   936.105334   715.096823   786.785706   778.554771   827.892279   1192.625746   1122.701366   495.384579   919.574010   1493.997097   1819.431191   736.388496   775.982809   866.388536   934.178510   717.951004   882.500476   1130.362659   691.561219   796.403551   973.447665   1005.435464   1035.514084   1037.396562   781.139487   1006.372499   1063.916285   1080.970520   921.761572   2270.699167   1691.705908   
40.700000   1062.814970   1064.241733   682.368596   985.954518   637.708983   812.285001   692.025348   765.847522   1059.083672   1108.173459   417.311184   923.681464   1610.653644   1476.807572   614.879843   777.229404   816.298979   942.940130   667.627904   826.578557   985.684884   768.829959   742.169881   889.256856   932.313395   817.886470   899.552679   824.015741   955.430734   1081.108969   974.101741   917.187858   2194.300858   1848.009524   
40.800000   1095.829621   1059.058661   689.148323   1123.925202   678.970158   945.961599   822.228951   888.208144   1130.889769   1295.029086   596.546799   801.612834   1632.390494   1418.891149   828.465994   870.314584   950.830184   1043.926074   746.818340   968.139686   1026.149815   868.363608   910.307521   1000.661012   890.849235   932.324927   1448.767524   940.350408   1049.163799   964.532800   849.451054   1033.437016   2228.916737   1841.001644   
40.900000   1015.188174   712.413323   715.810180   777.685464   709.625423   617.863919   708.271288   666.774822   1082.069741   1072.120473   560.844115   589.614587   1929.456021   1752.092752   762.732608   671.087219   987.504719   643.969950   689.135545   677.314220   1025.460014   647.459951   616.359362   687.170661   852.907084   955.649659   1110.783255   602.667128   792.481413   823.639690   750.084589   747.592254   2175.981991   1727.166692   
41.000000   990.837968   794.302099   786.355415   842.560469   708.597382   729.841105   726.097289   779.315220   1028.174574   1065.179351   492.177518   694.345159   1583.105267   1455.187961   738.087480   708.093485   984.835060   805.719518   705.653573   852.929259   986.902466   729.045453   761.737513   884.353978   962.012419   1067.385003   889.960661   688.455172   919.283091   1003.237798   1038.546971   748.241632   2238.928075   1744.157220   
41.100000   873.107515   1031.025937   566.647383   999.480313   561.380897   916.698024   630.717235   986.509848   914.700274   1341.926567   377.512745   752.210783   1728.357170   1516.629232   622.190239   1012.202063   702.014005   987.465221   575.081286   945.898251   872.182820   945.365379   907.134371   970.572078   977.938502   1107.955757   1063.094581   860.928029   1049.278498   935.901681   823.811055   963.046206   2229.022130   1884.921783   
41.200000   1173.875043   953.815272   815.267632   849.765163   783.019407   771.004897   790.157922   806.163517   1180.591469   1213.597340   595.964410   729.570850   1343.940699   1806.140102   758.039161   794.994741   891.309293   835.151215   754.356056   858.711671   1125.182221   782.114650   786.962929   816.508517   1034.710949   979.834745   1090.337705   717.609803   953.674906   1049.526822   994.925746   807.058918   2173.529205   1707.957990   
41.300000   725.517390   908.418025   594.737805   807.263689   548.871595   703.592482   586.347114   790.122465   911.490826   1130.491709   389.398209   624.771916   1075.467362   1751.375370   536.914400   837.186946   741.351600   832.986356   606.229575   784.698128   858.702312   762.908122   720.218538   777.161461   849.446895   985.594339   953.645151   705.710258   905.135688   888.810286   779.095239   734.108759   2241.866708   1694.812420   
41.400000   773.560554   661.580123   704.909388   665.217883   712.288672   527.558881   701.876805   629.201518   1034.211921   1038.839606   513.027285   520.166835   1423.637412   1236.007264   674.882883   642.363769   822.711794   629.318293   776.975280   680.857329   933.922092   671.176449   579.094749   676.142249   877.923381   861.278212   979.592300   523.117003   747.713708   845.015069   669.475546   713.673661   2135.035278   1780.343706   
41.500000   946.690415   628.888613   785.716141   736.024056   706.358942   558.215892   706.563670   639.052114   1034.574847   1095.018194   568.306483   602.719761   1191.333022   1690.680481   662.916229   632.568537   932.502088   672.574658   754.683102   720.788975   1031.064582   675.497812   599.461529   724.563495   928.210148   836.226995   720.719428   535.991994   772.911643   902.095166   800.130747   772.937379   2145.873184   1643.491481   
41.600000   925.475725   708.033513   612.964617   764.503113   535.431590   599.181448   544.990568   636.130797   976.837527   1010.262117   393.106349   585.438707   1124.301710   1210.823644   506.899386   589.393445   769.925796   685.005044   541.240188   662.235827   920.512930   668.462082   610.787085   690.210582   755.681804   871.409992   753.877669   581.933328   779.375156   810.034734   637.315072   755.003549   2087.042216   1674.876500   
41.700000   727.876076   689.805705   537.536518   708.390460   509.556334   567.202173   566.413934   619.062803   1015.433109   1044.467319   354.375909   606.697369   1300.888139   1070.798057   548.734738   628.632440   754.714828   623.261865   546.755140   646.796569   942.306605   703.290919   592.161177   650.344730   648.028461   773.767676   604.319799   557.055842   765.929003   667.569906   552.482082   600.616251   2129.368613   1638.610422   
41.800000   929.927190   870.527380   661.069927   661.444112   576.593125   548.220002   529.115588   615.551113   939.534392   1065.228881   379.679743   618.993457   1049.397912   1017.983620   498.779195   602.951949   839.367430   632.435458   568.090494   650.508229   904.302614   632.338363   588.122898   642.038539   670.401893   732.905875   878.199813   517.451983   752.589104   740.359448   614.985469   630.338073   2097.062980   1686.136651   
41.900000   628.211853   841.287134   588.203308   814.325768   595.377691   594.639674   552.874650   592.225324   905.448329   1101.558539   421.789894   589.342743   1215.751367   1008.729765   512.169082   617.298970   675.439336   778.497953   586.963495   675.607928   898.776080   694.743480   627.994990   703.020618   771.612945   694.050118   858.859770   610.585565   830.623012   810.172087   635.369669   773.859022   2120.094620   1668.017028   
42.000000   623.461052   690.473977   486.049325   715.028400   441.164819   527.025369   467.007415   593.421708   909.597292   1059.173232   326.878450   591.922720   1318.442507   977.707395   491.094685   596.995620   677.496893   652.114896   487.993695   606.318846   844.365263   614.837559   556.879614   608.466618   576.195424   703.056830   652.460680   545.930978   775.300587   621.895344   499.926062   540.242718   2074.231911   1628.032672   
42.100000   677.199456   559.284962   495.562478   598.393856   478.178504   479.954953   515.268016   573.086751   875.391915   937.796983   289.276794   543.458908   998.424443   927.501001   496.620286   567.405728   650.558800   569.252933   524.770224   579.531968   819.661806   557.724428   525.474905   576.785964   518.995506   627.447821   616.824788   457.744520   694.948574   574.602169   517.539694   517.416194   2060.965586   1587.367059   
42.200000   882.147288   756.507014   523.289056   625.212697   502.929219   564.571620   548.582999   617.657824   922.559251   959.744470   316.156644   482.014062   780.515439   893.235228   508.900189   620.313249   670.533008   592.972764   550.103846   679.791557   878.256845   552.757605   598.575743   657.081663   601.902904   602.988796   777.574557   543.713588   748.198353   617.614378   505.936457   519.994080   2098.765869   1604.803376   
42.300000   725.601897   620.614815   523.324061   606.476278   496.830614   476.219367   520.471325   552.117204   927.360553   940.667753   328.967559   586.581798   806.548389   1057.524692   516.957987   563.214076   645.132091   572.868678   512.920933   570.754547   857.077447   552.653957   530.994118   579.459834   622.800662   774.383387   732.338555   469.033714   701.932092   653.128415   563.511995   573.972583   2065.502970   1597.146046   
42.400000   626.533573   662.921254   580.287815   667.028183   533.206106   546.504633   550.575626   579.405823   903.192819   1007.360805   350.752181   496.729561   1221.765722   1072.711929   532.549618   595.757554   624.965680   654.258192   538.246460   638.232955   864.986055   615.779113   569.056083   625.280082   721.559012   780.991848   755.027321   536.570146   724.338697   759.368139   588.249673   659.391144   2042.064257   1587.413233   
42.500000   572.979957   718.871040   478.263705   606.216643   501.988709   507.810632   494.896551   559.145630   856.491337   1030.251892   338.148118   517.484785   923.245144   1039.786762   468.665531   582.573410   592.981613   612.473952   525.993272   638.348206   828.455597   629.552230   548.849437   628.621791   643.808481   631.680070   567.133642   511.213729   731.953739   656.330615   522.503366   510.707914   2056.339677   1595.416002   
42.600000   654.088344   605.772212   506.470104   618.845739   483.242549   496.966102   488.724694   575.488412   859.842079   943.689726   292.531257   479.467960   837.335747   1070.612672   446.560317   545.348357   611.770276   580.048177   517.603381   601.623378   812.418556   589.454833   526.695875   594.495200   652.384899   599.944071   617.617439   490.632672   710.689671   684.558747   528.492554   556.868739   2072.837062   1599.221512   
42.700000   520.343981   688.860582   472.860190   664.187099   477.173294   490.941526   523.908793   583.556832   888.561020   956.494912   292.005430   499.104796   1060.303642   1194.941121   570.511187   580.118280   597.262027   596.900175   496.118965   613.836736   829.760041   635.831815   530.076510   588.880287   538.402249   625.784322   680.032869   481.902652   688.102895   547.772877   390.839907   550.746310   2030.363988   1585.965863   
42.800000   508.208438   579.334652   482.532253   555.033864   458.951977   395.091424   482.270502   478.495255   841.866324   904.047451   277.198188   391.691831   1132.899156   954.559191   461.870646   480.417943   582.841519   500.359870   494.115206   525.173060   816.807844   523.542781   437.597902   503.584923   444.184760   451.819164   463.220878   410.848389   669.131726   460.023764   396.350953   449.310324   2034.397234   1573.069014   
42.900000   683.274120   625.788153   499.049228   620.871602   450.933035   467.927426   500.354603   543.150892   862.171438   936.089933   294.799774   503.923383   873.238940   931.329893   493.984650   545.627963   635.264405   557.536063   497.316775   601.317716   810.619626   551.558438   495.820534   598.126064   490.216196   550.817067   546.960236   457.951347   686.935247   494.987418   448.960788   455.631484   2013.804388   1535.607092   
43.000000   579.200488   648.418257   415.974140   655.410898   427.328154   527.873033   472.883296   573.633902   859.731058   965.514931   277.306010   555.207119   822.672824   873.459374   453.589303   575.161117   541.502045   617.705559   458.750046   640.924789   805.388507   584.098777   537.177569   637.579094   588.019145   613.255221   485.253747   500.767815   749.132821   649.129245   501.181126   592.362572   2029.861484   1583.659090   
43.100000   646.514035   576.978510   471.386681   619.096708   463.098033   480.368205   485.557351   568.317342   861.249205   923.504627   277.060363   509.271672   692.889509   749.159693   491.829753   558.166242   572.749926   560.136714   492.850847   600.058050   825.941095   545.755878   523.731805   616.457166   550.922453   569.372102   558.684280   483.042616   684.875282   550.441768   439.991040   545.547063   2001.532587   1581.768194   
43.200000   529.226130   447.440504   415.811862   519.838173   454.681851   387.535135   474.296336   468.038337   848.391449   882.716394   283.677122   314.462738   596.048265   753.816194   469.924023   448.641228   560.606941   466.891707   483.271787   511.959573   780.782927   501.942641   438.021101   511.145391   444.757859   465.068923   424.607626   379.351607   635.747304   485.798288   395.241664   449.611000   1995.144546   1513.360014   
43.300000   509.087528   472.515105   474.532708   510.208991   493.627099   354.492796   545.720129   436.604373   881.717619   867.275132   367.373028   326.992726   772.914247   804.760297   524.795648   427.110665   605.267156   452.006134   545.627802   481.087620   843.576224   488.505523   405.631538   477.910659   522.477303   547.855936   530.188211   354.690536   618.347118   537.142546   439.904691   492.118857   1997.560031   1542.990186   
43.400000   427.264338   458.293239   428.310556   522.987435   430.010880   387.419635   480.772008   484.043672   870.123722   886.542302   268.937201   366.641793   766.032566   830.619418   456.968264   451.319090   540.320523   468.284623   466.799900   509.872202   819.981302   501.744469   435.171935   503.243503   490.717366   535.702776   514.118544   382.423197   633.135493   505.935397   396.860987   436.759214   2009.219000   1524.630754   
43.500000   416.830792   452.666037   389.751067   513.548257   399.795868   356.806120   425.669592   445.642082   831.730299   881.243955   259.542543   324.977636   596.993416   715.697966   425.802641   427.191512   513.039860   458.820682   431.411613   494.298995   757.309720   495.827459   403.956553   502.466542   435.737930   505.375256   485.350379   364.106139   613.320993   480.394369   340.165411   396.884609   1993.945202   1504.184824   
43.600000   453.439451   457.707499   404.231405   510.002973   430.618757   356.771280   442.176662   439.563043   837.514165   872.237024   274.056022   314.514736   671.594950   662.514957   435.974327   426.716459   550.263614   459.205774   437.949100   490.584735   762.057960   469.068958   399.647978   470.100804   450.176771   476.892229   423.856025   361.097852   614.377181   479.703661   341.940011   380.916095   2000.624098   1504.687346   
43.700000   481.494210   468.086370   433.499338   549.363761   439.531058   362.136631   421.963412   459.584150   810.825550   856.657522   256.760118   291.542210   715.980817   648.504627   393.941858   457.609620   588.634499   477.938336   446.838774   493.942014   737.616117   479.583831   417.601630   487.260628   470.180488   487.554892   433.373066   367.430535   614.670116   529.983282   403.025378   407.694358   1983.413118   1506.020109   
43.800000   435.265567   471.359349   388.431980   520.391625   391.707368   388.708299   421.609478   444.303772   815.197125   870.887028   245.457939   278.055655   602.198686   658.828709   408.076634   434.597767   509.544579   468.574590   437.733646   501.649510   752.470530   474.182286   427.759779   509.210285   498.542884   555.393279   394.581759   382.655274   632.643235   510.140175   413.090509   440.241049   1970.880569   1491.733309   
43.900000   480.604605   445.264865   429.560921   508.725916   436.986708   354.647688   450.546086   428.330117   816.175264   840.825069   279.435547   273.193674   458.553785   640.082940   426.696955   410.813777   571.199540   447.567326   488.098108   481.438580   769.427619   470.815614   400.737615   481.212441   486.846068   484.404561   385.919972   356.330663   622.492315   486.209689   348.156659   399.665966   1975.425741   1490.381584   
44.000000   341.448725   394.644665   381.291553   489.008913   398.648120   337.524774   412.713544   410.314311   806.502301   836.471306   227.179738   262.547602   657.869017   575.043251   387.855897   396.930323   466.954224   433.229756   451.031400   467.529825   743.527392   453.476073   382.666955   464.056589   407.236590   413.216263   388.077085   334.417204   596.333181   436.659334   285.641253   351.066769   1962.079763   1497.031529   
44.100000   486.024786   403.905807   408.028351   508.871946   397.153572   376.985407   401.907161   451.977716   810.209946   865.262261   234.513262   271.626191   634.915392   658.435257   378.299450   434.270927   502.308128   480.470502   439.273660   514.407743   739.931807   474.811798   421.694541   519.128622   417.033021   454.472332   373.633446   363.076315   616.243240   457.187400   324.288352   358.346031   1969.515635   1493.980454   
44.200000   385.280820   423.843934   373.574318   490.716828   389.329772   360.589073   394.613100   432.837194   784.110429   836.311042   213.663473   274.885472   507.017127   633.739696   378.491049   422.939922   467.810753   448.743789   422.455646   485.603428   720.547499   465.957659   401.302801   485.873097   390.725766   379.786306   351.757965   350.236706   615.780424   411.519876   260.125201   335.188614   1962.258945   1474.992698   
44.300000   366.599323   398.436501   348.727603   489.050834   364.657550   346.870189   393.563115   422.393923   779.951636   836.410476   203.911210   271.385543   450.080417   515.872330   381.934355   405.697162   477.827881   436.607663   407.433598   477.759758   720.667449   465.207094   388.481860   480.937389   379.177586   389.660369   382.320067   346.000425   603.640611   393.464023   239.945691   328.197276   1956.947057   1471.412185   
44.400000   408.645970   387.687180   369.414022   485.893594   379.170344   335.200658   400.210309   422.544380   791.972953   830.750849   218.014733   269.609406   527.700437   508.117547   385.510035   407.108736   493.286303   422.719848   412.561537   472.584779   726.222787   458.056794   390.582772   472.532637   398.953885   406.332556   383.184109   334.363117   594.412738   416.456296   271.537995   342.260088   1940.895500   1467.872673   
44.500000   365.163664   411.337448   354.286259   490.384887   375.521378   336.745775   406.674433   407.205763   781.724172   824.141985   216.589221   258.477287   546.138091   512.841791   384.113084   404.898826   476.176789   437.714390   415.589899   462.837706   725.988278   457.455418   383.755036   462.205878   397.916536   403.644684   372.400587   343.990391   596.498548   418.903649   269.932352   343.369632   1936.411288   1461.524618   
44.600000   326.862904   466.633390   344.452049   505.173638   364.715816   347.654539   401.521348   423.962043   778.385529   826.570619   207.575156   290.298440   516.566398   533.532592   387.356456   409.825749   459.432409   443.627774   407.691050   469.812332   724.674974   461.070954   398.883120   468.262758   406.113092   405.037287   404.596792   355.953479   598.867541   428.760293   284.208580   368.506159   1928.133445   1456.874397   
44.700000   317.543266   408.752620   343.826925   478.534886   353.316795   322.689880   392.700666   408.257655   774.325377   825.539974   193.409336   268.913936   395.182018   569.335221   364.589917   399.871902   445.082409   422.012228   391.062792   458.285695   711.298763   460.060804   376.773944   450.958684   366.075865   381.609817   352.980721   335.995370   589.242034   379.691438   226.669037   329.556875   1929.256545   1456.894388   
44.800000   349.392604   403.854756   344.423392   477.317778   354.563166   328.748581   379.411522   410.445714   762.797227   821.256901   199.377553   238.994549   431.122468   492.449634   354.183560   398.479258   449.308389   430.263745   403.361964   464.580711   700.356019   445.927458   374.926774   456.100080   376.782471   385.897687   336.214961   341.202886   586.916060   386.576532   263.367126   332.674229   1926.768463   1456.873171   
44.900000   311.827271   374.282732   347.662691   464.513213   355.168886   316.021754   391.140860   400.487254   776.051560   813.769399   202.365398   239.835261   393.253315   509.395351   368.827485   386.617675   449.637657   417.174352   398.525393   452.435457   709.476725   438.383806   364.293075   449.485866   358.143098   372.026439   345.532445   324.669947   578.999126   391.821679   244.845910   340.324841   1926.781033   1445.085018   
45.000000   325.745322   377.646652   334.225639   466.118116   344.370035   313.800592   375.488516   397.698424   760.893477   805.749896   190.361131   218.364794   398.407231   503.400068   343.039510   383.731128   446.218246   411.598830   391.298452   449.284820   696.302477   441.849847   364.566636   440.853015   346.065844   339.768063   327.936530   316.996164   577.629834   377.796934   235.293071   307.295362   1912.625346   1444.920720   
45.100000   348.836562   363.625745   343.936214   464.173834   355.952226   311.345685   379.980044   393.227748   765.574403   809.331490   201.711317   212.693707   335.087247   472.107831   353.420324   383.653940   454.512311   416.970328   399.809293   446.850334   702.023707   432.890097   362.186231   445.002574   348.791500   340.313574   320.972065   314.051296   578.519375   379.269531   225.377360   305.042952   1908.725330   1438.337444   
45.200000   313.211047   389.444493   330.139658   469.169979   346.834881   322.844014   379.271072   400.177221   756.648059   809.266375   185.764597   219.130652   336.209209   539.268482   348.536917   391.806053   446.414492   428.079875   385.129818   453.139096   695.516281   446.506725   368.854306   451.157007   354.032639   344.985550   329.816323   327.055427   580.422168   392.312342   255.305328   337.190315   1908.132264   1435.366764   
45.300000   323.897124   377.775824   337.708436   462.714488   352.259404   317.858869   378.626506   397.959958   754.113325   809.347839   181.621061   209.350569   337.453483   445.390771   348.588421   385.240391   454.340841   411.861442   389.634262   451.355138   695.589938   438.684478   362.915726   445.386191   346.649060   352.275909   346.769207   318.870135   579.771290   374.225886   239.038853   316.381596   1904.995656   1433.650873   
45.400000   299.532057   365.427695   336.609013   458.711669   338.256065   306.892159   373.255410   391.435402   759.499698   800.092887   200.196758   194.653381   387.147590   439.073545   346.686337   378.129852   435.677938   405.188230   385.694497   444.264531   694.785817   429.126425   357.445708   442.661861   330.941334   330.639895   317.670994   312.215736   571.702436   361.648133   211.121646   300.437800   1894.009237   1429.337597   
45.500000   292.229638   364.790836   330.570907   453.936027   336.702064   301.791043   362.965102   388.430313   750.796982   797.899039   183.577258   205.265261   375.475088   415.828806   341.057213   373.815343   436.297592   403.744830   380.025238   440.059297   686.590263   422.553571   355.591958   432.978680   336.165400   330.313617   316.109908   311.053996   566.738889   360.654138   221.587525   296.878578   1890.525537   1432.191539   
45.600000   288.824062   349.455761   333.516360   451.950559   348.951633   307.234229   376.399571   387.872642   755.490429   796.452188   196.385027   189.052300   340.534438   412.720868   351.723798   374.609633   434.132241   402.796012   391.990385   441.068874   690.419991   420.598307   355.865365   437.389192   345.682502   348.140492   309.119984   310.386018   568.117063   376.342368   238.637153   312.383351   1893.044209   1424.088628   
45.700000   294.717099   347.706143   329.318956   450.554541   339.349679   304.060310   371.200828   387.189336   754.028978   797.319380   193.885656   196.280886   343.515644   391.880165   348.637137   375.585776   437.806995   402.396005   381.709528   437.031090   689.778790   424.075342   355.050301   432.232125   337.476778   341.590793   315.342424   307.921870   564.779247   369.118121   222.787164   309.903289   1885.390755   1422.295690   
45.800000   277.209833   351.369536   327.089323   452.742107   337.851339   309.219249   366.241752   386.064771   749.348655   796.706469   188.248193   199.080588   312.441006   418.294988   341.566638   374.221794   424.208095   402.787006   381.782624   437.114896   689.629549   427.849787   353.946138   434.462247   330.974923   328.316658   308.334561   309.338705   561.877066   355.765573   209.318420   302.068235   1879.432219   1418.957707   
45.900000   267.498130   358.209618   319.908772   449.949459   335.548087   302.564643   364.651594   383.811945   747.515976   790.478181   177.377386   186.565921   298.292000   407.998412   343.353184   371.907540   425.058012   399.656157   380.747037   436.642389   683.163246   421.686764   352.900043   429.502435   332.625184   326.415803   305.086135   306.830171   562.333573   355.928494   205.418158   295.760260   1875.284456   1415.422750   
46.000000   276.449566   362.862993   323.196291   460.272052   330.636356   305.395332   361.610396   386.290809   741.087551   791.604690   184.869233   197.275075   306.376705   388.899385   335.029206   372.167027   425.675410   407.630370   372.801653   437.696745   678.889257   420.963713   353.780206   433.455591   334.588748   329.906499   306.287003   307.923288   564.707042   354.648991   208.441847   300.087891   1870.886178   1409.594104   
46.100000   278.703142   349.778406   323.721899   447.530183   330.619416   298.221398   362.356858   381.078067   740.974329   784.916892   183.590281   187.969985   304.576966   395.922783   338.990893   365.981735   421.985287   397.543929   375.821299   431.967177   678.083725   420.303265   347.871092   423.640189   330.988062   343.786312   299.974086   302.398731   558.142813   362.211705   214.443943   297.406565   1871.562518   1408.063700   
46.200000   298.973777   345.590265   323.993333   445.608983   328.320972   295.169906   355.039632   378.864060   739.620539   788.780285   177.606570   187.665701   336.360369   378.808618   330.689430   364.852492   426.591281   398.461355   371.798474   430.241509   675.698217   417.432957   345.307685   425.324801   329.417535   324.496665   304.422502   302.027920   558.714491   356.668268   217.117822   296.128829   1862.825184   1404.567561   
46.300000   309.372972   343.606673   319.977117   446.045059   330.465717   297.741252   357.968555   379.794144   737.309039   782.239633   183.611418   182.467166   310.113565   380.807533   332.196432   366.250025   429.670831   397.011340   373.338383   431.769899   673.703384   420.157245   346.292105   427.740712   335.453345   332.301557   307.360909   304.545096   556.551143   367.500771   224.122920   304.353021   1859.414727   1401.143353   
46.400000   267.067563   341.020753   323.191643   441.602931   330.467803   297.964343   358.464095   375.789207   737.689733   780.628637   185.395311   180.755407   309.402867   374.799369   333.834583   363.074536   420.355125   394.278537   370.879240   428.827404   674.659198   414.139542   344.242556   421.601685   326.867554   323.706381   299.181290   301.161688   554.804143   353.485016   212.934038   299.297101   1856.832131   1398.265315   
46.500000   271.649312   340.804089   317.123850   439.183125   328.740554   292.246678   359.418112   374.402946   734.456405   776.412514   181.027008   178.454944   276.285807   370.414045   333.037304   360.629420   420.649746   389.226358   371.744384   424.077832   673.865424   413.375002   341.078589   419.611434   319.240106   316.500871   293.082650   297.625774   552.103525   346.480721   204.274096   289.770828   1852.765078   1396.902413   
46.600000   272.903418   341.462960   319.536234   438.925307   329.465873   290.636829   357.949228   374.465319   731.064488   776.200327   177.482651   174.847290   267.427121   380.497051   326.833721   360.293663   422.295487   388.323403   367.810619   423.549782   672.410187   410.917018   341.150599   418.269287   315.266686   311.530541   298.469244   297.549879   550.127884   343.844217   197.398067   288.019398   1848.580523   1392.318993   
46.700000   265.117427   333.898728   311.482114   436.172442   321.037688   288.103900   350.691170   372.372532   727.218009   772.371071   169.929469   174.096296   273.097788   365.693755   324.885258   359.542570   411.548019   386.423710   364.334759   422.323924   665.944205   409.446438   338.798223   416.989912   313.232016   311.284868   296.443455   294.708452   548.439679   339.543610   192.859029   280.962323   1845.666300   1389.385035   
46.800000   263.845298   334.721750   310.016542   436.194930   322.325148   287.506991   354.102616   372.004260   727.629172   770.964838   172.026832   170.315693   267.175603   356.075822   326.721411   357.529878   413.720119   385.728858   363.680048   421.785064   666.074952   409.187213   338.136626   415.720826   314.981573   312.176649   291.943534   296.368291   548.284157   343.749046   191.251128   282.547766   1841.945524   1387.286106   
46.900000   262.692429   337.159902   309.696410   436.709759   320.422886   286.794046   350.079123   373.282378   726.794771   770.204888   170.639761   171.846392   271.509176   357.833356   325.748154   357.289662   412.018251   385.624449   363.027553   421.355924   663.273492   408.293805   337.542299   415.181350   314.667321   313.555404   291.506218   293.637695   548.015809   343.747149   192.959298   280.429038   1838.900442   1385.772627   
47.000000   270.494462   334.094697   308.419217   433.912154   318.318537   286.010481   347.504513   369.600059   725.274488   769.315045   171.437060   169.712471   263.030480   356.026432   323.806094   357.085376   412.774489   383.588868   362.341130   418.999655   663.783181   409.927044   337.685885   414.848133   313.905532   314.149081   289.974257   293.135850   545.480028   342.286128   200.758903   281.432111   1834.016435   1382.516399   
47.100000   259.835540   332.443518   307.540312   433.193692   316.835670   286.443731   349.150062   368.881379   724.876059   766.884090   175.237497   170.300874   253.168849   353.662388   323.736194   356.342296   409.715067   384.800058   363.505846   418.795442   662.566162   408.487882   335.501795   414.338258   315.689811   313.616290   290.824327   293.282185   545.103989   342.902677   196.928506   281.732501   1832.203849   1379.034158   
47.200000   255.187035   333.815417   307.268006   431.276441   316.239688   285.247492   347.330468   369.242545   721.253436   764.607729   168.052543   169.003838   253.024399   352.295818   321.796983   354.029419   408.195677   384.574083   359.985755   417.617937   658.521104   407.114942   336.759413   412.436111   315.835127   312.759133   288.063654   293.749941   544.692056   341.229586   194.877056   280.226759   1828.509298   1376.111950   
47.300000   255.102708   329.555452   308.602198   432.964742   315.883167   284.706372   345.244944   367.231594   720.727843   763.909921   169.802256   171.640598   257.566052   352.357501   319.231314   353.817817   409.887126   382.322787   358.699234   416.900464   658.013929   404.299423   337.316923   412.062407   307.977224   303.848289   289.046407   292.522649   542.764205   340.309573   191.202301   278.229916   1824.422929   1373.163151   
47.400000   252.360524   328.734456   308.640383   430.043814   315.410759   284.083429   344.403988   365.767135   719.001117   762.600477   170.298067   167.516220   248.381390   347.000475   320.984215   351.582203   407.599804   380.934281   358.824161   414.912369   658.862415   402.900815   337.159286   410.139106   309.355666   306.091478   286.302362   291.546494   540.885702   337.539390   190.101538   276.126718   1820.423798   1370.829561   
47.500000   252.563194   329.440362   306.649451   429.333172   317.564595   283.593090   348.234402   364.406465   716.749324   761.820577   169.617624   166.170924   246.549776   345.455904   317.439699   350.199495   405.886879   380.098200   359.257254   413.674133   656.832642   402.545254   333.237513   408.626700   310.220416   307.729664   283.486695   288.759607   539.544797   337.595680   189.569960   277.273560   1817.924711   1368.866463   
47.600000   248.149256   328.985802   302.500305   428.091511   313.221785   282.035783   343.268269   364.327357   714.362074   758.376767   164.600266   167.163076   243.493895   344.747654   315.405791   349.656925   404.369010   378.822182   356.446255   413.104467   653.783376   403.060516   332.030618   408.756921   304.605624   303.413487   286.108647   290.067815   538.647854   333.218893   184.978873   273.887519   1814.266369   1366.247676   
47.700000   249.756553   327.205331   303.507657   427.198700   315.397132   282.367332   344.358018   362.672386   713.275496   757.211204   165.117844   165.764800   244.875870   344.729038   316.567509   349.363946   402.892114   378.118931   356.610415   412.173314   652.394906   400.610374   331.885530   407.060699   304.912612   300.433819   282.956354   288.613872   537.904893   333.574898   187.390778   273.602864   1811.174929   1363.333142   
47.800000   249.210825   326.148971   302.455047   427.049139   315.201074   281.776471   340.880133   363.184406   712.182810   755.609620   166.032221   165.476043   241.866279   342.142085   317.050112   348.486332   404.517787   377.515741   355.470857   411.649815   650.793159   400.860426   331.833876   406.230488   304.612153   299.983419   282.650926   287.627451   536.619252   332.367480   187.475820   273.936665   1807.918576   1360.271121   
47.900000   251.236106   324.006969   301.659917   425.187038   311.439559   280.480237   340.851473   361.806844   710.024835   754.628254   166.423520   165.925567   243.002257   341.253385   314.681618   348.966743   403.153642   376.378311   355.559893   410.116737   649.335478   399.500234   329.581059   405.660487   304.417055   302.535956   281.539600   287.165201   536.365560   333.342968   185.717705   272.549727   1805.389966   1357.490524   
48.000000   245.235652   323.364205   302.923516   425.728646   314.210981   279.667131   339.717461   360.817022   710.290572   752.941976   170.903759   164.182979   241.412614   340.626760   315.698775   347.019553   400.746205   376.450576   357.385534   409.116949   649.059900   399.500353   329.350756   404.915354   305.167590   301.673674   281.063937   286.045400   535.439633   332.088901   185.741474   273.638540   1801.906640   1354.813473   
48.100000   244.489651   322.713836   300.863612   423.814668   311.542259   280.830042   338.500804   360.575861   707.601601   751.754646   164.363374   165.566395   239.429682   339.252523   313.146698   346.889261   400.085849   377.150961   354.482544   408.544753   648.204207   398.816847   330.133514   404.160801   302.736476   297.896495   281.725033   285.190321   533.406349   330.344966   183.162971   270.184751   1799.348002   1352.650863   
48.200000   244.329664   322.455261   300.264818   422.869658   308.385017   278.801215   339.061254   359.103554   705.834501   750.312207   164.614754   164.463702   240.825779   337.195374   312.527635   345.793274   399.053049   374.151500   351.711321   409.560470   646.043066   397.221075   328.343230   402.727387   302.489415   298.773358   279.320194   285.023231   532.454085   329.010138   182.528157   269.905766   1795.977178   1350.362791   
48.300000   242.453231   321.925453   300.191643   422.030880   310.460932   277.270192   338.280694   359.811110   705.334142   748.297768   164.590418   163.445734   236.619271   336.439920   312.521280   345.799900   397.327312   374.207787   351.957238   407.001455   645.579562   396.826843   326.848954   402.147204   300.954056   296.157563   278.690739   284.183709   532.204156   328.737214   182.825464   269.156712   1793.008175   1347.678826   
48.400000   244.574938   320.853622   298.901006   421.381022   309.535556   278.152043   337.571857   357.615426   705.067217   747.105404   166.453879   162.754781   236.274467   335.904462   310.367096   343.810085   398.144420   373.151294   351.892509   406.373136   644.639096   395.400137   326.310016   402.089619   302.249097   295.574000   278.908225   284.634233   530.009129   329.227398   181.289673   268.978594   1790.332352   1345.010086   
48.500000   245.107522   320.971953   298.222618   419.862158   307.667733   276.591079   336.460676   357.209327   703.088764   745.578095   166.152203   161.273507   238.142802   335.098519   309.995671   343.621474   398.583444   372.025257   350.189498   405.911618   642.793024   395.161003   326.067019   400.900269   299.756922   298.351838   278.457442   283.777304   529.989527   328.984818   182.230436   268.472063   1787.717862   1342.737555   
48.600000   243.640583   318.798131   298.785136   419.644190   308.195273   276.550349   335.039117   356.944450   700.546832   745.027263   162.738916   161.536546   234.428922   334.066546   309.878743   343.783974   397.252559   371.000194   349.549813   404.830985   641.163813   394.800085   324.954989   400.392750   299.558453   296.427907   277.763313   282.433298   528.209922   327.216498   180.279253   267.402008   1785.868071   1340.139231   
48.700000   245.967289   318.596921   299.649713   417.944130   308.132505   274.907790   335.040831   355.313880   700.026942   742.922885   162.090776   160.793864   234.759704   333.786801   311.637120   342.532261   394.952487   370.663169   349.979181   403.564104   641.582519   394.113172   325.267597   398.571484   301.996838   295.314106   276.537909   282.733717   527.813166   326.713811   181.469257   267.893451   1783.676018   1337.678721   
48.800000   242.045702   318.778997   295.841785   417.891688   307.703865   275.407740   333.755631   354.693005   698.424505   741.506894   163.891847   160.713861   233.478236   334.189173   308.427826   341.793920   393.899951   370.447896   348.546263   403.664788   638.423509   392.743553   324.948650   398.404386   298.008998   295.257343   276.765907   281.932532   527.784047   325.077164   180.281962   266.499164   1781.388285   1334.953676   
48.900000   240.402760   317.884371   294.881035   417.346565   304.824659   274.152660   332.896347   354.930808   697.283668   740.118203   162.445383   159.806045   233.221731   332.077151   308.017933   340.894850   394.301473   368.348634   346.715983   402.881175   637.026663   392.509802   323.196788   397.591244   297.976671   293.455664   275.604579   281.910507   525.164111   324.160194   180.500654   265.844234   1780.201730   1333.209587   
49.000000   239.758485   317.100399   295.018926   415.661897   305.004024   274.465671   332.965182   353.193465   695.626959   739.618338   165.641452   161.863418   232.292105   331.519580   306.953663   340.087058   393.113577   368.022189   346.597586   401.596376   636.722678   392.407624   322.807299   397.591503   297.503541   293.437517   274.598154   280.678850   524.752674   323.133319   179.329027   265.226027   1778.948748   1330.319387   
49.100000   242.936563   316.562849   296.217108   417.711367   303.427504   273.806405   332.076312   352.863826   695.039086   737.141369   165.110082   160.626766   232.639480   330.388860   307.333851   339.461095   392.350070   367.472316   346.390550   401.640702   635.509631   391.497232   321.803813   396.252558   297.598317   292.114387   275.328382   280.110138   524.001759   323.913155   180.933346   264.809643   1778.473549   1328.670547   
49.200000   241.578721   315.656649   296.219359   415.314126   308.050273   273.820301   333.076537   352.954730   693.813478   736.423630   165.288525   159.911360   234.823624   330.930324   306.276600   338.996027   393.260296   366.262353   348.968725   401.154358   634.069340   390.661942   321.512696   395.174925   297.908804   292.967716   274.763417   279.359241   522.443792   324.315502   181.681720   266.208457   1779.292174   1325.890214   
49.300000   240.664680   315.697705   293.375581   414.308135   303.482751   272.780121   330.363303   351.539980   692.865374   734.709402   162.654259   160.033637   231.566908   329.109852   305.122460   338.183508   392.241996   366.141262   344.558634   400.140356   632.690704   390.342723   320.959711   394.889566   296.229066   291.980385   274.243205   278.677988   522.213330   321.222497   178.999050   263.802215   1781.275256   1323.566886   
49.400000   240.379734   315.473985   293.101175   413.849939   302.165873   271.745909   330.612786   353.382302   691.895232   734.273185   161.512028   160.520162   232.803375   330.443548   306.085874   337.788702   391.488207   366.046313   344.050242   400.953864   632.045250   390.224171   320.048412   393.399625   295.238269   291.281111   273.988836   278.718212   520.953518   323.658138   179.617647   263.158527   1786.568952   1321.303428   
49.500000   238.156167   314.173758   294.568734   411.852767   302.942086   271.882736   330.729100   349.858745   691.307538   733.320197   160.420522   161.667507   231.374033   329.137482   306.926736   337.239283   389.586721   365.070371   343.327087   399.870483   631.281468   391.024507   319.352636   393.477054   293.829363   290.617138   272.779321   278.133417   519.791371   320.688970   180.177873   263.437809   1794.606317   1318.598866   
49.600000   240.594037   313.910868   293.151004   412.009022   302.883391   271.424129   330.558290   349.712861   689.245132   730.846361   160.660461   161.729480   229.059610   329.119439   306.320864   338.388615   391.869505   364.100992   344.681235   401.092786   629.454666   392.852494   319.056703   392.533064   294.179974   290.226853   272.691204   278.048787   520.152049   321.474276   177.784047   262.781218   1812.065931   1316.631879   
49.700000   239.368692   314.656806   291.021522   411.082824   301.300153   271.753859   327.391317   348.839434   687.190949   729.865556   158.422612   163.429567   228.224726   330.614505   303.756047   337.063686   388.788949   364.624226   341.693977   403.937509   628.748787   396.373269   318.208916   391.270038   293.597359   288.302491   272.583167   277.893061   518.953247   319.345697   179.250294   261.165287   1849.433459   1314.299997   
49.800000   239.942624   312.458734   292.140236   410.836598   301.831852   272.811246   328.440080   347.522953   685.864247   728.342768   159.913162   169.122428   228.843933   334.002172   306.518863   338.600095   388.508646   365.146813   342.524471   412.291825   627.668364   405.658393   317.994313   390.599460   294.687504   288.815887   274.043830   280.473948   518.720647   319.667883   179.533783   261.532651   1941.273722   1312.137684   
49.900000   246.765928   313.339416   291.384022   413.057244   301.293140   279.819611   328.850736   347.626225   684.448848   727.742233   163.711076   195.147982   232.155923   355.072638   301.735927   347.287354   390.761733   372.088586   341.429301   448.421934   625.869260   450.551508   321.331241   390.400352   293.130935   288.045036   278.600433   288.107257   521.552840   318.675031   183.892231   260.424055   2322.639659   1312.495193   
50.000000   660.763497   408.348979   408.724947   658.019867   450.964673   799.914076   349.659168   347.943591   704.380780   757.930071   166.647941   1167.184969   418.420701   1496.382824   303.778009   924.072707   619.507921   851.223627   444.137937   2091.631720   628.563522   2332.526333   572.142196   398.910555   310.830544   354.862982   673.917395   842.914751   839.275589   338.844734   566.044214   276.314049   15659.442736   1507.914606   
50.100000   252.274206   312.883017   294.134890   414.690728   301.455849   286.864541   330.416434   347.217955   683.017261   726.402535   159.230502   214.395660   232.301001   370.836784   304.222697   352.570546   390.091838   374.818981   340.960993   476.453515   625.943851   481.715713   322.826580   389.221943   292.853992   289.455628   281.938886   293.338008   522.920400   320.519857   190.684711   261.574924   2596.862508   1310.074101   
50.200000   240.716628   311.875326   290.905302   408.996057   300.726731   271.455687   326.650337   345.919133   681.980170   724.296795   159.757694   169.650917   228.514482   333.694181   301.437369   337.661449   386.514705   363.316375   340.210584   412.605168   624.998350   408.999720   317.325456   388.406957   292.957793   289.565726   271.109732   278.344944   515.153052   320.408430   180.887884   260.122255   1977.563087   1303.258429   
50.300000   236.629529   309.960604   289.700819   406.284455   297.934159   269.278418   324.381335   344.828122   679.694278   721.833796   161.895611   162.205549   226.491124   326.734293   300.329265   333.718957   386.446317   360.507988   340.726632   400.339548   622.399226   394.504530   315.628289   388.462409   290.158882   285.886331   269.186759   276.313087   513.493692   317.651600   179.152375   259.454545   1847.348386   1300.644481   
50.400000   234.530347   310.729901   290.248119   405.290272   300.856379   267.946372   327.893011   344.632252   680.013575   721.149942   162.646039   158.721129   227.519422   323.225143   304.010257   332.196561   386.266633   359.118104   338.723509   396.170824   621.437802   388.293636   315.218681   386.572927   291.736731   286.094613   268.524069   274.395539   511.928062   319.208155   180.651306   260.108616   1796.689189   1298.627495   
50.500000   235.939968   308.439577   287.008333   405.455670   295.417338   266.872496   323.027371   343.995278   678.103171   720.311390   160.864473   159.013048   227.449660   322.499242   300.428353   331.449547   382.608144   358.327570   336.998504   393.497466   620.726113   385.711407   314.197390   386.680564   290.685066   284.496728   269.267207   273.327483   510.850663   316.400531   179.340664   258.862102   1768.478408   1297.196842   
50.600000   233.905446   308.604219   286.681876   404.889068   296.049061   266.518330   324.155813   342.874297   676.964317   718.026463   157.800710   157.078893   225.314534   320.777048   298.103915   331.634585   381.557738   358.432477   337.203560   392.646422   619.417455   383.326746   313.708112   385.781371   290.527484   284.673035   267.512374   272.517001   510.062586   315.307199   175.390229   257.501230   1753.027533   1293.793383   
50.700000   233.386599   308.455966   286.434478   403.770907   294.886072   266.436152   322.730625   342.272539   674.685628   717.461187   155.770841   156.576657   225.495209   320.438675   300.761492   330.214244   382.076806   356.713173   335.094159   391.591682   617.508895   382.233464   311.991926   384.968651   289.321872   283.950617   267.221827   271.870623   509.618921   317.735742   173.885874   256.804125   1741.224460   1291.240152   
50.800000   234.317414   306.608221   285.468409   402.793808   295.927873   265.587328   324.103830   342.636641   674.414833   716.382159   159.543489   156.984446   223.906707   318.987054   298.542007   329.797764   381.095329   356.521844   335.306430   389.295522   616.523008   380.832761   311.417146   383.794064   288.127957   284.389220   266.638266   271.569046   508.692674   315.340367   176.389173   256.795119   1732.269869   1289.359372   
50.900000   235.002271   307.769730   287.971340   402.177060   296.457641   265.310301   323.581728   342.791688   674.139914   714.430062   162.605376   157.087775   227.142130   318.194417   299.708728   329.055958   381.074348   355.684939   336.648312   389.266801   616.743826   380.209722   312.217999   382.952506   288.825740   284.875471   266.428957   270.625195   507.262160   315.647348   176.033975   258.682389   1725.632623   1287.057967   
51.000000   233.214452   306.057843   285.632961   401.273182   295.557165   264.545395   320.917932   340.491779   671.887740   713.288919   158.256935   155.657156   223.255130   318.055923   297.396548   328.080598   381.056430   354.828907   333.759961   387.743788   614.251873   379.145960   311.024350   383.240245   288.189214   283.637617   265.603775   272.353240   507.250662   313.457554   174.037712   255.906446   1719.391325   1284.766961   
51.100000   232.409860   306.584335   284.833475   401.070488   293.188290   265.057242   321.062241   340.457807   670.547065   712.763591   158.026803   155.609973   222.178980   316.852356   297.696119   328.629086   380.055629   354.379328   334.315017   386.943141   614.488680   377.737508   310.294078   381.912336   286.968369   284.002707   265.953712   269.667613   505.734639   314.669905   179.491888   255.994778   1714.585105   1283.205866   
51.200000   232.499399   304.796310   282.650136   400.075854   293.803900   263.798419   320.534335   340.479462   669.435763   713.085703   157.528133   154.888462   223.098844   316.721053   296.160202   328.494661   380.646278   354.089543   333.151673   386.323545   612.136407   377.735732   311.169543   381.442049   285.763346   282.600372   264.692805   269.914040   504.353399   313.274045   179.343883   255.615575   1709.860736   1280.523588   
51.300000   231.448560   304.352057   283.572796   399.064494   292.138599   263.951833   320.833074   338.695545   668.915191   710.310635   154.466641   155.156084   222.422746   317.041754   296.423193   326.166336   379.281697   352.816734   332.996110   385.813044   612.288898   376.481352   309.657153   380.864225   284.781591   282.873605   264.343673   269.332020   503.711473   313.311835   175.448045   255.222511   1705.515761   1278.365376   
51.400000   235.216336   304.851460   284.407269   398.882459   293.711186   262.692630   319.842251   338.542675   668.819796   709.089452   160.621859   155.558013   226.128948   316.299033   295.959552   326.420470   377.000608   352.535628   332.855558   384.730871   610.715152   376.022490   308.900907   381.041289   286.569965   281.840073   265.828716   268.454727   502.699835   315.896158   174.619775   256.283328   1701.649518   1276.325637   
51.500000   233.846878   306.092447   282.408984   398.403507   292.264236   264.163346   318.825629   340.009845   667.355310   707.624979   157.693030   154.831300   225.435973   315.650966   294.786492   325.221792   377.047086   352.446214   331.382530   384.170887   609.576146   375.293659   308.437713   380.146552   287.914684   282.650633   264.906541   268.453300   502.265866   311.547973   175.727062   254.862765   1698.143611   1273.587110   
51.600000   233.103214   303.828802   284.644708   397.744490   293.038898   262.064346   320.249362   338.248560   665.429929   706.034220   158.082572   154.179479   222.801916   316.944529   293.722033   325.686671   375.374411   351.658090   334.134787   383.171483   608.717033   375.515670   308.393296   378.947604   286.721941   283.593347   263.460738   268.668665   501.299694   311.851835   175.227726   255.000997   1694.386629   1272.350219   
51.700000   230.886656   302.880476   282.694642   397.781117   289.103586   261.226867   318.717784   338.091820   664.239759   704.865580   159.102173   154.084266   222.168330   315.311272   293.664627   324.463338   376.023509   350.895606   333.350434   382.703438   607.394081   374.022496   307.659257   378.583676   284.396041   280.766183   263.412486   267.912948   500.020647   310.876030   175.429817   253.975812   1691.127841   1269.965300   
51.800000   230.642874   304.488256   281.309561   396.670590   291.012151   261.055455   316.440454   337.967460   663.527914   703.812027   162.221388   154.834008   221.749612   314.460623   294.045085   324.128270   375.269435   350.755540   330.445057   381.673302   608.037652   374.214591   307.645783   378.230853   284.564893   283.636914   263.395171   267.742366   500.109869   311.334129   176.117382   253.956727   1688.132374   1268.542623   
51.900000   231.591077   302.765900   282.000041   396.438274   293.715649   260.885942   318.411247   337.260729   662.850954   703.481694   157.178018   153.607199   224.903916   314.149030   292.582257   324.687016   375.781741   350.532732   330.449511   382.065655   605.417361   372.918086   306.955548   378.106370   284.317397   283.630763   262.600221   267.744253   498.778935   310.174208   176.021981   253.901469   1684.659536   1265.792810   
52.000000   232.384428   302.708153   281.859614   394.647943   291.671576   262.145219   318.366601   335.927071   660.647458   702.063213   157.169631   156.195276   226.719909   314.017121   293.025901   323.863729   375.000162   349.496734   330.331329   382.080798   608.053732   372.377151   306.287838   377.327856   286.373037   285.578294   264.085941   266.635353   498.212862   312.182466   175.999355   255.153177   1682.081108   1263.700172   
52.100000   230.664561   301.857811   282.183684   394.284567   291.434732   259.998138   316.948389   336.731918   659.840612   701.753691   157.797012   155.704716   222.076368   315.925023   291.887235   322.038687   374.907891   348.667898   329.095893   380.737153   604.741308   371.526362   306.130998   376.536485   284.408661   281.863035   263.879676   266.661832   496.901241   309.745398   173.871470   253.638360   1679.016094   1261.257984   
52.200000   229.855242   301.900059   281.049650   394.621583   289.200106   259.879875   314.830377   334.498723   659.969865   699.386571   156.369979   155.239580   223.171401   315.222214   292.546995   323.128543   374.224414   348.210451   327.881427   381.655513   604.079079   370.766280   305.833846   375.881560   284.420865   283.257258   262.403412   267.663376   496.241020   312.485826   173.429603   252.803897   1675.737476   1259.478368   
52.300000   233.705706   304.258253   282.271643   393.868168   289.462272   259.474885   316.505361   334.236425   659.683872   698.761383   156.957746   153.074421   226.598182   314.528366   293.630422   322.769371   375.110970   347.943303   330.632276   379.124756   602.944852   370.713544   305.455476   376.401465   284.975176   281.765799   263.133372   265.536828   495.603992   310.779255   178.127340   255.170562   1673.037120   1258.132907   
52.400000   235.055715   302.031423   282.474748   394.029972   290.192618   260.799061   318.326528   333.388823   660.491762   698.975543   158.937837   153.925754   228.506087   316.707617   295.742654   320.941897   371.891920   348.286802   327.321897   378.783964   602.325466   371.128270   305.255641   374.868677   285.769236   281.287240   263.451242   265.130677   495.369953   309.627667   173.858494   253.839774   1670.267856   1255.277943   
52.500000   232.129885   302.354135   280.126954   393.199850   289.511302   259.609036   315.094984   333.707660   655.939010   696.107050   153.839902   154.694924   229.286192   318.429216   290.601977   321.135976   372.579775   347.975460   326.319263   378.215354   600.854135   370.540730   304.617588   373.986400   282.619855   280.786781   261.396742   265.336649   494.673657   309.936546   174.203945   251.666889   1667.919688   1253.195121   
52.600000   232.242994   302.332028   279.706284   393.926041   288.990269   259.467140   313.235432   332.830328   654.776278   696.346682   154.541045   153.676774   232.465893   313.307713   288.948471   322.112982   372.247184   346.969622   326.449448   380.987950   599.239544   370.409900   302.955757   374.832993   282.081656   280.383567   262.455095   263.611167   494.557773   307.295636   178.001978   251.531755   1665.734264   1251.433927   
52.700000   232.480932   301.951054   279.132911   393.502173   289.138376   260.316255   313.763677   332.787161   654.505298   694.771345   155.098855   158.345648   225.980126   315.265034   292.559285   320.516050   373.099940   346.402200   324.900468   377.483246   597.867626   370.048475   303.172123   375.046498   286.549863   280.406795   262.583216   264.272877   494.861499   309.522277   176.923547   253.445057   1661.154462   1249.083202   
52.800000   232.531897   300.514736   277.785666   394.646370   286.892886   260.287668   314.876802   332.231836   653.900439   693.826928   153.966473   156.657618   226.387370   319.073135   289.742021   322.468264   373.451088   346.460061   324.906956   378.204403   598.796318   370.168301   303.099603   373.932446   281.664827   279.176739   261.266393   264.157597   493.395955   309.782863   181.095966   252.150782   1658.796578   1246.799822   
52.900000   233.737536   302.950896   279.192003   392.217702   288.541041   258.636864   313.900573   331.917538   652.919713   693.305584   153.701739   158.884020   239.600018   314.639807   291.099206   321.709943   374.053605   346.969245   325.540146   377.912283   597.862636   370.490589   303.711522   373.616308   283.254884   280.029773   263.044896   265.390745   493.577561   310.539524   178.208137   253.420395   1657.400026   1245.307215   
53.000000   234.742305   302.932439   278.932083   390.884478   288.706562   258.008555   314.752748   330.352020   652.328018   692.677572   157.187695   155.362596   249.292934   323.085241   288.910681   320.413971   371.793081   344.703625   328.208123   375.284002   597.682216   368.149703   302.178751   371.577331   284.854970   280.283692   260.624484   263.182414   490.422692   310.081670   183.337364   253.220965   1653.872412   1243.167850   
53.100000   238.866130   301.073864   277.489103   393.544817   285.183620   260.607546   314.363129   332.103640   650.461250   692.690607   157.904142   159.130799   250.327235   326.904591   290.295823   325.451812   371.848005   348.692929   325.049136   378.383127   595.404903   367.448129   304.146435   373.833775   293.828760   295.979940   266.667778   267.410728   490.204535   313.761527   192.660575   257.499439   1651.182416   1241.445192   
53.200000   237.552097   302.844489   276.895270   390.938317   290.414447   257.465376   317.343207   331.218309   652.446972   689.900212   157.489098   155.875848   260.374386   323.002396   293.154148   320.885068   370.582338   347.124005   327.723937   375.629980   597.780217   367.713514   302.628133   372.326268   290.601780   292.876664   261.231372   262.582862   489.470815   314.690204   183.830871   260.785781   1649.570173   1240.269513   
53.300000   239.084801   299.947326   277.011656   389.515253   289.583638   255.494413   312.582142   333.419634   648.886863   692.134555   159.271165   157.467061   244.549823   332.075700   288.403718   322.507643   373.119417   346.089102   327.293753   377.035877   594.501972   367.178882   302.948711   372.561254   289.203663   289.602629   261.969479   262.016436   489.691214   314.188628   184.847793   257.154558   1647.211139   1237.891100   
53.400000   244.669752   305.934221   279.778041   389.353945   286.577067   258.287518   314.078279   331.025421   649.364676   691.045134   156.424231   161.659749   267.478244   340.569861   289.248416   318.530054   376.032061   347.007579   325.635045   373.825321   592.913578   368.128857   303.224158   371.799619   287.240051   287.870329   261.572698   264.656682   488.086651   313.468564   182.768009   256.215606   1643.580256   1237.259272   
53.500000   253.177894   302.180935   279.457754   389.691029   288.740222   257.976590   312.524843   330.646475   648.632419   688.847773   156.866378   162.634924   261.438934   322.112337   290.076661   319.475559   375.833977   344.684458   325.981127   374.091596   593.372933   366.924541   302.470533   370.298736   293.461170   295.082581   262.123420   263.822296   487.861160   315.004518   189.436122   260.113698   1642.323667   1236.394239   
53.600000   272.578064   314.880201   288.783842   393.966145   290.833762   261.535524   321.449009   329.776819   647.458646   687.930215   160.920499   170.832461   258.216124   326.590018   295.845342   321.886613   386.379515   346.848560   332.060532   375.817576   594.544747   367.317087   304.702200   372.222359   307.415794   302.265441   268.501908   267.808400   488.962887   331.625156   208.242467   274.290491   1640.399246   1233.908624   
53.700000   266.683777   305.772219   283.009408   391.842570   288.241161   258.279608   312.633163   331.408796   647.513297   684.507236   165.008966   163.367404   252.334420   364.373678   288.844698   320.609475   382.091751   348.340866   325.305873   373.239865   596.014937   366.986600   301.872890   368.876007   286.146927   282.845182   268.728412   261.908451   489.679994   312.943045   183.722187   253.975139   1635.322726   1231.862816   
53.800000   242.467484   312.686409   281.721072   394.200269   290.375188   263.031911   321.955576   334.113203   651.323410   686.090234   168.866809   170.959686   300.517084   360.327419   294.967139   323.829541   372.510746   350.168991   327.460553   376.194185   599.827997   368.099089   304.559976   373.623544   299.624107   291.533925   272.263239   265.976917   491.418105   326.086034   191.242208   261.508338   1636.538651   1228.732084   
53.900000   244.137587   308.909268   284.030450   393.439591   289.348597   261.794634   312.077571   332.079843   649.765099   687.437020   155.656970   170.011148   270.463624   393.139890   288.176079   324.459130   372.352330   346.580228   326.625212   382.967856   595.394450   367.710133   309.068929   371.205095   292.950071   289.459500   300.532945   267.684018   486.906633   323.194328   192.496956   264.520398   1631.600477   1229.164160   
54.000000   256.202892   304.586256   279.479264   389.497906   286.997998   259.938210   312.857048   330.382272   645.336983   684.106659   158.141369   171.859777   321.019455   355.955183   291.080630   318.357534   380.098650   348.518756   325.398324   376.211564   590.974715   365.217375   304.374790   373.346650   291.712190   293.157989   266.938198   265.036683   485.771566   315.295503   191.831514   255.829153   1631.783996   1228.322458   
54.100000   253.315434   306.506962   290.475600   394.098012   294.202547   263.808121   313.161699   332.925647   644.086786   682.635698   164.882207   190.279630   306.152194   342.739279   287.793961   318.925246   371.987211   347.726001   328.113667   377.826112   592.558013   364.674833   303.270867   373.182800   295.012461   294.259424   286.529166   267.862330   487.691919   316.819416   203.111999   261.282202   1625.903452   1226.221909   
54.200000   249.297375   328.857397   284.049267   396.697208   294.352988   267.968052   320.193044   338.194928   652.290927   685.601197   169.098205   180.401734   284.297755   353.684134   304.605948   328.979145   376.544114   350.868693   328.823711   379.709795   595.268049   374.103675   310.196810   373.703108   323.678395   321.631398   281.050319   269.399894   492.245596   344.881310   238.347730   277.848964   1627.707188   1223.071383   
54.300000   263.415205   343.487143   289.014563   399.762614   294.093322   276.270161   315.821735   342.883082   646.711002   691.818447   166.239530   178.906499   265.299262   375.840534   294.384029   332.031187   381.633407   362.229858   331.987828   385.961209   588.511408   373.292380   313.177796   381.581824   338.455989   332.820275   278.718324   279.005310   491.559551   350.724600   232.086670   281.206548   1622.282766   1221.697871   
54.400000   281.600505   310.686699   301.973527   396.258412   303.224351   265.727520   323.668186   335.193722   652.929859   688.838479   195.949878   166.200179   420.147674   366.676090   306.144183   329.168170   393.379982   347.607320   332.905779   382.611031   601.800639   370.919973   310.892363   376.892043   328.767430   336.594856   282.380322   270.062606   487.227611   344.990259   233.464752   285.226428   1622.172582   1220.793157   
54.500000   336.931197   335.613795   305.752153   400.033348   309.096851   270.853521   328.014788   335.401309   652.357862   683.474690   195.516485   195.215463   384.812584   366.130990   304.395482   328.376346   409.643892   356.565016   346.387692   381.079179   606.254679   369.148228   308.775854   377.254895   321.269918   340.020637   300.267067   273.847270   490.150552   341.089555   230.936392   288.399345   1620.946982   1222.633699   
54.600000   309.022803   350.720422   283.626319   423.972048   293.842833   297.189172   312.722444   349.999699   641.344264   693.850161   173.859476   216.995645   285.758128   391.375496   291.844036   345.985528   385.043164   380.436778   321.669253   396.776547   588.011711   377.215817   324.742261   399.579444   356.283671   383.498129   303.493357   301.136226   512.306131   371.029973   280.614634   304.356461   1626.113775   1216.944667   
54.700000   287.100202   314.415257   285.593701   400.527207   299.796989   274.242276   322.517061   343.900665   652.143164   697.592963   172.205229   180.455718   391.345182   424.074092   304.269790   338.900564   383.908160   362.990819   333.399361   385.116774   591.784112   378.655865   318.484311   387.725126   322.589713   355.095358   287.386527   280.717089   492.802750   354.083097   243.180424   282.622682   1622.838274   1223.950298   
54.800000   298.349446   332.611667   297.321304   399.373293   296.573181   268.418629   326.731068   341.062520   655.503182   691.882521   183.624415   182.726126   437.338731   418.899637   298.517904   328.415251   414.018857   360.393588   331.017084   383.301787   596.285533   372.982175   319.273086   377.050912   308.060641   329.435934   304.070848   276.602141   490.330197   337.690519   236.437529   271.559066   1611.485812   1220.693416   
54.900000   308.311413   321.378666   305.914892   404.212473   310.268726   273.021616   344.738995   337.509744   656.636007   686.829820   192.897881   201.089107   441.037519   464.142451   315.364599   331.503631   397.226512   363.144155   333.925306   379.132627   604.943463   373.864835   311.144506   376.549405   327.906219   337.004073   305.913186   277.045549   487.200582   361.204348   276.786130   277.435940   1620.468179   1213.431385   
55.000000   319.572792   329.442236   307.982340   403.214987   313.104724   283.951266   348.632067   341.770575   654.171966   685.841526   203.362893   200.357638   490.354027   455.494378   336.649814   330.804292   393.394907   353.953250   342.399612   382.298758   605.972964   377.176450   313.463718   381.867656   342.473403   380.089442   305.957009   279.821732   495.662351   363.398589   248.720136   289.083942   1610.697281   1213.067921   
55.100000   329.731777   325.083857   301.653243   405.768572   310.760226   282.908855   333.642573   347.954660   647.954211   689.279881   205.770483   258.961176   600.913537   506.541283   308.278206   344.782900   433.677587   357.046689   343.706021   387.032435   597.383593   393.172164   317.270989   386.792468   327.268305   344.533780   310.270121   279.055023   491.947965   369.795977   275.531325   311.717996   1614.640439   1213.479219   
55.200000   305.886659   348.401890   299.268359   410.871330   306.883557   307.348591   335.036812   367.857915   649.925414   699.554268   188.052670   218.600454   394.948166   510.305809   307.105675   360.899262   382.983590   379.187289   347.480763   407.859476   598.195274   396.000661   335.547579   400.314590   364.400680   414.545833   327.945138   300.294304   513.894252   402.949124   299.331051   307.384158   1613.080343   1217.119491   
55.300000   327.560202   351.190747   311.081353   420.270041   330.573459   308.898467   354.600853   369.361861   650.702462   710.530787   210.942668   229.683032   404.851119   476.107745   326.862793   357.764082   409.733760   384.883076   357.915607   413.816241   607.801138   391.639825   342.899746   401.213179   386.078659   420.826795   303.210084   303.636354   515.662534   416.814054   316.009125   340.980248   1611.510086   1213.877214   
55.400000   350.056014   375.119276   331.804814   427.965263   345.525999   303.468440   392.062543   362.739320   684.987263   717.342700   237.893501   234.961450   444.568886   529.441342   360.495284   350.935578   406.392662   377.718182   365.892103   410.606708   629.637618   389.151174   345.485885   402.084916   464.119791   493.144714   317.788332   300.336857   512.608443   474.505337   371.380280   357.321645   1622.036989   1215.780934   
55.500000   395.761009   326.408767   335.006456   388.891040   365.973680   269.169719   380.183991   339.294220   674.441975   697.996492   221.033341   194.347000   477.818761   497.541359   375.474687   336.394530   439.252657   344.817384   372.389167   383.452964   633.123811   382.414521   312.489650   378.857900   354.552289   399.609328   324.798539   268.005022   482.099947   375.505630   274.860597   330.511716   1608.521957   1227.494754   
55.600000   390.580251   359.398453   333.739430   389.253976   333.954690   265.697943   347.957095   336.378851   644.545471   686.133426   237.634196   233.556462   657.911569   537.859473   342.511070   330.442207   449.116116   349.910390   365.598693   378.678487   610.702499   373.722163   305.051924   375.559316   363.983928   400.159009   314.481778   269.381863   481.387731   397.879039   315.401136   337.015253   1605.772250   1216.987571   
55.700000   504.017781   387.148344   339.775124   434.352414   334.522813   299.661231   360.890346   360.814711   675.249234   696.858894   220.804726   295.990138   591.622624   527.250667   342.523926   356.277683   464.802691   378.845540   367.791014   397.528171   630.465783   390.263524   337.696989   398.454297   380.743681   426.707816   419.875946   300.491504   497.098852   400.679199   320.721298   340.060005   1599.280744   1213.067912   
55.800000   430.622395   366.503385   326.620534   433.302633   327.450761   321.217919   357.604218   394.239594   664.653629   705.326377   215.710469   271.403802   708.515371   716.588470   323.292658   379.136839   432.632947   386.413573   358.557511   427.167786   603.339014   421.585122   364.087959   416.937130   362.103900   344.298051   402.781094   321.775726   512.169238   394.715469   277.118382   326.117426   1601.569820   1208.695388   
55.900000   454.028330   352.232855   310.587933   420.645739   324.820530   321.584515   351.771267   394.543320   666.660450   736.233373   205.594714   286.273380   444.194405   688.650078   346.341354   388.544936   428.240202   393.868553   373.408910   420.168496   630.608617   416.230678   354.609312   405.228961   333.324677   347.560172   393.764256   315.292768   517.055736   363.161370   254.890197   284.857270   1607.497426   1220.079019   
56.000000   444.247737   392.459856   319.683981   420.098693   349.644155   314.557388   380.478148   366.707846   676.571470   703.676840   221.138783   284.081027   419.279067   677.657003   369.864024   378.311726   425.657347   373.606034   376.776190   411.673077   625.152491   420.276793   338.112492   402.892399   352.101707   374.183842   370.930742   307.835986   511.806088   375.851456   285.462325   329.115966   1604.276075   1236.869767   
56.100000   460.220553   375.895395   399.302102   452.424468   412.562647   354.880285   429.561125   436.386265   723.934915   757.958323   279.917376   266.013620   742.370532   674.119308   411.495499   417.045123   500.184003   415.656464   404.258399   458.336842   677.776910   447.683343   379.313487   440.734563   535.555149   594.608058   352.399129   351.064107   535.572990   537.058998   483.977154   428.927684   1607.350206   1220.090531   
56.200000   398.431018   418.327634   360.310329   431.414144   372.417793   333.972473   398.384971   392.187467   701.221882   705.655760   262.722222   264.457146   522.685836   636.911249   398.880938   385.731740   486.207736   388.076178   379.631481   437.073380   631.364983   407.419138   361.966123   422.697751   464.999421   477.408161   392.981933   327.166582   509.681879   484.010649   374.043062   374.754105   1617.359231   1212.374120   
56.300000   345.599854   421.329203   331.324473   432.812920   358.315970   312.918325   361.609938   390.311280   669.261817   705.293478   246.420259   278.818235   767.636991   648.155932   350.251303   390.569136   442.494463   388.603194   377.509759   433.260464   622.900619   407.677452   350.630053   411.801386   451.170029   556.528284   387.420852   320.464511   507.475148   463.544785   409.233867   361.102565   1597.918380   1224.535866   
56.400000   440.296601   476.288472   361.043313   497.700526   367.963476   408.684532   398.981755   449.315293   679.728335   755.100083   229.572375   379.713721   692.998805   661.997640   387.146278   449.176837   442.746327   465.768413   398.301489   511.600822   640.310739   433.166958   415.329343   493.534945   608.029611   683.652893   403.623551   392.959454   577.205122   606.719276   524.655364   462.079511   1590.841292   1228.145188   
56.500000   504.600182   415.556453   422.533731   446.236618   426.888037   321.683436   444.117885   382.734819   705.302197   711.838584   275.168041   327.532615   576.339782   696.242473   446.840983   377.932575   503.617213   417.728132   428.012830   425.195012   657.298885   407.995505   344.358399   422.206648   433.315910   486.066513   421.240034   318.009925   520.317475   448.477219   385.746625   386.171933   1616.856862   1231.900671   
56.600000   529.277823   531.160800   451.578430   496.749319   458.169631   396.775933   438.201065   429.248887   690.662249   725.707694   342.678681   403.277322   610.079461   665.239251   417.989322   410.183947   564.247174   468.103530   454.424678   486.790276   663.083835   423.579800   414.796856   481.064398   445.950996   500.886711   526.521741   387.294908   560.663556   462.388777   376.515026   346.749639   1659.014848   1247.443495   
56.700000   608.627070   532.593908   493.963131   551.284740   493.295410   432.525484   522.751530   471.456339   796.287264   775.203201   366.770614   404.999636   797.340569   566.123924   510.644025   446.667144   595.051075   511.891929   505.796693   516.669172   726.434307   450.702432   429.670847   499.914083   538.002908   588.006830   553.910484   405.854106   593.547047   577.729968   462.945306   400.855202   1609.905726   1244.200923   
56.800000   603.421661   545.263441   408.796385   517.494703   413.697053   397.644108   453.076512   449.746586   740.843252   772.050247   274.626579   377.003677   838.194927   694.915624   441.656518   456.074038   557.085590   474.012734   435.843176   486.869081   662.615818   475.929254   429.120537   496.685720   505.692792   547.510754   543.927026   392.279403   575.640202   533.285905   396.427849   426.865190   1615.991505   1238.521665   
56.900000   707.545226   441.621196   455.792206   492.980137   441.047710   358.454801   459.560764   419.630710   755.552747   766.301668   323.560947   405.428730   923.623427   840.162121   467.363686   421.680015   594.211146   444.098518   467.800933   444.951268   681.658821   447.763396   382.178382   431.233466   517.725585   577.623950   567.842445   353.829721   521.963344   493.911925   318.685079   453.028997   1607.866717   1257.742115   
57.000000   581.003148   542.182887   436.238938   538.142550   413.855873   404.891933   428.229344   461.226769   752.862094   775.278918   320.784462   402.146184   648.768033   668.394249   468.509035   468.617181   543.743302   473.502868   414.143157   468.997952   691.989266   451.529155   420.506366   447.623534   508.418847   624.861107   541.081566   415.463610   563.981027   518.922049   441.939825   482.665570   1676.759289   1232.778302   
57.100000   662.884226   585.515998   507.492368   521.905865   460.126790   395.483426   466.491833   422.151131   791.396068   772.257972   394.031686   420.304916   900.862320   827.109173   502.878413   423.763487   579.489639   488.268577   499.496372   465.446869   757.260161   466.870191   415.525948   462.216553   497.312446   629.180321   680.497272   407.979219   548.421689   544.287270   485.552032   418.359695   1637.719554   1289.471817   
57.200000   602.461081   616.781896   447.277754   571.120105   458.576103   472.648707   487.731862   508.302613   794.659004   874.361924   339.335984   457.102446   770.873010   771.230227   500.245614   512.793235   527.231589   511.392614   492.264185   539.834400   714.671532   527.939094   484.629453   515.405741   639.828522   794.440815   536.251765   436.964620   604.353825   655.293244   564.102523   487.473693   1670.469165   1229.152509   
57.300000   669.831795   646.076035   502.605312   590.191315   482.909417   450.962282   479.672573   478.967766   767.269610   828.141212   385.292851   574.081178   780.460420   1233.406097   443.048375   489.878157   630.424003   518.752003   495.231202   527.929691   693.396661   517.564328   456.196798   503.495468   734.254826   882.561767   602.915741   446.647018   570.381492   732.940882   710.938455   533.744051   1655.659701   1234.499074   
57.400000   538.051710   613.053035   495.533984   621.112958   487.924365   519.702143   485.694938   575.163567   705.482603   880.794794   332.217427   546.609081   926.532708   1170.303402   451.536284   566.720639   631.608784   579.070289   491.966335   627.450884   698.666008   565.322818   517.783296   586.268906   715.915582   839.014886   596.192509   503.204255   635.698274   741.013129   777.417166   592.717697   1636.757863   1242.998665   
57.500000   685.547690   620.679246   565.615082   534.353403   565.287815   447.574468   563.504364   503.059754   840.673579   863.577759   462.460966   594.161573   1273.317995   1508.314738   553.803955   518.153743   753.989835   495.784660   553.484167   529.113904   838.652796   588.300135   470.914556   506.743717   734.109375   903.162742   464.618849   431.256106   588.311899   715.526891   605.826359   600.226548   1621.714155   1252.299344   
57.600000   532.951779   521.599453   405.863173   504.768709   456.487403   401.415973   468.786115   482.528309   749.236554   821.124341   350.881076   514.635235   1260.580426   1045.986968   495.351286   473.255409   575.307874   477.653029   443.404306   511.155292   679.889243   509.908624   431.336222   483.610309   614.807386   703.597594   494.317344   390.307058   560.521429   616.853633   518.494446   461.944222   1651.818681   1259.764037   
57.700000   716.153027   620.955173   487.413224   586.873210   551.563495   528.231000   619.750641   592.288943   893.748979   869.514416   355.924991   510.217789   1172.153095   1248.415308   655.626319   592.810748   692.425595   551.313081   553.163911   635.898916   815.574878   591.936762   556.534163   594.085723   678.439861   903.183057   766.802285   475.834987   628.852442   670.914546   575.142610   467.390604   1689.410336   1278.056305   
57.800000   733.908592   800.905896   494.562158   691.384510   476.664580   603.456820   490.151580   616.849654   830.264614   905.734817   407.926227   563.819621   1369.044693   1616.422040   552.025702   656.226507   660.008940   634.326894   439.297824   645.096462   792.452265   680.926282   610.348680   652.652916   844.858656   1091.191675   856.103335   562.694248   704.286718   822.068969   745.093798   652.526732   1588.939890   1228.428044   
57.900000   570.717074   683.403856   441.433715   672.700119   468.422569   576.626296   491.058518   617.898036   866.270761   810.240405   344.997099   486.969628   1221.232131   1765.996719   524.895442   585.955894   638.235957   627.566254   490.319908   642.575582   812.481248   549.523607   569.856647   642.879403   882.561638   1027.614361   734.179194   539.805711   653.225478   902.918539   799.379338   722.709117   1605.174559   1262.478537   
58.000000   898.262801   729.404307   639.769400   685.294782   615.509957   587.568141   603.737786   634.551221   831.257439   923.306632   488.623731   665.259346   1544.912201   1118.052391   586.046833   611.479955   774.728691   642.733219   589.127477   647.803086   748.114494   628.197103   562.892922   675.218366   860.960716   953.491494   1058.700400   544.425357   648.535855   903.904596   879.162106   787.431089   1732.380824   1231.650082   
58.100000   767.768123   683.492884   626.848741   612.676800   627.122231   516.826911   643.519079   545.044634   925.529734   854.461365   507.940656   589.894578   1517.718650   1093.837255   686.826454   509.081464   827.579280   589.659522   652.553543   567.996425   854.408872   534.305224   476.063801   560.583761   714.633414   751.168290   924.266357   484.205330   613.676729   760.098053   770.330282   769.619824   1659.549920   1279.204910   
58.200000   785.887042   949.723296   603.453197   792.239147   604.766728   720.849166   644.161438   712.853929   861.909541   1066.815928   488.908671   781.113686   1214.511542   1156.738024   634.635346   732.533912   699.747427   780.187203   629.960423   751.193556   817.896518   688.790734   691.646070   720.768434   1058.169063   842.173560   864.294004   697.539219   759.767603   1098.951522   1215.914609   947.103771   1676.459554   1347.086130   
58.300000   1040.721516   864.162353   776.801961   713.940203   809.158078   560.221663   822.440684   531.155373   1001.447148   928.910885   669.409793   707.947224   1267.941915   1453.057217   807.142075   571.403254   862.510569   668.575378   769.533984   607.925690   930.682382   590.690853   532.453622   562.961169   1029.992189   1131.129361   883.893680   548.451473   701.127885   1040.093180   945.555940   886.079669   1591.836547   1235.317010   
58.400000   861.813192   715.754840   639.426668   618.055950   740.806491   473.034122   848.279181   520.149752   1032.505086   894.158004   627.307091   558.290857   1117.892931   1352.500433   842.556856   534.220944   690.000366   548.495099   741.036484   556.873255   1040.090438   553.021893   499.548139   533.790089   809.237860   961.938640   978.091433   465.091885   592.376214   781.103240   799.533647   791.707171   1661.550292   1338.920434   
58.500000   734.290930   889.503151   640.046930   933.293921   616.536051   812.464918   634.071877   727.097645   862.339782   1015.907065   581.299480   729.816950   1635.356972   1261.234057   618.581009   655.703685   665.984607   909.460605   651.085213   803.585290   857.692984   673.355216   685.554876   784.644028   1268.134476   1228.627918   1071.684244   788.158929   893.947806   1361.229150   1209.045240   981.403280   1680.825042   1318.396738   
58.600000   1147.935049   688.197583   855.604510   665.662637   803.133292   537.974125   754.034570   553.664532   957.701060   907.597217   711.476767   410.303404   1833.352450   1706.607916   819.293318   565.872745   973.635184   639.094370   776.379090   593.934507   911.997059   583.461325   540.620878   557.198455   816.227847   966.090334   935.241599   523.531072   667.777976   856.191504   790.044532   720.066680   1620.776329   1316.888638   
58.700000   1285.519504   804.786764   573.633952   782.515797   571.557628   645.137407   655.794759   680.773247   956.729970   1086.291227   508.984427   644.918250   1352.495303   1844.145320   706.341990   719.192845   836.882690   698.220611   572.322478   706.547382   941.950898   804.854538   619.310249   615.454852   978.379641   1221.076940   1050.624547   613.432249   761.583614   1001.242153   967.472685   767.659330   1792.418028   1326.196592   
58.800000   1221.251510   1064.569305   735.661118   713.832464   700.414277   608.924564   652.699354   652.143060   912.405306   1001.352260   566.550425   721.796205   1189.147738   1670.307897   657.725526   648.957547   1038.640550   666.518840   671.340821   703.675998   840.219799   666.875999   591.027294   661.420495   1077.941393   1226.111638   832.421443   586.857382   729.561508   1093.041189   988.093924   844.562889   1674.570748   1288.331862   
58.900000   706.238221   917.850809   647.171194   787.221774   682.209940   732.464137   671.262480   765.150093   896.757868   908.332807   527.483662   724.062534   1125.447177   1711.650005   712.015831   711.222523   805.442957   725.266072   698.150024   812.001462   900.165416   737.251948   754.854331   782.494966   1163.085877   1184.899370   877.713572   679.811579   754.026408   1136.060575   1035.993382   958.208591   1678.515174   1229.479390   
59.000000   1215.204182   918.623699   930.018794   929.258214   908.486456   885.163074   926.858466   930.155883   1144.428985   1159.213979   746.076342   737.089315   1218.785382   1881.549508   1042.598333   904.870155   1145.100359   876.457714   906.882909   903.895906   1089.407700   801.053660   835.061410   842.139380   1424.126121   1356.505360   1031.268473   815.303113   890.020141   1458.788461   1558.485136   1423.300464   1764.528196   1329.874325   
59.100000   1130.998011   1041.732456   860.501628   908.123287   943.762185   843.939777   964.117885   949.685136   1175.656293   1158.691626   683.351963   1032.610191   1635.184396   1807.197719   1010.991013   953.023888   1033.408208   868.410938   874.634511   958.068761   1076.195985   823.339422   818.391107   839.996270   1266.431340   1435.199907   1044.221820   770.705917   860.306213   1245.262110   1210.690287   1107.201350   1907.868240   1247.404684   
59.200000   1056.696239   882.778029   703.024605   651.019241   739.578977   580.218651   785.285705   679.474110   965.343525   980.504407   635.858146   685.273460   1783.600212   1391.452465   816.065856   634.119032   882.956090   613.664168   728.074584   685.826526   966.376584   646.652025   611.691142   689.607310   903.085047   893.590690   1028.141068   572.840036   682.248760   871.835541   812.353473   743.758202   1671.037267   1408.723832   
59.300000   882.164268   1041.773447   669.620746   1070.059940   660.914095   1146.593440   660.219979   1180.647080   988.062942   1268.712755   612.242213   787.762161   1179.425369   2156.572674   735.268436   1220.678304   989.426736   1116.422868   679.501840   1148.267417   933.531867   1097.104905   1096.755908   1091.400865   1665.137088   1674.396911   1082.647352   1006.346241   1136.856365   1689.531414   1626.685667   1333.479866   1846.790827   1288.851364   
59.400000   1513.380971   1032.627814   983.284719   980.077809   935.353602   862.686720   905.611045   853.260913   1224.712935   1137.401818   880.532283   1172.376393   1614.923556   1743.677122   975.199797   865.941529   993.498938   958.510370   896.812465   924.449081   1103.668062   804.560130   801.068296   792.361327   1261.900259   1330.180537   1114.769353   833.041354   910.804053   1274.648223   1273.839495   1227.388783   1824.980930   1538.660542   
59.500000   1681.022237   967.740337   728.005261   833.583372   704.241200   802.228361   685.524827   858.090683   966.101755   1038.761975   707.524459   693.736824   1964.662549   2278.919750   769.669534   858.379907   1006.812959   905.604733   691.855840   925.989366   914.105287   742.157730   790.510257   883.894197   1274.803569   1122.967011   1650.711204   710.580869   898.308784   1349.476153   1292.835593   967.625407   1681.647931   1380.661862   
59.600000   1249.122796   870.979496   687.413420   804.411020   765.471322   830.086215   766.136799   910.535565   1039.170945   1297.234398   652.853478   847.049163   2595.385707   1616.862541   791.878676   924.126164   729.272190   861.920508   810.502290   983.737467   942.823926   786.345244   810.908270   898.113264   1188.772454   1502.752798   910.872057   713.374936   837.833116   1087.869487   1084.585857   838.518110   1730.672938   1357.825170   
59.700000   1710.808922   1283.557487   1044.367521   957.203382   868.968867   795.885286   790.052222   796.505247   941.037248   1147.507593   642.559494   1151.182306   1672.528669   1664.024076   692.451677   791.329324   1211.896346   921.243655   859.084867   839.538400   900.835262   705.920463   745.871238   804.617252   1581.933165   1829.972698   1297.751121   798.089204   923.061730   1617.124345   1480.612934   1201.810321   1670.664380   1418.399750   
59.800000   2019.972651   1139.230766   1134.785784   1168.793422   836.929996   1128.918488   752.904163   1031.717263   986.284288   1302.723759   808.766795   1171.513684   2461.271953   1583.658696   811.562872   1015.959041   1395.216738   1185.663693   864.391774   1132.489910   924.084790   923.451885   1019.236343   1113.425608   1531.898249   1553.109752   1387.778872   1029.096728   1130.373415   1592.568306   1587.466035   1070.208019   1795.619477   1391.728050   
59.900000   1885.858180   1014.294499   1108.925000   954.099824   1000.986348   828.515187   855.364731   802.018865   1112.025687   1097.878114   807.057290   848.615378   2353.046409   1520.100797   813.293413   786.171340   1437.263839   934.874855   1013.465041   938.323919   1139.643231   766.767090   814.942181   896.103555   1273.708149   1493.531917   959.327000   811.452511   878.791680   1222.933694   1287.284034   1164.654838   1734.966932   1368.227773   
60.000000   1961.927293   1108.848726   1123.707776   1039.182681   1096.255800   873.373747   1114.593156   859.766770   1471.944475   1160.964139   922.124316   915.261784   2913.874724   2318.792231   1117.882658   896.815938   1485.586931   1043.232822   1092.446845   832.913236   1321.034166   964.673050   843.102766   848.238680   1400.842776   1486.818907   1266.775548   876.352935   931.322616   1390.265645   1463.996489   1201.818151   2022.968557   1514.806586   
60.100000   1630.572075   1247.947815   858.733723   1054.141412   852.959212   1021.289269   835.299558   976.600507   1232.679225   1162.295944   721.131614   966.986868   2236.477906   2067.670351   874.459105   980.931170   1308.503070   1072.797098   777.237740   1008.188733   1110.600300   934.038236   972.920856   1106.596516   1486.109504   1595.025433   1408.686852   999.154456   1063.613399   1497.243416   1528.665488   1264.076933   1702.275719   1392.994185   
60.200000   1366.973029   1159.351737   1020.891004   941.904887   1070.620301   973.329133   1152.945423   1038.071073   1204.154507   1281.578369   911.984326   941.947939   2693.768850   1749.779563   1090.246885   1018.991529   1140.282481   931.522021   1142.978290   1071.803628   1087.504185   942.327873   974.210544   1019.600917   1181.416336   1353.648376   1278.462175   870.429072   980.651068   1257.001104   1350.675684   1229.215462   1832.242218   1406.151895   
60.300000   1360.026486   1132.144513   828.955417   1015.900396   756.350239   936.056644   809.891607   900.821723   1066.571397   1051.127131   721.741448   1035.493644   2956.125666   2068.116000   828.097467   973.633307   1106.158353   856.882164   751.743062   925.319223   1001.097377   968.170897   869.700387   855.822660   1120.772641   1222.052209   1204.174028   867.327435   881.278350   1123.294888   1069.458399   969.606259   1765.155238   1453.364481   
60.400000   1991.441756   1429.055682   1113.461400   1168.629225   1166.057134   1110.790036   1241.086566   1227.685341   1766.579863   1280.335954   1154.262672   1609.112608   2440.175511   3289.741267   1368.120527   1202.473207   1346.819392   1088.538471   1178.158217   1184.782041   1495.084946   1173.026982   1131.352111   1140.546721   1601.150218   1811.248325   1711.281047   1045.670317   1056.856340   1648.283084   1560.674001   1382.383040   1764.155909   1375.399206   
60.500000   2087.385097   1766.078636   1192.101315   1474.384679   1085.336562   1415.400125   1164.870111   1423.607124   1268.218781   1521.735129   962.909296   1685.109849   2602.564186   2644.588986   1187.482243   1537.100862   1483.812802   1529.500364   1094.387922   1416.586695   1162.864623   1396.857963   1365.941333   1310.212433   1970.627643   2116.149781   1784.989901   1317.954910   1370.955543   2050.964375   2030.522514   1342.859602   1887.305059   1397.690062   
60.600000   1687.793370   1556.240045   1148.167100   1238.873413   1303.425390   1095.771462   1300.287736   1122.198307   1270.386249   1450.164805   996.065914   1344.533430   2098.415519   2058.579458   1271.127893   1121.357955   1327.683732   1243.864248   1293.016411   1152.167445   1281.708946   1225.055733   1007.867040   1161.994965   2000.809987   2243.986843   1849.378763   1067.706307   1165.917987   2058.016690   2042.686208   1612.004555   1741.851028   1563.696346   
60.700000   2020.631657   1508.633620   1022.226080   1213.452517   932.434700   1210.028931   1030.253140   1207.424098   1365.780582   1288.743089   859.450131   1323.058279   2210.264345   2034.213807   1186.417509   1151.411977   1362.509342   1156.297292   851.971218   1145.872021   1389.766890   1174.171817   1109.370393   1062.639029   2048.997978   2340.136726   1840.173415   1166.359399   1208.075292   1909.702036   1794.269483   1733.842498   1835.424844   1483.441304   
60.800000   2358.842945   1130.302430   1256.344957   853.124981   1115.792159   728.219257   1123.508957   846.996469   1579.082992   980.256703   1129.502184   1291.828907   2599.690165   2738.919718   1205.432921   857.694785   1564.955317   859.949889   1112.194259   781.286425   1457.808815   887.678766   690.789641   721.225864   1490.830513   1484.259806   1483.272673   743.088500   853.008868   1664.741024   1672.877604   1437.337261   2010.802033   1673.017958   
60.900000   2295.361511   1028.575952   1302.587160   1017.054864   1262.030340   1064.380381   1321.172896   1123.546905   1720.852211   1749.340970   1138.493067   920.224309   3087.534970   2642.065223   1348.142274   1228.202786   1744.612018   1041.024442   1324.158062   1176.185430   1642.752224   1129.862309   997.048972   1042.116005   1557.596843   1689.319717   1978.790134   997.465325   1105.868551   1640.600928   1811.287479   1427.923490   1794.614529   1425.683879   
61.000000   1743.603888   1084.301061   1255.741741   1159.130827   1333.874152   1065.439681   1401.128540   1133.859908   1421.909010   1267.552529   934.524438   1161.002632   3157.624705   3172.593690   1239.472924   921.980099   1611.958445   1070.171842   1318.064354   1269.998501   1270.817385   859.132943   1003.723048   1263.101609   1681.563971   1747.554831   2189.587582   1074.174428   1163.907309   1718.531484   1761.037602   1435.949048   1703.924320   1638.751287   
61.100000   1858.120367   1501.810504   1196.488064   1215.272683   1171.033176   997.428716   1155.726351   957.755543   1461.646752   1308.212036   899.667880   1452.744023   3260.986591   2663.307111   1138.266098   944.705597   1515.829432   1050.114198   1097.962416   918.127969   1269.955021   1182.019190   939.434895   845.374582   1576.269351   1665.839244   2012.010028   1033.612063   989.492474   1645.540834   1730.701166   1339.342661   2029.134649   1526.557028   
61.200000   2194.017223   1402.135680   1523.899906   1261.784405   1413.035313   1245.127092   1515.682753   1284.348192   1659.902963   1400.706381   1000.843474   1239.007159   3131.361483   2669.253804   1409.721306   1235.335656   1860.964941   1334.171687   1378.939062   1373.796696   1371.275508   1120.378410   1185.843929   1272.664250   1699.811992   2035.951187   1724.285832   1153.983927   1249.556852   1646.058699   1530.820330   967.059334   1987.967487   1540.004518   
61.300000   2837.805110   1373.650776   1716.802108   1115.862677   1465.763575   1021.294004   1443.606281   1065.694610   1711.358398   1426.229617   1248.708107   1161.331180   2716.267340   2645.464017   1468.086086   1137.064856   2007.752373   1173.013816   1400.053186   1004.757727   1597.527336   1228.368002   981.042961   1068.034640   1701.528942   1915.572522   1540.607179   962.665864   1065.991711   1796.639298   1774.581021   1630.612059   1808.538055   1740.375667   
61.400000   3173.574775   1893.374917   1533.896162   1667.946905   1333.948957   1498.406283   1271.473272   1536.208384   1284.195231   1605.279576   1020.701732   1525.465161   2728.681743   3326.974052   1218.434243   1465.328137   2170.683823   1612.786156   1356.817460   1414.011253   1234.762934   1369.643779   1370.027776   1304.365692   1939.993401   2383.044415   2699.770167   1413.221026   1441.794696   1993.734939   2012.708768   1823.726905   1778.717249   1829.498184   
61.500000   2090.000548   1362.536201   1189.581726   1295.051648   1168.856792   1295.920578   1048.795999   1345.064791   1263.524267   1456.402625   1022.823238   1186.933027   2496.680778   2776.365923   1093.692921   1290.032788   1519.316830   1374.828800   1103.633950   1371.218462   1186.211746   1058.839838   1286.106905   1322.860815   1854.541456   2498.982127   1973.405788   1139.414960   1323.245239   1804.089056   1641.228203   1361.572523   1898.260522   1599.785414   
61.600000   2910.649287   1310.096119   1224.542222   1233.340855   1135.823003   1338.016308   1109.634203   1372.046850   1388.377495   1510.413233   966.550566   1069.912717   2287.917839   3016.279821   1095.044454   1467.795251   2145.521428   1352.698625   1129.959028   1356.587201   1241.026705   1456.049862   1283.953359   1261.674419   1955.414979   2215.609657   1816.511230   1153.189218   1338.066585   2018.478833   1975.631928   1836.763508   1757.894643   1505.555249   
61.700000   2161.620999   2358.065984   1628.934158   1848.339813   1554.351264   1521.299775   1381.272184   1355.446970   1574.192176   1618.038377   1336.957596   1518.970223   2884.242292   2880.845171   1330.886660   1291.666217   1773.502976   1810.330156   1643.486059   1403.756134   1400.988275   1231.200816   1340.416729   1373.930021   1935.296180   2629.819910   2519.501528   1517.930398   1552.595583   2035.227427   2034.815980   1885.201076   1784.175706   1469.712318   
61.800000   1854.043741   1470.298749   1266.673064   1470.296980   1166.013480   1477.324546   1160.965166   1542.567535   1422.559344   1606.868368   947.777101   1331.599457   3667.919148   2413.840233   1156.804879   1453.220779   1515.404706   1502.690626   1254.700138   1589.209369   1389.959794   1328.912035   1426.907380   1417.649413   2343.681539   2214.777087   2523.379286   1435.789533   1494.960408   2264.051987   2208.947686   1981.304997   2339.123566   1390.364018   
61.900000   3086.122080   2209.002857   2041.044185   1671.450527   1781.881288   1639.467372   1534.853345   1651.419203   1954.268679   1763.491549   1491.036261   1452.111145   4571.294982   2877.039156   1575.741398   1607.681804   2067.686952   1700.638874   1648.004999   1655.970988   1810.072880   1548.391145   1581.720121   1569.700740   2936.563754   2933.300300   1791.578881   1601.171406   1667.400243   3140.043775   3278.187168   2485.046501   2127.884857   1613.127969   
62.000000   2605.369936   1559.983270   1764.519332   1246.287670   1622.343732   1161.349288   1664.589942   1104.484733   2038.975644   1484.476035   1727.263478   1264.737054   4645.073678   2721.387118   1698.273032   1024.166101   2065.138729   1242.221065   1755.064631   1307.132665   2012.080568   1245.876713   1234.082680   1285.016081   2651.643797   2394.956046   1582.566626   1155.777197   1221.661820   2822.585864   3306.603000   2463.162532   2061.494013   1998.717494   
62.100000   2047.336524   1945.676669   1522.600770   1750.443007   1423.059529   1544.336441   1334.033901   1589.853718   1547.759831   1697.551175   1347.692376   1741.488215   3155.278085   3161.543909   1294.555076   1596.803712   1870.395609   1727.856481   1432.164617   1549.779920   1374.123767   1563.737786   1480.411354   1486.083049   2768.578221   2904.532169   2089.835546   1524.440598   1579.727311   2764.604272   2740.588724   2268.166630   1985.224276   1777.682567   
62.200000   2211.214952   2169.895498   1090.160932   2076.525829   1061.001247   1962.395036   1144.662296   1906.950032   1784.886750   2078.834413   1066.408829   1868.387094   4152.622166   3390.661185   1257.912520   1918.971465   1823.365419   2191.572289   1065.141699   2007.479412   1522.693063   1772.316347   1843.961323   1939.356046   3437.166113   3358.181344   2394.198448   1857.634997   1983.144989   3396.234859   3586.798747   2456.676105   2278.278521   1588.214516   
62.300000   2053.070485   2536.439783   1390.721069   2050.058599   1332.389373   1963.519298   1278.981517   1820.873428   1729.778824   2119.678311   1170.293947   2295.219063   3556.440879   4406.550022   1430.392669   1772.405920   1815.264171   1981.411530   1390.202344   1874.024780   1733.765941   1800.460112   1862.401537   1869.028107   2864.234723   3398.263787   2166.606118   1868.638099   1876.939412   2699.795359   2644.788126   2437.719792   1985.668657   2020.135381   
62.400000   2423.448724   3448.425700   1415.274039   2237.713644   1330.714231   1874.656541   1437.337684   1690.532279   1669.848975   1767.306033   1048.915033   2146.355005   3114.880879   4028.241122   1545.463330   1596.597242   2456.661512   2147.659921   1415.594103   1779.586103   1616.251966   1270.516075   1754.997830   1782.528283   2950.484985   3207.906378   1773.008178   1847.400745   1934.153702   3068.102920   2828.555413   2260.966398   2043.144172   1776.560279   
62.500000   2049.198310   1516.705105   1514.527597   1543.726671   1405.766702   1434.064805   1416.482212   1443.611718   1430.705428   1867.357669   1089.183701   1613.745390   3013.073997   3100.336931   1269.756102   1438.197060   1849.337406   1493.591853   1386.025736   1379.105187   1347.016986   1432.427384   1338.286891   1469.507058   2937.899247   3058.710556   2378.546541   1342.871410   1431.875887   2916.031188   2792.427085   2231.537295   1903.057242   1826.753504   
62.600000   1918.045057   1377.575364   1655.892218   1297.050365   1687.284984   1241.721283   1832.736258   1276.178803   1856.136702   1714.459600   1463.777133   1586.293877   4387.513759   3249.679698   1914.577984   1283.756716   1605.543941   1291.287980   1708.558695   1260.518064   1740.706429   1247.530358   1157.308198   1221.300233   2569.523290   2673.970320   1761.351007   1111.935810   1200.246215   2673.207306   2662.486080   2183.023951   1823.345523   1879.485007   
62.700000   2652.199978   1817.658517   1839.517647   1345.851980   1685.110038   1260.215735   1826.692144   1238.524550   1979.787915   1453.921780   1502.586516   1514.195312   3978.028276   3217.975218   1706.371429   1211.564937   2063.683791   1449.835259   1779.482626   1232.614545   1923.841612   1239.007535   1176.843638   1095.661533   2199.460417   2126.888437   1855.046166   1173.767506   1257.562137   2417.979593   2262.623414   1964.756996   1777.681662   1579.593643   
62.800000   2792.486927   1795.583622   2432.728721   1564.584694   2462.861051   1504.302815   2234.752309   1398.904211   2528.097708   1864.540003   2088.140809   1576.163877   4790.077763   2930.976431   2557.698926   1401.622827   2177.948185   1630.085686   2402.741084   1512.144999   2187.262897   1435.416130   1417.701266   1419.630776   2813.960155   2801.014831   2584.984242   1444.174939   1550.580914   2867.426350   2848.406846   2342.638492   1987.178810   1769.372074   
62.900000   3071.833497   1434.054176   1872.657375   1373.113117   1618.440346   1370.466335   1473.013751   1364.781609   1687.177448   1637.826578   1405.058430   2218.520878   4618.577030   4012.692340   1498.284678   1418.002791   2046.608371   1372.347204   1637.620972   1467.054542   1642.476537   1403.788218   1310.373172   1296.677418   2150.390009   2329.926746   1981.047749   1276.997923   1317.989854   2215.126985   2587.462472   1814.665922   2002.747468   1708.461311   
63.000000   2563.296065   2269.724570   1847.293242   2227.669686   1723.843159   2391.520481   1734.054342   2209.735937   2041.157192   2105.691985   1686.086270   2287.444154   3697.186100   4846.263856   1949.880929   2202.857255   2574.473066   2322.925739   1687.628999   2290.710537   1926.675444   2099.063139   2166.873773   2224.819168   2875.553623   2817.455447   3349.896262   2122.088630   2161.856467   2938.466836   3075.375923   2082.261508   2147.586733   1913.990536   
63.100000   3129.849981   1668.927368   1642.565691   1627.907373   1373.077394   1677.411070   1280.824174   1648.710647   1601.906772   2026.155506   1281.886655   1430.635840   3748.854551   3946.295095   1288.201063   1778.670525   2218.334939   1697.466578   1359.732897   1692.192888   1486.335883   1767.413069   1532.594260   1763.085660   3164.179094   3690.710472   2346.139482   1476.664954   1636.469876   2971.370657   2659.337411   2462.775375   2174.868336   1674.208230   
63.200000   2718.467970   2230.568499   1831.564544   1842.764482   1769.570334   1742.573155   1768.193042   1660.073704   2110.901672   1884.155804   1656.645022   2304.052346   5731.923875   3006.732495   1935.028851   1646.016256   2749.430414   1873.912230   1744.082947   1682.296908   2012.862682   1509.407341   1598.445159   1761.277057   2767.585612   2979.335418   2960.572436   1641.673606   1706.876321   2873.566414   2718.117724   2200.443487   1854.173984   2209.416243   
63.300000   1909.725019   2199.052482   1746.414160   2090.711203   2043.280390   1965.796299   2136.628060   1852.221446   2379.385174   1735.420668   1388.664913   1579.615982   3949.211383   3636.739185   2228.190336   1842.008769   1937.104215   2023.981504   1974.773750   1861.673753   2185.182379   1735.390102   1819.508876   1788.300929   3623.073275   3721.534084   2374.387629   1871.666765   1853.372248   3770.624487   3645.666859   2681.720934   2219.743434   2239.060283   
63.400000   2321.508825   2496.263073   1551.838625   2302.682046   1721.824468   2258.893990   1662.911308   2238.117130   1836.372189   2501.049985   1379.091896   3090.848116   4943.219616   5345.906695   1664.540630   2394.215812   2158.965284   2374.642281   1734.557467   2189.205828   1846.235155   2444.417592   2128.162591   2078.587161   3878.206220   3963.060464   2998.749293   2003.937220   2099.657800   4021.830048   4154.767947   3290.649626   2122.825347   2296.876718   
63.500000   2543.988636   2317.420124   1611.050731   2029.555917   1829.236470   1941.157707   1900.463202   1988.127598   2101.335103   1826.358681   1757.274874   2204.343017   6516.615820   5816.533172   2075.258919   1868.444040   2287.994575   1995.271733   1770.801149   1816.963155   2033.209793   1816.096690   1813.662426   1857.109087   2994.471960   2903.670623   2369.939327   1899.388123   1799.876298   2939.257409   2799.455986   2552.608063   1992.473947   1872.905790   
63.600000   2793.406300   2594.566896   1744.086516   2218.377836   1831.573219   1883.500601   2031.813005   1652.037434   2214.928771   1644.125041   1525.092591   2973.503245   4655.290226   5010.165916   2215.791074   1464.681726   2580.217025   2104.276501   1835.122019   1787.616217   2042.802215   1382.759684   1719.625455   1754.977276   3235.216507   3381.152844   3778.323004   1868.390716   1883.662246   3246.008346   2865.054504   2281.587836   2050.968141   1753.745525   
63.700000   2986.339838   2386.804437   2438.615312   2189.602386   2334.081009   1893.047370   2059.351292   1844.077055   2267.281438   2400.437693   1933.081835   2424.651299   5269.264367   3020.005196   2080.416677   1905.964278   2730.105793   2157.373790   2228.866298   1858.421927   2223.766141   1782.429787   1707.239630   1712.398683   3500.133616   3927.146304   3634.975424   1807.227788   1929.268546   3592.194412   3375.619411   2514.601730   2107.054064   1734.759934   
63.800000   3378.957070   2986.096377   2659.049455   2380.403418   2619.685177   2164.483122   2463.977263   2137.417932   2724.450926   2119.732236   1948.860602   2277.354804   6891.328106   3960.820482   2419.009119   2055.948341   2989.887816   2239.538587   2594.681950   2316.316887   2577.391852   1900.851448   2058.503052   2257.551561   4073.011773   4348.923184   3840.252939   2009.724179   2096.745665   3882.677743   3885.121279   2917.623285   2381.269581   1854.018991   
63.900000   2657.770130   2808.584294   2211.227031   2405.582264   2495.758173   2283.447482   2484.514775   2096.051090   2798.056306   2493.511382   1994.671936   1991.537187   4759.639525   5406.437726   2731.764142   2156.695832   2656.192532   2526.623725   2449.894256   2173.414640   2655.489374   2207.663719   2039.403725   2150.484880   3612.221501   3688.800311   3330.195686   2178.932547   2303.890655   3713.852559   3844.035363   3244.044356   2237.816634   2066.913531   
64.000000   3499.342251   2499.630166   2423.032843   2244.107311   2299.536215   2154.029787   2186.689804   2079.709311   2338.994533   2383.136082   1993.140758   2695.403798   5937.068176   4242.189727   2399.390052   2065.154301   2775.374605   2303.275814   2359.505013   2068.061971   2240.204726   2118.279525   1950.252296   2074.912884   3433.462504   3863.053895   2350.009316   1967.418802   1956.235190   3229.082669   3312.891830   2385.607519   2513.121363   1701.209867   
64.100000   4403.760752   3209.382090   3155.273483   2392.327957   3106.934625   2232.630017   2937.194471   2189.898177   2759.930129   1659.097565   2736.617079   2219.851913   6032.840215   6016.472583   2808.156524   2204.494460   3789.105228   2324.494464   2926.014922   2172.542418   2603.413377   2005.137321   2036.962154   1927.074496   4003.166912   3951.578015   2958.284286   2031.004924   2054.585202   3996.669157   4110.710208   2866.727854   2144.101165   2441.428915   
64.200000   3031.928353   2976.647689   2119.929612   2377.713880   1963.270884   2318.551197   2044.668678   2356.297001   2243.704321   2495.197500   1569.740948   2258.178508   4712.094949   6169.108323   2135.471685   2484.354198   2442.237633   2332.913075   1942.493133   2214.828120   2216.060166   2290.830778   2218.743733   2048.161671   3666.652934   3932.261867   2240.175570   2129.648129   2060.673479   3681.687362   3620.310162   2734.833800   2345.801386   2122.067472   
64.300000   3557.000693   2520.612506   2143.340511   2114.047743   1967.733495   1954.779981   2171.989381   1720.116191   2275.639619   2045.171744   1926.446350   2571.260182   3847.183720   4956.935125   2011.431416   1670.526752   3490.705929   2056.791155   2026.819358   1729.044592   2199.118997   1994.977007   1755.134829   1761.684750   2660.178701   3230.920886   2265.126196   1782.706766   1756.250433   2650.560307   2617.868692   2202.192584   1855.317222   1937.236834   
64.400000   1915.282588   3029.753220   1250.002269   2513.967015   1233.350015   2370.869935   1319.179184   2324.866325   1775.788506   2441.575912   1036.823454   1956.879134   4642.382283   5648.390316   1468.485299   2424.876209   2136.983935   2526.164401   1193.132590   2225.803454   1668.756478   2260.243578   2117.153145   2163.560822   3488.582064   3825.538791   2763.128322   2256.609155   2201.699510   3572.694432   3120.286903   2677.064364   2192.326806   2039.540706   
64.500000   2953.449065   2583.649166   2380.769334   2149.784790   2354.605779   1930.395175   2287.034619   2013.436358   2930.406059   2261.730783   2063.418650   2086.477146   3614.398133   5337.782779   2298.420836   2090.229294   3266.066361   2149.542769   2401.659352   2037.291136   2718.246029   1881.835345   1751.700576   1806.684371   4571.095302   5153.248100   3059.217842   1820.120288   1837.116292   4680.181464   4337.590559   3475.909366   2242.931959   2113.948068   
64.600000   3073.843912   3167.813399   1744.972579   3083.330899   2014.490119   2772.744363   2186.698384   2798.180781   2498.620049   2460.384365   1755.244855   2976.345500   3610.704657   4915.261069   2143.491826   2620.467702   2581.277093   3069.794838   1880.365510   2826.370814   2630.112954   2558.857920   2530.213667   2634.431505   4052.116687   4295.147553   3509.489698   2610.055797   2712.058952   4153.875177   3745.927598   3652.934953   2416.173008   2549.731892   
64.700000   2271.365102   1856.959341   1784.424758   1934.655251   1989.581739   1804.849289   2399.595230   1770.273016   2830.374813   1956.878071   1644.099790   2277.228024   3107.124020   5789.558977   2614.230740   1751.124920   2141.917408   1912.734402   2018.799009   1729.942863   2608.079617   1876.676819   1652.526413   1640.404231   2767.566289   2880.599657   3201.641554   1640.116805   1694.209541   2851.093517   2999.868380   2737.475932   2102.845843   2302.102904   
64.800000   2917.556247   2748.396245   1910.440459   2913.349557   1816.832663   2899.608546   1791.549618   2691.582261   2010.302634   2657.553172   1439.720718   3323.636995   4647.354025   5210.785122   1755.604226   2543.771143   2546.470214   2842.511955   1792.396629   2683.751137   1863.009523   2850.922632   2609.549485   2556.738190   4584.708849   4576.062521   3488.414510   2546.394523   2565.820395   4770.149249   4152.011321   3115.955276   2530.540013   2019.297441   
64.900000   2570.395215   2982.565470   1692.232353   2351.033010   1805.910450   2233.487111   1749.678326   2331.611287   1882.360434   2450.879866   1376.876059   2538.023361   5811.411732   4973.499011   1772.477848   2408.101088   2318.474856   2327.860122   1769.869537   2272.105283   1855.953380   1756.571239   2095.572581   2147.904467   3210.854257   3494.868608   2251.648147   2118.868641   2002.633455   3098.437515   2612.697912   2184.621922   2738.186616   2138.101125   
65.000000   2860.114560   2582.492314   1564.395406   2296.472787   1480.410759   2358.586998   1516.297955   2349.034527   1617.130642   2532.779667   1160.122856   2682.614379   3855.779416   5225.009496   1490.793052   2326.083221   1619.109606   2433.011658   1450.640600   2461.722012   1600.798737   2309.816732   2126.999790   2294.416582   3266.984403   3102.192399   3416.476540   2189.176043   2224.081434   3621.135214   3462.810573   2758.533117   2704.373243   1820.867261   
65.100000   2853.754559   2975.171935   2153.223832   2832.527883   2231.670019   2682.395321   2280.302232   2791.017986   2504.971867   3277.991715   1719.302819   3363.513371   4624.865142   4699.038903   2337.583004   2849.316297   2513.882527   2791.282627   2186.027104   2744.243417   2608.488538   2770.450305   2391.922756   2555.495108   3698.092674   3844.809045   3011.079568   2440.273649   2477.108209   3888.398104   3915.187877   3434.336441   2398.292981   2022.890703   
65.200000   4216.332632   2995.566924   2943.537799   2477.503187   2752.214045   2259.152564   2554.596744   2120.809559   2626.913307   2359.427795   1983.603034   3261.947465   5771.116310   6383.902429   2586.489978   2109.535513   4041.340580   2501.480745   2712.894102   2151.286295   2643.982970   2020.955079   1959.531396   2073.567708   2474.700451   3476.669592   2895.917266   2063.127654   2200.882243   2598.292628   2731.617341   2338.638036   2385.993130   2900.996841   
65.300000   3438.798271   2823.290515   2049.802856   2050.722580   1799.132645   1805.740986   1974.184241   1716.478698   2106.612279   2260.646706   1517.037661   2292.477486   4717.094412   4885.032967   1820.465244   1838.941831   3317.737976   1931.105346   1950.141870   1715.690385   2059.377060   1777.706092   1526.104709   1635.298983   2033.338413   2793.246459   3080.276793   1602.263660   1784.040092   2121.619777   2239.145986   2347.300111   2594.061939   1922.634157   
65.400000   3802.897758   2970.817155   2590.669636   2477.524591   2833.629677   2268.568974   2812.038669   2220.317555   2835.538386   2337.095673   2132.423113   2704.533030   6597.228906   5641.006783   3007.145009   2167.442145   3074.086525   2520.275922   2705.709384   2166.629248   2837.688075   2053.493350   2107.963605   2170.515224   3503.747318   3560.787547   3383.380401   2097.444797   2220.382028   3555.148026   3355.630318   3139.912128   2793.569710   2463.281627   
65.500000   3871.503977   3905.021551   2068.412198   2821.289688   1964.614372   2465.928885   1926.519195   2258.371054   2091.683277   2236.484147   1809.256495   2906.131807   5260.156781   3819.357598   1983.013394   2296.531701   2899.138252   2716.176312   1843.500987   2208.849174   1925.466366   2215.137518   2018.100364   2200.117509   3517.035668   3252.041170   3396.659335   2372.837140   2319.263513   3546.809088   3574.045928   2471.974536   2171.678585   2678.516667   
65.600000   2722.403627   2094.923066   1876.246847   2152.536756   1999.821760   2164.401665   1745.358255   2362.854595   1680.889314   2321.918329   1524.811020   2005.539164   5512.794134   4207.695428   1666.041959   2432.901143   2519.750037   2144.812793   1913.179352   2240.190982   1528.511429   2211.892581   2098.709717   2113.036005   3143.371252   3067.383939   2944.631350   1923.802740   2084.923347   3102.358104   3034.546902   2450.275366   1824.625603   2065.802982   
65.700000   3171.966901   2623.027465   2085.700133   2267.351442   2042.482178   2172.391619   2155.711014   2204.459587   2286.094576   2582.454783   1934.930913   2641.030857   4118.826691   4408.231106   2687.080743   2286.740952   2485.802155   2144.260706   2054.966990   2182.733272   2175.652958   2212.140125   1939.618377   1862.417340   2621.255790   3433.247218   3043.070298   2029.926460   2043.583174   2552.953626   2448.937563   1828.164884   2153.355771   2288.486563   
65.800000   3928.467373   3400.805838   2569.909160   2639.390674   2194.354151   2472.439990   2087.836647   2701.121532   2487.732077   3019.913889   2130.054587   2503.789653   4853.974376   6189.144821   2068.282334   2787.942317   3952.503245   2345.829371   2262.514661   2439.677077   2297.166730   2595.996622   2196.454899   2049.481312   4697.991081   5475.353968   3148.664168   2342.065500   2176.436011   4386.766757   4225.537094   3768.415811   2242.234514   2149.125662   
65.900000   2909.092140   3242.693503   1765.575527   2904.414081   1648.164320   2597.912807   1673.989338   2421.148942   2028.876501   2336.310537   1572.100088   3021.448767   4572.389363   4825.829304   1823.747094   2396.072199   2274.307111   2608.272985   1700.217925   2466.329197   1853.537002   2496.325741   2259.239585   2155.280670   4282.647800   4109.202182   3141.398093   2379.558202   2351.178694   4271.526942   4407.150066   3236.386304   2283.716999   2256.385192   
66.000000   3421.816512   2639.875895   2087.753804   2120.464364   1967.462383   2219.635212   1817.537582   2382.002803   2438.383225   2582.384884   1826.254147   2604.738371   4664.461378   5317.195330   2013.681912   2443.849988   2497.997824   2212.290074   1940.454662   2254.363426   2123.062175   2681.249393   2106.160604   1873.292510   3761.542715   3956.798837   3300.146361   1934.977993   1993.749998   3912.692612   4080.663827   3326.376829   2463.707615   2144.543475   
66.100000   3635.120522   2896.406807   2246.241075   1726.309169   1898.531125   1502.877483   1912.126198   1597.143422   2355.875855   2616.827324   1635.238858   2739.269885   5072.694320   3783.956808   2107.922260   1589.146177   3369.783564   1525.712498   1867.053682   1698.393635   2232.081081   1843.346695   1513.585736   1466.887056   3087.421897   4128.290793   2523.050574   1421.415915   1442.382513   3062.837394   2956.464449   2675.333338   2302.688178   2622.576541   
66.200000   4056.105034   2680.785231   2838.479627   2254.080974   2700.094615   2030.078682   2697.243817   1905.356748   2784.921239   2274.937594   2415.333544   2712.945966   5631.688689   5713.994190   2826.519425   2174.740867   3050.323742   1952.079702   2737.210403   1796.748134   2666.577133   1821.319640   1783.544255   1593.642511   3487.295867   4288.523713   1983.141585   1858.390681   1680.902978   3441.339194   3434.945868   3213.622311   2207.888502   2630.912800   
66.300000   2797.938418   2337.363800   2447.845669   1836.544829   2529.560376   1784.796317   2573.135612   2082.322712   2413.405037   2448.510079   1854.321272   2296.109390   6100.103760   5093.614176   2727.412836   2171.239527   2961.728856   1762.664178   2400.733615   1919.357163   2481.401931   1918.103861   1826.432256   1618.995363   3328.734276   4171.462626   3089.148124   1696.089530   1697.943400   3154.344638   2837.850420   2937.884023   2177.036695   2072.507794   
66.400000   2881.213654   3436.726696   2061.073063   2808.503172   1992.147942   2674.712558   1975.495915   2656.912511   2168.320843   2934.031233   1410.980884   2844.741186   4920.347854   6044.092218   2175.735657   2764.578693   2888.166219   2630.085403   2161.854718   2792.460160   2046.472190   2399.566842   2577.983116   2525.629282   4079.017889   4217.325258   3273.140128   2525.773716   2470.168256   3987.153407   4146.837198   3530.296438   2245.137399   1728.382227   
66.500000   3757.084084   3562.284476   1765.112157   3082.283307   1797.359469   2837.915386   1798.327945   2739.144270   1965.045337   2563.134010   1456.000895   3029.441654   4666.665441   6802.628767   2035.609660   2740.416423   2641.054358   2822.347365   1750.181656   2839.647819   1715.439307   2432.811394   2599.335668   2727.161191   3784.921012   3709.679259   3835.284533   2784.870173   2665.038174   3747.886177   3482.739748   2462.791464   2576.413505   2033.845432   
66.600000   3997.231466   3059.717417   2496.108352   2532.536575   2259.367012   2711.101253   2225.196059   2697.344714   2099.907727   2281.199783   1974.117277   2199.701143   4674.094810   6848.028484   2433.732506   2723.309708   2517.771259   2526.315873   2250.191462   2686.353668   2253.486576   2588.381219   2416.605545   2551.280384   3952.173629   4529.154309   2697.197395   2461.110665   2458.639193   3772.192397   3604.864824   3204.274421   2763.079929   1987.682023   
66.700000   3851.912995   2611.566017   2126.130080   2150.663723   1924.361869   2254.437319   2126.193861   2257.689056   2517.689408   2567.992800   1785.647279   2049.012147   4921.532708   4635.005267   2032.942991   2190.799582   2633.884819   1930.100719   2026.707130   2373.734124   2313.386245   2293.767807   2146.713895   2139.327063   3287.257002   3459.693626   3250.785657   1962.834844   1946.165697   2976.323873   3000.373736   2409.398335   2596.783935   2258.733003   
66.800000   4224.398848   3053.290013   3053.125287   2273.498925   2729.230048   2181.669848   2828.286744   2357.253180   2532.033422   2778.300270   2496.260624   2553.206248   4682.874837   5218.107648   2735.378084   2482.096839   3788.122492   2294.317070   2831.957236   2352.341139   2320.885349   2240.080191   2070.344009   2009.328977   4252.656615   4624.921905   2824.160195   1960.975155   1990.744549   4432.754683   4501.112979   4079.841952   2898.952125   1918.920802   
66.900000   3778.021586   2437.589739   2711.556676   1909.120328   2625.444312   1897.496251   2350.736647   1900.372118   2232.721276   2222.479858   2703.178079   2100.452614   6077.299374   5029.922273   2448.750685   1900.313858   3310.679139   1799.849200   2536.567386   1995.136011   2246.040534   1663.196258   1707.845997   1797.919573   3524.856834   3755.510462   2961.306953   1695.759103   1704.600497   3569.148340   3669.766326   3356.464177   2125.950233   2491.294282   
67.000000   3207.630352   2979.095678   2580.665992   1923.557477   2573.358937   1891.135990   2406.144824   1886.260983   2384.248864   2580.638644   2051.786705   2875.964901   5976.009151   4967.119762   2544.065772   1777.735661   3038.191184   1990.578530   2493.028208   1814.287853   2215.314696   1773.269208   1662.562642   1744.999876   3115.552934   4176.963877   2580.749755   1683.136157   1722.081274   3155.982561   3315.664034   2901.896645   2298.906488   2218.324786   
67.100000   4223.335955   2210.320681   2741.475519   2168.032955   2851.938100   2285.481191   2941.031469   2170.356102   3033.076498   2157.094590   2725.187613   2046.225636   7359.377311   4486.841079   3065.251100   2215.448779   2623.912617   2276.820636   2851.398107   2019.870409   3101.414557   2036.783123   2086.129602   2081.784749   3731.663486   4328.569552   3183.175841   1977.455652   2046.699100   3823.702061   3738.361719   3403.862974   2101.542525   1815.650620   
67.200000   4276.398713   2368.357168   2432.528284   1867.225069   2166.461175   1776.261350   2232.395610   1857.140802   2595.161020   2505.284209   1857.116914   2597.843525   5838.515095   3933.845778   2360.615765   1882.577096   3236.746882   1944.986217   2104.030363   1771.189930   2340.699674   2145.425649   1684.246612   1833.831711   3475.023684   3750.694089   3360.826389   1715.937014   1644.361841   3433.307974   3351.414857   2778.563817   2276.714514   1973.378195   
67.300000   6191.825249   3181.824114   2532.814313   2363.074012   1841.395194   2450.679070   1732.928537   2652.939267   1963.075325   3235.371246   1756.707490   3604.420598   5725.640802   6257.480240   1901.195180   2618.744334   3652.402126   2445.256649   1768.380626   2684.669335   2133.512913   2410.506533   2219.559767   2360.381020   4220.508981   3973.570440   3405.120380   2110.847122   2172.697235   4458.694803   4519.154792   3275.304609   2776.276023   2127.695929   
67.400000   4140.842927   2468.408065   2404.079925   1729.860790   2449.628023   1787.052900   2566.027926   1965.637371   2741.109707   2599.950886   1941.193183   2441.190875   4846.730866   5601.083307   2773.295759   1955.384551   2763.493313   1746.826349   2593.870623   1934.871268   2346.891715   1916.277778   1675.348769   1715.436704   3275.899077   3305.398246   3081.739661   1541.432910   1550.534434   3294.135178   3502.775917   3058.133264   2192.206921   1899.070058   
67.500000   4235.895322   2929.084540   2771.847301   2241.365790   2442.060425   2058.363122   2633.489699   2163.863161   2576.929820   2434.507869   2149.145557   3148.799798   6093.198629   6278.930742   2637.983938   2165.680329   3055.374356   2381.112146   2626.874734   2320.460774   2420.697414   1888.457509   2002.935366   2076.214856   3411.925681   3720.649499   3182.185985   1950.581237   2078.862715   3380.924393   3252.203553   2845.999442   2570.024771   2340.675851   
67.600000   3769.699504   3292.740113   2833.061622   3262.982095   2724.749096   3152.185503   2509.794305   3081.061575   3018.110819   2629.145144   2445.142852   3195.642337   5712.033518   5474.002273   2611.345694   2971.055472   3278.187551   3427.778408   2577.213531   3221.636229   2806.215102   2600.933396   2919.182380   2964.973792   5093.202072   5430.418393   4905.232563   2847.404908   2963.543898   5142.048361   5396.493102   4334.573653   2648.534619   2245.809962   
67.700000   3963.532614   2609.526153   2331.407834   2146.685094   2154.877060   2172.848210   2254.817687   2209.032710   2719.015830   2491.760863   2491.320424   2939.754826   8057.312967   4949.645755   2526.857783   2292.414535   2692.662864   2014.185617   2082.210911   2200.152345   2616.698146   2431.163625   2043.375141   1989.880571   3798.765305   4174.499648   3149.683227   1891.109034   1903.512911   3785.471923   4157.962540   3026.037944   2157.159150   2393.427296   
67.800000   3642.806243   3036.684579   2508.197191   2189.895695   2480.613097   2051.760103   2504.501803   1955.774395   2680.900606   2970.433593   2289.833441   2552.845415   6330.164139   6273.307736   2535.127066   1951.175739   2998.734523   2125.115403   2410.828315   2170.056693   2700.364009   2204.593751   1871.645562   1913.440024   3875.414578   4010.884254   2966.390555   1928.465285   1795.074668   3696.946974   3481.134114   2913.096547   2448.275314   1975.584321   
67.900000   3453.269840   3186.990425   2386.668006   2737.711963   2042.953480   2749.197088   2070.102112   2612.633661   2339.259984   2603.800596   1698.278185   2546.772079   4408.367925   4764.441068   2208.599788   2387.511385   2710.315830   2805.060616   2070.300254   2704.623215   2216.336478   1967.053480   2563.117846   2557.703420   4694.069360   4814.127228   3168.449699   2538.689696   2569.322645   4805.223413   4702.364020   3538.876157   2601.387231   2405.132143   
68.000000   3359.395971   3322.566790   3098.657788   3219.262896   2926.355966   2985.430344   2640.215728   2700.891661   2767.164804   2976.319130   2503.112295   2826.244782   5057.260386   3420.549495   2801.104853   2564.605915   3753.827433   3048.022977   2847.163462   2651.665046   2783.998166   2481.642557   2460.762845   2455.109959   3837.879856   3749.335513   3962.841592   2755.242819   2708.690404   4138.722137   4330.947098   3369.655935   2506.547403   2316.143559   
68.100000   2653.073750   2475.354463   2001.940471   1940.703581   2109.716690   1746.311226   2125.780591   1836.443239   2438.045070   2617.667027   1602.394092   2265.408694   4473.516196   5608.546427   1936.406034   1897.092652   2588.649891   1812.590904   2059.852914   1857.174237   2183.907106   1953.856281   1597.738152   1525.123853   3086.901665   3564.454867   3179.447838   1635.143915   1655.308323   2918.686301   2898.297913   2484.479157   1989.538984   2387.442520   
68.200000   5217.486634   2222.922614   3150.718915   2222.293201   2735.821683   2220.112706   2402.287729   2258.330039   2139.102321   2328.590982   1894.769440   2621.680826   5911.282257   5453.005027   2309.667484   2150.201751   3511.662758   2224.648783   2578.407867   2311.774649   2264.860627   2010.518625   2125.049844   2152.134240   4113.256573   4096.501903   3306.800107   2030.025417   1974.790105   3905.157738   4227.001127   3549.181836   2278.586911   1825.805039   
68.300000   3766.056634   2460.353035   1732.700217   1934.356413   1521.173836   1704.865020   1684.443493   1742.636979   1843.839167   2095.605430   1284.163641   2097.763160   6101.733214   3953.247614   1818.657928   1843.180731   2537.941797   1756.539720   1474.497524   1557.737339   1756.544549   2031.269588   1612.964799   1452.322012   3119.210359   3508.409363   3221.253890   1656.319963   1622.712620   3031.312234   2640.499319   2319.661779   2254.634772   1601.018593   
68.400000   4087.477928   3259.559823   2458.426820   2537.030880   2441.633683   2515.856618   2466.974355   2664.774308   2386.551447   2398.434386   2191.113798   2114.809479   5030.267164   6919.212319   2395.261980   2664.891698   3847.877978   2452.765332   2383.073167   2419.259846   2645.202961   2516.370623   2215.938458   2262.280777   3868.376516   4195.501701   3135.270911   2298.953045   2257.178179   3689.769381   3538.989430   3370.858986   2216.185429   1788.549960   
68.500000   4073.483823   2728.499770   2677.863199   2247.832876   2355.668406   1868.074138   2310.273242   2004.304532   2824.002204   2343.476075   2162.035253   2168.063705   6885.426745   4124.559262   2388.847639   2018.030511   3677.329180   2262.596808   2386.939358   2046.515465   2627.923486   1858.138079   1843.366464   1783.801635   3370.335837   3813.431438   2760.036899   1813.699897   1995.130481   3581.862146   3327.622167   2717.608698   2421.514811   1891.384060   
68.600000   3645.531947   2442.407650   2337.883194   1921.825424   2567.253297   1795.647881   2582.255001   1810.536588   2938.347439   1789.791701   2252.887635   2597.414199   6907.665473   4309.816588   2616.279881   1724.728267   2693.363952   1858.475827   2543.138436   1888.238733   2638.535505   1232.075207   1731.741860   1735.348214   3826.099068   3703.464993   2959.084811   1747.585470   1857.414414   3783.145177   3443.215357   3206.929134   1991.340853   2071.350542   
68.700000   6183.085444   2988.589987   2767.263367   2618.780512   2141.167358   2455.238219   2059.350531   2473.682418   2483.540361   2471.958668   1924.619566   2960.918796   4534.655741   3849.524557   2149.394728   2565.579141   4004.861313   2712.461478   2162.147996   2406.738546   2312.230725   1915.864110   2210.229754   2258.664430   3330.513257   4005.587354   3968.696951   2303.232187   2430.286984   3557.882768   3535.497140   1976.547631   2132.845753   1766.028502   
68.800000   4136.493577   3622.660762   2402.404896   2407.350850   2581.150979   2273.360469   2852.827713   2356.557879   3291.876769   2422.353748   2575.493257   2934.696941   6818.149587   3296.706699   2867.741175   2343.963811   3116.881441   2473.873085   2585.557708   2452.889445   3109.739742   1551.335481   2202.343808   2339.724793   4930.399612   4918.556324   2694.258655   2029.887070   2148.680141   4838.123799   4416.422326   3641.595840   2396.369219   1874.802166   
68.900000   4278.628222   2181.379166   2027.625397   2289.026911   2130.573276   2384.061238   2568.033140   2424.464676   3158.508162   2904.808844   2363.382197   2265.071742   5194.532649   4878.294146   2724.284203   2337.158553   3189.843428   2306.895513   2294.875796   2464.841268   2819.680890   2036.976791   2176.484765   2091.005356   3759.309030   3564.979452   2611.936652   2067.622716   2068.534027   3795.199826   3932.600076   3199.641515   2113.523572   1961.504645   
69.000000   2986.198786   3034.057618   2497.638320   2498.527334   2885.988272   2514.520281   3144.051128   2589.407912   3397.192585   2832.841506   2570.330174   2684.005067   6683.678099   4142.481882   3401.628441   2506.782714   2836.347887   2401.011775   2805.895624   2623.109651   3300.194917   2197.174154   2221.666477   2345.287930   3247.654501   3473.218652   3430.246188   2233.478561   2173.707472   3305.219237   3588.953612   2727.435684   2193.805196   2791.510552   
69.100000   3446.602816   2200.669101   2138.459092   1615.889818   2337.399280   1629.351808   2273.670364   1719.807608   2363.958121   1975.303101   1838.164522   2082.220149   4859.263617   3999.564398   2331.259048   1775.735662   2341.783898   1681.823015   2209.373556   1750.164118   2384.682806   1785.577188   1543.159900   1440.954376   3433.167083   3904.739961   3332.037734   1416.828072   1468.109264   3323.857946   3747.447797   2704.827710   1958.011700   2267.999013   
69.200000   4122.665830   1889.256186   2832.590720   1517.268254   2592.817074   1605.534995   2687.729797   1676.781302   2587.198130   2190.371565   2176.109087   1405.168382   6123.565939   5210.855877   2723.283090   1685.320404   3181.864830   1579.602485   2505.414811   1639.855940   2323.608751   1501.002000   1419.727934   1320.395957   3112.979078   3445.147525   2493.469794   1408.965550   1493.276770   3092.595903   2953.132426   2665.520317   2568.994194   2219.225499   
69.300000   3230.428744   3885.961107   1863.532033   2448.219214   1684.312691   2317.365122   1582.629526   2039.909601   1498.393805   2080.806377   1190.426385   2938.792588   4470.396364   3872.096768   1736.806715   2010.681727   2499.672516   2446.471329   1660.770917   2077.267379   1268.439121   1798.796129   1933.754937   2098.365218   3265.451656   3261.638126   3903.947817   2133.624447   2178.121227   3382.568041   3493.785686   2453.884981   2315.506584   1692.108397   
69.400000   3128.111570   2508.614270   1813.627875   1739.920285   1968.364721   1621.691236   2266.893123   1748.462968   2282.528423   1831.368896   1720.052906   2760.190798   4004.275343   4341.411363   2319.743845   1803.565156   2445.906399   1830.066817   1876.039000   1605.037672   2147.300030   1716.485978   1554.968804   1493.794901   3794.734450   4398.206087   2496.695477   1545.567103   1564.860123   3896.717933   3993.026518   2980.813532   2564.792493   2075.140199   
69.500000   2385.300067   3966.552414   2007.907800   2541.244568   2286.363151   2284.252300   2210.250925   2189.887911   2113.887964   2450.048878   1632.310281   2603.196080   4966.465131   4521.348844   2183.472163   2189.127877   2268.846130   2597.921142   2209.137398   2264.615838   2156.487996   1868.072910   2030.925264   2137.986630   4379.574666   5186.035762   3335.014975   2098.721292   2196.013809   4292.227201   3957.903626   3393.636824   2912.279531   2200.957004   
69.600000   2600.004775   3425.277596   1950.146941   2522.501570   2016.840662   2248.321138   2096.518293   2285.864572   1711.735573   2226.735254   1758.052545   2851.657258   2805.573368   4096.340413   2180.147728   2278.263485   1828.878608   2297.693943   1988.162120   2167.898124   1899.796052   2111.937036   2053.081258   2108.038989   3816.262628   3654.832140   2936.294792   2047.947515   1892.065856   3812.534181   4247.999718   3125.920118   2545.648763   1874.816386   
69.700000   3080.989407   3446.238713   1481.675867   2646.374014   1564.406792   2345.764105   1838.297697   2124.018528   2035.607675   2186.362471   1540.329378   2886.325694   4174.006500   4130.778696   1906.103959   2138.643336   1666.673897   2715.897261   1652.112983   2142.145139   1881.593694   1957.343748   2000.187996   2023.985404   4158.051620   4215.736729   2807.058771   2233.229639   2220.576100   4381.907993   4397.685444   3109.160803   2286.456330   1381.628449   
69.800000   4205.209389   4012.300184   1896.875447   2892.027306   1603.212751   2633.262810   1618.441780   2478.172318   2161.579752   2491.387522   1662.642436   2862.838528   5604.572265   3789.144035   1909.358034   2435.285016   2665.134031   2828.680247   1661.112470   2426.902666   2027.371988   2334.364982   2335.730081   2288.833253   4299.663210   4595.511909   2794.585703   2432.459426   2425.188329   4423.942635   4407.616423   2805.687205   2528.480792   1577.068801   
69.900000   3014.243454   2910.077672   1705.222215   2137.194685   1598.240883   2016.013613   1676.165586   2031.659282   1955.665453   1849.645663   1482.572554   2405.123729   3872.604842   4189.218755   1614.042126   2051.412282   2146.777905   2097.135149   1518.548667   1876.889740   1952.644974   1841.333611   1914.009203   1740.723274   3699.988055   3772.920274   2037.907341   1911.435157   1843.036267   3825.119265   3928.081191   2723.241396   2228.417324   2326.355816   
70.000000   3381.048810   2170.657782   1395.492021   1824.266602   1267.606428   1832.464226   1476.015173   2058.277019   1975.504853   2186.040655   1361.224148   1951.656148   3808.082793   4524.940658   1678.760758   2090.200772   2112.861483   1847.110681   1216.989279   2363.056944   1709.538133   1689.402419   1586.045823   1742.719522   2994.965883   3329.921527   2240.685484   1617.512912   1663.810807   2947.482871   2782.846021   2213.354059   4004.578921   1805.855477   
70.100000   4126.411179   2493.683132   2199.164548   1981.984464   1932.151902   1971.696164   1729.089500   2006.520012   2128.979223   2092.481862   1498.097287   2179.207752   4822.678161   4557.459224   1690.117258   2004.670248   2581.704872   1958.332343   1983.318647   1973.735808   1989.118977   1636.021432   1678.905173   1801.136704   3833.783618   4020.795614   1988.377654   1814.331585   1864.355842   3976.565256   3812.033780   2965.398725   2493.482675   2125.284309   
70.200000   3335.290711   2618.025832   2404.307539   1965.074916   2417.676519   1896.147916   2301.679582   1976.350006   2291.474254   1936.548532   2064.550884   2202.009229   4041.492938   4010.381774   2274.856528   1871.957211   2879.964217   2019.841357   2427.365223   1896.280774   2139.487907   1492.448877   1631.942836   1796.336163   4363.557541   4859.172415   2093.962363   1666.828995   1838.362450   4345.689000   4267.754357   3572.853501   2066.229169   2596.864668   
70.300000   3067.430017   2426.419808   2245.831507   2033.009146   1982.799760   2110.237263   2204.065460   2105.471517   2396.715281   1988.242283   1902.117084   2476.990429   5986.851566   5373.961055   2228.684568   2179.446731   2414.657797   2080.356736   2126.245052   2090.921020   2164.287992   1575.495479   1897.707438   1859.192091   3143.808541   3503.832245   2327.239419   1822.632044   1919.755330   3027.744506   3172.083535   2379.149143   2375.151685   1921.466724   
70.400000   3444.764855   2453.668647   2014.699395   2375.033847   1765.060107   2379.865305   1690.288954   2410.487231   1665.195410   2618.024579   1803.677141   2643.458383   3632.877597   5436.871501   1697.645582   2440.546203   2516.523497   2436.453113   1765.345683   2314.616657   1697.724257   2201.649890   2194.533311   2199.800658   4111.797014   4234.661771   3194.306487   2098.726733   2238.650017   4218.590620   4190.653384   2645.604488   2136.297413   2249.760142   
70.500000   3117.525240   1949.607499   2016.151834   1834.782589   1776.414826   1836.002021   1598.792237   1930.695030   1769.177254   2233.492850   2152.968470   1856.737714   5411.296840   4795.859941   1723.886726   2013.274491   2505.311038   1871.592118   1776.538086   1892.537644   1818.038273   1865.854373   1739.673323   1915.623835   3659.119780   3703.630849   2543.647088   1667.348661   1765.578606   3637.960320   3544.652850   2673.717443   2285.776003   2002.779585   
70.600000   2791.284885   2827.905234   1864.112487   2161.565799   1719.277835   1918.245161   1672.847790   1909.712888   1575.534681   1939.202855   1464.189823   2800.572591   3394.511954   3866.984387   1632.514906   1886.793712   2102.892486   2107.163904   1798.600691   1908.715564   1568.647655   1769.665011   1769.202724   1752.449741   3338.316830   3280.081573   3637.351540   1863.894859   1896.713411   3441.117620   3335.574484   2099.263840   2459.788085   1640.620819   
70.700000   3762.582921   2523.347503   2123.516856   2040.225277   1844.354032   2014.376477   1751.000199   1809.847210   1982.078705   1737.770783   1806.192859   2840.994761   4916.193864   4022.858354   1759.217928   1658.412412   2585.448810   2117.199742   1840.925337   1915.016879   2011.479142   1422.837336   1690.276517   1907.532799   3458.831245   3658.687302   3172.306625   1827.862108   1938.577704   3453.650124   3199.231128   2173.262136   2238.741750   1798.562570   
70.800000   3113.704473   2275.874177   1525.024698   1633.173070   1356.686616   1491.795779   1383.952847   1607.230749   1609.169166   1650.586404   1389.364502   2031.230816   5115.628055   5380.007046   1409.344555   1497.455668   2071.152095   1622.137307   1396.972381   1445.415246   1664.031069   1589.426701   1471.564424   1521.090716   2643.766329   2635.184391   2321.062821   1407.503030   1528.265527   2796.446866   3086.025379   1685.514350   2910.232727   1862.015559   
70.900000   2285.727236   2391.132525   1409.652973   2084.398760   1411.449898   2029.496131   1451.337824   1903.015798   1820.225699   1912.066328   1590.194444   2515.310400   4543.599594   3652.186040   1433.249005   1988.118825   2222.765269   2162.098818   1472.699907   1880.728649   1820.172286   1574.712053   1634.068827   1830.959486   3478.651285   3617.314634   2418.904489   1805.468501   1923.613357   3580.788463   3745.316471   2858.824044   1995.849554   1996.548137   
71.000000   3305.658023   1863.802570   1599.845779   1573.616990   1598.941821   1366.465297   1788.425586   1415.081679   2420.764222   1522.564322   1535.579226   1839.614392   3989.450603   3499.115410   1976.683186   1342.634017   2636.742027   1480.091685   1604.949173   1583.763985   2152.786339   1097.582366   1213.809624   1320.295738   3140.452316   3725.237877   2475.669934   1367.013727   1367.161936   3121.649975   3003.944646   2518.002646   2288.403080   1616.553807   
71.100000   2275.137438   1915.593385   1693.900348   1637.551149   1794.946629   1683.366750   1839.037038   1688.384816   2244.033023   1836.991948   1723.811127   1760.815676   4389.054831   4520.411606   2035.634434   1584.795874   1812.128741   1572.223132   1769.855354   1737.398940   2046.343597   1293.089408   1457.674292   1529.537796   3891.845693   4481.651660   2568.397527   1412.168930   1485.216444   3813.931723   3672.111834   2678.752541   1921.234661   1565.800152   
71.200000   2592.423570   1815.219228   1521.785359   1752.389519   1402.885770   1652.986918   1314.439687   1643.917136   1874.047846   1715.357730   1232.198137   1894.679775   3276.723248   4681.867061   1354.879584   1525.136682   2214.308306   1713.840151   1428.649440   1635.673822   1633.327745   1163.591328   1486.249811   1464.984750   3078.067867   3017.777360   2044.329713   1523.210165   1568.580317   3089.072470   2954.931152   2428.448206   1920.637840   1723.120485   
71.300000   3099.189188   1845.181289   1672.977481   1786.779144   1469.056378   1633.949329   1263.886186   1590.607627   1683.096745   2034.743486   1284.242251   2255.867278   4399.434988   4638.356366   1296.272170   1658.292401   1776.268331   1709.451174   1565.221603   1585.442147   1441.876951   1478.605163   1470.193277   1483.118509   2461.730367   2490.015618   1979.037110   1481.772311   1502.251568   2617.223127   2636.014204   1896.130786   1956.977582   1650.997786   
71.400000   2187.664623   2602.298569   1358.299216   1984.285664   1418.571896   1945.315245   1734.025874   1900.412993   1910.331464   1600.570089   1271.785571   2710.829535   3277.277232   4417.287137   1898.445110   1891.850199   1463.916712   1995.343633   1392.319783   1934.006411   1761.017619   1744.302834   1775.508410   1693.254248   3177.171012   3060.313157   2020.165380   1809.626349   1829.795004   3232.164667   3190.691026   2256.227237   2161.972415   1487.432226   
71.500000   2729.749663   3125.588111   1733.327954   2038.756409   1611.084855   1914.029285   1590.775815   1852.303328   1846.947619   2162.893043   1255.982831   3247.361481   3426.507934   2660.696883   1682.518505   1911.534493   2058.029013   1918.938760   1592.811569   1828.336539   1651.609173   1630.063199   1537.136986   1637.503191   3112.020920   3715.685346   2779.348185   1738.002491   1674.716402   3000.661930   3250.389254   2417.958187   2169.317491   1659.934605   
71.600000   2538.633614   2343.134108   1371.168976   1887.733272   1282.330807   1830.241297   1274.712378   1784.260931   1188.551584   2234.174427   1141.071566   1587.071158   3231.024128   3193.988380   1251.131967   1845.312498   2148.336990   1993.058581   1182.809305   1888.695885   1281.384696   1969.916056   1583.911261   1707.813122   2906.151262   3250.684917   2066.687436   1727.780607   1717.777436   3012.289604   3055.727345   1850.950281   2136.449489   1742.893103   
71.700000   1928.246165   2511.311865   1024.187303   1886.805332   981.125036   1860.533177   1083.549155   1800.461643   1255.442904   1797.774612   815.953448   2344.873922   3006.388413   3101.142389   1008.933305   1797.788309   1765.213350   1881.563137   1011.781033   1858.427513   1144.478628   1584.925130   1726.582846   1731.352980   2360.498509   2555.302765   2345.583602   1725.616156   1778.703962   2274.662833   2126.780913   1539.327177   2200.967300   1607.917995   
71.800000   2211.336175   1830.925012   1286.868240   1372.488025   1170.395147   1399.404553   1208.310784   1472.722664   1825.597048   1771.707687   1067.501814   1829.429095   3060.766212   4078.634640   1194.557662   1440.297229   2021.623921   1378.291242   1218.566612   1486.286159   1527.134882   1599.530927   1304.592624   1346.160394   1959.313009   2164.901019   1776.048048   1254.295289   1340.951525   1862.666142   1774.156099   1351.910562   1831.346504   1491.571539   
71.900000   2052.126459   1864.976134   1176.620475   1521.043804   1181.507760   1680.463559   1283.504960   1747.615956   1637.493178   1982.842283   915.170514   1830.549787   3217.415184   4159.954028   1297.324684   1766.147766   1911.689956   1638.734980   1188.625033   1662.788258   1414.618901   1775.266389   1601.066733   1534.146945   3031.408477   2845.588334   1542.858370   1438.834442   1447.214873   2889.917473   2957.862125   2118.449784   1983.795437   1879.995959   
72.000000   1988.984924   1876.757546   1230.206830   1589.510598   1361.174458   1506.099838   1326.627669   1456.560177   1612.693997   1622.854880   971.877851   1724.786179   3860.484456   3402.649164   1434.639394   1415.555507   1677.106153   1565.124990   1325.579127   1477.359553   1588.126306   1444.026468   1322.862364   1348.836766   2818.345709   2778.128991   2662.664094   1322.055636   1412.096777   3009.479967   3175.627874   2248.148886   1835.296367   1458.156834   
72.100000   3062.186832   2413.285905   2139.681121   1857.375600   2090.901341   1787.232394   1990.440874   1728.010478   2046.977890   1645.015517   1880.681315   2079.929069   4211.014212   4167.544761   2002.609338   1735.874331   2565.651351   1893.087540   1999.859768   1723.493647   2075.726368   1550.787219   1615.508119   1606.723031   2542.360388   2678.978486   2767.897709   1632.647097   1609.978894   2559.363278   2315.674691   2104.585855   1671.151511   1534.978766   
72.200000   2880.607501   1596.300952   1713.268058   1532.568156   1595.267333   1504.830317   1637.532645   1409.158785   1976.232646   1336.474969   1485.657764   2125.986286   3597.521662   3199.885127   1720.351594   1411.690084   2481.614597   1494.745384   1539.037588   1435.393899   1879.470435   1267.885806   1313.077482   1352.653102   2577.363590   2536.182988   1913.219303   1329.497098   1423.173624   2574.340654   2490.127101   2115.448303   1730.958853   1497.740953   
72.300000   2226.687399   1730.463441   1278.031744   1261.149301   1330.107369   1201.974111   1309.954502   1193.233769   1760.979872   1415.267259   1203.185306   1762.856367   3663.952937   2954.094734   1342.569997   1181.221433   1590.732738   1234.560015   1283.534029   1138.550548   1674.404320   1198.434534   1012.937829   1103.670184   2202.960329   1981.908230   1944.181749   1067.077355   1139.283528   2262.578161   2259.676283   1928.746084   2017.522230   1389.384990   
72.400000   2022.445811   2143.069840   1450.982883   1550.521035   1529.163527   1332.612812   1602.049339   1260.874442   1972.063561   1461.919194   1349.684480   1544.350042   3800.266571   2098.617161   1656.684976   1214.695890   1974.432012   1444.111496   1504.368787   1309.245854   1745.652881   1222.700025   1194.342417   1140.179363   2600.662585   2540.339893   1441.034019   1249.130709   1359.584598   2647.777921   2493.894983   2101.403754   1745.593749   1476.679007   
72.500000   2258.935661   1533.010298   1349.925326   1168.647078   1315.860113   1030.418300   1282.714403   1083.441412   1491.934025   1249.317705   1268.728967   1625.742844   2978.336334   3682.366293   1280.305417   1049.221928   2025.132009   1070.481229   1309.685099   1032.766499   1473.755450   1382.113310   885.971218   979.721233   2448.713727   2443.916608   1928.724554   950.890436   990.929698   2453.952227   2339.116613   1943.340510   1585.599917   1552.807214   
72.600000   2295.408730   1707.087863   1202.800758   1457.222638   1169.588806   1498.392062   1309.968856   1374.570503   1772.995567   1443.218366   1290.675481   1733.425009   2647.898732   2590.567443   1432.554909   1285.756767   1589.403618   1426.781898   1229.097421   1355.351599   1615.495142   1369.613004   1299.865052   1331.972076   2638.340820   2533.207063   1504.885179   1336.280221   1280.939632   2676.881844   2681.373556   2084.346443   1882.278311   1582.572342   
72.700000   2254.925265   1567.390854   1252.789535   1544.720928   1385.560068   1541.322019   1428.485139   1429.825529   1702.768847   1257.002244   1284.315652   1580.050208   3331.867958   2964.102812   1354.952166   1454.457610   1512.857948   1564.303139   1336.912035   1548.734917   1522.397423   1178.889610   1360.329787   1400.271644   2969.828026   3041.554242   1927.857169   1433.588116   1393.307299   2831.817053   2772.792885   2021.842873   2334.207021   1361.030144   
72.800000   1929.780494   1697.155769   1292.288934   1111.150405   1194.798540   1118.975365   1116.486037   1038.810152   1288.909953   1215.021978   978.066932   1444.959978   4008.830126   2718.111894   1108.112081   1072.402061   1805.903024   1090.984901   1154.953989   1108.140292   1305.563677   982.781087   1006.876043   1074.740861   1543.992865   1828.147088   1697.850994   978.682534   1055.588448   1589.491392   1598.602229   1268.011942   1837.562532   1623.851836   
72.900000   2383.012937   1900.201429   1651.433546   1166.265445   1616.610258   1244.762578   1635.225756   1288.194547   1681.742225   1572.870140   1707.826731   1446.813053   2868.640023   2062.725705   1713.871918   1377.794304   2049.247058   1258.244446   1596.112794   1281.978257   1718.428030   1229.983066   1112.940545   1162.398308   1903.857888   1658.927357   1749.907989   1055.267731   1139.366665   1956.800443   2167.661179   1815.987458   1598.055569   1458.826256   
73.000000   1747.925220   1563.565959   954.884560   1317.953812   954.649456   1233.540612   1035.346473   1234.643297   1120.376014   1380.994898   929.152453   1559.094715   2855.593702   2708.091011   1015.557460   1208.603425   1377.265649   1343.858190   964.384026   1249.085919   1171.298876   1161.741939   1088.666137   1170.812316   2303.885248   2554.212133   1726.297891   1158.531583   1211.774986   2292.227087   2284.275552   1662.224518   1769.046749   1419.585819   
73.100000   1439.511530   1541.735367   941.046685   1325.549792   905.606169   1234.826788   1011.344937   1275.465577   1074.545795   1382.138457   628.079247   1396.247009   2143.734743   2146.120514   1018.605229   1239.471861   1458.064706   1336.965178   984.827190   1263.811668   1077.280564   1173.604319   1087.180829   1101.653970   1764.183727   1840.121278   1319.962086   1101.492718   1141.271841   1744.397648   1731.019109   1264.081398   1867.364603   1500.141597   
73.200000   1795.371240   1911.954009   1117.352613   1625.718105   1111.408416   1480.580718   1138.170984   1500.171463   1173.036747   1633.739795   832.727806   1700.785535   2782.981465   2568.344208   1204.106110   1448.215777   1610.079708   1652.680252   1055.768220   1452.352043   1266.419327   1348.609395   1285.778488   1244.114990   2307.858055   2448.035738   2317.315721   1369.882207   1449.519922   2471.916906   2584.207911   1698.339572   2008.858493   1383.985795   
73.300000   1465.737796   1474.635903   813.233813   1019.188036   941.155369   949.499516   1001.854754   1090.706907   1295.486672   1349.834646   966.890284   1433.774203   2248.046194   2404.339630   895.158317   1115.797907   1349.288884   1019.082589   995.205464   947.195683   1275.876175   1108.438435   879.230552   820.764590   1653.401305   1686.809826   1370.037370   867.508593   938.750095   1596.363490   1641.826280   1323.024563   1722.091542   1189.189367   
73.400000   2642.275346   1723.982765   1361.245123   1371.145607   1147.046417   1262.665628   1142.306146   1273.148196   1155.667208   1718.183783   1029.587704   1339.462142   2237.071415   2429.839154   1069.775661   1252.945509   1905.351036   1400.228445   1205.228541   1293.276636   1217.615533   1238.268682   1127.553090   1122.146748   2502.947768   2465.907986   1622.144670   1219.012443   1207.289499   2498.742191   2493.325636   1829.018478   1936.798772   1198.140359   
73.500000   1483.633582   1508.666988   957.225690   1255.972989   962.881112   1197.540528   992.424320   1226.303852   1037.768200   1595.555354   649.423192   1231.294389   2263.975891   2468.021147   1073.541129   1193.190744   1324.946804   1257.276095   961.315254   1269.794686   1150.589934   1179.450626   1100.136366   1139.965840   1817.391294   1724.690903   1288.310556   1095.877729   1159.451565   1825.669504   1966.493537   1604.458047   1756.053867   1479.493753   
73.600000   1323.258456   1108.849696   992.004678   1103.256513   992.590093   1102.888652   1057.556389   1110.264161   1023.080167   1443.628670   884.979873   1260.972885   2841.090304   2509.034064   995.580744   1161.296437   1372.056700   1054.904464   973.654694   1171.070328   1041.794077   1088.031687   961.094520   1093.035332   1401.693753   1385.270438   1573.502050   989.262554   1015.544853   1358.467268   1279.242072   1031.983784   1733.411561   1368.249884   
73.700000   1367.069253   1184.986643   764.297234   1111.136684   732.474533   986.485508   905.415380   989.164534   1196.603911   1187.498853   840.171295   1269.121654   2369.437591   1639.329089   1118.694714   1009.111899   1043.406869   1068.090739   657.740703   1006.944595   1102.936696   816.986160   911.883213   941.905925   1449.066397   1557.666157   1581.394562   918.799285   955.280508   1495.465479   1479.749363   1083.829681   1722.918755   1545.897489   
73.800000   1363.556854   1155.447171   934.500875   773.002051   955.220154   750.231220   960.721843   777.846939   1171.348744   965.460661   810.418747   1087.680362   1960.527154   2023.321739   1010.907872   799.950098   1171.947839   733.528307   900.446110   785.935687   1026.167507   707.768676   658.095239   699.924964   1469.518239   1767.467243   1123.856988   632.849744   752.359094   1479.788626   1428.790137   1049.407394   1593.257433   1374.234263   
73.900000   1566.336647   1260.815204   1096.631015   975.591719   1079.175832   982.775694   1006.476678   1031.656292   1147.755602   1248.448252   946.020130   1001.937378   1992.659509   1828.683304   1006.917152   1043.801046   1213.407406   1027.735013   1058.606819   1050.632168   1087.910926   919.985226   885.248673   990.155594   1676.542494   1668.188099   1199.523315   878.246036   971.745158   1696.727878   1766.640081   1294.410226   1841.573028   1273.179524   
74.000000   1293.671600   829.591546   892.696451   707.083756   958.886762   659.791180   910.292037   672.348941   1037.033208   797.208895   785.781463   800.423572   1960.847237   2386.041592   906.746058   692.846216   1011.285526   707.707924   889.926823   700.336555   963.592055   667.515586   621.975635   662.996551   963.510251   1017.218559   788.039390   643.698326   704.115967   1046.893388   1072.478704   818.890261   1787.629047   1267.870950   
74.100000   1224.912219   897.074074   1077.892945   893.742186   1063.802921   854.281484   1074.966855   930.980235   1294.602777   1020.674564   992.770224   1026.082335   2545.198221   1643.642712   1080.545896   877.706106   1184.784015   871.478117   1026.644101   935.265781   1153.147484   767.030459   778.750700   839.217603   1475.518515   1539.168465   1006.360555   767.368110   855.885565   1446.806926   1358.809668   1214.851555   1750.095588   1427.970925   
74.200000   1266.111660   877.554446   1084.270085   783.229772   1103.239154   755.204839   1064.255628   775.063676   1255.581970   997.568193   1002.890398   1295.551934   2342.083028   1656.561031   1172.722468   791.614271   1256.009286   800.766629   1047.215131   750.948934   1261.235861   764.713644   685.831101   772.827448   1054.107810   1292.545296   1034.838235   685.908763   762.541546   1052.507529   950.832173   1083.451644   1596.601220   1188.323438   
74.300000   1316.942183   847.696075   1013.186090   824.559800   959.914862   881.434623   936.656899   930.846005   1209.124734   1152.345821   1000.385417   906.803146   2214.566023   1902.508306   1050.627101   962.182871   1047.774711   831.665783   925.080722   979.220445   1135.236135   887.058400   823.989261   893.735347   1801.435900   2038.437211   793.958175   790.708395   871.183465   1821.215368   1926.471835   1305.338708   1531.774018   1194.096560   
74.400000   1185.665962   1258.777903   895.614796   997.254136   925.010582   992.578356   894.484445   1047.822246   1007.359289   1248.127971   789.365880   964.913941   2031.146134   1592.985297   887.046181   1045.770618   939.946795   985.513660   902.387329   1067.110813   1010.592776   978.041131   897.616097   941.159008   1426.063601   1625.587160   1124.611729   834.425993   927.903812   1413.350888   1352.304978   1061.039153   1553.881815   1385.501409   
74.500000   1317.366837   1109.272056   906.652664   908.021743   886.789330   834.020523   850.795144   827.188814   916.658030   1096.047681   802.001246   1063.911528   2098.984192   1822.575247   892.146871   834.711844   1140.289966   843.800529   859.627641   793.005922   940.052425   781.492969   766.263188   695.921863   1558.457672   1414.223680   1604.412415   766.462270   787.427380   1531.415557   1591.286374   1231.603612   1605.238349   1222.424102   
74.600000   1396.719386   1052.468080   731.453324   677.719540   698.732836   630.320806   645.318892   627.107611   870.265126   850.113999   700.600800   773.693046   2617.868849   1711.267711   649.351146   657.446389   947.289838   623.190859   693.823503   695.249670   913.255344   652.631946   600.817999   650.383937   1343.210317   1398.805644   1005.264435   552.562874   656.208353   1334.100501   1370.106198   1041.186430   1800.988410   1264.379212   
74.700000   1352.448302   1130.241148   768.131934   749.084506   772.692121   651.657076   693.839118   658.604776   911.232106   1035.684714   576.704673   922.226158   1520.604052   1574.325486   731.075656   682.117912   1063.827162   728.155950   702.993823   747.169499   812.956869   675.230323   587.443601   648.493720   1170.209672   1314.668305   862.673160   571.314745   701.079869   1154.209231   1100.330512   831.036919   1605.194461   1150.665060   
74.800000   1664.541464   1218.106830   857.140015   825.192723   763.392018   715.085694   676.434089   767.735202   847.448174   974.481321   596.121352   855.554026   1579.590736   2152.794122   583.985982   859.322656   1257.572446   730.610312   752.030576   898.700078   792.322376   649.672292   659.236351   657.130337   1513.180090   1545.417728   843.283645   651.516725   754.674633   1511.145043   1528.782224   1085.621272   1714.441035   1155.173400   
74.900000   1188.059376   882.158816   1088.470779   931.141369   1019.279090   661.203503   893.570657   745.465074   1271.725671   1058.531071   827.376593   851.093218   1523.790569   1270.431712   935.664480   1519.109722   1485.902793   714.998661   799.434730   1441.407199   941.660118   704.718792   610.578570   633.966288   1316.653827   1416.707793   816.818700   602.747355   709.449558   1339.066820   1184.610466   1148.092857   1638.803909   1261.979730   
75.000000   1883.713578   1199.888699   1215.888039   1081.454728   1449.902452   778.073986   1078.388607   798.841153   1299.786688   958.884432   1076.170504   834.492666   2363.796081   1529.171995   912.389435   1325.490294   1687.161638   986.702446   1096.594240   1217.480192   1166.523839   768.264754   738.391102   790.560952   1798.214444   1971.670218   656.439130   770.396258   859.615176   1819.290495   1756.545382   1301.444031   1655.963357   1072.233019   
75.100000   3017.505818   1096.914173   1351.750551   905.262890   2511.443105   904.344765   1740.587794   1348.979208   1941.176141   838.160397   1545.640182   755.366071   2028.797220   1958.584021   1187.293715   2181.877342   3026.998805   1226.046813   1656.653157   2177.057031   1722.397848   685.797593   565.260454   581.847229   1606.424165   1585.699112   723.336288   603.868077   718.076719   1606.519860   1545.840666   1465.642859   1757.720229   1136.612643   
75.200000   1234.050845   1004.559631   796.356799   841.684409   716.140261   746.168794   717.730262   777.924649   934.887459   964.022059   617.065117   986.329954   1546.540785   1167.823432   704.082980   799.216824   995.866970   867.326728   768.505716   901.689598   875.965284   793.908138   686.820730   755.002576   1245.046251   1253.004616   1088.159300   698.979470   729.962609   1265.995389   1186.025521   1023.702846   1501.717476   1122.316639   
75.300000   1231.191940   708.723131   761.448990   573.260314   727.759292   468.106686   667.651514   529.063049   813.793772   804.577497   535.139815   564.848836   1791.671788   1516.875002   629.853493   570.483551   829.432533   567.818488   720.862812   562.772829   847.920144   554.219049   458.187369   465.382080   805.113771   924.139813   769.886238   455.290915   553.718085   818.800574   820.834549   715.977700   1621.450229   1272.658880   
75.400000   1412.886098   721.209049   730.024567   722.858453   624.062219   694.523968   652.654062   735.111932   835.516889   960.397570   458.742738   692.180653   1495.479019   1025.383888   654.040334   720.222930   1015.144168   678.222563   620.296904   732.291631   735.241642   630.800460   616.634817   645.764561   1015.820970   947.537790   877.780749   608.346919   696.018645   983.735519   1062.952013   754.673361   1474.709432   1137.131916   
75.500000   1152.708260   754.196582   662.148259   620.256344   655.079926   549.132557   625.211180   587.454941   771.190490   782.528693   509.948664   635.355557   1222.839279   977.915854   599.375538   591.183527   903.605586   618.004376   634.620190   630.796121   732.179786   538.728828   517.389335   581.456482   1096.133672   1125.158976   766.998264   508.842056   582.202749   1123.566440   1062.013326   770.474273   1501.665214   1118.694710   
75.600000   961.686350   650.025764   652.001329   712.262067   573.583936   623.776157   517.949516   646.526064   713.458905   849.195166   500.645880   822.508598   1331.467007   1422.484755   491.946202   633.846558   797.316305   658.552012   595.741514   660.664400   653.605706   553.457488   568.349300   587.300776   1206.565052   1113.323091   867.264205   547.764095   660.757368   1266.197845   1320.073981   828.656341   1475.950261   1086.243761   
75.700000   768.257989   669.857769   423.272464   572.759659   423.621486   490.163668   473.316879   487.842559   721.608476   711.487723   360.308038   566.782507   1152.965373   890.870202   521.481873   462.955430   573.192982   552.183089   411.757882   524.653689   635.537932   491.610391   447.574441   509.906850   809.612107   874.089622   754.563909   451.170171   586.140668   923.857401   922.845878   618.250625   1578.771202   1072.669207   
75.800000   684.063938   784.487857   487.852997   646.062458   485.324296   562.453287   453.001731   546.080479   730.450752   809.774085   433.738016   760.949051   1085.264757   866.115623   491.180209   597.647091   639.458623   618.442724   482.185828   561.907021   673.492107   551.897044   496.449335   507.084670   788.618630   832.830584   744.688789   520.020987   614.769698   833.858401   800.696933   527.326533   1439.239266   1106.793209   
75.900000   739.361246   504.829885   608.714300   562.634723   602.260738   483.637360   633.360017   507.337656   876.338329   737.860358   598.703144   592.866254   1132.436590   1129.279485   647.854217   517.695819   661.734196   518.076301   582.401781   533.185281   861.270241   487.828144   429.564865   461.437294   917.533984   1083.025761   705.883189   434.487778   561.838681   921.101021   856.981238   751.330441   1515.903075   1026.700980   
76.000000   793.677494   593.657639   573.847645   642.221398   554.991310   637.751585   566.407822   659.002070   824.801335   913.583527   447.802051   542.551373   1050.572817   1207.691232   602.311108   672.791788   703.960634   670.881040   532.870286   679.510363   772.480258   638.179926   573.986695   627.821615   1055.946820   1061.527393   680.544315   582.881979   645.356644   1047.429895   1122.125052   873.360057   1469.634712   1063.994884   
76.100000   575.679114   849.771215   460.198428   712.496898   444.160392   665.384866   442.909812   693.466695   616.118966   934.375204   352.015007   660.509183   1140.642570   1104.356636   427.568255   688.917889   593.164018   686.694641   462.317120   680.507285   599.460202   639.606313   603.019451   654.360295   1050.532806   1164.209967   631.773977   609.039802   685.411230   1034.719365   1062.384668   771.289082   1487.195132   1010.324083   
76.200000   619.765018   537.358314   414.699266   489.545949   392.920999   448.946773   407.526766   468.240150   598.644073   763.061433   316.687907   506.193904   1106.795072   1259.982241   390.064641   507.382106   524.006984   492.117908   439.176369   484.757080   582.796084   529.904214   424.152291   462.019968   720.511356   830.309945   543.822679   392.611028   509.801677   722.727510   668.751249   528.170712   1442.364479   1048.331029   
76.300000   801.858092   639.648353   519.041258   529.223225   493.160334   471.436356   494.911891   504.061384   692.313851   749.519642   375.379472   489.496205   965.362572   1194.996822   477.755825   533.182731   751.974062   533.424123   498.907560   515.956390   652.772989   582.421482   462.180758   470.053718   833.338977   825.000904   552.542582   448.646087   547.327490   891.710578   841.376505   647.408959   1402.233476   1058.491926   
76.400000   779.122684   751.360451   573.266406   596.561115   568.697122   488.160439   586.592644   494.088507   768.864750   689.169331   455.548718   478.906492   772.420387   989.526368   587.193092   493.336529   766.010159   541.919263   586.887499   514.885636   736.017528   492.413556   461.034107   464.996770   908.175577   1012.186076   513.639606   457.908390   530.173020   944.533263   884.461943   687.174310   1386.841191   1008.912882   
76.500000   785.347314   656.254292   466.854467   550.550728   457.737420   495.381005   485.500152   553.316692   714.134552   697.973185   382.802160   473.430609   1092.946833   968.478084   528.273337   564.801609   713.872292   549.333934   478.986802   552.031313   663.302131   550.530576   482.644120   520.682518   887.017734   894.047006   698.190082   475.197817   548.948430   864.004572   799.851205   625.688488   1359.794396   1034.903158   
76.600000   627.302323   498.019643   391.026798   469.606603   377.959581   390.255859   388.290750   446.015540   634.235649   664.181112   362.084502   308.503390   863.104157   783.238763   413.386308   448.364066   519.203245   440.340495   406.435474   441.415538   590.686852   412.905501   397.175546   427.819449   692.004157   703.184763   457.959644   373.338033   488.078967   690.442465   686.931873   499.220826   1439.214494   1054.752455   
76.700000   543.073612   511.316291   449.407001   488.904844   450.988308   453.006654   487.416963   484.918584   660.633609   714.196742   392.392099   424.329427   912.142439   696.210321   471.849255   491.467774   522.542809   484.529886   470.625245   492.916954   628.502847   445.725110   443.962787   467.715895   938.365334   1090.540821   483.523850   418.764075   512.636577   921.147553   805.953819   723.654496   1319.707369   1059.856701   
76.800000   582.826071   505.069482   441.591541   471.907473   411.775330   430.624709   425.756416   476.152657   643.490716   761.185229   369.530122   456.356216   1040.549467   731.228466   439.721380   480.775519   676.333859   454.660700   435.497696   495.493957   594.676128   492.072693   419.766473   456.739819   781.156299   816.376986   498.474775   390.525248   516.385361   775.001781   677.313760   587.118414   1466.160899   992.503392   
76.900000   658.959158   596.861317   419.432000   447.806035   382.803696   358.589445   390.230420   380.670737   609.547558   705.294552   270.326725   408.903506   647.382799   768.774948   404.220484   394.625450   557.825150   414.906832   417.414460   420.030841   574.210619   423.265283   353.243860   407.331248   588.446550   673.140594   452.273770   331.599821   479.164215   598.827025   597.382736   455.431349   1426.908898   1058.935423   
77.000000   462.592988   429.712401   397.547533   363.041078   438.875067   305.373899   469.882790   336.579933   698.894340   616.155462   323.699353   316.812248   982.653730   752.669651   443.571900   350.361376   516.226705   331.845391   460.519369   369.898943   661.992606   375.691851   300.593989   358.241800   515.039593   539.120460   402.628762   272.813432   425.265629   510.608300   450.986672   427.443924   1407.873261   989.158300   
77.100000   454.336186   350.073869   407.751612   384.777778   433.594698   302.813565   440.918895   354.604756   665.693215   648.283256   301.040673   315.754446   900.590957   660.850254   439.377331   363.184834   550.792799   346.321215   433.654850   374.115220   613.414409   373.485295   317.309942   361.767384   629.788259   651.384983   450.029190   283.942579   422.318560   610.482369   561.907763   507.031179   1358.431265   979.980606   
77.200000   401.193897   559.547791   286.603356   560.625772   311.532460   470.681821   344.953597   516.315239   585.685579   701.070348   238.698278   393.508117   678.299287   733.634761   368.512164   487.107442   403.567994   555.649828   336.370884   525.476218   548.374711   449.926555   455.414174   487.418163   857.321880   851.472414   665.460877   435.029823   540.234771   879.230750   827.449132   630.071755   1420.646007   978.375019   
77.300000   322.275035   472.631855   356.222639   478.459789   378.413620   421.645683   394.049665   461.902342   606.013845   696.583289   288.728997   350.597079   739.771637   726.566433   405.012881   459.220345   470.937796   464.027565   380.097642   467.377567   607.731985   453.322086   408.698347   411.406695   747.651220   774.077490   580.735715   399.398015   494.615534   752.381167   697.445466   539.712259   1479.812181   968.872665   
77.400000   460.175481   382.178412   372.526488   384.851826   367.319978   292.297266   366.813845   353.962665   561.791080   604.328782   287.103217   359.278428   761.506425   677.449538   360.826256   363.518675   532.555164   329.742123   376.418911   364.842099   550.617531   358.618284   307.127925   346.326873   395.268840   448.369244   435.636780   270.636187   405.094176   388.125200   337.322693   316.281771   1354.686239   959.314808   
77.500000   379.297883   348.581524   332.765078   397.939468   346.887970   325.731367   347.731001   354.406666   555.591159   641.699751   232.812965   241.405430   637.362418   736.792418   338.708617   375.659825   395.268317   366.767182   350.477277   384.156786   535.336493   361.790433   315.828111   373.361061   538.277709   577.002416   310.784963   295.610255   444.013266   559.069607   503.055282   400.864971   1352.910926   971.564639   
77.600000   496.171974   373.066172   319.409054   362.959255   336.085432   270.281409   358.927926   317.183119   583.143882   591.390778   265.752228   212.461543   741.696000   495.527692   364.199210   306.097162   447.336644   336.955153   337.091689   338.037410   556.658907   333.475741   282.448597   325.262338   380.182768   372.590407   330.255494   257.368767   416.684137   396.989972   356.744188   325.779576   1441.591177   955.112745   
77.700000   422.327286   384.625703   352.607021   417.820838   352.399920   313.075306   360.232849   363.810544   581.980972   604.444805   251.278818   244.328756   612.627063   509.143123   363.817554   326.370045   484.600097   362.494929   363.853981   375.337225   537.400389   362.374764   320.721470   341.954829   444.074268   492.730616   371.670414   302.124503   434.425769   459.048650   389.819881   300.875871   1456.147516   971.518877   
77.800000   373.438937   500.078649   278.282273   397.611964   273.542976   299.940241   296.223458   354.054632   530.909600   596.947890   208.613146   384.532860   602.619383   559.063530   297.361602   339.251612   382.241946   352.055235   299.406319   367.182343   498.504261   347.763744   305.430246   337.898904   454.082388   457.767923   378.740430   288.779803   424.176976   468.780008   408.596276   318.076710   1360.774661   951.626258   
77.900000   399.898629   365.062404   298.138632   357.561178   306.829246   265.872965   318.111567   315.330334   547.136735   568.625835   198.311702   242.422909   414.112448   461.378744   311.082618   295.398742   383.607227   322.868224   316.198177   344.126804   498.856410   323.183284   278.478331   327.773938   376.178296   385.834080   324.985238   267.422181   403.075020   417.596017   337.932781   316.846960   1379.979061   957.575141   
78.000000   426.510679   360.606172   300.518842   424.216865   294.882934   348.406072   297.112782   384.161927   530.633505   615.177297   214.139980   384.611280   593.078346   721.558261   309.204037   370.941889   405.693618   374.568288   302.576292   394.607036   484.118868   386.663847   345.007110   369.024258   506.004261   529.879127   378.252483   328.592584   452.327653   502.893323   438.647767   356.954344   1326.740648   968.935219   
78.100000   389.636701   294.140386   271.021157   344.941788   289.696066   249.268009   292.116822   291.749967   526.008487   543.617509   199.937911   252.181046   474.618364   421.329569   269.650532   280.403688   364.277948   309.421753   302.069194   320.361306   500.704780   310.945957   270.503418   312.162015   375.400620   373.437275   284.879738   253.938041   394.792818   388.433259   301.601361   297.547143   1312.568040   961.608704   
78.200000   395.988887   406.084454   295.810525   396.827876   302.402487   317.506257   313.461385   343.008294   546.223591   569.442057   219.882875   302.690795   501.574129   399.027475   308.485521   323.645816   407.355501   353.377089   325.634705   345.189088   514.799025   338.756181   299.737704   347.005886   388.292883   419.754402   274.197705   285.676974   436.401139   414.075278   360.774062   289.038759   1348.568308   952.080970   
78.300000   438.392144   292.731627   292.065146   367.438749   286.070645   277.711476   297.670401   312.451926   535.989575   560.119425   195.596739   247.068132   495.949018   329.986817   293.381356   295.307195   376.095920   318.564560   303.019118   341.350065   503.141959   309.300090   290.687089   334.141300   413.569552   426.010176   283.509778   262.961910   415.888752   422.783745   353.776318   305.280617   1293.417694   939.332955   
78.400000   324.454530   346.971681   256.583171   377.607020   267.452381   285.654605   274.086235   329.661754   526.184844   590.847021   184.127475   300.514885   449.282330   443.654759   261.779286   316.623570   359.083744   349.783708   284.928403   365.450353   487.554014   344.225307   297.502571   346.792351   420.030011   434.841613   349.954273   269.569140   409.155310   416.123551   372.144066   298.036203   1286.334281   932.680396   
78.500000   347.051653   377.424996   288.698695   374.824909   288.264566   294.362088   315.438839   336.524218   556.911774   587.653908   187.456748   294.620182   575.409760   421.027029   309.742890   330.214175   362.914122   353.379205   313.562803   370.654661   511.227560   349.916586   297.382228   348.940600   485.041599   477.936330   336.211522   275.287310   406.536681   500.061594   437.456016   349.120499   1361.761140   932.031246   
78.600000   332.950038   318.766817   269.323233   350.736033   267.917431   270.496133   275.074487   309.047805   524.088942   550.135869   161.916281   238.379015   367.410900   347.729872   272.385195   293.892149   348.526734   325.693427   288.616847   331.773692   479.380793   325.044908   273.499090   324.794654   420.046853   434.473511   307.878359   244.942645   403.050126   428.646908   386.690013   303.646483   1290.801108   928.847702   
78.700000   343.442731   263.743232   273.125329   319.829230   282.683397   234.257024   291.388627   275.304246   527.064355   545.549209   173.313190   223.916892   336.521164   407.126320   286.047349   269.061090   359.913054   291.015889   295.169613   313.569462   486.761227   294.463844   251.638755   297.933866   326.900461   345.170977   275.895043   227.433202   381.919074   341.877728   278.907981   270.928460   1280.421329   933.266975   
78.800000   291.693724   276.454322   243.196821   318.809576   244.109314   224.383317   262.994944   282.822072   507.216741   535.674994   153.356706   205.192816   299.314004   466.224806   248.025151   281.753569   332.060594   285.525616   268.447227   301.995065   465.779185   302.782169   253.851779   295.556098   286.677388   297.111558   242.023716   217.736080   389.205496   308.558916   244.699031   236.036245   1314.335594   937.193411   
78.900000   281.475622   288.484934   252.423554   327.783056   251.039644   235.723639   262.589215   284.984479   527.640361   555.148604   179.015724   167.704532   330.506024   456.164834   249.632410   285.066553   351.886476   281.903571   270.673364   316.241852   481.610258   305.916116   256.793631   295.299506   349.453662   374.436160   243.459228   226.653952   388.390378   368.384709   334.808220   290.232970   1278.405979   931.510531   
79.000000   256.290734   284.922124   248.402744   331.269381   262.982903   233.612694   267.804326   280.303966   508.900815   535.691182   161.067420   168.335310   274.020807   377.794879   258.255824   269.776207   310.890505   292.520898   272.400515   307.928146   465.171514   305.488818   257.894156   302.223206   326.084452   309.130706   230.171860   225.354777   382.651033   334.016109   289.805854   259.564021   1292.649131   934.191400   
79.100000   268.641557   252.693400   251.320518   306.784222   258.974633   210.751864   271.182187   261.731465   508.696929   525.781619   159.972253   158.576164   275.262445   372.971240   258.409367   255.023535   330.777386   270.292692   276.360426   294.906787   473.508062   286.810162   236.923389   288.947971   298.944872   307.215477   224.983600   206.708126   372.265328   304.275740   238.952966   256.573502   1300.988836   926.214560   
79.200000   276.452876   292.989689   245.171331   325.359385   240.402292   234.333303   254.813323   279.656624   501.998218   536.846935   147.468065   181.280136   299.285806   328.439418   240.662994   276.459694   325.337714   280.859745   271.448087   309.868418   467.017047   300.134631   260.355356   295.700801   333.239823   311.750949   233.543110   223.534582   381.860689   338.994975   287.482843   249.550648   1284.543011   921.424286   
79.300000   325.813634   281.223686   253.786236   313.512337   252.823103   220.041591   269.189267   266.589456   516.583288   518.517482   171.589489   170.998630   309.929041   328.878143   258.842875   258.659492   370.116234   279.009077   286.563671   305.314628   486.332210   290.502299   246.398021   294.648260   328.222028   341.414421   231.221890   212.848448   377.048807   352.342030   294.947372   274.013923   1341.500018   924.436343   
79.400000   238.252826   253.025591   234.933573   296.010577   236.302523   200.290050   256.391816   255.943999   500.504769   514.532299   155.028450   162.379740   313.632117   301.178961   246.481531   247.245555   325.331933   263.265182   264.865876   288.215749   458.790345   278.830348   232.094818   278.529841   252.439296   257.292820   224.221877   203.251967   366.912388   277.214158   196.444841   219.637347   1311.247566   919.635065   
79.500000   234.826821   258.686822   237.085988   306.414820   239.872095   215.134870   253.949600   260.241030   498.674321   519.624319   157.685589   165.976413   281.483737   340.685621   244.777850   250.892386   310.166181   272.301850   263.036568   288.919523   457.116097   289.704186   236.160111   285.166470   273.578769   271.655951   232.571455   209.551555   374.853782   294.270587   216.050554   231.987884   1284.762949   918.292034   
79.600000   250.692025   264.432786   222.752334   311.764325   227.622186   225.746029   247.209196   269.337424   489.569126   526.295612   126.332579   178.135912   253.121280   353.822556   229.241646   273.273077   311.896480   276.748418   253.030279   303.039381   452.700311   295.336143   246.928208   295.625532   276.829381   289.621177   241.490301   218.684334   371.377916   291.299639   234.010301   229.246653   1302.250990   918.267272   
79.700000   202.946081   262.681257   214.250542   298.703762   225.098844   214.780132   240.009725   257.282963   485.065436   516.877587   132.011478   168.821112   274.341197   280.591899   229.102597   254.448972   289.763630   270.959229   249.142667   295.175206   445.970901   282.475236   236.533290   284.822501   269.694261   270.224881   233.021918   213.987361   372.019495   287.588883   218.246745   227.280682   1296.519528   913.598710   
79.800000   206.108289   264.024361   212.341539   304.218495   227.047759   209.417119   241.741049   261.095564   483.885033   521.096712   127.965297   143.811956   229.169650   281.763329   227.589422   254.700722   286.184372   272.143817   251.732042   294.237221   442.889555   278.737744   234.354063   289.395846   261.424433   255.637569   222.857249   217.007331   370.584392   286.002187   189.141773   208.367930   1262.785950   915.886623   
79.900000   211.010881   238.190201   219.503179   290.007404   222.552341   199.256067   235.780483   250.714094   482.662749   511.809376   136.320872   143.836907   251.429960   274.323061   227.540648   244.409604   295.921644   258.956612   254.769286   288.691175   443.112932   275.768877   229.498822   281.282304   249.682415   262.747160   208.356112   200.741372   363.646194   261.914586   195.083803   211.889550   1302.869790   919.325305   
80.000000   205.520687   252.139542   214.305541   299.150900   215.318298   205.260758   235.369922   262.293835   481.873596   514.050920   127.398143   160.158602   285.020491   265.860960   217.025858   247.861166   290.811913   266.221556   244.091984   288.725713   444.141933   287.578617   233.318373   282.862527   251.649403   263.292491   215.443470   204.770878   367.848209   276.730906   197.830750   209.884002   1309.191710   911.000684   
80.100000   210.869939   247.308004   214.661441   290.068721   221.455242   196.306726   236.315017   247.111050   480.831106   511.253218   127.024366   132.763895   238.787212   247.577865   218.936266   236.976845   296.063393   258.633171   244.398688   280.016554   445.219226   272.718296   222.871299   274.338859   233.509690   241.160588   209.808578   194.172935   360.707284   252.637814   165.988877   201.642080   1270.929399   909.394565   
80.200000   194.170178   234.090601   216.345115   289.928377   227.275885   195.541487   242.971343   249.397239   486.407282   510.245882   134.840491   133.038205   238.703770   247.827978   226.768676   237.751321   297.762477   257.057859   262.064262   278.768901   447.593173   275.744771   223.412416   272.986482   236.999714   245.406388   208.233628   195.117617   361.835753   263.703905   182.670272   213.448871   1248.940777   909.469719   
80.300000   190.662771   227.849322   208.674593   295.112407   214.179229   194.192668   234.143512   251.322409   479.603431   506.571454   123.525084   129.883090   196.629860   268.197208   218.326076   238.492976   281.122343   258.645906   246.050648   278.761171   438.170807   277.829695   226.549551   273.403218   231.187928   228.471300   204.310527   197.365542   358.953463   252.464435   163.060932   200.627509   1271.949772   907.260232   
80.400000   180.054825   244.085045   207.656532   297.988843   214.829306   197.804490   242.834735   249.375238   483.153388   510.492403   130.817710   125.996421   192.953394   254.597170   223.093250   241.346139   274.821823   260.079219   244.122993   281.645998   441.097201   277.693053   228.801071   278.669165   227.940017   221.508539   209.309490   200.316775   362.680615   244.154196   159.565068   196.909928   1239.485961   908.993376   
80.500000   200.371756   253.386162   203.919307   301.620732   212.036443   202.153447   231.329314   252.667916   478.872409   512.460046   117.948809   134.913731   196.297187   244.780408   215.562730   242.159961   278.996515   258.682102   240.407533   284.695900   437.945973   277.543454   230.776186   278.109094   239.271491   248.219047   208.814088   203.348626   364.132063   258.625318   172.165230   201.609238   1265.264472   907.451125   
80.600000   191.572149   229.459547   211.319038   291.471867   220.086153   195.486267   234.280206   243.137271   479.954123   508.818821   121.516672   123.191077   201.125327   253.849451   221.889266   235.034180   280.008677   254.136624   246.286057   276.992839   440.154447   271.002787   225.753513   274.009897   228.478646   218.218893   204.819688   194.475611   359.391918   245.918831   166.585360   200.385975   1230.492808   903.964206   
80.700000   194.784692   229.338879   212.388140   290.705991   216.789851   189.384193   234.563812   245.403333   475.903177   507.291865   118.658855   125.123025   185.311990   259.867394   217.531707   237.505782   277.546454   256.623554   240.601522   277.422389   436.486628   271.290924   222.975250   273.785940   237.095411   233.528204   205.827982   195.713290   358.762054   247.390318   173.214820   202.563310   1284.867693   903.123109   
80.800000   200.195829   224.238190   213.739682   284.082518   214.743529   190.488376   236.009984   244.060833   477.906283   502.011365   125.088675   120.131921   194.340042   239.181514   218.835822   233.618242   283.011169   249.987531   248.889440   273.747723   438.958391   268.387756   220.325878   272.233995   225.227321   223.313292   196.971592   193.172188   356.171360   242.667951   155.926197   194.974855   1213.456695   904.169512   
80.900000   201.522788   228.899406   212.600509   285.383756   218.775362   187.588872   232.203215   241.638561   476.833088   502.273910   116.552555   119.033960   178.940477   231.491492   214.290120   232.427029   278.826679   252.017667   244.272658   272.992521   436.752378   267.222576   220.576916   271.702231   221.111224   217.796866   193.832898   191.539248   357.237943   243.026113   152.202692   191.324024   1255.397300   902.396396   
81.000000   179.859640   224.390047   203.744025   286.143943   207.445722   186.670801   228.471829   240.928389   476.045296   502.863791   118.482999   121.260909   177.874459   248.994040   215.440953   233.172313   274.775948   253.402928   235.605034   273.572436   434.388682   268.279759   219.698616   274.400829   212.040282   211.498817   198.295036   190.215900   356.195644   229.280162   141.240442   185.282680   1237.559944   901.934416   
81.100000   172.709301   225.704245   201.279328   286.236554   209.554245   185.346183   227.608184   241.380305   474.366452   500.605907   115.089325   116.868788   170.377591   232.563034   208.501083   232.809607   272.161745   250.010641   235.965396   274.841581   431.632434   268.000422   220.551074   270.241033   215.232481   214.330573   191.846668   190.478503   356.122949   234.060786   146.170291   185.092036   1243.670174   900.130723   
81.200000   176.433476   219.257895   201.234594   285.748035   210.204231   188.262760   230.038686   242.295718   471.430098   502.441793   118.447182   117.434141   173.607406   230.199223   212.549872   230.315193   271.831429   251.761333   236.186053   272.001391   431.375292   267.403262   217.634817   273.478299   213.666634   217.427064   191.719764   189.815416   355.638377   232.320517   143.780206   185.246260   1212.407999   898.862270   
81.300000   187.459832   220.686762   210.034665   281.056852   213.596630   186.850328   236.632976   242.469606   476.679675   499.218328   118.287768   116.518690   184.632742   226.046877   220.075601   228.699325   275.316556   248.283033   242.042807   271.120363   435.883701   267.125761   219.420996   268.771535   215.609132   215.858604   188.220494   188.792841   355.217807   235.033119   140.552524   187.897259   1213.081171   899.578092   
81.400000   183.213621   217.657063   208.030469   283.097796   209.413996   188.141893   227.830278   241.002573   473.825922   500.433663   120.288886   117.967817   176.084647   224.066601   214.663624   229.977494   276.660979   248.106904   238.911179   270.149372   435.459691   265.749028   218.237684   267.341028   215.073761   213.232607   191.265924   190.327988   354.039453   240.703439   146.301269   193.532635   1237.013898   897.717678   
81.500000   172.543956   217.978049   197.959081   281.718311   205.113067   190.212871   226.152804   239.588592   471.189287   499.406960   113.316750   115.033937   167.024505   223.073514   209.046147   230.785144   268.724602   248.700172   233.691922   271.396463   429.715098   266.775829   219.881144   266.807209   211.298164   207.941082   191.517963   188.253022   355.042784   228.824479   138.847220   182.383707   1222.601109   897.174871   
81.600000   169.241095   218.375990   202.616260   282.585772   206.376650   186.237859   226.373176   239.906560   470.783985   497.476502   114.318527   117.582556   177.343555   224.124673   209.972672   230.812589   270.690885   247.856937   239.700866   272.010946   430.354877   266.636625   218.579724   269.043235   209.224911   207.715696   190.886700   188.266777   353.983076   227.248279   135.035814   182.141685   1227.481508   895.958967   
81.700000   170.272174   218.066114   198.291048   282.002240   205.245520   183.601565   226.367612   237.630522   471.892676   496.910838   115.541186   113.465438   158.855265   223.692499   208.262656   230.951429   268.473064   246.555637   236.054062   269.447546   429.979024   265.406248   217.027342   267.310484   209.778989   205.119278   189.273769   188.091572   352.793468   226.701702   136.827159   183.567207   1224.416857   896.452399   
81.800000   171.565671   223.161284   200.499788   280.136838   207.437586   187.534169   225.966965   236.927750   469.318037   499.058086   116.967811   111.112019   158.724980   223.887109   209.133522   229.265787   269.514616   247.883770   233.293419   269.301100   428.930645   264.688099   215.419364   270.169549   212.953523   207.426454   187.837699   188.375790   353.127366   230.674436   139.382558   182.091506   1212.873180   895.725241   
81.900000   170.153073   216.969917   199.107324   278.629870   207.350637   185.829100   227.143472   237.838985   469.557717   498.372455   118.178965   114.065614   160.306592   219.759212   208.948169   228.697164   265.841040   246.947322   234.842446   269.294763   429.043617   264.348082   214.759478   265.425428   206.404781   206.620158   185.378499   190.840164   351.447455   226.938444   139.463449   181.438533   1209.711617   894.043718   
82.000000   177.736803   214.093875   205.320299   280.467382   215.931991   183.924640   228.619286   235.027791   473.493239   496.517602   122.459200   111.214319   169.087116   217.741929   216.747931   227.164185   271.987151   248.774264   240.393616   269.851001   433.462214   263.810790   215.111876   265.718410   212.074126   212.077283   185.371317   187.535280   353.019516   234.777687   149.017503   186.879618   1204.364569   893.402670   
82.100000   169.079831   215.557549   204.680441   278.941878   204.907245   183.900140   223.557416   236.380727   470.130025   496.957102   113.365874   111.574181   163.603433   215.910473   210.565804   226.096691   266.176433   246.380791   234.750664   268.644370   427.728497   263.160581   213.814468   265.682617   207.590032   205.288090   186.642850   187.441609   351.130565   229.165407   133.576290   181.913218   1202.861454   892.640840   
82.200000   165.335292   214.763716   196.715667   279.758009   203.344969   183.098260   224.830323   235.934028   468.407074   496.697985   111.244016   113.122969   160.131110   216.309262   211.181964   227.278363   269.032719   245.645622   233.895744   267.731451   427.198636   263.950056   213.791120   264.494081   204.818265   201.952147   185.527435   186.288091   352.217144   224.339718   130.198530   178.088747   1200.823069   892.818538   
82.300000   163.199918   213.281722   197.247230   277.085616   205.050140   181.931330   222.676224   234.865582   466.986736   496.322423   110.642141   108.505289   162.919449   215.000497   206.178525   226.538401   265.959500   245.238972   230.694549   266.781290   426.578580   264.472536   214.732690   265.165344   202.147124   204.076109   186.524963   185.567913   350.260573   221.857529   129.071512   177.787855   1215.204543   891.497914   
82.400000   168.374399   214.570447   198.743971   279.734254   201.059141   181.384110   221.807693   235.211728   466.203020   494.196065   111.198399   109.541027   155.522254   216.228469   205.161067   225.826483   266.480446   244.761965   231.042538   267.643898   428.066620   263.234100   214.410681   264.065672   202.486116   202.488112   184.680398   185.538098   349.870558   221.560136   128.028204   178.019690   1210.982219   890.469851   
82.500000   162.992242   212.694399   196.930988   276.833582   203.405402   181.374397   223.414236   235.148858   464.585688   494.954704   110.041196   111.366238   154.794273   215.891775   206.850929   225.746770   265.830523   244.274130   230.391889   266.453521   427.227790   264.800865   213.135696   265.367034   200.291618   200.087892   184.578811   185.112984   349.789314   220.814513   130.517482   177.227946   1204.233318   890.486127   
82.600000   162.879197   212.198437   194.206974   276.790738   204.845629   180.096960   223.363565   236.580708   465.800499   493.727639   110.902021   109.411225   154.601302   216.775575   205.242164   225.180936   264.848953   245.221106   232.076593   266.788854   424.607039   261.977994   213.247491   262.783523   203.816860   204.124676   185.023418   185.642750   349.179813   223.794913   130.532879   178.389237   1192.423500   889.731959   
82.700000   163.853032   212.927813   197.887135   276.520980   205.998254   181.141304   220.544595   233.611698   464.300426   493.832930   114.765315   110.340724   153.828584   213.070412   203.822629   225.424052   264.891403   244.026155   230.566885   265.810806   428.486784   261.868749   213.652376   262.219861   204.108563   197.746196   184.169031   184.494011   349.859365   219.306744   128.902169   176.664479   1195.766189   888.504026   
82.800000   161.007119   211.753471   195.155429   275.628061   201.624123   180.632900   219.619309   234.036184   464.445603   492.406010   109.096275   108.187655   154.641819   214.592330   203.605097   227.305920   263.017202   242.985152   230.450220   267.124227   424.066593   260.846608   212.958218   263.226446   199.837826   196.407708   183.240394   184.832343   349.221593   218.084512   125.644521   175.433148   1200.551558   888.361604   
82.900000   164.356153   213.772215   196.705079   275.599563   201.719434   180.691929   221.443025   233.716982   465.593087   492.095603   118.293795   110.124682   155.235290   213.101099   203.034415   224.140233   266.239311   242.766777   232.484773   266.718608   423.368759   262.277162   213.444697   263.370595   202.215584   199.637535   182.905549   183.775130   348.502746   219.111923   127.824230   177.736850   1200.055283   887.777625   
83.000000   162.844000   213.014427   200.880257   276.921440   203.048552   180.377523   221.215486   233.190944   464.825858   491.481174   110.281252   107.915876   152.390615   213.109606   205.816036   224.533360   264.533894   243.434147   229.925963   265.764667   424.652193   261.288265   213.297975   265.132228   201.728658   196.662203   182.145174   185.649328   348.106948   224.922640   129.365328   177.441109   1190.318076   887.234647   
83.100000   164.276591   211.194641   198.106223   276.964946   200.503182   181.263638   223.982871   233.439683   462.753795   491.737807   109.493777   108.741876   150.598371   211.354753   202.790310   223.969617   264.428740   242.398122   231.133890   264.763833   423.734035   261.924909   213.252468   263.996433   202.236898   198.085328   181.366682   184.547133   347.737149   219.544701   127.612879   176.770434   1187.195736   885.734870   
83.200000   161.916668   211.698874   194.719020   274.924862   204.896905   180.918899   222.636025   232.386833   463.565717   490.755009   110.424786   108.217571   151.410879   210.390142   205.649465   224.331108   262.719699   243.656419   231.092855   265.173528   423.246734   260.699566   212.701450   261.592584   201.812042   197.626311   182.481022   185.675902   347.647668   219.589056   126.004550   176.786236   1187.495473   885.150167   
83.300000   163.682395   212.058172   194.026201   275.355617   200.389431   182.415885   221.990807   232.984699   462.903742   490.262049   112.542280   107.301197   153.055421   209.402562   203.678016   223.594464   262.289327   242.294010   232.632504   265.363666   423.594789   261.406114   212.670039   261.145261   199.703916   197.610787   180.338590   185.304971   347.096994   217.038566   125.729671   177.033126   1186.606184   885.242369   
83.400000   162.095348   210.731103   193.841670   275.684325   203.307994   180.062731   225.367921   231.936880   464.057742   491.821712   110.314591   107.345261   150.249191   209.602345   201.992948   224.317674   262.761052   242.092932   229.630944   264.573760   424.606980   260.331920   212.367378   261.563675   197.394092   200.323917   183.391948   185.248972   347.056753   218.390453   124.247857   174.749835   1182.760482   884.139834   
83.500000   161.195387   209.876879   195.039853   273.662967   201.051768   180.164987   218.895862   232.598250   461.402824   489.552054   107.032085   108.828078   146.996723   210.265218   202.473736   223.090311   262.117848   242.116574   228.536241   265.180658   424.922963   258.981146   212.501728   261.081398   197.505261   197.136384   181.766188   185.284820   348.017728   217.401017   124.596029   174.472356   1182.462409   883.156560   
83.600000   158.151560   209.740270   194.538163   272.999208   200.468317   179.368831   219.131904   233.653354   460.518749   489.569221   108.320459   107.389900   148.099085   210.825294   202.623674   223.934380   262.585408   241.795723   227.810995   264.705605   422.749280   260.056788   211.704035   261.999660   197.666548   196.768893   181.717567   183.845392   346.117850   216.763666   121.488484   174.089954   1182.790145   883.667173   
83.700000   163.037928   210.459549   198.260998   275.493023   203.275107   179.996718   220.321531   232.047824   460.867853   489.081588   111.398253   109.675662   147.971543   208.801574   201.811858   222.581658   263.103139   241.466728   229.201052   264.814612   424.687577   259.253997   211.887209   261.207929   197.309959   195.455816   181.992514   183.824701   346.068894   215.476457   121.637024   175.300796   1185.929452   882.436266   
83.800000   161.244159   208.245987   196.624031   273.319078   201.137468   178.993352   220.292262   231.660205   459.887140   489.394715   112.111470   109.288104   147.653837   209.618900   200.068611   222.126951   261.068026   242.964918   227.031294   263.469014   421.347666   258.600371   211.214377   261.827202   198.166171   193.742864   180.613983   183.504320   346.682854   213.860931   121.753121   173.658482   1179.760355   881.761358   
83.900000   162.942422   209.916857   197.112968   273.004998   199.789199   178.719833   221.553640   231.110808   461.430901   488.564473   118.892870   106.674780   147.344330   207.425293   203.015060   222.216759   260.524400   241.164419   227.891620   263.750216   420.880629   259.611027   211.911170   260.513213   202.630975   197.672464   182.327610   182.362866   345.808077   216.568070   122.485606   175.128780   1182.125585   881.189616   
84.000000   160.148618   209.807345   196.356555   272.014776   199.222570   179.063880   220.095784   231.914802   460.118507   487.691624   108.400184   106.700380   145.967282   207.530522   202.593226   222.466423   259.697781   240.806897   227.605033   263.817477   421.222278   258.615511   210.817603   260.791421   196.721540   195.925326   180.119169   184.096157   345.289693   216.850757   121.684957   173.016140   1176.846645   879.915191   
84.100000   158.898837   209.722688   196.418922   273.178726   200.297242   177.906791   220.094723   231.028143   459.002726   487.698955   107.573004   105.471362   148.454524   207.873019   202.330407   223.391787   260.541700   241.745720   226.177998   263.103999   419.675376   258.816407   210.521982   259.840729   197.544696   194.831993   180.095651   183.412141   345.665662   215.877559   122.523080   173.500411   1178.665051   879.962106   
84.200000   163.747647   209.632036   195.148672   272.391106   199.863678   179.913805   219.759240   230.764473   459.891517   486.796419   107.115900   104.201612   147.365088   207.299948   202.918191   222.114994   260.396988   240.756563   227.087704   262.950131   419.521275   257.932564   210.050152   260.038465   198.762706   198.122615   179.207059   181.748965   344.955158   214.840204   121.759975   174.441411   1173.937354   879.253123   
84.300000   157.563519   207.505449   193.427229   271.528741   200.408150   178.261887   219.154448   231.455538   458.385296   486.729587   108.991899   105.935493   145.588117   207.903912   200.546334   222.424610   259.724157   240.815677   227.582697   262.169003   419.007301   258.276947   209.698192   259.664508   198.039200   194.904477   178.808814   183.211568   344.335053   213.053575   120.717993   172.492204   1172.444694   878.175344   
84.400000   160.390402   207.848658   192.725672   271.966093   200.182047   178.909210   220.931586   231.093123   458.788857   485.992502   108.256318   105.297185   144.102287   208.200706   204.155218   223.042913   263.545235   240.430905   226.946263   262.934222   419.171550   260.163967   210.604668   259.734997   197.371269   193.915192   179.088134   182.668975   345.145455   214.068442   122.003049   172.833806   1173.307671   877.526454   
84.500000   156.984962   207.216455   195.389205   272.657176   200.489684   178.042536   220.381722   230.571387   459.343258   485.885343   109.104990   106.627205   146.765851   208.883120   200.463678   220.696095   260.998223   240.725377   229.079210   262.689890   420.848777   259.301088   211.167096   259.399137   195.973857   195.095453   180.596051   181.950057   346.727675   213.561026   123.048891   173.502513   1173.581486   876.715290   
84.600000   161.836473   207.651419   194.152194   272.585853   202.437633   176.637735   219.415725   230.822963   457.551203   485.405853   118.646656   104.371768   143.622621   206.512971   201.772597   221.424077   260.935489   239.469724   228.369035   263.818963   418.811114   258.312993   210.777997   258.780215   197.258002   192.283647   178.441808   181.454414   344.634906   213.369790   121.149612   172.742432   1168.971658   876.895783   
84.700000   158.136978   206.648681   190.837398   273.086151   198.067299   177.128775   216.883941   231.645115   458.725017   484.807206   107.863590   107.298844   142.764266   206.058745   200.163949   220.571139   259.528490   239.266550   227.657406   262.251479   417.592290   257.470447   210.035221   259.969384   193.979214   191.715012   177.826420   184.726178   344.550803   213.290450   118.143319   171.428163   1171.359837   875.394023   
84.800000   157.139746   208.992665   191.434733   271.727021   198.322310   177.883390   217.641324   229.654151   457.367520   484.347643   114.313680   103.844853   145.475554   206.871393   199.743276   221.336151   258.940699   238.851915   225.338859   262.703255   419.985440   256.947377   209.988176   259.556698   195.105152   192.526777   177.580586   182.123516   344.573028   212.159630   118.803547   171.912642   1170.219605   874.670596   
84.900000   158.883749   206.145338   193.971627   270.628484   196.978119   177.080130   217.429480   229.491866   459.287137   485.188568   108.671287   104.707673   146.111408   207.379177   204.192082   221.332358   257.594442   238.477022   228.588230   261.318770   418.462377   256.487747   208.877852   258.108312   196.874931   193.471776   179.169766   182.581120   343.394515   214.192026   120.698005   173.288337   1166.941811   874.142712   
85.000000   159.173163   206.850056   192.578138   270.100364   200.175937   177.416866   217.416703   231.009480   458.090031   484.305683   108.374013   109.299627   146.027971   204.792427   203.110304   222.052001   258.355417   238.147212   227.336510   261.468540   419.401534   257.171151   209.094450   259.359675   199.102705   192.927770   179.608975   181.459290   342.489131   214.160518   122.384053   172.995420   1164.572049   873.443638   
85.100000   158.317877   206.041585   189.506897   270.371071   197.368142   176.912856   218.791651   229.159345   456.732026   483.531450   110.705165   105.685673   143.729556   204.009250   200.108919   220.100265   257.795259   238.386080   229.030844   262.263891   416.158146   257.761377   209.176832   257.470860   194.919655   191.840359   178.266009   181.132806   343.419174   214.384555   119.578410   171.587428   1165.668920   873.144785   
85.200000   158.833623   206.757902   190.347573   271.399027   198.337928   175.888632   217.121165   229.863764   457.031349   483.306536   106.812599   104.264688   141.309252   204.102165   203.953252   219.362113   259.598204   238.267341   227.574055   260.749302   417.259418   255.695538   209.497123   258.627359   194.458255   193.012965   177.159245   181.274452   342.862548   212.265202   119.100701   171.314878   1165.694377   872.349238   
85.300000   157.265969   205.465307   191.757585   270.667936   199.449547   177.553202   218.301471   229.986881   456.389058   483.088043   105.935090   103.819887   145.941812   204.151269   200.930135   219.465679   257.021751   237.893290   226.956034   261.051634   420.230952   255.501785   208.213155   258.909970   198.255490   190.958735   178.355527   181.642812   342.245242   212.414809   117.503410   172.208911   1162.415189   871.741313   
85.400000   161.492266   204.519610   193.032550   270.297253   198.784506   177.926234   216.106931   230.611252   456.777712   483.364001   109.142939   105.717850   145.571236   203.822813   201.054719   219.222446   258.057757   237.086976   227.694298   260.170375   417.135733   256.789662   208.233844   258.804127   194.099043   191.879227   176.653794   181.067841   342.013279   211.861609   120.860319   171.596624   1161.619942   871.110572   
85.500000   159.672279   204.900126   193.250097   271.025140   199.375111   177.085134   217.551076   228.917118   456.752498   483.084458   106.586243   104.284530   143.798484   204.368110   202.229183   223.026603   260.241544   237.399447   225.347067   261.702758   417.851248   255.946097   208.152763   257.991491   197.000235   192.922662   176.415357   182.089883   341.761260   213.335275   120.135407   171.980899   1161.496064   870.575608   
85.600000   155.759064   204.455991   194.509864   269.151277   197.455769   177.447395   217.502197   229.688097   454.505915   482.830437   107.210669   102.458407   142.527905   203.914472   201.062823   219.742933   260.439126   238.735558   222.841790   259.584414   417.657227   256.243684   207.848239   256.370444   193.811324   191.496623   175.876388   180.549830   341.084808   211.857277   120.967076   171.312147   1159.408463   869.699834   
85.700000   158.412933   204.626888   192.346858   269.107625   198.260991   176.462775   217.760397   229.274221   453.739997   482.041186   111.593968   102.831936   139.786306   203.505804   201.381176   219.189297   258.554091   239.418902   227.106545   258.832697   416.357028   255.907739   208.191936   258.191725   191.393370   191.108710   177.058009   180.989206   340.868556   209.842026   118.438044   171.016834   1160.591890   869.309620   
85.800000   158.153821   205.347292   192.957645   269.321939   198.027598   176.317942   220.109627   227.797949   455.330034   481.455004   116.317982   105.978033   144.290130   204.262868   204.247337   220.788922   257.847909   237.502499   228.181217   259.491028   416.626561   254.901526   206.572893   258.510907   195.877435   192.240319   177.516118   179.683887   341.045134   215.666416   122.512614   173.410880   1157.717093   868.389318   
85.900000   154.639212   206.073012   193.070848   267.309965   196.877467   176.195101   215.778823   227.241314   453.695907   480.354385   109.827090   105.940140   142.328905   204.244638   199.706331   219.217613   256.182684   237.743811   225.788325   260.375580   413.912498   255.780165   206.949699   255.911852   194.770836   192.042295   175.266408   179.460521   341.163825   211.465129   115.798953   170.626570   1157.556108   869.103096   
86.000000   161.284446   204.844474   190.210435   267.577349   197.414235   176.138322   216.191590   229.787437   456.409225   480.501579   108.092172   103.690196   143.343425   201.443746   198.883782   218.436728   260.198017   236.714510   227.213343   258.907860   413.912607   254.088362   207.233323   257.027399   193.555933   191.523938   176.285491   178.842275   341.083464   210.892304   121.948984   172.074294   1157.078440   867.881039   
86.100000   155.671424   203.543233   189.325789   268.382998   197.391810   176.432000   214.405336   226.930020   453.047691   482.450144   103.642315   103.395445   140.426967   201.718534   199.336440   218.217630   256.355210   237.104345   223.567197   259.031966   414.238701   255.299596   206.883615   255.295630   192.259697   189.646198   177.244781   179.880837   339.902305   212.516716   115.866475   170.054469   1156.238680   867.128896   
86.200000   155.889179   204.176249   188.044735   269.403081   196.203609   176.013017   214.227080   227.250681   452.475270   480.061651   104.268879   103.596957   138.980857   200.231443   201.312577   218.518673   254.818173   236.296296   223.012197   258.145828   412.750860   255.511670   207.097731   255.946698   192.535223   189.068755   176.705160   178.529966   341.013922   209.347568   120.872755   168.690928   1154.836029   866.505244   
86.300000   156.256544   203.391248   194.144849   266.640053   199.936162   175.283459   218.840791   226.966721   453.622407   481.385278   105.664672   103.618671   140.431491   202.283750   200.499305   218.519243   258.476633   237.086176   226.376346   258.374806   415.611831   254.301164   207.567526   256.285208   193.701105   190.384286   174.969711   180.112587   339.985880   211.224503   119.601421   172.378043   1154.682985   865.773261   
86.400000   156.373210   204.001550   190.437704   267.305972   196.167625   175.525733   214.443886   226.979430   453.897916   479.364018   105.887087   105.829473   137.875918   201.643655   196.881431   217.921253   256.451239   236.396314   226.100787   257.870594   415.315566   253.621754   208.813477   256.718420   192.313282   188.903915   175.305165   179.100908   339.254529   210.061646   118.595363   170.055316   1152.776599   865.346884   
86.500000   157.172909   203.987085   191.051986   267.749209   195.944877   175.178414   217.092720   226.252988   455.141646   478.469957   105.704784   104.167269   139.329893   201.665696   198.736168   217.894624   257.482111   236.523492   223.992311   260.212622   413.662822   253.311090   206.536705   254.980044   191.975076   192.291036   176.014128   179.165253   339.416245   212.562703   120.127292   171.260518   1152.176594   864.343228   
86.600000   155.839856   203.522582   190.583450   266.335702   196.088889   176.520922   214.084634   227.840724   452.192028   478.547749   110.438659   105.208850   142.720199   201.157880   199.358155   218.388337   258.131051   234.817046   223.058126   258.352965   413.658910   254.406494   205.310113   255.115285   192.283879   192.158609   175.591850   179.345231   339.173284   209.750276   117.906473   170.806349   1151.808187   864.264984   
86.700000   154.059932   202.809476   188.665299   266.583670   201.210433   175.285794   214.406224   226.006543   450.651280   479.549643   104.833614   101.600858   138.245096   200.881961   199.203386   218.236527   253.802461   235.913046   222.192641   258.706139   413.233438   253.248221   207.164127   256.263339   190.346692   188.963417   174.963660   178.911790   338.690247   208.570092   117.828748   168.682425   1150.647553   864.668946   
86.800000   152.894880   202.187623   191.450040   267.502034   197.384160   173.888166   214.636133   225.638830   452.617768   477.202668   108.890178   102.622096   136.043533   199.140690   200.022746   217.807658   255.258819   234.679863   222.699222   258.677762   411.503661   254.442458   205.756461   255.208871   193.579425   189.532999   173.534755   179.393254   338.449955   208.616968   115.273624   168.997680   1150.729410   863.254066   
86.900000   153.414296   202.659036   190.535509   266.095053   198.751684   174.724076   216.322350   226.055123   454.337524   478.620515   110.022941   101.298030   138.417045   199.329951   197.261568   216.881253   254.691404   235.219295   227.404786   256.955225   413.348333   253.323214   205.861443   253.806759   193.399696   192.848698   174.966988   179.767441   338.328533   211.895335   118.662912   170.502117   1149.355705   862.725536   
87.000000   152.906912   203.685811   187.367017   267.718296   199.383550   174.736892   218.223408   225.188130   452.510063   477.600732   105.537163   101.934634   137.435337   200.680961   197.659244   216.184800   257.207133   235.046468   224.614188   257.713847   413.724807   254.051970   207.692176   253.151391   189.107930   190.097346   175.960691   177.549172   338.343923   210.594889   115.054542   169.691946   1148.286719   862.778984   
87.100000   150.129398   202.027070   187.902489   267.294593   192.551818   175.224057   213.277525   225.020060   450.785458   476.046697   103.629547   102.618448   136.401319   199.427460   198.579121   217.519031   252.643695   235.175475   222.362617   257.945203   410.464718   253.027131   206.677492   253.852422   188.904867   186.422306   173.766814   178.293719   338.008327   207.833003   115.892694   167.044059   1147.278095   861.435280   
87.200000   151.401420   202.294572   187.086788   266.523990   198.845956   174.839959   215.600119   227.863931   450.412550   476.346084   107.861788   105.133350   140.817121   199.420595   199.433191   216.179115   255.817853   234.522522   224.833025   257.914763   411.140958   252.158306   205.292187   254.030000   192.472079   187.503951   174.245492   179.980975   337.426011   208.260848   117.162382   168.748173   1146.660615   861.222839   
87.300000   149.934625   203.851866   188.689268   266.258062   194.396501   172.686540   213.247518   225.398681   448.855382   476.339820   103.852358   102.696831   138.505255   198.944560   198.671765   217.572202   254.615744   234.341761   222.801473   256.682138   410.617825   252.112738   205.600370   253.399378   190.369305   186.132327   176.156874   179.169087   338.933666   210.294178   115.678607   167.801016   1145.917669   861.023371   
87.400000   149.857084   201.765362   187.935431   266.034261   195.141834   172.495012   212.485292   224.389570   448.719129   475.608447   107.462988   102.666179   137.278359   201.758868   196.941081   217.138765   252.896245   234.783707   223.379489   256.876856   409.622249   251.634826   205.649880   253.269764   189.703001   186.138020   176.027361   178.927713   337.468312   207.392118   114.238655   167.707709   1145.208594   859.693162   
87.500000   154.986047   204.198019   193.896434   265.769492   195.346255   172.514102   214.495360   224.434763   448.765562   476.314249   108.470765   100.677140   138.027736   200.316470   198.004233   215.648417   253.333417   234.379088   223.140642   255.809431   410.204666   255.275234   204.255854   253.685694   189.133820   187.254424   174.455530   178.478961   337.979825   210.016759   116.258000   170.136844   1144.349823   859.280462   
87.600000   151.393572   203.061218   189.978585   265.183375   196.109524   172.531099   213.604923   226.778874   448.653258   475.568322   106.581670   105.614961   135.764158   198.312848   197.520402   217.633668   257.012862   233.571765   222.738926   255.955953   411.031984   252.187906   205.969039   252.583841   190.348468   187.056699   173.319839   177.736974   337.388549   208.958681   116.045086   167.907268   1143.928697   858.616528   
87.700000   151.014387   201.507404   187.681028   265.227370   191.962984   174.742276   213.401631   225.273829   448.734083   475.289552   109.846218   102.772874   134.504416   197.025101   196.803656   216.554696   254.262180   233.882926   224.689621   255.794830   409.502754   252.455076   204.449723   253.725754   190.011892   187.039753   174.301526   178.045491   336.649531   208.602720   113.803267   167.461945   1142.693716   859.676721   
87.800000   155.537860   201.588736   191.230767   264.965569   196.330580   172.296694   213.972465   223.732772   448.320930   474.830667   112.408835   102.724036   143.901901   197.220415   196.736933   215.937055   256.063535   234.020120   222.397391   255.867467   411.341651   252.071413   204.492066   253.857657   189.784821   186.877893   174.013667   177.506825   336.720183   210.848956   116.862876   170.061980   1142.104487   857.569240   
87.900000   150.727209   200.549709   188.391740   266.095871   193.340136   172.070606   211.818032   223.608318   446.476623   473.999470   104.124195   101.143535   135.509911   198.239527   195.778676   215.435649   252.305511   232.928264   221.431921   255.979149   407.029667   251.420313   206.846904   253.575473   189.118937   185.664983   172.991177   177.461617   337.169580   206.197535   114.917997   166.573401   1141.815073   857.269819   
88.000000   155.060442   203.488058   187.927367   264.665447   196.647866   172.155213   214.446546   223.264193   451.134652   474.982233   110.019416   100.190573   136.949776   197.092656   203.500646   215.813875   253.008266   234.299918   223.173223   255.178809   409.060235   251.013331   205.290482   253.159758   189.013594   188.266720   173.019824   179.381452   336.196916   209.474980   119.500968   169.388322   1140.612450   856.111467   
88.100000   153.960972   203.351633   188.287822   263.473721   194.435520   173.105231   212.024752   223.528013   448.257338   473.210767   103.531522   99.188674   135.006102   196.480244   195.661387   214.672665   252.334083   233.014789   220.991419   254.023385   408.591403   250.841320   207.332862   252.546292   188.691902   187.589700   172.724460   177.393211   336.095044   206.708985   113.626170   166.727572   1139.859380   855.637650   
88.200000   151.871086   200.866597   186.795662   263.315275   197.115731   172.155061   211.122507   222.939632   447.595728   473.296573   102.846271   99.772474   136.372766   196.914968   195.498027   214.759406   251.430494   232.692560   222.167308   253.788322   409.778685   252.207049   206.680365   252.504662   189.350703   187.197000   172.715558   176.049576   334.914394   205.830771   117.893265   168.230930   1139.177225   855.614419   
88.300000   153.279359   201.567370   192.264645   264.066242   197.613503   171.958917   210.901838   223.258214   446.871007   474.844396   106.322536   99.816630   135.889449   196.048658   196.350679   216.517097   252.925542   232.489882   221.315547   256.454318   407.341427   250.563857   204.370705   252.358589   187.148826   187.151464   174.036141   177.488464   336.732874   206.504467   114.422442   166.686823   1138.556511   855.165758   
88.400000   153.678698   200.774935   192.710336   263.818355   199.484060   171.717848   214.526216   223.366105   448.297497   473.411054   111.197579   100.606979   143.138631   195.232767   195.942808   214.472139   257.046382   232.950840   222.646389   253.674261   408.819572   251.240568   203.910772   253.839764   191.178419   192.861297   174.310108   176.825153   334.388574   205.263105   116.615895   170.553323   1137.652438   854.226885   
88.500000   149.693839   202.293833   185.003021   263.060437   193.197743   173.783579   212.551347   223.079282   445.584173   472.496721   103.365723   100.764806   132.613786   195.942992   195.129473   214.805517   249.968611   232.560331   221.055638   253.891112   406.158500   250.297589   203.296512   254.280152   185.726663   184.289651   172.134556   177.383489   334.467055   206.155735   113.289138   165.408098   1137.306045   853.894909   
88.600000   150.340601   202.423484   189.090686   263.988429   196.678484   170.844805   214.391926   224.917431   447.419333   471.844045   106.001784   99.307097   138.666713   196.525276   194.547280   215.200511   252.637034   231.320467   220.409587   253.979313   408.399309   250.887105   203.172381   252.113376   188.531077   184.727637   171.702988   177.120073   335.013447   205.685506   115.783545   167.309029   1136.476392   852.725182   
88.700000   153.000523   199.243560   187.613410   263.800665   195.585211   172.136469   212.556025   222.536578   445.478780   472.072038   107.541950   100.074699   140.191856   195.992278   200.673767   214.672833   252.272160   232.247672   220.987781   253.565006   409.194503   249.550075   202.479838   250.991180   190.997188   188.139006   172.758432   176.615475   334.437257   209.709583   111.601925   167.638832   1135.753521   852.105029   
88.800000   151.319623   198.909418   185.293000   263.896681   199.170417   171.145750   211.458570   223.548280   446.184750   473.755394   111.388089   98.211115   134.692526   196.591258   197.313569   214.174892   252.268552   233.626837   220.018948   254.522241   406.770646   250.734667   202.490707   250.602946   187.605234   184.552097   172.763252   176.532134   334.721745   205.106493   116.965615   166.696915   1135.632359   852.215461   
88.900000   152.186531   197.929882   185.992066   263.470616   196.083105   170.892695   212.567079   222.711607   444.924597   471.952762   104.953594   98.912928   133.339640   195.118314   195.672222   216.363890   253.419705   232.584991   221.150483   253.780795   411.147203   249.507697   203.346297   252.965828   186.332329   185.850932   172.478246   175.177650   333.714007   204.728739   116.128265   167.806548   1134.033946   851.560135   
89.000000   155.745378   202.508005   187.646196   263.511616   199.646930   171.899996   211.311203   222.825915   445.348706   471.324092   108.847321   99.763109   133.234196   196.279375   198.967885   213.457973   253.962511   232.824542   223.432307   253.743156   409.409829   249.555194   203.737445   250.904442   186.599402   187.250443   170.556315   176.219607   334.671197   206.240160   119.945389   168.473691   1133.829042   850.727435   
89.100000   154.061319   199.338701   185.457908   264.239265   196.747937   170.703177   212.164378   222.993690   444.083737   470.293734   104.151281   101.266374   135.309732   196.764532   197.184084   214.461428   251.868393   232.785081   220.545471   252.891236   409.431000   249.511682   205.579635   252.133940   186.985666   187.073608   170.172319   175.720982   332.910864   206.161066   119.686976   168.180366   1132.475017   849.997049   
89.200000   152.221594   198.810935   186.073860   263.129532   191.001864   170.608642   212.168210   222.383846   444.548298   469.852115   107.546332   100.488539   132.996320   193.532503   194.763831   214.476071   251.423247   230.305627   218.340481   253.721584   407.884085   248.040321   202.609909   250.310666   186.726842   183.397401   170.765507   174.767063   333.066545   205.399092   117.212099   167.229983   1132.171668   850.009073   
89.300000   150.881668   200.868468   187.993746   261.656673   193.551756   170.821239   213.090670   223.691641   444.415227   469.907491   106.887003   102.813377   134.671177   193.909334   194.821993   213.788379   250.125654   231.119556   218.474580   255.348322   407.637180   249.234153   202.259459   252.697968   188.079866   183.478843   171.509226   175.587090   333.524680   203.456477   117.518864   166.320392   1131.531536   849.531701   
89.400000   150.949620   198.183200   185.657631   262.487315   191.548143   171.415437   210.041046   221.754238   442.984429   470.286103   107.174173   101.263430   129.282930   194.899308   193.467755   212.925983   248.887148   230.624388   218.370672   254.201345   404.397923   248.434379   201.966438   251.085340   186.089725   182.050901   169.550262   176.696686   332.538051   202.119145   112.662382   164.951543   1130.406236   849.098732   
89.500000   149.973040   200.091563   192.369360   261.679087   194.276201   171.804181   213.064894   222.383454   443.125870   469.781141   112.703770   100.156760   132.598501   193.915561   196.908053   214.210274   250.179783   230.825287   220.922532   252.866596   408.278178   249.225979   204.720469   249.344666   189.723907   183.925027   171.320076   175.389076   331.979398   204.603325   113.374176   166.891860   1130.467779   849.815351   
89.600000   150.336879   199.202048   188.262715   262.011247   191.345988   169.709377   211.592026   221.581147   443.969531   469.189608   111.543147   100.622036   131.410989   193.974793   195.787836   213.815547   250.705450   231.408509   219.891566   253.254518   407.125116   248.991491   202.025813   250.400183   188.629858   188.896676   170.374024   177.063052   333.193632   209.220720   116.012146   167.288473   1129.414315   847.967669   
89.700000   148.359884   200.044004   187.327811   261.071274   190.922687   171.482353   209.269553   221.604251   442.347772   469.696035   102.235408   100.355826   131.261645   194.305714   193.340413   214.594020   249.319234   229.676317   219.785122   252.146111   403.517059   249.006786   202.115724   248.729262   185.230896   183.122154   170.597688   175.319486   332.291708   202.936646   109.944671   163.935806   1128.710518   847.387900   
89.800000   150.885321   198.755958   187.524305   260.624969   191.500882   171.054832   209.379265   220.794402   442.683208   469.847133   102.545018   97.705441   128.807009   194.603855   194.954505   212.163525   250.019814   230.209565   219.059469   252.323717   404.104092   248.664473   202.268540   250.099447   186.182619   181.371242   171.728330   173.724324   331.591160   202.020119   111.499324   164.571894   1127.967961   847.556526   
89.900000   149.259255   197.246180   183.898436   261.029954   192.970804   172.882684   208.189408   220.692537   441.681778   468.144139   107.140396   98.177379   129.451390   192.971887   190.836113   212.154254   250.794685   232.003036   219.644739   252.485217   402.512530   248.197906   202.852925   250.480160   186.100459   181.443031   169.611705   174.971635   331.929763   201.515776   111.469568   163.254677   1127.480943   845.975083   
90.000000   148.596437   198.953220   184.123543   261.052820   190.076972   169.888175   208.092387   220.946614   440.641588   467.767695   102.893429   100.637301   134.136361   192.385055   192.981974   213.527506   248.977850   230.124360   221.498184   251.410647   403.149329   249.029652   202.591177   249.054830   184.177988   185.106046   169.615755   174.405275   331.139829   202.465970   109.846961   163.482261   1127.113817   846.433962   
90.100000   147.707447   199.488284   183.644926   261.220513   191.470652   172.490104   210.164010   220.398422   440.462627   469.155864   107.747867   99.965989   128.137487   192.671822   197.617087   215.993388   250.623357   229.963070   216.664721   251.971726   402.818558   246.919342   202.549975   248.147568   184.929740   182.745856   168.823363   176.481535   331.355291   206.693481   111.101315   163.815169   1126.303716   845.673242   
90.200000   148.434787   197.624201   183.179369   260.760578   190.166840   170.191188   207.792512   220.789012   440.095604   467.783355   103.069174   100.664950   128.979373   192.159853   192.488376   211.920838   248.272873   229.896365   219.340676   251.102616   403.696934   247.404232   202.950320   248.117472   184.086109   182.418259   170.185061   175.546944   331.211529   203.776873   108.923712   163.887218   1125.342335   845.643945   
90.300000   148.987542   197.000980   182.351654   260.263680   191.379841   170.021734   213.096982   220.190352   439.818426   466.690958   104.374407   98.070093   129.864200   191.520229   193.265897   212.106613   248.290591   231.052968   217.951297   252.282257   402.047446   247.590885   201.898331   248.223778   184.991397   182.698373   171.663282   173.437985   330.881118   202.145484   109.578181   164.005505   1124.726309   844.629440   
90.400000   146.885599   196.561535   186.533956   260.336251   188.833499   171.188294   207.617370   220.664935   440.686041   466.749806   105.328745   98.915485   133.517896   191.658619   192.768415   211.773145   247.621402   229.353974   216.018331   251.825785   403.482526   247.518280   201.705134   248.921539   185.838712   185.888501   170.384774   174.193744   331.147051   204.507833   110.985185   164.126651   1124.417880   843.837063   
90.500000   151.218600   198.780627   184.922151   259.299622   190.668793   169.911349   208.877816   221.354597   440.108409   467.223753   106.357595   99.398683   132.277197   191.068628   197.586132   213.048799   249.750018   229.240843   217.457761   252.624931   403.966033   246.798390   202.995811   248.092786   183.464368   183.749308   169.508756   174.385516   330.490890   203.477560   109.330981   164.521596   1123.457389   843.300699   
90.600000   149.613264   196.993602   188.495221   260.479547   191.757283   171.253763   210.444033   219.508119   441.100431   466.959595   106.618065   99.929414   131.790280   193.438534   195.222941   212.136502   252.359893   228.537532   217.789763   252.441531   401.289796   247.856215   204.482136   248.297881   187.229860   182.882917   169.595533   175.298882   330.764944   203.609205   111.769668   164.968235   1122.686616   842.811081   
90.700000   147.993009   198.538581   184.562970   258.948694   190.548269   169.948657   211.315790   219.518098   439.680722   465.950445   102.447792   97.172328   129.736370   191.475859   195.888575   210.945338   252.551247   229.414861   216.176477   251.250637   403.400940   246.206630   200.919091   249.234722   187.827263   182.819546   168.742859   172.868593   331.153660   204.711511   108.929300   164.967518   1121.849878   842.225297   
90.800000   150.792150   196.287688   187.776866   260.239906   193.004567   169.058422   208.703249   219.951070   439.709431   466.369078   107.326343   97.682137   131.370824   191.747721   197.011704   210.442371   249.557978   229.206374   220.532896   250.471879   402.272703   247.331712   203.008970   249.514287   188.964236   182.712449   169.234320   173.887935   330.432820   200.694035   113.328885   165.185717   1121.536250   842.345990   
90.900000   144.733117   195.967113   185.234401   262.611414   189.897998   169.750951   209.362681   219.716113   439.226518   465.904802   102.328424   97.332989   125.736289   190.241637   193.693751   211.850725   250.403005   229.870358   218.221411   250.187334   400.274695   245.828541   201.376781   246.973752   184.065560   182.667919   167.709437   176.086923   329.846943   201.147373   108.568928   162.632197   1120.854975   841.956678   
91.000000   153.411497   197.658976   189.357381   260.525817   191.845432   170.572663   207.715138   220.096947   438.915043   465.634753   103.029545   98.998380   132.361219   190.484511   192.309563   211.194738   249.067769   229.915250   216.858024   251.965025   400.743292   246.864168   200.906339   248.217808   188.066268   180.504879   168.775312   175.066547   329.306388   200.834145   111.131640   164.565298   1120.170068   841.141578   
91.100000   145.086845   199.071916   184.857516   259.997255   192.009776   170.160204   209.028917   222.371063   438.687328   465.745088   104.137086   97.086714   126.715648   191.308675   197.564098   210.976798   248.864482   228.097776   217.578871   249.621310   400.855801   245.712373   199.547079   247.869852   184.020801   181.921770   169.635647   173.571410   330.150083   203.949514   116.885413   163.698725   1119.859252   840.860544   
91.200000   150.433369   199.337150   186.162324   260.550655   190.472654   171.038771   212.065812   219.274595   439.435413   465.007010   104.606424   97.411493   127.825230   189.762294   194.616864   211.109233   250.263018   228.297672   222.601083   250.937523   400.588705   246.348664   199.578819   248.161604   187.245017   183.193562   167.839892   173.086750   329.397873   203.960250   111.705482   164.043261   1118.663781   839.909729   
91.300000   150.397661   195.082459   188.705309   259.209890   188.901635   170.856520   207.590038   219.255963   438.260329   463.596278   104.275839   97.340957   130.076019   189.910429   192.490830   210.104078   248.840297   228.104125   219.324755   249.290819   401.254664   247.263276   199.394781   248.625211   184.108356   182.662222   167.323177   173.362078   329.356653   200.717459   111.377332   164.210250   1117.845753   839.481296   
91.400000   147.902357   195.305986   183.720951   258.898730   189.390935   170.485529   207.300653   221.015914   438.448561   464.114497   102.936096   96.773588   131.355792   190.463193   192.104509   209.631408   246.167955   229.527718   218.838973   249.817609   400.279453   246.028242   200.033387   248.249447   182.577536   181.630387   170.232591   173.867395   328.510128   200.857805   112.368572   162.412066   1118.063398   838.905944   
91.500000   145.862022   196.308723   185.193756   257.611133   190.851463   168.847532   207.235201   219.511069   439.102141   463.619573   101.504505   98.538860   129.298727   189.945223   194.617740   210.314379   246.594635   228.430100   217.882007   251.965458   398.971003   247.302820   200.454561   248.959346   183.048506   182.322470   169.385096   173.558201   329.987749   199.804992   107.432015   162.215176   1116.855504   838.858191   
91.600000   145.652943   194.684687   182.514518   257.994003   188.586376   168.388368   208.239128   218.687485   437.811392   463.107425   99.565504   98.390736   129.088393   190.821304   193.477301   210.372786   246.166409   229.020005   215.914516   249.529585   399.492043   245.232656   200.880772   248.197208   182.390432   179.468214   167.376583   176.796733   328.980626   198.321615   108.705205   161.309900   1116.558977   837.879513   
91.700000   146.790927   197.230037   182.971103   257.754564   188.653655   169.354891   206.392489   219.119304   436.917250   462.597477   102.118456   102.671088   125.758699   189.881197   191.224414   210.373075   245.771364   227.297189   216.141336   249.243212   401.193395   245.719418   199.425524   249.336116   183.545727   178.094486   167.320690   173.104549   328.724858   200.165253   110.744617   161.169725   1115.781841   838.483165   
91.800000   145.398508   197.505601   184.416994   257.861268   191.291499   167.822540   205.501702   217.937782   437.392921   463.705937   102.480945   97.046251   127.401378   189.934348   192.221041   211.783013   245.821217   226.792930   215.795037   249.368608   400.173874   244.457347   199.913339   247.187091   183.574538   183.096002   168.761610   172.464709   328.718009   203.311978   109.799110   161.720271   1115.003748   836.941513   
91.900000   145.608969   193.952560   181.400055   257.142715   192.139271   167.133438   207.321669   217.517823   436.155782   463.930971   101.813703   96.041218   128.419129   188.877358   189.864133   210.741779   247.389531   228.151497   214.881927   249.589590   400.365264   244.548034   199.997591   246.150784   182.666811   182.153390   167.032534   173.180911   328.702193   198.932386   108.092121   161.772564   1114.408078   836.471197   
92.000000   146.523919   197.533458   180.884904   256.885015   187.685605   168.305128   208.953786   218.427393   434.979240   462.738219   101.900550   96.521786   125.190805   189.345615   192.083270   209.910326   247.911784   226.498683   214.318717   247.949397   398.266073   245.020710   200.790882   246.746111   181.846522   181.011470   166.759102   174.267957   328.784150   201.660450   109.920560   161.565106   1113.920520   836.259887   
92.100000   148.136286   195.737785   181.864169   256.495879   188.812601   168.864776   208.907455   219.770797   436.259948   461.307558   102.884195   97.630008   124.693723   189.250351   188.864224   208.955939   248.380301   227.463647   217.700496   248.792585   399.182991   245.939577   200.785346   246.812976   181.786727   180.951942   168.405529   172.991409   326.986558   198.477598   107.865684   161.236150   1113.405301   835.317436   
92.200000   149.381689   195.352208   181.624386   257.313453   190.780304   166.645346   208.087697   218.338400   435.391841   464.094421   101.406134   96.338040   124.571210   189.494700   189.027710   211.948049   244.148613   227.823390   215.806794   249.294738   399.401554   246.890720   201.397923   245.820231   180.785588   178.496664   168.808260   175.418036   326.771662   198.789946   113.849193   161.288509   1113.043692   836.569915   
92.300000   146.446406   193.178874   181.116390   258.335130   188.551050   167.641465   208.665475   216.880800   436.755202   461.765527   99.884009   96.413768   126.688734   188.668022   189.426931   209.865199   246.097465   226.216846   216.634920   247.956620   398.535746   244.390818   198.431046   246.353501   182.582895   178.966142   166.468658   172.458186   327.518643   201.622319   108.857977   160.959306   1112.295820   834.680362   
92.400000   145.954214   195.149060   183.805461   257.434439   190.308660   168.679176   208.057222   217.211738   435.078956   461.968458   103.758104   97.024152   123.762249   188.797636   188.361570   209.577300   246.102786   227.633869   217.906699   247.152906   397.220554   244.653437   197.716512   245.489463   180.168675   182.045700   166.935764   173.416493   326.973593   203.211389   108.583156   162.134566   1111.219561   834.853729   
92.500000   146.482668   196.937342   181.318804   256.793906   188.007914   166.346009   204.799513   217.636850   435.546194   461.881278   102.433972   99.190759   126.152095   188.459461   188.812374   210.309506   243.647100   228.802582   214.535364   247.537026   396.518925   246.212882   198.126653   244.593309   178.997662   177.461566   165.411751   172.206668   327.948015   198.418290   107.971014   160.547735   1110.783589   833.947345   
92.600000   146.411993   194.007984   182.909377   257.587995   188.796972   166.713713   206.447326   217.566792   435.428347   461.498804   100.476779   95.944477   126.713277   189.874021   191.525344   211.136819   245.063815   226.124511   216.473394   248.109081   399.681583   245.165768   199.358444   245.190660   180.306812   180.959358   165.593496   172.598054   327.422672   200.064454   106.523424   160.805330   1110.029804   833.348093   
92.700000   145.959761   193.126831   180.074062   257.386415   187.693103   167.510811   205.656611   217.506222   435.963123   461.340530   100.982023   94.285705   123.876643   188.097356   192.471404   208.913482   244.925372   226.177461   214.531930   246.497642   395.920368   244.153356   198.707043   244.522518   183.767151   177.920989   165.843891   171.418893   326.690396   198.203394   106.733669   159.676769   1109.600426   833.380068   
92.800000   146.203752   193.343476   179.315579   257.071082   187.158378   167.545268   205.770748   219.398826   434.730832   460.064783   108.534926   95.416582   128.198096   188.188228   191.346144   210.176870   244.587606   225.788806   213.849942   247.510932   398.146013   244.201864   198.667017   245.437143   182.073387   179.832289   170.558850   170.786465   325.565189   197.462828   107.995363   161.614887   1108.871862   831.984849   
92.900000   144.519857   192.618949   180.804368   257.155392   187.253292   167.408841   206.273793   217.277946   434.487523   460.628935   105.735042   99.416139   127.875774   187.315799   193.879671   209.751694   245.035250   225.917326   216.408550   248.284528   397.538060   243.504263   197.592341   244.924800   179.712596   182.901241   167.255255   173.013132   325.642111   198.911728   111.340978   161.609450   1108.184446   832.035610   
93.000000   147.325343   192.179721   183.455132   256.308395   195.928177   167.835004   206.467858   218.466416   434.602725   459.179518   109.849011   96.027842   128.912149   187.822526   191.903578   209.399163   246.825105   225.555150   219.146010   248.293673   397.689495   243.472249   197.879633   246.629372   183.622110   181.250023   166.524457   171.553997   326.118224   204.250468   113.603086   164.169509   1107.726864   830.955627   
93.100000   144.552235   193.549533   182.315107   256.836371   188.921365   165.860410   209.993834   217.687471   434.582105   460.601893   106.959566   98.969951   128.594217   188.424106   190.830212   209.683348   244.699256   224.741247   217.280099   246.961550   395.352925   245.064281   198.732655   244.460126   181.191391   179.936683   166.971325   171.262008   326.124047   201.411479   113.388806   162.220682   1106.955485   831.305659   
93.200000   146.252957   193.080301   181.240739   255.907832   188.418154   168.550063   206.054319   216.782633   433.778186   458.494270   102.608449   97.337215   128.914212   186.590041   191.529893   207.887662   244.937286   225.730585   217.464833   246.997720   396.978194   243.891260   198.521071   244.845803   183.726422   180.957066   167.450164   172.557482   327.214113   199.567116   113.152147   162.771174   1106.482047   830.790259   
93.300000   145.982889   194.526645   179.696386   255.314424   187.306341   168.101111   208.144748   220.492320   433.168488   458.231385   102.956943   97.197047   126.096388   185.963378   191.598524   207.942194   242.696034   224.915659   213.318648   249.411310   397.938308   243.453785   199.182340   244.833201   184.848660   177.858904   166.059623   171.842138   327.336043   199.478022   109.690229   160.962290   1106.173850   830.588631   
93.400000   147.005791   192.775406   184.938815   255.660212   190.452741   166.629341   209.838890   217.432089   435.321203   459.796865   105.531877   98.739899   124.047339   186.875844   190.929601   207.778631   247.750598   226.030812   214.118694   247.071472   398.414554   244.169987   199.837259   245.856520   183.898850   180.507764   169.158792   171.523376   325.462403   204.580751   107.684652   162.148264   1105.318503   830.303676   
93.500000   142.140382   191.591584   178.041851   255.176083   186.002672   167.042426   207.219150   218.312381   434.025953   459.351471   99.098138   99.050548   126.208602   186.758244   190.562302   209.058660   245.535024   225.278223   213.758005   249.149627   394.765183   244.222596   199.007952   244.603892   180.199023   177.630279   169.267672   172.493868   324.678644   200.044973   113.344855   160.235285   1104.667728   829.166976   
93.600000   142.752570   191.352578   180.355876   257.289801   189.704945   168.044618   205.536067   217.587959   432.712531   457.926128   101.822944   95.854229   127.806492   186.982220   190.229354   208.020323   242.808285   224.707714   213.352491   249.123016   395.341052   242.470602   196.931692   244.519961   180.857671   178.787773   166.563233   170.611220   324.651782   196.763941   108.568151   160.690015   1103.977141   829.939375   
93.700000   144.906579   191.568214   184.001675   255.431201   187.742033   166.588416   207.318545   218.511698   432.974585   459.860006   99.752773   97.351990   125.382442   186.421194   191.536800   208.180714   244.673620   225.182480   215.647844   245.842628   395.886135   242.891058   196.798465   244.866486   181.324409   179.645968   165.796715   170.985292   324.950471   196.981406   109.794157   161.313909   1103.401564   829.836672   
93.800000   149.373577   191.287271   182.929451   255.246217   187.230074   167.256224   206.354995   215.193334   433.612637   458.269119   103.320754   96.806159   127.733476   186.441884   194.189009   207.907571   249.088164   224.630004   215.828029   245.480388   396.637928   243.052797   196.906812   244.186459   185.270772   179.008509   165.425632   171.804166   324.827019   198.734298   109.628171   161.969584   1103.408917   828.156114   
93.900000   149.142573   192.747174   182.208693   255.802714   186.157257   169.861353   203.429057   216.443126   433.327197   457.807546   102.166074   94.690301   129.314181   186.042305   191.348584   206.526312   244.403184   227.494116   211.869893   245.526384   393.876668   242.773260   197.165162   244.630613   183.901346   177.211666   166.006929   171.164375   324.626644   196.134087   105.804403   160.122556   1102.464909   827.273689   
94.000000   150.138291   193.039311   185.780010   253.721432   188.472392   167.208447   205.308564   216.357743   432.043351   459.030611   106.435934   94.637433   123.568158   186.936919   188.681276   208.059933   245.175917   224.935951   212.729328   246.395211   394.341106   241.928267   198.815642   242.990453   180.899730   177.594985   165.318897   170.312348   325.104004   196.941217   108.778787   160.995339   1101.692168   828.487679   
94.100000   148.804822   194.361094   182.158311   254.227913   190.434965   165.707031   206.323280   215.888190   433.779718   458.823859   109.105675   94.459005   125.898149   186.296204   194.972069   206.546672   246.040952   225.184306   212.723502   245.498236   394.383993   241.910107   197.865241   243.561149   179.543277   182.270022   165.884485   170.867745   323.496069   197.798134   109.702829   161.777731   1101.128896   827.012562   
94.200000   145.274400   193.543122   182.456649   254.268457   189.920654   167.318501   206.252252   216.681378   430.919668   458.018410   102.091340   94.615675   124.359584   185.459941   187.846098   206.738045   244.188505   225.308232   214.377428   244.966465   393.559163   242.622445   197.685834   244.902432   180.626327   178.290896   164.775238   170.837472   323.522296   197.016792   111.302615   161.259156   1100.756211   826.136322   
94.300000   146.502461   192.873056   184.596435   253.090988   186.884886   165.131910   204.716131   215.042932   431.190668   457.455859   104.428433   97.668614   121.796133   187.063687   189.616128   206.133692   243.424006   226.908243   213.075690   245.785428   395.418912   242.472779   197.062340   245.894332   179.604764   177.649658   166.612371   170.787195   323.570704   197.971489   109.330780   159.639306   1099.927512   826.238660   
94.400000   144.859749   191.603938   183.965437   253.699849   186.062248   166.891574   205.608355   214.280190   432.120655   458.094313   102.068781   95.964593   122.882172   185.419319   189.029467   206.200631   244.479752   224.996076   213.899324   244.770333   392.204373   240.912114   197.081008   243.132014   180.480134   177.354842   164.600507   171.330462   322.835766   199.397118   108.502554   159.689103   1099.831283   825.441677   
94.500000   144.547644   191.343922   183.818694   253.484299   187.091389   166.414982   204.495282   215.542177   430.914644   456.878790   106.942936   94.809784   122.302479   185.833167   191.646096   207.179877   242.313838   223.833436   214.601294   246.732429   393.263938   240.811483   198.149376   242.537598   178.614316   176.560218   164.074924   173.981375   326.022293   199.377621   107.972285   159.823140   1098.984320   826.005530   
94.600000   141.476776   191.547632   180.572506   255.156003   185.939030   165.398862   204.673712   216.609040   428.870140   455.816381   104.590282   93.413847   125.664375   185.274751   187.790110   208.001444   243.066539   223.723384   211.140889   246.327285   395.229986   241.545513   196.853258   242.408879   179.593704   175.318654   165.293641   170.950279   323.594658   198.088697   107.752967   159.672421   1098.794577   824.574251   
94.700000   140.207477   193.451958   180.649476   255.362262   185.433474   165.973982   202.555614   215.420950   429.811533   456.173879   100.347549   95.030451   123.963802   185.205604   188.156721   206.337849   240.969356   223.978542   211.450627   244.347775   393.147258   242.106871   195.711550   243.168669   179.718257   174.231978   163.807713   171.819242   322.991607   196.318830   111.516747   158.805316   1097.984659   824.769210   
94.800000   142.418543   190.159902   179.602968   253.726246   186.607720   164.777499   201.985480   215.908404   429.757476   455.501512   99.861112   94.780764   123.487573   186.554147   187.145153   207.089571   242.457912   225.688196   211.149102   244.924080   393.381283   244.102075   196.392416   242.431932   180.912256   175.652019   165.188533   170.698418   323.629875   199.019217   108.017114   159.066007   1097.576077   824.036760   
94.900000   142.043156   191.604511   179.437114   254.710671   187.235266   166.601661   203.376962   215.266723   428.552998   455.458848   99.681710   93.600193   122.353884   185.441453   185.524348   206.226762   241.615387   224.832617   210.619115   244.479256   393.442088   241.010240   196.793321   242.234241   178.505113   174.907235   163.817639   172.048810   322.334374   196.709853   107.453073   157.349513   1096.849675   823.499630   
95.000000   140.802765   191.908465   179.897009   254.191121   185.927674   166.525270   203.395607   214.204739   428.230134   454.690326   97.771361   99.747534   123.453449   185.681591   185.871012   207.923615   240.042893   225.104881   210.320634   245.601723   391.595903   241.533340   196.568546   242.366440   181.151980   174.985823   166.040757   170.118110   324.413335   196.406554   104.882836   157.447947   1096.071334   823.873868   
95.100000   140.542026   191.548932   179.042740   253.386963   187.267025   165.433763   204.105329   214.770144   428.703692   455.411056   100.635031   93.838719   122.076965   184.775133   187.526399   207.606844   240.548734   223.788613   210.775305   244.019414   392.328569   240.518488   196.190596   242.589307   177.533301   175.624516   163.682288   168.920611   323.257303   194.769829   104.665623   158.200484   1095.521850   823.043115   
95.200000   141.506479   194.265472   180.487041   253.234878   183.888930   165.478146   202.085040   214.477768   430.537981   454.075242   100.362868   94.276560   121.538174   184.728178   185.682709   205.362736   240.593633   222.439058   212.238771   244.272496   390.448972   239.841762   197.929840   242.400229   177.708141   174.823630   164.073106   168.817243   322.633618   195.549755   106.140718   157.413791   1095.282592   822.015715   
95.300000   148.159256   191.464572   177.913167   252.618292   181.939725   164.800952   204.970120   216.071163   427.337912   453.861670   97.952304   94.428391   123.396550   183.889910   186.674797   205.466606   239.259678   222.050606   209.884266   243.988073   391.545076   240.828129   194.933745   241.570952   179.578568   176.759563   165.558208   169.979408   320.988402   193.937425   105.102191   157.742967   1094.584743   822.214406   
95.400000   141.968230   190.853759   178.609744   253.046854   183.471996   165.025967   202.370920   215.415900   427.979813   454.414442   102.353590   94.593255   123.685857   185.349592   190.111635   205.989402   241.115055   222.546955   211.652954   244.600713   390.700132   239.660784   194.457446   241.809189   182.648097   178.426485   166.471759   170.528615   321.686433   198.834379   109.343308   159.355611   1093.961763   820.904825   
95.500000   143.030582   190.416303   179.169422   253.183400   185.916587   165.410475   205.232701   216.083095   431.249543   454.487887   103.154343   95.521745   123.761295   186.344336   187.970078   204.654594   241.194648   222.570391   210.572762   243.742788   390.367243   239.909149   195.186431   242.628250   179.936136   177.224544   163.835687   169.606518   322.026623   196.449986   113.500041   158.916514   1093.430359   821.431934   
95.600000   141.550886   191.991507   178.044952   251.918579   184.387675   165.032365   202.383832   213.661265   428.309239   453.080504   97.880517   97.336109   120.153225   184.387451   185.969021   205.909267   239.445543   221.878952   209.687123   242.863551   390.725630   240.114203   197.595036   240.471727   180.101805   176.410113   163.535785   169.075316   320.926721   196.412026   107.627382   157.540489   1093.187412   820.384743   
95.700000   144.874365   190.364951   181.876934   253.671437   189.673120   164.802015   207.152740   213.947135   427.576057   454.158614   101.178984   95.382526   123.503171   183.498736   187.287924   206.180134   241.921704   221.661077   212.826203   245.219596   391.081844   241.619673   196.622872   242.089029   178.221876   176.475460   164.921300   170.477452   321.055115   198.838106   112.768953   159.344601   1092.653502   820.976937   
95.800000   144.823667   189.918475   180.533625   251.630167   189.164897   163.566609   205.092215   213.826956   427.080029   453.660251   101.671426   95.130412   123.975847   183.652657   187.523272   205.208786   244.133648   223.673997   212.814486   243.134411   393.989314   239.905008   196.772091   241.660019   182.102490   177.467313   163.503110   170.504010   320.684268   193.789490   110.893143   159.871309   1092.044853   819.819718   
95.900000   143.630260   189.690495   178.947176   253.181993   185.627598   163.354803   203.646952   214.120313   426.354223   452.860501   101.472396   95.399669   124.562609   182.810075   186.736217   205.501190   241.865373   224.269354   214.230914   243.018898   393.116742   239.693349   195.547616   240.728216   178.955130   175.860971   163.741056   169.845619   321.591102   194.840361   107.967887   158.692803   1091.470965   819.827981   
96.000000   142.882061   191.050529   179.678526   254.822145   186.897018   163.295644   203.284523   214.131899   428.020204   452.981778   107.648756   94.793876   124.194301   182.583424   186.406964   204.739715   240.577584   222.148605   211.142191   243.440380   393.424167   240.354832   195.148007   241.881637   177.281428   177.347985   165.886844   168.573446   320.477597   195.027386   105.675265   159.567587   1091.000371   818.911216   
96.100000   141.645218   190.335031   179.872807   252.100399   182.904066   165.173809   204.066639   213.400262   425.907370   452.519496   99.166114   92.941450   123.050635   185.278499   189.413123   205.718037   241.068273   221.687293   212.282697   243.128964   389.813584   240.101812   195.304697   240.300383   175.354672   174.652225   164.133034   168.275296   320.111602   192.660908   104.021047   158.068594   1091.112000   818.778960   
96.200000   140.658462   191.146660   178.348774   252.293338   183.900891   165.941391   202.813752   213.753621   427.193094   452.819591   100.551340   95.967513   119.173928   184.279376   186.001576   207.038689   239.457892   220.868100   209.756668   243.184425   389.741974   239.112996   196.322104   241.576508   175.012780   176.333428   164.521900   168.814044   319.452991   194.282750   103.579676   157.088460   1089.987398   817.756129   
96.300000   140.473515   189.662519   179.348020   252.219577   184.211150   162.992206   202.505815   213.803668   425.285294   452.845586   102.290427   95.673508   120.132839   187.646910   185.227264   205.241556   241.055577   223.205088   209.242236   242.547450   389.486215   239.514906   195.369236   241.163706   176.348185   175.735410   162.985671   167.781439   319.913756   195.886328   102.963229   157.286053   1089.741257   817.551787   
96.400000   142.424479   191.968529   179.200560   254.518036   186.910221   166.524212   200.724845   212.774955   426.024632   451.263962   99.568735   93.046437   120.211863   183.412781   188.570684   204.433069   242.651134   222.055532   212.093683   243.043238   391.186877   239.147397   194.322028   240.690987   178.337740   175.459884   162.892769   167.884965   319.963326   194.946606   106.762764   158.325384   1088.831354   817.313381   
96.500000   140.035205   189.720940   181.404840   253.096627   185.649652   163.276559   202.047844   212.527365   430.950575   451.810865   99.922734   92.628165   125.823326   183.093976   190.675178   205.929136   241.273122   221.817084   209.363091   242.622044   390.921338   239.588991   195.178030   239.849923   177.547268   177.332313   163.199450   171.063103   320.756185   200.493396   107.042789   159.048116   1088.279075   817.094918   
96.600000   142.545219   189.264497   178.945666   251.063839   184.815889   163.007264   202.314787   213.956285   426.542641   451.942013   102.064228   91.979888   125.475981   183.035210   187.355025   205.393930   239.328466   222.319154   212.453393   243.397369   391.620503   240.087870   194.492037   242.494881   179.017765   176.419410   162.029189   168.505448   319.774741   195.646861   109.082060   158.585140   1087.985272   816.652769   
96.700000   144.933478   189.878132   181.253631   251.311343   182.539652   162.459971   203.008537   213.282534   426.179126   451.645108   101.714380   93.089378   125.793367   183.166644   186.146828   204.563355   244.320270   221.871135   213.418267   242.713528   392.500950   239.618814   194.262236   239.943594   183.627839   178.748260   161.856768   168.211456   318.997655   196.396682   107.725761   159.585159   1087.612108   816.241994   
96.800000   141.302361   189.294923   177.242655   251.596987   184.537211   162.764911   199.921896   212.411876   425.761046   450.676228   102.916126   96.205144   121.738281   182.650763   187.190967   205.647178   238.834119   221.215250   209.877080   243.516743   390.490239   238.876583   194.866138   240.231197   177.814959   172.983717   163.111324   168.167637   318.937031   197.159413   106.733278   156.657117   1086.616400   816.287868   
96.900000   142.772270   189.009734   181.727937   250.514675   184.598841   162.766441   200.660136   212.807980   426.201229   450.844708   106.944697   92.487313   121.793824   184.055592   189.049745   204.824507   239.743623   221.678030   212.186145   242.183124   388.817981   238.340462   194.040272   238.817395   178.174455   175.867690   161.680760   167.853941   320.655373   194.286079   111.309211   159.494973   1086.406106   816.695022   
97.000000   140.623204   190.367022   179.138806   249.668944   187.278879   163.563195   201.394808   212.066213   424.364724   451.523911   102.198076   94.433409   119.891854   184.239867   185.737441   204.558282   241.284183   221.190069   209.832824   241.996857   389.080981   237.813693   194.209018   242.074801   175.588952   178.091938   161.621799   168.826811   320.024731   193.437307   104.947360   157.594798   1085.754318   815.681132   
97.100000   140.623259   189.331298   177.314952   251.877964   183.327704   165.228086   199.400684   212.208688   426.121826   451.406968   98.618082   94.711439   121.053701   182.526068   185.348592   203.288184   239.673227   221.646634   210.362304   241.764015   389.048377   237.961607   193.525863   240.005387   176.503606   174.970290   163.586757   167.769345   319.093565   194.710367   101.987142   156.256844   1085.048839   814.515762   
97.200000   139.136817   191.180871   179.669746   250.569294   186.724324   166.947978   200.509184   211.879570   425.669118   450.243570   101.545637   94.265896   121.231860   183.142449   186.446317   205.098629   237.761535   221.121673   213.742873   241.225037   389.995987   238.796000   193.754131   239.906560   181.951492   175.444216   162.983390   168.123842   318.376892   196.263811   107.553000   158.220493   1085.104941   815.005967   
97.300000   144.873794   188.528289   177.903971   250.427465   183.531067   163.297918   204.184195   213.164327   424.438143   450.546517   99.979384   93.866945   119.916384   183.985609   184.855009   203.362617   237.491422   221.647373   213.090976   241.075960   387.433705   237.775322   193.267199   238.740885   176.011550   174.902638   162.680969   167.801568   320.819371   193.515993   110.250454   156.540107   1085.084524   814.016811   
97.400000   138.750054   187.781949   177.260242   250.420405   182.899998   164.476641   206.411166   212.594059   424.830233   449.495699   102.416792   93.145631   123.019326   181.833333   183.853659   206.155090   239.382234   220.651016   212.030260   243.127509   386.950793   239.335915   194.529736   239.927349   177.065468   176.824308   161.860791   167.757379   318.250283   192.232583   109.971091   157.891852   1083.677861   813.722580   
97.500000   141.265007   189.357359   178.165561   251.326342   183.597822   163.061778   207.853747   211.282011   424.195806   448.959240   100.898078   93.674158   120.912058   182.122503   183.299459   206.040363   244.573740   221.123362   212.138783   241.574320   386.396878   238.277646   194.099853   239.201295   176.050382   173.751778   161.934256   169.256913   318.740331   193.582566   105.756963   157.418581   1083.253060   813.975066   
97.600000   143.986512   189.349805   179.066277   252.749080   191.122751   164.738233   199.974024   213.404929   424.393947   449.125318   106.596452   92.471183   123.071135   181.942638   187.372566   203.869290   240.271274   221.539138   213.324785   242.648797   386.667719   237.841072   193.365216   238.688023   179.568990   176.935779   161.831659   167.307216   317.850170   199.162367   109.747343   159.678126   1082.889211   813.248233   
97.700000   142.337455   187.593555   180.643349   250.354061   184.932147   163.869667   201.028478   213.920986   424.709582   449.094158   101.878392   92.344665   123.434199   183.140555   185.289889   204.307846   238.111493   220.737278   210.598203   241.417346   387.320767   237.591993   194.354648   240.492313   177.728099   174.261314   162.400156   168.370544   318.442066   194.581232   112.984707   157.359583   1082.071242   812.775186   
97.800000   141.194054   187.790496   182.256440   249.728845   189.688787   164.442161   202.955919   211.377745   427.019600   449.594696   110.719645   93.275910   123.740299   182.170753   188.416760   205.101706   239.579277   221.739996   211.692716   243.080570   385.934326   238.573719   192.737100   238.442104   178.937693   177.251527   162.532814   167.249875   318.909952   195.713283   106.318591   158.937421   1081.716037   811.863776   
97.900000   138.883744   187.190136   177.819300   250.533332   182.963507   162.820701   201.401959   211.740238   424.708985   449.054448   100.953728   94.775254   122.628219   181.531978   185.521291   204.082998   238.227835   220.674173   208.841178   241.542804   386.024018   236.922620   192.957907   238.846496   178.587673   175.132788   162.894831   168.171180   318.182718   195.301292   104.626430   157.067177   1081.171710   811.504926   
98.000000   141.868632   190.363742   178.131252   251.914941   185.704011   162.976668   201.412242   210.695993   426.416541   449.026907   109.176774   91.318122   125.239898   181.669274   186.278762   204.457784   237.774070   220.784551   210.961602   241.032136   386.662205   237.356115   192.836282   238.657604   178.629335   175.526321   162.235716   166.501906   317.465606   195.507356   108.681395   158.422683   1080.876006   811.275528   
98.100000   146.099875   189.603373   177.462159   249.213694   181.702582   164.014111   201.887851   211.990132   424.761811   447.526728   105.212075   91.443362   123.399239   182.633335   186.285541   203.377674   240.695250   219.569354   211.165869   242.252548   386.395902   237.296308   193.132502   238.423629   180.010117   176.846932   162.441276   166.178032   318.677322   193.449628   109.426730   158.470849   1080.372971   812.059546   
98.200000   140.048090   189.386404   176.407585   249.911773   181.029457   162.583450   200.776784   211.099921   422.862242   448.247014   98.087956   92.415010   119.082398   180.522571   185.539144   204.035791   237.628327   220.769347   207.329192   241.370056   385.449531   237.878883   191.611153   239.365283   176.073340   173.817678   161.033710   166.408095   316.810938   191.577023   101.474075   154.946704   1079.840468   810.665507   
98.300000   143.738206   187.226135   177.712360   251.322834   187.221193   163.139025   206.226794   212.020078   423.013214   447.156382   103.041312   94.018742   121.874468   180.539868   188.332133   203.505832   243.181880   218.823782   212.966168   240.642430   388.035217   237.128386   192.579877   239.927743   178.230091   178.237775   161.284787   166.161760   317.751744   193.487417   105.486569   158.432161   1079.599570   810.650596   
98.400000   136.776781   187.858216   175.442030   249.460868   180.052125   162.458723   202.758944   212.269377   422.215473   446.979492   98.841868   94.950486   120.962255   183.250104   185.746507   201.716007   237.408521   220.896650   211.623781   240.724377   386.324122   238.108530   192.867257   238.151178   178.184719   172.930482   161.242696   165.431568   316.760565   190.486597   101.317781   155.559700   1079.147311   809.719242   
98.500000   139.770938   187.778980   177.181565   249.097735   181.630214   160.888045   201.214493   210.848894   424.148924   446.994395   99.630487   93.151953   120.743942   180.845101   186.418339   202.415371   240.038322   218.791291   209.321432   240.419353   385.390303   237.756038   194.772526   237.751044   176.215601   172.861008   161.344771   166.757008   317.114486   194.820026   105.093236   156.314695   1079.327710   810.004897   
98.600000   137.684630   188.583890   176.808446   249.731232   180.316984   160.638877   204.345480   215.542548   422.304943   447.170304   97.825048   92.072562   118.996919   180.612826   183.236884   202.746598   236.290434   218.209824   209.669356   240.020165   385.575146   237.094817   192.440073   238.987487   175.598088   175.367537   161.332083   165.952124   317.076585   192.221306   107.543303   155.347662   1078.587120   809.256357   
98.700000   138.285133   186.709243   174.996740   249.041682   181.343965   163.172256   199.254092   210.200839   422.299021   447.416819   97.673549   93.186928   120.724371   179.836002   183.405149   201.854370   235.918630   218.448594   208.243346   239.886563   383.926764   236.543336   192.068506   238.328016   173.563708   172.401778   161.666499   166.411708   316.381746   190.306540   105.973410   154.454054   1077.662288   808.608787   
98.800000   137.728494   189.013391   173.514519   249.229890   179.272655   163.454284   202.608556   210.554600   422.046119   446.017773   96.673173   95.989529   117.883519   179.929869   185.512367   202.772709   236.106946   218.682591   207.531199   239.777335   385.604333   237.469840   193.707922   238.518276   174.372444   170.433763   161.558759   167.930420   316.988497   191.108153   107.511024   154.294608   1077.044674   808.423212   
98.900000   138.184760   187.792447   176.230016   248.831619   182.858524   161.595631   203.492664   210.062891   422.247306   447.429966   100.945200   92.092232   121.665960   180.746216   184.744707   203.554546   238.727663   218.728427   207.070771   239.605291   386.017430   237.673746   192.135234   238.020100   173.908817   173.334005   159.914115   166.404168   316.259719   191.270693   110.312534   155.417705   1076.630580   807.756314   
99.000000   135.911291   187.519855   175.646646   247.616399   184.863583   160.484581   197.787753   209.845737   421.348021   448.078207   96.845925   93.408329   121.172607   181.585828   183.730644   202.623046   236.102854   220.473225   205.886222   239.440080   384.651128   235.382523   192.558718   240.307945   176.819993   170.180376   160.067286   165.774828   316.976453   189.811639   106.998113   154.627345   1076.247152   807.967553   
99.100000   138.763966   186.377597   176.091821   249.650900   182.005111   161.468180   199.240423   210.936845   421.923986   446.658219   100.170726   95.464849   122.452555   180.818809   184.655837   202.366232   236.195065   219.333341   208.867903   240.101544   383.969106   237.983082   191.675458   237.904533   174.373979   173.328693   161.303659   166.577987   315.597558   192.130152   109.341490   155.426788   1075.965711   806.953393   
99.200000   136.207970   186.209578   176.514274   248.485429   186.761834   162.381053   203.081955   209.391906   420.671090   449.132184   102.838552   92.114664   119.799582   180.945627   186.538794   200.911079   237.806169   218.873152   207.391630   239.734042   384.004031   236.315796   193.274537   239.636879   178.206046   173.320076   160.007789   166.295066   316.834901   192.772035   103.623124   156.190557   1075.670430   807.634192   
99.300000   140.563065   187.431240   177.432795   247.937405   187.186969   161.711215   198.966881   210.175390   422.336118   446.411141   101.447198   92.764887   123.901098   179.832267   187.723695   201.266453   236.566865   218.435762   209.772420   239.807154   384.503044   235.707958   194.430884   238.188982   181.539477   175.929838   159.604960   166.182172   317.842058   194.318366   108.757744   158.258607   1075.469839   806.619605   
99.400000   138.012433   187.833788   177.715435   248.715639   184.153421   161.697487   199.747534   210.934226   419.764390   446.077913   101.547715   91.297948   118.236739   181.018017   184.756972   202.332405   238.841212   218.552700   206.642832   239.369113   385.517410   235.576047   191.975218   238.248888   177.409784   171.578810   161.133667   166.004598   315.205665   192.902112   101.755990   155.402386   1074.806078   806.329550   
99.500000   143.994396   186.942050   177.379288   247.782454   181.237559   162.227961   197.581317   211.425533   420.585407   445.613571   102.459467   93.055291   117.826449   181.184785   185.382049   204.184042   235.802705   217.540922   207.260088   240.346879   383.369606   237.456416   190.842850   237.509859   174.262036   171.231382   159.447635   165.261731   314.934847   194.043395   101.138359   155.026367   1074.318479   807.780898   
99.600000   139.162155   186.863594   176.240893   248.907298   185.451601   162.761698   198.964319   210.969131   422.540799   444.617838   101.970803   94.893384   121.166012   180.857097   183.881106   201.866540   236.764508   219.760544   208.835057   239.915383   383.350978   235.253452   192.216343   236.807365   175.910020   172.150670   160.093589   168.224512   315.357317   190.706457   111.848348   155.697787   1073.939058   806.271026   
99.700000   141.565400   187.181583   174.833541   250.235043   183.945445   162.183429   198.807469   209.243684   425.102566   444.507797   97.186988   94.026196   121.336518   178.929313   183.558162   201.269094   238.310629   218.991928   212.920875   239.429329   383.167591   235.823091   190.398147   236.624674   175.633642   174.493561   160.388648   165.237747   314.931424   191.691994   106.746864   155.155564   1073.507034   805.625743   
99.800000   139.310230   187.336605   173.537199   249.455254   182.617035   160.505801   199.514527   209.198114   420.646817   445.796228   99.132332   94.436000   118.612283   179.911414   186.084244   201.128921   237.652955   217.962319   208.498832   240.595666   384.989307   235.300582   191.680984   235.903269   175.159295   172.778386   160.643487   165.804674   316.294151   190.866502   105.494031   155.068645   1073.631068   805.163475   
99.900000   136.604310   187.357107   174.537186   247.471884   180.043507   160.945921   201.323038   210.502352   420.042328   445.630657   95.901705   93.291084   118.837733   178.932646   182.653275   201.867560   236.072973   217.340824   206.268369   239.610047   383.351290   236.901079   192.628528   237.672063   176.034526   170.635905   160.088459   166.858394   316.221665   189.121306   100.941184   154.212262   1073.721803   805.555327   
100.000000   137.857518   185.718221   178.572685   248.780332   182.244526   160.799355   201.643162   210.601853   419.125304   444.130109   100.147905   93.860549   119.568152   179.051291   183.833565   201.721254   238.022285   218.161593   210.701581   238.796861   383.016398   235.313744   190.258896   236.653777   174.278605   173.325122   158.641934   167.388474   315.234840   192.298603   99.200123   156.203168   1091.609946   804.413097   
100.100000   142.325320   185.361272   175.221125   248.855530   185.864591   161.712504   201.088218   209.860589   419.607209   444.130829   106.687981   95.018306   117.262969   179.894013   183.429810   202.513535   236.202275   220.707757   208.733448   239.894650   383.143033   235.433106   191.205427   236.231243   178.167828   170.057963   161.240188   164.718814   315.351470   190.479921   105.407380   155.209843   1099.651392   804.416108   
100.200000   140.593866   185.789298   175.735010   247.915271   182.196838   160.974824   199.073057   208.969751   419.125092   444.249574   101.643016   93.015999   117.219722   180.303494   188.073142   201.506877   236.680828   219.911546   210.358034   239.351751   384.373052   236.177593   190.010491   237.969219   173.756061   173.348912   160.250206   165.363888   314.740576   191.205196   106.815390   155.137419   1074.749652   804.223298   
100.300000   139.183204   184.785265   175.030379   246.268523   179.932602   160.488981   197.282299   208.794632   418.979127   444.738323   100.641405   93.595568   117.290288   178.784534   181.264383   200.811503   234.266329   218.858086   209.895766   239.199984   384.014696   236.891986   192.302669   236.923882   171.265337   170.643583   159.365593   164.053440   314.514892   189.725982   102.699936   153.772414   1070.968274   803.448713   
100.400000   142.062634   187.889318   174.250788   247.308052   179.397903   161.639879   204.544777   209.014399   419.091133   444.473877   99.877761   90.171860   123.042876   178.437845   184.750063   201.409238   240.393122   219.514119   205.784627   241.194132   385.628154   234.773270   192.314630   237.571826   174.242367   172.876708   159.245348   165.583561   313.796137   188.012931   105.340894   155.644490   1070.450928   803.363123   
100.500000   140.483754   190.173411   174.588367   246.789421   180.017586   162.766379   201.825392   208.339947   418.679503   443.890309   100.833529   91.923494   118.724679   178.661822   185.259844   200.090629   238.227660   218.076021   207.771637   239.413833   385.124830   235.947017   190.222725   237.350907   172.088832   173.450083   161.772351   165.265234   314.483475   189.508154   100.874389   154.907166   1069.859439   802.900014   
100.600000   137.217798   186.629399   173.744713   246.844433   181.018611   164.248650   204.047840   210.114569   420.767609   443.678359   103.202216   92.215671   117.500072   177.535990   185.464718   201.276252   239.745749   218.267534   206.821830   239.358759   383.312733   235.103249   191.010467   236.979000   172.629008   170.525945   159.170292   165.747752   313.471721   190.764710   103.721220   154.585941   1069.327291   802.112534   
100.700000   139.038471   185.375656   174.279840   246.397670   182.103892   160.055880   201.777864   209.526813   418.596762   442.903442   99.374700   94.215288   117.710343   179.660307   183.157569   200.465070   234.646805   217.981396   204.448036   240.438850   382.453634   234.473465   189.668278   235.996533   172.800383   174.007478   159.761511   165.876480   314.839976   190.564854   104.257050   154.240422   1068.827198   801.779586   
100.800000   135.840487   186.539339   174.392880   246.536887   181.053198   159.469685   198.878806   208.463736   419.223741   442.815734   102.088747   93.439173   118.281302   179.327835   181.086821   200.038909   234.138873   217.753776   205.897899   237.860925   381.628180   234.787215   190.469586   237.789581   172.856019   171.565034   160.310604   166.790632   314.027486   191.228019   101.685046   153.516823   1068.330158   801.711154   
100.900000   135.372872   185.361203   174.298220   248.785137   180.521913   160.033249   202.494811   207.993050   418.223379   443.655825   100.272393   94.440087   120.177696   178.168937   188.458526   200.912330   235.841514   218.145530   207.911183   238.087753   382.020179   235.031017   191.440120   236.017504   173.136621   174.258494   161.108048   165.552259   313.997660   191.306357   102.080488   154.317453   1068.777166   801.900220   
101.000000   136.334361   186.303787   174.853289   246.074055   180.081056   161.922314   201.072098   209.393961   420.044290   442.719254   97.616763   91.831870   121.818223   179.431965   181.948765   199.878632   236.254708   218.024920   206.974179   238.222313   382.851259   235.363888   190.525099   235.669213   174.429364   169.855994   160.403858   164.852679   314.089365   187.626436   108.143228   154.112678   1067.621536   801.934818   
101.100000   138.502444   185.424161   173.855734   245.675044   180.396318   162.692408   196.408204   208.642325   417.697705   443.535286   96.793169   93.520744   115.514070   178.859083   182.622238   201.220705   234.775590   217.105818   204.081291   238.240095   380.517656   237.582073   190.182560   235.829034   173.571382   174.214626   161.207169   164.471337   313.904481   191.814092   102.504943   152.168748   1067.133683   802.295466   
101.200000   140.437208   184.749479   176.651306   246.540760   185.583147   162.404997   198.901792   211.372124   416.921929   443.196392   98.249690   94.834938   119.265504   177.907609   184.131146   200.865737   233.964711   217.357663   208.926720   240.391367   383.817579   236.817142   190.261819   235.984101   171.424392   174.440235   160.862627   166.489043   312.824731   191.175751   101.186974   154.025244   1066.809118   800.124634   
101.300000   136.261690   185.020662   173.234320   247.654530   178.670628   161.776843   196.506957   208.458571   417.866707   442.714263   98.403271   92.205312   117.488571   177.054734   182.604816   199.757332   234.552666   217.621208   205.127159   238.010953   380.228637   234.218614   189.382475   234.464017   171.570861   170.133145   159.104904   164.386395   313.293859   187.191105   102.876237   153.230259   1066.396948   800.572125   
101.400000   141.985077   186.826996   176.185642   245.850385   179.394382   160.854109   199.173241   210.137241   418.632091   443.605653   98.644447   92.433909   116.574005   178.653746   182.507001   200.583107   235.755181   216.947237   205.388976   237.645057   379.745507   234.435730   189.334972   236.533250   172.378453   170.003505   158.989620   164.301441   315.191107   189.265174   100.052279   153.042471   1066.214876   799.608920   
101.500000   137.936719   185.820254   176.076307   245.563130   182.931669   159.765679   199.326472   208.668717   416.938980   442.276991   103.803745   94.457538   117.933650   177.197180   182.086078   200.028808   234.556385   217.193568   205.581189   237.251964   381.884251   236.027481   188.882677   235.233520   171.948141   171.313208   160.136015   164.658486   314.350331   186.844565   104.710878   153.794253   1065.498779   799.500997   
101.600000   139.889995   186.161764   176.999175   245.962985   185.370903   162.342806   201.578913   207.417786   419.863492   444.439730   104.010430   91.441862   121.715845   178.116997   185.438193   200.249077   233.636295   216.109815   206.810069   239.747443   381.737071   234.910214   189.641389   235.630696   173.579079   173.138329   158.488039   165.253588   313.851569   188.572626   109.246181   155.512545   1064.768828   799.129767   
101.700000   139.956217   186.906693   178.646851   245.311844   179.642276   160.445802   198.239128   206.859460   417.827132   442.530344   103.705155   91.790813   116.136628   178.126954   182.217523   199.875485   235.975531   219.626664   205.801233   237.027358   380.950006   235.515056   189.753354   236.172196   173.113751   170.166386   158.745355   165.171731   312.761803   190.598443   103.579396   153.615685   1064.270720   798.874628   
101.800000   138.884118   183.916492   176.245592   245.972815   177.771086   159.784939   199.463394   207.057462   416.451605   441.397314   101.168793   93.103476   117.263503   177.464092   182.489520   199.081414   231.865673   216.926121   205.145309   238.870333   378.582932   234.587230   188.871102   235.610460   172.859669   171.925259   159.592912   164.230917   312.205317   191.843534   104.165285   153.171308   1064.404142   799.139964   
101.900000   143.194432   184.302783   176.383234   246.533287   179.574626   159.471521   200.527461   208.508876   416.775236   441.174776   102.787035   93.284030   122.929641   180.012577   184.274581   201.163933   235.830904   216.277655   207.173871   238.990111   380.949702   234.259910   192.620701   236.131837   172.436610   175.864625   158.568577   163.405874   312.597208   188.841430   102.529705   154.304451   1063.680431   798.912981   
102.000000   137.519325   186.920426   175.279201   246.140985   181.210885   160.633213   200.107406   207.184705   417.221396   440.106802   96.592403   93.357260   115.699269   177.412783   180.140974   202.565528   233.727537   217.248087   207.405579   237.108439   382.273113   234.253991   189.678299   234.523640   171.820779   171.229100   158.522649   164.144386   312.565511   187.748035   102.998401   153.602774   1063.389485   798.687800   
102.100000   138.630109   187.499455   175.506173   247.056966   180.507941   161.204995   195.685462   207.010421   416.156843   440.508843   101.068306   94.815281   117.512802   178.491244   183.484962   200.162428   231.636731   216.278818   205.735579   237.073187   384.950857   233.458232   190.716169   233.948585   173.188335   169.149074   158.377396   164.070098   313.601959   190.689050   103.142970   153.192151   1062.856660   798.377289   
102.200000   135.038458   183.414676   171.855045   248.444550   179.869613   160.012288   196.966866   207.648355   415.058567   440.374506   94.972474   91.806597   116.601858   176.562023   179.988841   201.649691   233.277657   216.206535   204.812503   237.589731   379.943450   232.846110   190.382281   234.497778   171.230849   172.790966   159.304634   163.701506   314.002185   188.801421   107.949432   152.320283   1063.112154   798.041338   
102.300000   136.804312   182.677910   174.000214   247.938963   182.646098   158.991271   198.727149   208.503867   415.392511   439.958282   95.118517   91.364046   114.860470   176.796273   182.458755   198.860331   233.104769   216.875153   207.815124   241.109278   378.708441   233.230629   191.153698   235.840575   174.914979   170.205630   160.182555   163.350516   313.009642   187.783541   109.577820   154.617779   1062.263692   796.772693   
102.400000   138.226464   183.996625   173.151691   245.902049   181.430985   159.481396   198.618062   208.524918   417.552200   439.936804   99.128174   91.840763   116.983393   177.253565   182.342609   200.485978   235.480401   216.131018   207.743516   238.228144   380.945163   233.075430   189.659417   235.230926   173.963067   171.820069   158.445342   164.463393   313.730158   191.895625   106.897626   155.264899   1061.736575   797.424054   
102.500000   136.970061   184.634234   176.181345   244.967783   183.249248   160.068029   199.575995   206.794371   415.735880   441.391565   101.080564   94.233200   118.158176   178.367608   181.569577   201.353183   235.672324   217.494827   205.871499   237.378365   379.858023   232.711961   190.672991   235.220470   174.163295   170.560462   158.139787   165.953712   312.675985   188.942267   103.739772   154.131276   1061.176524   797.065595   
102.600000   141.350017   184.334916   181.520940   243.986511   183.555502   158.360325   197.957721   207.797026   418.240486   440.754951   97.764493   90.615659   120.157482   176.343987   182.595949   200.867370   234.925925   216.770836   208.555359   237.151136   380.774294   232.289840   190.692397   233.481944   175.972299   168.107910   161.117700   164.135779   311.666462   191.219092   103.105577   154.681920   1061.475454   796.903154   
102.700000   135.853871   185.425721   178.230194   245.435893   179.370801   160.134867   196.902265   208.028239   417.100984   440.489480   97.302563   90.487828   115.786770   176.320519   182.633080   201.319899   235.168659   215.690349   205.900172   235.863947   383.619701   231.746587   190.177334   236.126960   175.219251   169.647454   158.587180   163.609912   312.452767   188.790629   102.547817   153.960909   1060.518140   796.443794   
102.800000   138.401939   182.875192   173.323942   246.483604   180.754159   158.475553   196.799592   206.907916   415.902311   440.466620   98.042932   92.719292   118.786571   176.031077   180.999487   200.090122   233.133640   215.682386   205.646657   235.370562   379.514456   232.729985   190.131286   233.741169   171.660442   169.781861   156.770795   163.510002   311.394647   190.100515   104.839663   152.701417   1060.213505   796.641798   
102.900000   138.816224   184.142411   173.210678   246.477786   177.837379   157.648073   195.147334   207.358620   416.138456   439.557597   102.432827   89.298534   116.006364   176.606954   180.701398   201.245870   236.256682   216.714511   203.694413   236.364893   379.114446   233.337090   190.158492   233.778166   173.677573   169.567961   159.020564   164.015714   312.055235   189.715710   100.599768   152.650631   1059.770671   795.011464   
103.000000   141.730558   186.190882   176.759908   245.773587   182.480886   158.593619   200.270030   209.938284   418.562918   439.039606   102.072527   93.515724   122.374831   178.619074   182.257273   199.956587   236.942635   215.361107   206.211354   235.820948   380.000800   232.489304   190.773098   234.253971   179.629127   171.075452   157.309945   164.781061   311.448892   192.699740   101.861299   156.336387   1059.484376   795.005569   
103.100000   142.032087   185.748159   176.025303   244.731647   181.816763   160.275806   196.114847   207.362732   415.425305   439.352178   97.196896   90.476574   116.939601   175.583612   181.725915   202.957367   233.960675   214.872783   204.956941   236.045210   378.812714   231.841853   189.756066   233.951735   171.802304   170.606443   159.711888   164.272822   312.020018   189.716657   104.136085   152.683883   1059.237771   794.835401   
103.200000   139.599400   184.219805   177.689516   244.307891   181.596094   158.568192   196.339026   206.806969   414.953332   440.130974   99.343844   95.204957   114.175440   176.116637   179.517782   199.134196   236.269555   217.268857   209.099571   236.817154   379.520372   231.992960   190.106660   233.139465   172.623402   173.785530   157.938619   163.957538   310.617237   191.674880   101.716075   153.147361   1058.879783   794.433668   
103.300000   137.835943   184.085888   172.431458   243.550925   181.938450   158.684452   197.209226   206.533971   416.858297   439.702068   98.680115   89.957333   115.877362   176.812500   184.432909   199.035195   235.593869   217.773816   204.392220   235.564356   382.309504   232.144676   187.917766   235.242868   173.082621   167.798943   157.406906   165.040585   311.906449   189.218397   103.729421   153.825201   1058.458158   794.645626   
103.400000   139.749318   184.432771   172.618039   244.948840   181.443384   158.595360   194.346727   206.830502   414.187740   439.506936   95.663688   89.605448   116.875208   177.325324   182.572138   200.342463   234.014405   216.097161   202.606237   236.292909   378.419599   233.248360   188.987700   235.523912   173.184108   170.013045   157.136805   163.179784   312.581393   188.270205   100.607802   152.481772   1057.850835   794.189109   
103.500000   138.295123   184.635856   173.234480   243.965164   178.106783   158.566416   196.762703   207.963812   414.360637   440.182940   96.700111   90.822649   116.464423   176.084634   183.524086   198.970903   233.615137   214.983497   204.933246   236.968598   378.488594   233.408179   189.866549   233.798014   174.799392   168.801824   156.074150   163.307435   311.629800   187.996147   103.030383   152.070994   1058.016108   793.811910   
103.600000   138.977289   183.276602   173.493498   243.740919   182.171946   157.854469   199.632001   206.204780   414.185700   438.488652   98.350427   89.883400   122.089104   174.725502   187.346431   199.001684   238.749132   214.008529   212.419078   235.380637   377.744513   231.911489   189.196940   233.055251   172.256972   169.108007   158.338582   163.523666   309.966378   188.580553   103.388727   154.141547   1057.112396   793.249786   
103.700000   138.133945   182.717135   172.666324   244.210847   177.247801   158.801037   196.478575   205.850497   412.900977   438.825395   95.881324   90.016324   115.692766   176.540808   187.410473   199.118988   235.178960   214.438831   205.499660   235.461770   377.543533   231.243035   188.551675   234.033059   172.182962   168.540638   157.831527   163.628880   310.984577   188.624455   99.551209   152.910462   1057.094543   793.457221   
103.800000   136.040323   182.661739   171.496564   245.547984   178.612975   157.810595   196.614860   208.711920   412.706757   438.327186   97.116124   89.789812   115.299921   176.129942   182.454880   199.277378   231.580900   214.488773   202.441778   235.094773   376.893274   231.953954   189.384443   233.067874   170.885916   171.935241   159.848084   164.673400   311.289804   186.527833   102.251747   151.786870   1056.477311   793.426342   
103.900000   133.307432   183.374197   170.550108   243.513051   180.277118   159.324621   195.404377   206.882657   415.271588   437.458618   96.187544   93.146481   113.679441   177.023850   182.259889   199.551230   233.344351   216.984033   202.956158   235.369537   376.778111   231.851672   190.311300   234.850910   171.313031   168.720580   158.632873   163.346537   311.196528   187.207178   101.261659   151.175355   1056.259142   792.675162   
104.000000   137.634216   182.918104   175.855363   243.479175   184.341078   159.243538   196.614676   206.548124   414.013026   437.245034   96.065584   90.525788   116.223024   176.334092   180.020245   200.283676   231.749268   216.280115   203.968776   235.392766   378.399669   232.594588   188.624680   232.488879   172.950790   169.915226   157.542888   162.938727   310.068135   190.931499   102.297871   152.755111   1055.625018   792.910844   
104.100000   134.835415   182.448356   170.808504   243.520639   178.662192   158.035934   193.748193   207.745600   412.312252   437.336417   94.646879   89.325670   112.362013   174.178893   180.508987   198.275314   234.204217   215.962642   204.617475   234.061347   376.744873   232.578170   188.694874   232.717889   170.021592   167.356513   157.563238   163.745635   310.295075   187.851883   98.355617   150.951249   1055.361554   793.742560   
104.200000   137.459131   182.830259   173.117136   242.895155   179.043283   158.190694   194.881836   207.412989   412.478220   437.600004   94.437362   89.678635   116.140906   175.325859   182.403795   198.880519   234.833029   213.515878   204.910932   234.539415   377.605640   231.823851   187.445196   232.797144   172.514754   168.320544   156.724660   163.001802   310.473096   185.544800   101.428134   152.539535   1055.342916   791.383710   
104.300000   135.779473   185.767117   175.299754   242.256682   179.718355   163.868577   195.381758   206.896697   413.364575   438.767095   96.400026   92.747221   116.622643   177.530831   181.470439   199.231803   233.389464   214.963768   204.794437   235.045687   379.479116   230.997293   189.121627   232.702790   171.497027   168.065792   156.694204   161.460780   310.276696   187.737822   106.778911   152.303362   1054.759469   791.401265   
104.400000   139.881326   181.634979   178.407734   242.118274   180.230713   159.011307   200.677369   206.095235   412.964315   437.828739   100.875525   91.624172   113.987784   176.603295   182.856429   202.108433   233.955294   213.838704   203.050097   234.635358   378.309894   232.664233   188.421305   234.268436   174.974529   170.834949   157.046337   163.412065   310.328663   189.768307   104.604427   153.223203   1054.218885   792.202671   
104.500000   133.162905   182.118234   177.370504   243.347210   177.446474   159.010182   195.138800   205.144801   412.006976   437.870545   93.287043   89.892181   112.164556   173.929052   181.331311   200.585755   231.280639   214.640487   205.102640   235.381068   374.900196   232.112952   191.284798   233.434469   170.003295   167.499932   156.547167   164.533639   312.133541   186.218558   99.642192   150.437050   1054.144963   792.301423   
104.600000   137.196766   181.891002   171.829837   242.560258   176.830234   158.929702   194.133389   206.712612   413.222273   437.582441   98.550581   90.300022   118.332907   176.019287   181.796915   200.735239   230.575187   213.661564   206.056826   235.267118   377.285926   233.857091   187.765656   231.736482   170.700327   173.954686   156.684555   162.426636   309.138065   188.933401   101.967105   151.983381   1053.353480   790.410406   
104.700000   134.766750   182.022219   170.125309   243.364598   178.486948   161.261813   193.773437   207.177518   411.679794   437.231018   99.970156   90.703983   113.462096   174.988322   179.997410   198.356927   231.210357   213.290394   202.889404   234.525385   374.810199   232.433909   187.569434   232.474114   169.942329   168.072848   160.295250   162.078857   309.741426   187.498626   98.083110   149.948173   1053.173238   790.330633   
104.800000   132.425845   182.015596   172.020203   243.096824   179.780119   158.389311   195.871614   206.201108   412.785560   436.408780   106.420250   88.487378   115.131805   174.264593   181.038429   196.677372   230.859328   214.164221   203.311051   235.067704   376.547710   229.919233   187.344125   232.185944   169.851094   170.442799   156.959660   162.451250   310.344732   185.144361   102.802742   150.678831   1053.203461   791.505310   
104.900000   134.990988   183.062698   170.437755   242.117313   177.452700   157.371008   194.791949   204.793576   411.506504   437.113559   97.457761   88.355703   112.117852   174.421442   181.892059   200.062744   232.016324   213.962962   203.541186   234.854709   375.375681   230.702012   187.218965   232.648778   167.248208   171.470085   155.776731   163.812001   309.247889   184.277524   98.155165   150.593385   1052.541798   790.182119   
105.000000   135.545166   182.824856   173.279493   242.054025   178.655415   158.013108   198.136233   205.828174   411.689278   436.445666   96.111651   88.572131   117.625545   174.266489   179.860503   197.575742   232.070060   214.614055   202.630901   234.651305   377.324580   230.697387   186.538252   231.950346   169.504584   167.576080   156.312162   166.282226   308.829501   188.504155   102.586155   151.986016   1052.392583   789.400048   
105.100000   134.325919   182.733989   171.670947   242.016164   180.632634   157.891554   197.624887   205.201373   412.494692   436.900603   99.253943   93.942194   118.930688   176.212107   185.322101   199.548405   230.530140   214.435601   205.969428   234.205142   378.327266   230.723909   187.894030   232.441902   172.650514   169.055781   157.690989   161.686984   308.260154   188.902270   102.046770   153.459966   1052.173266   788.869414   
105.200000   133.692611   181.749980   171.543005   242.193245   180.682899   157.610180   195.672507   205.294404   413.475060   436.643271   93.908223   90.250392   114.396678   177.399185   183.783758   196.893307   230.585980   215.796170   203.833053   233.447877   375.039803   231.861677   187.060888   234.721314   169.359855   169.877281   155.830142   164.655295   308.434943   186.550552   96.700397   151.238423   1051.542980   789.373877   
105.300000   135.658134   182.294237   172.826426   242.163362   178.086090   157.031895   195.012371   204.953444   412.155097   435.910847   95.055441   91.327945   114.686899   178.056690   179.756643   196.374682   231.986751   214.751296   205.663210   233.889658   375.931890   230.002012   187.153983   233.014820   171.475668   169.349179   158.569749   162.821856   309.394384   185.257015   99.730089   150.825734   1051.004178   788.321460   
105.400000   135.918043   182.585918   171.379463   242.365892   180.089254   158.833610   197.308938   205.429645   411.463995   435.961341   94.522321   89.726875   113.617626   174.081020   179.052380   197.170111   233.683859   214.417644   205.001413   235.349487   379.365368   230.706342   186.761835   231.891673   172.518089   171.697937   156.098224   163.501706   310.146980   185.415360   101.372138   152.530216   1051.093318   788.503292   
105.500000   135.286298   183.593969   172.931037   242.911567   177.086976   157.228855   197.763422   206.489350   411.203910   436.271172   93.813837   90.628821   116.543044   176.271717   180.984665   198.603200   230.872518   215.383714   204.427032   233.726567   376.265043   231.075495   188.424160   231.035025   170.120867   167.835441   157.771971   163.427480   308.956546   186.036592   99.407954   150.923819   1050.662395   787.828623   
105.600000   133.269735   187.003091   170.028473   241.960940   178.085721   156.998062   194.683706   206.744688   411.507806   437.362496   99.313969   89.917580   115.130893   176.117473   179.238464   197.418082   229.318697   214.487980   205.824536   234.452368   375.970630   230.699642   186.443330   231.340966   172.373095   166.540187   157.116926   163.984389   307.728615   185.240648   100.425380   150.137437   1050.407012   787.842685   
105.700000   135.120115   182.741092   172.413287   244.411049   177.957145   158.291805   193.239079   207.618761   410.991490   435.964726   103.149568   89.855099   113.599589   174.730067   180.348098   196.540519   232.672450   213.562329   205.827635   233.812915   376.644331   230.424664   188.498339   231.964053   169.333873   168.919006   155.021562   162.270513   309.453590   186.899879   97.383859   150.926456   1050.098719   788.320846   
105.800000   136.781224   180.656310   172.960355   241.945794   178.941171   160.141710   195.990849   204.614533   411.803686   436.519627   97.895868   90.532718   117.796569   174.767625   180.402647   197.074712   230.102217   213.836509   208.633626   233.574333   379.504994   230.759507   187.248526   232.147680   170.283265   166.382835   157.919028   163.582968   309.500778   188.816328   97.781935   151.944652   1049.555630   788.863322   
105.900000   137.479495   182.542433   169.938737   241.939634   180.381838   156.610111   194.046962   205.584723   413.471033   435.759777   91.751995   87.793494   118.275448   175.978517   178.032626   198.680065   229.081779   214.279246   203.277082   233.315976   374.929794   229.675788   187.951061   233.417296   170.505405   166.922254   156.509736   162.304997   307.988170   188.451898   101.579361   151.740032   1049.532767   788.279435   
106.000000   134.647326   182.025911   169.492598   242.847146   177.835347   158.011863   193.826422   204.004470   412.379347   435.002386   94.757624   90.415900   115.312095   175.277518   178.385877   196.424614   231.633384   212.485831   203.386733   233.824003   375.089251   231.210363   187.448544   231.260602   170.097774   166.902198   156.157312   161.569429   309.368904   186.541733   98.652087   151.100220   1049.386438   787.518921   
106.100000   138.876774   182.230065   174.670681   242.223502   180.172006   157.899568   195.838408   204.650651   412.680200   435.426907   97.463042   89.813240   114.792761   175.587184   185.848991   196.990119   232.964597   213.097521   207.360026   233.700997   377.393385   229.204221   187.724235   233.234353   174.113547   171.660644   155.890277   162.270471   309.317292   194.198283   102.167269   155.344033   1048.946978   787.349624   
106.200000   134.262721   184.987065   170.801017   241.811216   177.145709   156.679794   192.533333   205.455126   409.677296   435.672887   96.025671   90.144562   111.551812   174.546834   181.946601   196.345976   231.072933   213.553827   204.835524   232.647544   375.686937   229.331313   185.638919   231.677746   169.757185   167.960469   159.792891   162.737856   307.337147   186.670508   98.183091   151.237445   1048.448044   786.727584   
106.300000   133.429828   182.528445   173.119060   241.977560   174.739424   158.979113   192.296487   204.956792   411.379963   434.215883   100.584875   89.429152   111.419137   175.247523   177.713512   196.452648   230.801516   213.864967   203.208893   232.735726   375.121329   230.037898   187.136316   231.639949   171.155497   166.175811   155.954134   161.173644   307.615999   183.726215   95.602107   150.341361   1047.761427   786.549183   
106.400000   132.463235   182.073241   171.708802   243.029639   178.315013   157.411685   196.209987   203.695753   410.862894   434.326762   95.664030   88.541536   118.142033   175.601470   180.515918   197.389087   232.081563   213.007598   202.648603   232.687791   375.250958   230.206108   185.946679   231.346061   171.800251   167.423045   156.202206   161.442360   307.477389   186.788273   98.256165   151.079957   1047.576797   786.547603   
106.500000   139.489428   182.872234   172.831772   242.669201   179.731472   158.275583   195.516423   203.754495   413.454998   434.498727   99.502010   93.004292   119.379977   174.270622   180.980033   197.314156   230.557174   213.646127   201.572664   236.175270   375.502711   231.513207   186.195502   232.049426   173.248821   168.752935   155.586241   166.315771   307.125686   186.971763   99.265934   153.273323   1047.260788   786.270913   
106.600000   135.159607   183.128006   170.553951   241.263215   176.699197   157.235657   193.612301   204.727558   411.358189   434.644455   96.675486   89.242978   114.880022   173.270162   176.898307   195.832891   232.768569   213.941856   202.938429   232.677971   372.817657   231.092683   186.471936   231.046151   170.066935   170.821111   158.598541   160.495111   308.885131   185.711247   102.997766   150.205199   1046.754734   785.337419   
106.700000   138.347150   182.527333   169.477080   240.798442   178.839667   159.506161   196.845037   204.857309   409.935901   434.871470   96.390773   90.854733   113.914799   172.661434   177.585906   196.297322   230.155169   213.461036   201.369869   232.733191   373.258956   229.752296   188.138145   231.789228   168.159244   168.257192   155.201109   164.478959   307.138426   187.110192   100.603729   149.936825   1046.853924   785.192125   
106.800000   136.551222   182.135777   172.550772   242.847581   181.032868   158.938026   195.060039   204.975712   409.737563   433.934423   98.304711   93.726623   113.070401   172.806733   181.197278   196.673557   234.518833   212.333629   203.206024   232.844066   375.168706   230.979230   186.450682   232.564913   170.530783   166.649341   156.464354   162.219634   307.583792   189.112265   103.348022   152.055509   1046.542284   786.053707   
106.900000   134.392570   182.088378   170.237102   240.259509   176.507412   158.600212   194.107979   205.110121   408.813522   434.691463   98.470546   88.102117   116.996927   174.215781   180.781475   195.526646   231.177301   213.550442   202.132006   233.903535   372.453957   230.522569   186.287714   231.764260   171.768179   166.053367   155.587308   161.969459   306.968330   187.636553   100.938452   150.107543   1045.973353   784.593450   
107.000000   135.918066   181.544005   170.455416   240.493197   177.155859   156.238330   193.310440   205.751727   410.338285   433.548133   97.512800   91.635245   112.443361   173.097059   182.111500   196.975492   230.026711   213.437030   204.601521   233.480133   374.629309   229.974932   186.450167   230.586468   169.049749   168.431492   156.235296   161.838408   307.338690   184.886167   100.439620   151.246953   1045.814944   784.774491   
107.100000   140.253061   184.690209   170.816001   241.305256   178.607431   157.530271   192.497016   204.117085   410.463992   432.798788   97.618804   92.541064   112.925889   173.143780   180.185242   197.074998   231.689577   212.941533   201.699250   232.540158   373.306592   230.270354   185.855557   231.027149   169.489934   168.589369   156.074489   160.181989   306.894697   187.377423   99.761172   150.950192   1046.248983   784.617668   
107.200000   137.810785   181.063580   170.418915   241.362448   175.528102   158.211096   192.742085   206.333318   410.428043   433.459556   96.998597   90.425886   111.386022   174.432550   179.120492   198.530210   230.537853   212.042669   201.429662   233.378895   374.309327   230.651728   186.491975   230.879509   168.807218   165.891737   154.892288   164.341549   307.232436   189.026236   99.067826   149.953884   1045.189280   784.584342   
107.300000   136.637698   181.800732   171.364068   241.047010   175.514203   157.032380   195.403795   206.031024   409.938784   432.621347   96.202715   88.064879   111.524880   172.808461   178.964455   198.745305   230.273144   212.000262   200.860936   232.130771   373.704401   230.147340   186.881851   230.214347   168.601589   166.268871   156.307578   162.320467   306.998878   185.403134   99.668018   150.031960   1044.976212   784.011910   
107.400000   136.207937   182.786570   173.001848   240.850690   177.405696   158.590989   194.952757   204.233482   409.483439   433.198846   97.985071   88.274843   113.722182   174.146861   180.718757   195.578161   231.880552   211.483948   202.619439   232.846381   374.828206   228.862535   186.253589   229.619730   168.907344   167.131643   155.566612   163.113596   306.062468   186.783291   100.841913   151.486145   1044.858023   783.480177   
107.500000   138.532699   181.439086   176.931769   241.825303   178.241617   157.730922   201.372487   203.181879   410.892778   433.207928   109.917889   91.332524   112.238411   173.558654   181.635190   195.380108   233.285781   211.923780   204.615397   232.593253   379.773437   228.864581   185.466803   231.029555   170.657250   166.966714   159.107045   163.993460   308.337976   189.143116   106.379477   155.178145   1045.223657   784.460372   
107.600000   133.596441   179.828642   169.189267   241.363602   175.753783   156.694265   195.138747   203.607766   409.080546   433.784118   100.566225   91.725339   116.783043   173.302582   177.001663   196.042958   229.196488   212.212790   200.573084   233.624871   374.643342   229.922019   187.746767   231.129894   169.567041   169.149653   155.969656   161.166216   306.890379   185.191798   98.157771   149.629207   1043.978407   783.910841   
107.700000   134.647025   180.673730   168.238011   241.224023   175.991524   157.566124   194.868427   203.823206   409.193056   433.930680   95.347560   89.604094   116.143992   175.256023   177.162371   195.992394   231.146565   211.798603   201.227582   233.228773   375.443621   228.427828   185.559913   231.576590   168.697765   169.685490   155.541151   161.042068   307.309512   183.985066   100.935928   149.029390   1043.688872   783.068437   
107.800000   134.874434   180.175624   169.918827   240.683499   175.855386   156.784068   194.084469   205.285146   409.696507   432.246114   93.947054   89.618243   120.199845   173.669229   177.992456   196.441298   230.179842   212.217508   202.475416   235.678567   372.856782   229.254470   186.341509   230.810545   173.705771   166.924031   156.246301   161.335398   305.941389   186.015560   101.432851   150.295044   1043.894891   783.399366   
107.900000   138.404711   183.193141   172.466988   241.205993   176.676929   155.316068   195.214758   205.504610   408.410421   433.607428   97.677455   91.604570   123.879549   175.468420   182.630249   196.136770   232.300050   212.977101   201.073384   232.916851   376.411353   228.460302   185.887193   229.902943   170.798573   172.711223   157.184113   162.218654   306.121499   187.037428   103.879573   153.798715   1043.194583   783.149447   
108.000000   131.956157   182.805673   171.605616   239.807572   175.084846   156.297326   193.032929   205.887050   407.837284   432.401466   92.685388   95.375269   111.285122   173.464943   179.887278   195.598361   230.908620   212.671833   200.896207   232.079874   373.465918   229.140043   185.851488   231.191983   169.175005   167.907970   155.075504   162.180942   307.259840   183.293580   102.021271   149.723768   1043.066497   782.353217   
108.100000   135.153205   180.352350   173.906704   239.660413   177.399903   155.361562   192.674806   203.237729   408.454389   432.046531   103.592975   89.311347   113.858334   171.253418   178.992737   196.131889   229.920715   213.372676   201.964988   231.817571   373.480642   230.238819   187.358730   230.138157   168.838615   167.881543   158.989457   161.967710   307.238846   185.914466   103.203320   151.200735   1042.648215   783.292873   
108.200000   132.335452   181.303503   169.516367   239.797907   176.615397   157.257738   193.877003   202.931077   408.850112   431.316563   97.921357   88.088438   114.086436   173.678278   178.797972   194.722825   230.877622   213.521309   202.459033   232.144066   373.221722   228.931431   186.857952   230.475463   171.427954   164.844005   156.503879   161.685537   306.558711   186.951936   100.768869   151.234321   1042.450090   781.952725   
108.300000   134.618638   179.391708   168.840289   239.923292   175.585810   158.211524   194.119738   205.569187   409.224988   432.527784   99.667555   90.073801   114.681586   172.788521   181.258103   195.244976   227.941749   211.352955   203.030869   233.178753   373.314443   228.866500   186.233709   230.391683   169.085352   164.567018   155.789018   160.867164   305.475012   186.282356   98.646400   150.133221   1042.246839   783.073467   
108.400000   139.193949   179.235621   172.687147   241.429932   181.718247   156.595836   195.417092   203.833084   407.901460   431.804333   96.778266   89.984882   121.509491   171.935506   183.375667   194.467007   231.678268   211.529000   200.223404   233.520127   373.270458   228.588023   187.033155   230.104530   172.215656   168.894792   155.571215   160.879691   305.758633   185.487687   100.617507   153.157357   1041.937795   782.184158   
108.500000   136.332559   181.529484   173.526673   239.734835   181.328563   157.864530   192.386930   203.476823   408.294613   431.867444   99.683198   92.675405   120.838562   172.822018   179.227044   198.218094   230.395976   212.842989   202.476216   232.189963   374.804537   228.638373   187.330354   229.474167   170.445938   171.321051   154.904866   161.447484   306.256744   191.868148   98.269046   152.093226   1041.412909   781.152718   
108.600000   132.812905   180.843466   172.116159   240.834857   174.083834   159.335390   192.646509   203.298165   408.530496   431.096618   98.910486   90.757713   113.878836   172.638721   179.365468   197.491099   231.851875   211.628495   199.633528   231.868459   371.988666   228.529666   185.552929   229.213784   169.072057   167.847450   157.961287   161.442577   305.239196   183.727494   99.087009   149.989824   1041.154665   781.631498   
108.700000   142.672361   181.127579   170.891292   241.238173   174.062733   156.949653   194.228665   204.254659   408.174113   431.816687   96.745337   87.255419   111.352072   172.144696   178.145405   196.949539   231.239559   210.527395   201.339039   231.314726   372.918733   230.738195   185.223892   230.814809   169.138299   167.194994   155.123594   160.637552   304.915979   187.551667   97.301814   149.664565   1041.062099   781.384320   
108.800000   138.286789   180.851119   170.752822   242.305303   174.300768   155.315695   194.387722   204.928133   408.793876   432.890965   98.012197   87.260964   115.504564   171.949387   180.049731   194.135414   228.493748   211.368637   199.899927   234.030994   372.882760   229.705779   185.350652   230.280940   167.618247   164.354074   154.200261   160.994937   307.255318   186.817023   100.603868   150.414773   1040.711601   781.213684   
108.900000   131.981193   181.201180   172.317243   240.795988   175.277226   157.078612   193.945894   202.749991   408.361566   431.750922   95.286765   90.109952   110.569452   173.788880   178.406501   195.193321   227.658401   212.005825   199.162080   232.011631   374.268546   228.982328   187.007684   229.715721   167.425513   165.543775   153.816682   160.872106   304.886444   183.880924   101.806343   148.792138   1040.501312   780.860851   
109.000000   136.277987   180.516004   168.357851   241.183928   176.787673   156.387410   194.800088   202.928673   406.278403   431.068353   94.513740   90.734769   111.091575   171.820158   179.204994   197.141650   228.534747   212.489515   202.016643   231.226560   371.674182   228.232511   192.622339   229.971658   167.338906   167.355396   154.198758   162.644648   304.806778   187.403960   100.617380   149.717876   1040.288566   780.416936   
109.100000   135.160221   182.835592   168.909246   240.113848   174.922331   155.977279   192.005244   203.185823   406.177740   430.338593   95.213502   90.231448   116.940962   173.482912   179.776740   195.699190   231.236842   211.979704   203.296105   231.203167   371.897289   228.347479   185.402481   229.594526   170.908324   165.509431   155.793266   161.394300   305.291784   184.003529   99.961958   149.420320   1039.886380   780.697325   
109.200000   133.379874   182.925447   169.068275   239.758028   173.918834   156.338481   193.990831   203.606396   406.465196   431.808706   98.080186   88.501607   113.315308   171.824991   180.030369   195.223653   227.437010   212.137063   200.989788   231.680061   372.627868   228.986044   185.010677   232.384987   168.547031   164.658202   153.815208   162.894289   305.147778   184.785111   100.717173   148.205305   1039.397078   779.683532   
109.300000   133.074989   180.585104   167.904087   239.413992   177.182322   157.012371   192.820596   202.500296   408.307765   431.196831   92.696649   88.046523   111.775886   171.778965   178.818633   194.981147   227.915070   212.581359   201.566008   230.205956   371.625969   228.166705   186.705120   229.197087   167.435925   164.777316   154.199337   159.952066   306.088520   184.232128   99.451737   149.091072   1039.279939   780.482986   
109.400000   135.935533   180.648014   172.660312   239.565101   178.047516   155.335798   192.728596   202.726063   406.576622   430.223188   92.311894   87.880053   114.857208   172.402593   181.014594   193.801779   230.522171   210.631035   205.489288   231.793021   371.999760   227.181455   186.238763   230.726526   169.941900   167.727937   155.829380   161.002995   306.814684   184.886275   106.060351   150.827560   1039.350892   780.942036   
109.500000   134.279992   180.442337   169.564699   239.057611   174.473020   156.651991   193.372730   203.491986   408.065826   431.767480   96.188039   89.212401   112.964251   172.967324   180.904105   196.475249   227.571399   210.859995   202.108811   231.213479   373.032670   227.711408   185.292403   230.749737   169.911893   166.592386   156.342067   160.332317   307.455350   188.993405   98.072585   149.362316   1038.854484   779.472251   
109.600000   135.290946   181.326994   167.721733   239.873077   174.537563   156.722874   190.674383   202.279600   406.237036   431.575950   96.488684   91.051219   110.895522   171.806605   177.314575   195.583320   227.205802   211.874053   200.055912   232.340604   371.489232   228.530561   185.702815   229.691025   167.661869   167.688413   152.775879   161.524078   305.787186   183.423446   98.431639   148.742463   1038.708233   779.323696   
109.700000   138.807710   181.247664   170.050000   239.637607   177.858226   156.162788   195.386796   202.358373   407.926057   430.579327   100.473155   89.524744   113.061564   171.518411   181.518882   195.343754   227.275504   209.742472   201.539863   232.947044   370.909372   229.684352   186.615693   228.075492   166.751430   167.145250   153.709924   160.542967   305.223817   182.107518   98.687225   149.696119   1038.360475   779.476885   
109.800000   132.347415   181.756810   172.612989   239.707014   177.418504   155.270591   198.372447   202.660471   406.691497   430.792362   94.230279   90.564493   110.875539   172.086474   177.887813   195.223127   229.948574   210.729743   200.799549   230.979626   373.117326   228.546067   185.551011   230.056669   170.164449   165.608692   154.793420   160.181579   304.632136   185.321272   103.127447   150.705138   1038.611852   778.501290   
109.900000   133.113884   180.300584   170.093801   240.559927   178.325992   157.936921   194.452021   203.194592   406.226876   431.905899   95.057708   90.893276   112.452925   171.408352   178.401503   195.665155   227.910426   211.172284   200.307497   230.250010   375.440243   228.770009   184.437448   228.159920   166.917991   165.482229   156.021436   160.233664   305.779739   184.328606   96.177006   148.884311   1037.541240   779.551699   
110.000000   133.348974   178.592745   168.341350   239.172572   175.859541   154.873044   189.867524   203.599818   406.012437   431.319533   89.773380   87.390920   111.989828   172.564642   178.423615   193.608060   228.901588   210.772774   202.277823   231.142221   369.741723   228.785591   186.913088   228.879617   169.922759   164.635750   153.422193   159.890258   307.456421   187.163503   105.422837   148.266309   1037.734604   778.486026   
110.100000   132.891920   179.991680   171.733571   239.169992   178.319127   156.879419   192.034425   203.810278   406.061679   431.373888   92.386813   87.892444   111.317420   171.671472   179.631849   194.389455   231.747774   211.519955   199.413246   230.362477   373.248077   227.093940   184.960873   229.463747   171.383400   164.691136   154.492628   159.126874   304.804041   183.557350   104.023757   149.440423   1037.501934   778.562205   
110.200000   137.432762   178.736103   169.442843   239.643938   180.356980   157.005741   193.011163   205.808161   405.801142   430.466231   98.625323   90.795583   114.712730   170.547950   178.703682   194.554694   229.106835   213.792375   200.462218   230.862579   370.978696   226.895468   185.196257   229.179583   167.969720   166.621288   154.539698   159.269743   305.850851   185.892334   100.864024   149.701483   1037.549361   778.741938   
110.300000   135.006851   181.014250   171.481518   240.381791   174.281008   156.224800   189.871149   202.817438   404.946402   430.691665   97.591499   87.531668   112.252151   172.855907   175.818503   196.173287   230.166602   212.047442   198.820724   230.936941   369.703268   227.450510   184.885817   230.439128   167.026970   164.302554   154.941281   158.646681   304.493286   187.446168   99.982066   147.762594   1036.708632   779.075906   
110.400000   139.903851   182.010977   170.491562   240.303629   176.086753   156.033358   192.233692   202.568815   406.439779   429.780041   100.061589   87.159092   123.381733   171.178231   177.893594   194.584678   228.013298   212.763588   203.742349   230.906246   371.001733   226.422356   184.482011   228.946987   169.187022   166.062684   154.002205   160.205004   304.185419   184.131017   101.179718   150.847301   1036.584351   778.158423   
110.500000   133.946972   177.616561   170.243850   238.301266   174.276668   157.849851   193.714457   201.275040   406.608797   431.055235   91.516903   90.044466   109.985130   171.878781   176.649289   193.528692   227.392916   211.814991   201.456938   231.290660   371.810347   226.561385   185.140778   229.370517   170.726701   164.925238   154.194723   160.247362   305.684351   187.267055   99.977848   148.517736   1036.248334   777.231113   
110.600000   136.848521   180.507123   171.909558   237.781273   174.477126   155.120870   194.326731   201.686261   407.296845   430.300158   91.075763   88.899002   111.384944   171.561972   176.330490   195.292500   228.481755   212.881510   200.078185   231.397220   372.246230   227.701241   184.862758   228.906623   170.706921   164.842148   155.177255   158.858506   304.745443   186.582305   102.780723   149.096122   1036.166169   778.406572   
110.700000   133.097612   178.986429   172.594788   238.452907   176.405457   154.146554   191.471712   202.477935   407.950354   429.452505   95.387798   87.021678   114.096192   174.328564   176.881627   194.561593   227.008688   210.088048   199.535025   229.752917   372.639387   228.538938   183.177393   228.817622   166.057355   166.360468   156.871826   160.039979   306.868738   184.993764   100.684627   148.875874   1035.879262   776.915392   
110.800000   135.209909   179.731755   172.104206   238.170200   176.596057   155.977304   193.707087   203.623442   406.970185   430.700500   98.470806   88.259721   110.790782   172.125653   179.150240   195.479019   228.016065   209.570308   199.721535   230.758213   374.026523   227.067538   185.361960   230.033456   172.542729   164.523994   155.866342   158.674548   304.598335   183.390422   97.183885   149.945109   1036.058343   776.968423   
110.900000   139.916207   180.839283   168.782441   238.902091   175.861668   156.431222   191.714149   204.303457   405.068290   428.990392   93.972012   86.583181   111.985567   172.930974   177.954133   195.226184   231.454216   210.666531   202.099442   230.337299   371.082037   226.725906   184.756924   227.738307   171.906616   165.636985   153.948855   163.026256   305.927601   184.766940   100.506352   150.182956   1035.454925   777.174029   
111.000000   140.022989   177.993957   172.423649   239.358183   183.709705   155.461524   192.135458   205.241982   406.826351   429.724785   107.974148   86.562913   112.490504   170.569037   179.022155   195.946900   231.858856   211.214614   201.694582   230.625743   370.959744   227.599478   185.559832   230.366256   167.997543   167.886869   154.163994   162.525873   304.398280   183.854084   103.112360   152.461633   1035.250968   777.527844   
111.100000   134.205491   177.982136   169.966711   238.028813   174.310174   154.012485   194.213187   201.787416   404.455002   428.270253   94.038699   88.815941   109.096464   171.346336   180.359676   194.023873   229.085624   211.122449   200.257027   230.126176   371.915517   226.791184   185.199471   228.917938   167.030321   167.090400   155.388810   160.734698   304.115626   182.681354   98.453581   148.897492   1034.851121   777.611016   
111.200000   136.163228   178.306000   171.577381   240.369326   177.093314   154.489049   193.997286   202.435457   405.646975   429.711633   94.777781   88.026177   117.744194   171.805472   180.051385   192.981916   226.589331   209.617032   201.945174   230.418989   372.122675   227.772232   183.629949   229.182414   168.000224   167.035157   157.740224   158.824104   304.788919   190.760441   102.077528   150.274994   1034.846321   776.187914   
111.300000   134.485665   178.283857   170.771758   238.283412   177.041205   155.302879   194.978119   202.772867   405.537926   429.341855   96.325999   88.438385   111.206573   171.163346   179.457266   193.362892   228.254133   210.525210   202.304687   229.097791   371.165518   226.489315   187.004270   228.813883   167.232908   165.633575   153.437898   159.590075   303.682557   185.463658   110.867696   151.090284   1034.240751   775.941719   
111.400000   134.914977   178.916350   170.447511   239.488990   183.457417   154.004242   195.293538   201.496864   406.647926   429.230625   104.060384   90.086571   114.003584   171.130261   179.256909   194.006833   229.558624   210.148681   199.581018   229.543662   371.203021   226.056648   184.533710   228.957026   167.264956   166.437560   153.494399   159.575335   303.430992   185.606925   103.077316   151.185404   1034.339085   776.976013   
111.500000   130.787036   179.467196   168.551885   237.564717   175.169738   154.159854   193.468140   201.866466   404.420960   428.841625   95.033257   88.288826   113.019162   170.379679   178.174355   195.989467   228.629867   210.180531   198.710727   229.381115   370.339776   226.117728   184.436945   228.736970   165.008653   164.113024   151.924194   160.753753   304.140603   181.044479   97.357410   148.175062   1034.200126   776.573590   
111.600000   133.154320   178.895174   168.649885   238.098294   174.962125   155.474481   191.381152   201.022912   405.229367   428.781210   99.384153   87.823662   117.472666   172.292839   177.937467   195.110145   229.452407   210.757867   199.849473   230.752002   369.686735   227.254738   185.594945   228.595148   166.892392   167.145114   154.068865   160.313391   303.302453   188.830899   101.939592   150.519193   1033.777872   776.356882   
111.700000   136.862208   178.464469   168.736712   237.636118   172.839776   155.288774   194.459954   201.274465   406.069667   429.042728   97.010752   89.804920   115.191252   170.284079   175.927345   194.403477   235.236304   212.781650   200.320543   231.641887   369.887442   226.730815   185.464038   227.728562   168.321896   166.822944   154.567906   159.635110   304.031257   183.549914   97.539509   149.051620   1034.173080   776.214683   
111.800000   128.920383   179.893284   170.915082   238.251542   181.439125   155.202017   190.621699   202.672645   405.123929   429.343894   95.533615   88.993985   112.221034   172.758603   175.990304   193.190209   228.047834   212.968922   200.363032   230.426572   369.352060   226.191396   184.377279   226.631015   166.231707   164.120034   153.661327   159.915916   304.256873   181.686217   103.899321   148.739932   1033.620544   776.195535   
111.900000   132.463416   182.060301   171.148970   237.834706   176.383558   155.831185   193.294355   202.123703   403.587862   428.698591   97.691871   89.890631   109.903483   170.438057   178.176992   193.492946   229.456973   209.665607   199.134883   231.963221   369.060260   227.258548   184.858106   227.292520   167.973670   167.029907   154.260630   160.497593   303.411293   185.424365   97.242403   149.079022   1033.044720   776.645224   
112.000000   133.715320   178.398386   170.804793   239.314735   174.622482   154.660523   194.263644   204.158002   404.703896   429.469355   99.703436   89.909597   112.456335   170.618185   178.548800   195.162986   228.853959   210.085963   198.691160   232.499183   370.570446   225.442156   184.840017   228.901149   171.532801   167.310847   156.333307   160.149549   304.815567   187.286632   96.022924   149.977368   1032.860799   774.997327   
112.100000   135.210402   179.426441   171.687832   239.149462   177.429942   155.115130   190.710505   201.383188   404.997248   428.215990   93.728094   88.044611   109.780810   172.341740   177.931077   194.079396   229.276036   212.886660   199.070026   229.149183   369.051832   226.080829   185.433834   228.406835   169.129882   163.735884   152.724086   160.165203   305.684946   184.166336   94.604544   148.510907   1032.686002   774.700537   
112.200000   131.050651   178.421637   169.739932   238.954502   175.933272   153.701241   190.401532   201.516783   404.061910   428.625750   91.508095   88.076082   110.007196   172.173136   177.033270   193.683210   227.560878   210.794939   197.100101   230.083146   371.034905   226.267777   183.704027   228.512680   165.985224   163.714092   153.740607   159.764506   303.821688   184.514262   102.554484   147.920083   1032.411024   775.185148   
112.300000   134.482817   176.825639   171.273933   238.188739   174.589587   154.364398   191.743406   201.884634   403.862218   428.112505   98.902767   90.122657   109.703293   170.754748   176.126590   195.158351   229.526346   210.370436   201.660921   230.590892   371.104677   226.905526   185.312653   228.492494   170.972743   165.296968   152.560275   159.972788   303.684619   182.975276   100.010262   148.833299   1032.456852   774.666805   
112.400000   136.722271   178.943005   167.127545   238.362408   178.870437   154.370338   190.327893   201.189689   406.155958   426.992516   95.475586   89.675807   112.699300   170.483252   177.990227   192.914886   227.825119   209.815035   199.278477   229.671237   369.931508   226.259335   186.368015   227.578767   166.566597   162.379354   153.322637   158.566976   302.687190   186.938303   97.982452   149.041268   1032.121319   774.758555   
112.500000   140.025812   177.623098   168.873603   238.239387   178.912085   154.325358   192.111323   201.523550   404.432599   428.214269   97.476725   88.514491   110.975620   173.345455   177.329488   192.723507   228.714660   209.202860   198.835470   230.100819   370.136761   227.347051   188.121831   227.221433   167.377708   166.563071   153.813030   158.917648   302.994425   182.184449   99.444394   150.301831   1031.719514   775.117184   
112.600000   137.051457   177.563875   168.353796   237.618055   179.210809   155.284146   192.568171   202.542475   405.424961   430.302961   104.380087   89.221368   109.150960   169.882964   175.040036   194.180125   230.905766   209.546283   201.629633   229.897595   368.749312   227.302631   186.918380   226.601926   169.901981   165.833402   152.480648   159.581450   303.865695   186.749153   95.240712   149.896459   1031.812199   774.413142   
112.700000   133.199754   178.715335   168.522665   237.192470   174.824505   154.787481   193.956814   201.473861   403.599899   427.668737   100.785403   90.834705   110.563622   170.715175   174.685473   194.611865   231.130954   209.831029   198.474542   229.729525   368.197514   227.167053   184.372069   227.151193   168.788972   167.637189   154.762798   160.148219   304.222577   183.382710   101.056390   148.797541   1031.075035   773.544902   
112.800000   134.162081   179.317061   173.495361   239.299804   177.218624   155.728428   193.445733   201.901795   403.635581   428.847801   96.065987   91.373692   114.820336   170.876976   177.071437   197.026110   226.450524   209.644169   201.509356   229.650664   367.565884   226.882725   182.833489   228.534480   169.135223   163.844759   153.604305   159.233122   303.851189   181.216458   97.513066   148.630391   1031.446814   773.951917   
112.900000   133.365598   180.144145   169.836710   236.910219   175.601017   154.758858   191.969302   203.513845   406.211310   426.825005   97.423115   87.245522   109.627113   170.561921   174.645981   194.829138   228.071099   210.054906   197.954735   229.839249   367.771738   225.418888   183.776127   227.062571   168.636807   165.651413   152.317153   159.920659   302.368019   183.293012   99.771300   148.347504   1030.658022   774.060382   
113.000000   129.061202   178.009749   168.589682   237.573714   177.304377   155.358488   196.216677   201.372619   405.990342   427.395356   93.126931   90.202502   114.693272   171.870085   177.533234   194.797041   226.240770   210.118853   201.878959   229.880682   369.067188   227.800647   184.675493   229.888542   167.450424   165.831663   154.301598   160.519080   302.733179   183.597339   98.145245   147.574414   1030.902681   773.646333   
113.100000   129.485989   178.562411   171.570814   236.541024   178.300222   155.574266   193.794925   201.882357   406.334805   426.966796   100.478188   87.986416   116.220079   169.188960   177.359726   194.338412   226.229747   209.665458   199.192476   230.107638   367.762675   225.875148   186.330926   228.972370   165.933097   168.969926   155.062086   160.073322   302.266097   185.918378   103.127627   149.393449   1030.672259   773.549689   
113.200000   129.764608   178.934877   167.984319   237.103006   175.694636   155.041218   189.816993   201.033358   402.592780   426.500834   97.158447   86.905636   115.262870   171.559810   178.508448   194.131103   225.825658   208.687035   197.672789   230.174122   370.105157   226.433042   183.422747   226.649974   167.398050   163.461342   153.808993   159.311953   302.631665   183.291930   97.218695   148.287504   1030.885740   773.346533   
113.300000   133.317997   178.022899   168.862426   237.671564   175.434392   154.784770   193.215770   200.419974   403.761439   429.052016   96.721471   91.031250   112.862911   170.128692   183.715155   193.340899   225.780102   209.050653   198.117577   230.679176   371.941897   226.283978   182.883707   227.654809   168.465973   164.587859   153.689322   160.040918   303.904224   181.759532   99.307085   149.404564   1030.369087   773.353536   
113.400000   135.408513   177.628306   170.570799   237.297187   174.546927   155.467227   195.206834   200.856545   404.679832   428.326028   94.324168   88.380779   114.409446   170.096748   180.538596   193.999640   231.435844   208.483392   199.220676   229.952483   369.871888   227.449922   182.959000   228.835655   166.985078   168.742726   155.434469   158.619695   303.754880   185.224891   100.727612   149.709800   1030.114717   772.383026   
113.500000   132.602201   178.537160   169.718372   237.784118   172.413057   155.360869   192.175446   200.266617   402.631735   427.384523   95.490527   90.423309   118.594810   170.846114   182.800305   194.168086   231.158632   210.414465   201.510363   228.452388   367.873698   229.087107   184.657451   227.240804   166.950729   163.859549   154.848591   159.124576   303.229748   181.173713   100.200391   149.192956   1030.180666   772.628659   
113.600000   129.972251   178.042291   168.299678   236.750868   172.643523   156.040918   193.328706   201.973288   402.461913   427.135880   94.282502   89.557264   111.217184   171.734923   176.875068   193.486063   225.056958   208.957868   199.538877   229.140007   367.402172   226.493807   183.769342   228.263403   166.312659   165.564023   157.050454   158.711264   303.943519   181.055941   97.031237   147.167001   1029.635366   772.052708   
113.700000   130.999465   178.093706   170.154198   238.131054   177.272430   157.573706   193.847483   200.880329   404.812766   427.557390   95.236972   87.866604   109.177926   171.187248   177.377053   193.124719   224.922507   208.806896   201.115622   229.750477   367.638469   225.330700   183.616579   227.545226   168.094588   165.090528   153.822024   160.082478   302.297157   186.038003   98.877738   149.117641   1029.335512   772.100264   
113.800000   139.257909   179.125638   170.882907   237.961027   177.847679   154.050307   192.161753   200.757615   403.478596   426.217830   95.823153   90.174688   111.805497   169.738010   178.957140   194.120762   225.343382   208.804508   198.412059   228.509271   368.652715   225.843709   184.141553   227.018876   168.508565   166.439694   154.190196   159.056320   302.412956   182.894779   98.661088   149.080950   1030.158586   772.870595   
113.900000   133.353697   180.211657   167.822202   238.334229   175.635931   155.583344   193.182109   200.875173   402.545515   426.920016   94.764213   85.798290   114.925281   168.794305   177.465372   194.424425   227.674733   209.413442   198.293503   230.084407   365.974098   225.280622   184.915528   226.491801   166.655138   162.940976   153.502627   157.794231   304.491772   187.075138   102.600654   147.941458   1029.019412   772.844559   
114.000000   130.586740   179.277378   169.146513   238.257142   175.486302   154.810675   190.285105   200.829446   404.642890   427.018802   94.455149   86.127983   110.098406   170.769963   179.522076   195.084264   226.777535   210.283447   200.167880   229.332071   369.176000   225.760167   182.757899   227.482363   166.668375   163.364310   152.399226   160.944117   303.852740   184.417773   100.432175   148.488506   1028.785840   773.126825   
114.100000   132.486653   178.542037   167.910450   237.756070   172.662840   154.422456   188.270711   200.968392   401.987731   426.630010   95.200061   90.945219   109.353939   169.089172   175.938790   193.586742   225.370080   210.038385   198.850624   228.717968   368.080912   225.982378   182.793190   228.312994   167.044506   161.682544   154.197452   157.738790   302.665821   182.224332   98.383539   146.452739   1028.651897   772.428517   
114.200000   133.327244   177.688235   166.748791   237.091204   174.978779   154.093189   190.824279   202.663824   404.962774   426.608784   97.975010   87.125117   113.532559   170.110229   178.321125   196.130027   231.046241   209.171227   203.056720   228.653458   369.143752   227.779870   183.026974   226.745621   168.814173   167.654834   153.679263   158.641198   301.929677   183.967038   104.128141   150.201167   1028.502696   771.602585   
114.300000   132.623519   178.412672   167.042742   238.913423   175.947683   153.905029   190.599165   200.729433   402.720209   427.984435   103.480561   87.143638   112.032486   170.700417   175.713991   193.792701   228.469562   208.992980   198.679037   228.621214   369.128617   225.498945   183.448947   227.562292   167.070588   167.728160   153.672569   159.105861   302.072213   184.346149   96.592961   147.953670   1028.748740   771.658022   
114.400000   130.484258   177.766639   169.141016   236.746753   173.480782   155.704109   190.263809   200.166807   403.177237   427.320161   97.313260   87.390056   112.189125   170.773461   176.534191   193.121816   226.668049   209.276798   199.666098   228.319881   367.274608   224.806273   183.274037   228.616575   166.580589   161.971332   154.466348   158.904037   302.219486   182.452893   96.947509   146.986306   1028.711654   771.504603   
114.500000   129.949278   178.336982   168.660452   238.815160   173.273595   155.763913   191.412223   200.494852   402.145677   426.676068   93.185844   86.721121   109.765814   169.576134   174.656249   193.338168   226.349783   209.222037   199.196169   230.834383   365.073956   227.298960   184.140083   227.844792   166.593576   165.783720   151.550633   158.368075   301.900911   182.982666   97.222359   147.050196   1027.897235   773.024536   
114.600000   129.940299   176.597944   167.739372   236.362411   175.757179   156.089726   189.005957   201.925440   402.769048   427.056802   98.163640   88.106505   109.909896   170.787760   174.350575   192.269691   225.653758   208.988907   198.574717   229.822555   366.937236   225.927506   184.265224   226.869761   165.018948   162.619231   153.858692   158.443581   303.378319   182.162321   99.273154   147.187212   1027.955050   771.292679   
114.700000   131.218676   177.619664   166.767083   238.107617   178.300358   154.213144   190.184936   202.175591   403.721860   425.334563   93.810754   88.319906   109.184513   170.511773   176.804095   194.015228   226.646168   208.700463   198.742787   230.129781   369.542601   226.069129   184.563389   227.313749   168.832474   166.801670   152.952859   159.885556   301.384242   181.198751   100.633157   148.738161   1027.767023   771.832306   
114.800000   131.619894   179.039027   167.342086   236.867260   174.168021   153.858942   192.143879   201.242247   404.865378   425.067386   91.100833   88.884054   111.559084   169.860872   181.438097   193.861293   227.042084   213.116870   199.793020   229.001292   366.703660   225.108312   184.299790   225.692791   166.323150   166.279282   151.783210   158.937998   303.471791   182.643891   98.136498   148.091037   1027.409394   771.574659   
114.900000   135.351333   178.532659   169.837120   237.110279   176.552446   156.293635   191.255989   202.947994   404.333696   426.348604   97.770130   87.394712   110.014141   170.870820   175.903708   195.648031   227.806518   210.070692   196.862971   228.410478   368.075157   225.155989   184.965498   227.341836   168.251926   167.331137   154.108646   159.027432   302.121880   181.468216   98.643697   148.196670   1027.215951   772.384069   
115.000000   133.891412   178.167285   166.947408   236.668271   171.716818   154.140120   195.535805   200.781362   403.331152   425.652543   94.357735   85.723634   113.880605   170.366227   177.889950   192.595821   226.700877   210.525054   200.164672   229.966034   366.862219   226.861882   184.615885   226.717453   166.953368   168.179836   152.822587   158.116198   301.252250   185.811609   97.011979   149.662153   1027.206916   772.075410   
115.100000   132.648147   180.761974   167.019312   237.811296   171.256127   154.758779   190.380416   200.979936   401.828015   425.001968   93.004859   86.445756   107.425923   169.050269   175.707170   193.467093   230.400550   208.516977   198.342473   228.805333   365.370336   225.064547   183.973007   226.191361   165.020697   162.925587   152.775409   158.857063   302.199325   181.232927   96.096572   146.767304   1026.809394   772.066430   
115.200000   130.429017   177.169799   170.761815   238.662926   174.687945   154.331030   192.260004   201.796494   402.370436   425.077921   90.677228   86.179201   110.943682   169.907250   174.900024   191.805138   231.347236   208.742683   201.721562   228.486443   368.695989   224.598363   184.185518   227.191609   167.999874   165.971585   152.371761   158.568403   301.907167   181.830351   99.513562   148.691644   1027.158272   770.655319   
115.300000   130.467847   178.057983   168.630275   238.097805   179.515310   153.744281   192.600706   200.211219   402.487007   426.113393   93.391333   85.752648   115.079246   170.320921   176.981630   191.021612   228.512494   208.223857   199.636657   229.001213   369.678082   226.676620   183.401213   225.733133   169.326067   165.580190   153.527974   158.239153   302.115525   184.663858   102.535701   149.516158   1027.144451   770.664235   
115.400000   134.697490   177.954206   169.955070   239.204982   175.351555   156.125449   192.013023   200.028906   405.159550   426.664245   97.642311   86.872276   111.236774   169.206637   177.588639   194.164147   225.410533   210.420795   197.499018   230.909534   369.660664   225.470235   184.043720   227.224697   168.357271   164.526755   155.994542   160.261510   303.422884   180.441259   99.683590   149.399583   1026.354434   771.427129   
115.500000   129.749131   177.689955   167.648373   238.054906   172.084632   156.009186   188.302696   200.937147   402.463458   425.755408   98.206591   87.741687   109.674394   170.465497   178.763059   193.806584   225.756737   209.546336   196.639982   229.841202   368.413465   224.824851   183.214713   225.553243   170.587482   164.918332   152.222287   158.584155   301.810146   184.401234   100.622569   147.790843   1026.237009   770.320378   
115.600000   132.614904   178.714921   168.761867   235.817415   173.948876   155.371025   192.485571   201.207445   403.743844   425.624532   94.338237   86.023885   114.207773   169.411400   181.054294   193.167547   228.290448   209.374376   202.004471   229.092051   368.385173   225.745959   182.354431   228.181575   165.709588   170.321037   151.261412   160.002551   302.528249   187.161230   103.683274   150.445228   1026.485372   770.941603   
115.700000   133.593880   176.757323   166.618841   238.177671   174.686328   153.258155   192.338820   202.823025   400.975704   426.701677   90.577223   90.697031   114.098689   169.071188   180.317162   193.080002   226.280745   209.177514   198.066902   228.498886   367.050880   225.458946   185.152478   227.496360   168.867671   163.719139   152.612976   157.793878   301.728629   181.837403   100.774544   148.122383   1025.794346   771.001711   
115.800000   137.123444   176.924016   167.862388   237.764303   175.953376   155.991565   193.936521   200.695825   402.164142   425.628069   98.352425   86.844733   109.537516   169.550211   182.032698   193.124581   228.592050   207.745851   198.449032   228.918181   366.492617   224.913359   184.616325   226.891360   166.316337   165.153109   151.473910   159.236624   302.219832   182.353095   98.432872   148.703553   1026.380168   770.066087   
115.900000   138.789770   178.407843   167.234627   235.934145   176.531399   153.431528   191.994068   200.432615   402.573082   425.969704   97.740482   89.343516   116.022130   168.385424   175.335390   192.468473   226.066047   207.633496   200.536550   228.624601   368.341675   225.849937   183.296766   225.677655   166.931658   166.598320   150.971703   157.468558   301.025489   186.293262   99.216105   150.624049   1026.108604   770.063784   
116.000000   134.450109   180.373307   169.302418   239.157385   178.575109   155.244562   194.731573   201.035122   402.141629   424.828449   97.189845   88.091488   111.354431   169.207264   179.850606   192.203445   230.637078   209.080532   200.054145   229.270316   366.891814   225.384387   183.291292   226.160336   171.223546   162.933248   151.388910   157.879584   301.795101   181.628970   99.478026   150.064428   1026.119477   770.048246   
116.100000   129.092937   181.046618   168.584145   241.455956   175.660584   154.997528   192.438347   201.055383   402.432532   425.361352   95.267522   87.598661   108.010171   170.617799   179.426915   191.238511   226.697961   208.586997   198.443061   229.157285   367.516006   224.991249   182.410983   225.900594   167.174033   163.499964   152.407412   157.516864   301.709890   179.908596   101.505977   147.824043   1025.935179   769.603492   
116.200000   131.121196   176.419218   170.227332   237.564286   173.743268   153.716253   189.336708   201.227376   403.608275   424.746313   98.090206   87.556903   110.708583   169.598283   175.315275   193.519265   224.410410   210.373452   201.449217   227.532670   368.537093   226.481932   182.597995   226.770212   166.616423   162.992715   152.932442   157.670088   302.078694   181.338773   96.155643   148.617279   1025.927062   768.844235   
116.300000   133.087681   177.359849   169.817910   236.121766   178.103429   154.894215   191.062685   200.813862   401.143152   425.188277   97.686455   86.659110   110.786614   172.400205   177.406143   194.436817   225.764222   209.163840   198.720290   227.700296   367.135578   225.634640   182.449210   226.078874   166.872318   168.621475   153.100740   157.305874   300.841599   183.665924   97.451934   148.543768   1025.075697   769.629489   
116.400000   131.743601   178.495106   167.305047   236.069155   174.625628   155.044130   192.468282   200.264466   401.690816   426.805321   98.486156   88.067169   110.713687   169.715437   179.311990   191.958911   224.084411   208.476123   197.458199   229.263721   366.126779   224.771721   183.465316   226.532596   165.499192   163.476064   151.421733   160.385514   305.079643   180.121512   102.186479   147.082282   1025.066167   769.713172   
116.500000   132.423691   178.957176   165.904565   237.446491   171.794596   154.031409   192.170789   199.312034   402.025777   425.108535   92.998978   89.781589   107.974837   170.647254   174.844470   192.825445   223.851412   208.575538   200.488336   228.234105   368.508403   225.805642   183.309460   229.691475   164.249852   164.958333   154.084233   157.632625   301.099720   179.751567   96.257291   146.001798   1024.994976   769.005352   
116.600000   136.790220   180.066531   170.063609   236.164283   173.888765   154.597007   191.123832   200.357506   403.716291   425.912156   95.649486   90.250029   115.982750   169.225212   175.001055   193.048264   226.425055   208.076944   201.187204   227.470252   367.001597   225.228280   182.378880   229.468499   166.998029   171.811183   152.751561   158.783463   301.497307   185.938707   101.873875   149.553324   1024.733350   770.408581   
116.700000   136.794673   176.331113   167.225418   235.165004   174.345005   153.137667   191.511469   199.981262   402.796308   426.559507   95.724944   88.547157   108.945931   171.210522   174.722130   191.194388   226.975564   208.346472   201.616493   228.637987   367.747885   225.176134   183.362470   226.822564   165.599142   168.479218   151.065568   158.364802   300.391497   182.133038   105.740738   148.193907   1024.652275   769.268326   
116.800000   133.034122   178.941265   163.916094   236.028210   171.507168   153.199923   189.067018   199.688246   402.496043   425.677485   93.902153   90.636462   113.375385   168.666262   176.701545   191.589428   228.407172   208.494563   199.347837   227.807886   366.591892   224.539908   183.196532   225.849091   165.647527   165.016300   151.298613   158.403798   300.416777   182.354415   97.476405   147.412554   1024.362284   768.588316   
116.900000   134.153259   184.648262   168.015848   235.822071   175.446127   156.277836   189.391188   200.601208   401.706426   425.068783   94.323690   92.503929   109.170108   169.882186   176.797215   193.017888   227.474301   208.213658   198.532547   229.949244   366.703293   225.218063   183.462111   225.876190   166.032822   166.216216   152.391035   158.006097   301.053512   181.616070   102.185687   148.788725   1024.328239   769.028328   
117.000000   133.832415   180.102583   168.832557   238.859155   179.137845   154.338666   193.676151   200.596801   402.829194   427.298067   97.187349   88.851425   109.731847   171.357240   176.425830   192.303512   228.456912   208.759990   196.626470   227.419856   368.300379   224.507104   182.612682   225.098023   168.817489   164.550780   152.131967   157.500902   300.005183   184.665879   104.959154   150.509120   1024.013946   768.709147   
117.100000   139.675574   178.348755   169.186403   237.417157   178.729318   154.823975   194.076944   199.519546   404.685968   425.453296   97.693379   90.477564   114.128082   170.324425   182.048625   192.406007   226.762802   210.014763   203.348263   227.277133   367.156946   224.223877   184.131770   226.058690   169.015657   166.815363   151.556744   157.864352   301.294956   182.349718   103.151427   153.013041   1024.247917   769.135047   
117.200000   130.296250   179.622576   168.645630   237.732213   174.830129   154.131135   192.743937   200.202982   401.503018   425.005337   96.229029   89.467892   109.540206   169.186796   175.955370   193.827065   227.106670   209.214835   197.786645   227.695237   366.651749   224.584694   182.215362   226.544266   165.760818   163.807210   152.079114   156.743693   300.507302   182.249778   99.523841   148.387854   1024.406700   769.053037   
117.300000   131.395828   178.383143   167.380573   234.896847   176.972538   153.349820   190.078436   199.649173   401.360742   424.350789   94.573964   94.047202   110.139050   168.532080   175.559973   194.316103   225.453410   207.892588   196.949950   228.728640   365.928407   226.034338   182.081485   226.849150   165.050330   161.650432   153.112865   156.784747   300.426681   180.715054   101.735947   147.235641   1023.583289   768.232956   
117.400000   132.080101   177.650871   167.017275   234.601291   176.507418   154.931069   191.846861   200.578764   400.583858   425.209177   98.390267   88.672498   109.137748   167.780312   175.335812   192.497391   226.869555   208.730262   199.523359   228.628440   368.236238   226.326236   181.955881   225.038393   165.897889   163.085306   154.098314   157.962194   300.366111   184.644006   98.846783   147.725196   1023.944236   767.814856   
117.500000   133.381863   178.755692   166.041203   235.791707   171.663522   153.481941   189.763185   200.311005   400.367804   426.720381   95.639351   88.450281   108.530770   170.019403   176.021471   191.686195   226.101530   207.521354   198.186618   228.176037   365.816165   225.498519   184.107999   225.768646   164.548263   162.896741   152.689438   157.663492   300.453067   180.282769   95.519439   146.147988   1023.759742   768.793479   
117.600000   137.011580   180.620427   166.682591   235.977848   173.416202   152.823841   191.344079   200.754343   399.784506   426.349686   93.699427   88.599874   114.624147   169.382269   177.086877   191.642702   227.248943   208.243783   200.243100   229.299170   365.307519   224.340489   182.123532   225.800804   167.674177   164.566505   152.885723   160.228621   300.467588   182.036070   101.062993   148.511185   1023.628534   769.638405   
117.700000   132.849905   179.386168   168.454156   235.325120   172.488344   152.557406   192.613287   200.294009   403.200865   425.724952   99.263164   89.016089   112.594872   168.311736   175.890381   190.392529   224.593019   209.376739   198.047311   227.352762   364.989283   224.644252   181.417576   226.765620   165.437523   162.891461   152.587759   158.671451   299.655829   183.180002   96.046603   147.594040   1023.172736   767.622577   
117.800000   135.128238   178.044277   169.454826   236.633357   172.337236   153.966562   188.872875   201.009580   402.684096   424.196877   95.118246   89.692268   112.800920   168.920101   173.666735   191.236212   226.784563   211.183473   197.332062   226.893943   365.335228   224.518655   182.565612   226.223763   166.188900   164.459527   152.011754   160.504515   300.822846   183.458308   98.596393   147.745227   1023.053370   767.719625   
117.900000   131.128719   178.066806   166.409021   242.215264   172.003351   154.213517   187.895825   199.070108   401.976534   423.574855   93.669139   86.145713   107.949237   168.045321   175.557975   190.904716   223.675007   210.273980   196.917404   229.890748   364.494497   224.195799   182.199523   225.617567   166.992981   162.233417   152.974240   159.418069   300.695742   180.617390   98.641007   145.941316   1023.177271   767.790321   
118.000000   135.357573   178.997488   166.230612   236.582862   176.349250   153.179067   189.379572   199.589293   400.757155   423.748895   99.106262   87.829738   108.775569   169.347235   177.406389   191.497368   225.097366   208.847011   197.296729   229.442538   364.831526   225.728719   182.295684   225.849147   168.223318   163.130174   151.926574   156.130515   300.762143   183.310809   98.969763   147.232676   1022.685696   768.044486   
118.100000   136.560712   179.992862   168.730132   235.345775   174.784279   153.540293   189.917396   201.812253   400.378398   425.485974   97.882780   87.817350   109.777584   169.415209   176.988843   192.151835   224.004296   209.302832   197.728594   227.525240   365.826128   226.651753   181.951297   225.342397   167.029212   165.818223   153.436169   157.776204   299.734422   181.949729   99.205094   147.362004   1022.863983   767.558192   
118.200000   134.515357   181.323263   166.560378   235.542367   171.829326   153.574457   188.927273   200.053785   400.479599   423.789251   97.326221   88.576277   110.527067   169.121808   177.347916   193.532193   224.039153   208.884501   201.372296   227.720198   367.642244   223.753249   182.130264   225.435960   167.531070   166.641868   151.593551   157.962547   300.269912   185.282839   96.991736   148.241568   1022.461327   767.438597   
118.300000   131.657666   176.896445   166.716450   234.717682   172.901129   153.996647   191.681423   199.478621   402.195143   425.859868   96.243503   88.723892   111.257730   167.963804   179.166718   192.606136   227.231021   208.374247   197.471938   227.648881   367.079397   224.162948   183.874909   226.067335   168.837220   165.611531   150.864108   156.977752   302.117828   186.737681   99.303886   148.332765   1022.649014   767.399391   
118.400000   131.041360   176.152172   171.417156   235.674846   175.119621   153.644373   192.870352   198.711686   400.749764   423.796917   97.398057   88.750604   109.314311   169.856083   177.543241   191.180755   227.255814   208.269619   198.320822   227.629718   367.318000   224.515050   182.477427   227.854745   166.763540   164.412024   152.167044   157.405285   299.751124   181.661871   100.225645   147.347819   1022.812972   767.581943   
118.500000   129.762321   176.235445   168.927603   236.385221   170.807981   157.376610   190.589068   201.015553   400.742495   424.312840   92.491283   89.207693   108.603530   168.815100   175.630202   190.655473   228.296722   208.054115   197.600280   227.221064   366.193649   224.327827   182.639280   226.881149   162.975555   162.228512   151.580109   158.839641   301.460047   181.427552   96.904497   147.253846   1022.283146   767.538909   
118.600000   133.187790   177.020368   169.154609   236.116184   171.509429   153.123092   189.234428   199.406354   399.390651   425.296438   93.406736   88.589371   106.171356   167.695422   173.776872   191.213085   224.803646   207.822929   197.190240   227.670505   364.610027   224.999383   181.624328   225.798254   164.837512   159.848976   152.983778   157.797274   301.315791   186.134518   96.652546   145.565363   1022.522156   767.829374   
118.700000   132.216803   177.467921   167.510534   235.002758   173.715828   154.181217   188.467707   200.132402   399.740032   425.597313   98.547739   89.629160   106.590840   167.658156   176.715300   192.929765   223.886968   207.416462   196.491903   227.589079   364.557068   224.995699   182.270160   226.868609   168.913029   162.047153   152.106169   159.111614   300.440504   183.225496   97.497280   146.784805   1022.414026   766.638096   
118.800000   134.202090   176.114953   166.585689   235.117377   171.946967   152.009322   191.684192   200.486447   401.345927   424.376940   95.449719   86.041939   110.997149   169.673522   175.216792   193.128455   224.194143   208.002746   195.702156   227.319698   367.954148   224.664066   183.547813   225.482127   163.739065   161.510644   150.484651   158.632470   301.423455   183.522211   98.671423   147.500461   1022.205475   766.404825   
118.900000   136.767275   178.357669   167.634424   237.206248   176.688030   153.508854   190.074364   198.733533   401.347812   425.001766   97.047004   88.285183   112.888706   169.202010   178.622854   191.520793   224.876945   206.909469   197.429540   228.324710   367.087829   225.471034   182.651636   225.537689   172.088586   163.908922   151.070929   159.793125   299.628458   183.569911   99.153974   148.827948   1022.095912   766.756497   
119.000000   135.758452   177.240727   172.060848   236.511083   175.428549   154.920990   188.955208   199.832204   402.029553   424.685490   99.521851   87.128507   111.626665   168.773860   175.633778   192.291630   226.296940   207.813281   200.121926   226.712194   367.049488   224.746984   182.473034   225.878611   169.165263   164.257824   151.813587   158.487822   299.796149   180.531860   103.817389   148.909456   1021.825049   767.308446   
119.100000   133.903672   177.809473   167.096783   234.009281   174.136365   152.993187   189.491438   200.894985   400.156649   423.380456   92.987810   86.378467   109.379551   169.245295   175.915124   192.313803   224.157080   207.435213   198.621250   227.296235   364.157390   224.769430   181.719152   225.330722   165.021286   164.289975   152.196178   156.578762   301.256726   181.151077   98.032341   146.848559   1021.900453   767.601755   
119.200000   131.202761   176.739365   166.857843   236.074038   175.782279   155.521968   189.393226   199.536310   399.809187   423.927633   91.508518   87.238346   110.906714   168.792062   178.760870   191.962734   222.977203   208.367142   196.537180   228.229555   364.138957   224.718481   183.308734   225.206738   166.082746   163.581752   150.080337   157.844845   299.400544   182.224582   99.296805   147.880821   1021.739630   766.422763   
119.300000   137.833965   178.141109   168.720877   234.808585   173.589706   153.008886   188.986982   199.691446   399.329760   424.249198   94.067133   88.843121   114.536808   168.930820   177.841323   192.266542   223.258862   208.144952   196.261270   227.158006   365.361847   223.806477   183.559144   225.071329   165.993474   162.683731   152.106527   157.789378   299.571979   182.888354   97.747716   147.630768   1021.801258   766.329729   
119.400000   131.271434   178.249334   168.472334   235.774491   172.795726   155.182780   190.323155   199.436508   400.420396   425.090455   97.449321   88.369159   109.250063   169.305802   175.830033   196.283845   226.698291   209.250154   199.154273   228.970345   365.181214   225.183741   182.074981   225.378142   167.187516   164.101024   151.195125   157.155268   300.634016   182.705796   97.258626   147.927365   1022.140323   766.927182   
119.500000   130.620548   177.786781   166.113575   237.054508   175.817750   153.687706   191.176001   198.568138   400.310955   423.473164   93.763348   87.123870   110.954761   171.891081   175.645209   194.669548   227.430005   209.567668   197.089060   227.697282   366.478869   226.502289   181.273498   225.000936   166.798468   162.530709   151.620806   157.060035   299.578520   184.389512   98.200345   147.819192   1021.663775   767.686332   
119.600000   130.189826   176.045476   166.530236   235.320516   174.713238   152.143652   191.632246   200.567535   400.982242   422.632469   91.605727   91.026759   108.015698   169.237036   175.241037   192.575309   224.434440   207.978584   200.012202   227.825612   367.088832   223.368785   181.892673   224.770069   168.280537   160.740718   150.731835   157.139161   300.750454   182.629281   95.104693   147.252547   1022.149550   767.315878   
119.700000   134.366865   176.894943   165.992377   234.602945   172.383191   153.865392   193.022906   200.124040   401.797053   423.711941   92.628683   91.621426   114.015622   169.237078   174.351448   192.949851   225.359164   208.688381   195.749405   227.708971   367.279932   223.565445   181.532530   225.229264   167.079135   164.004610   150.930836   156.766167   299.755402   184.248963   97.187984   148.462012   1021.651473   766.478517   
119.800000   139.910344   177.425970   169.748031   236.767417   176.419521   153.162610   191.685417   198.895525   402.441606   424.471568   95.345545   89.681604   113.147159   168.153051   178.733773   191.968182   224.564870   207.591474   198.214933   226.403144   364.781543   224.886830   184.083390   225.278844   165.762377   163.913633   151.954893   157.067342   299.921773   183.794104   96.335546   148.777809   1021.310836   765.852545   
119.900000   137.731870   175.927138   169.378003   234.534648   177.418559   155.144446   191.558606   200.371222   400.693260   423.016371   93.776995   90.975501   109.666907   168.522193   174.884522   190.375042   226.860308   206.868433   200.710072   227.569552   366.892709   223.832332   183.035768   225.061022   163.928323   163.110423   152.531593   155.873315   300.175020   181.699461   94.229274   147.534536   1021.500445   767.333812   
120.000000   133.768096   176.433935   166.725902   235.542620   172.836204   153.549529   188.985422   199.145346   400.046179   422.730521   97.746543   86.950922   108.798234   169.879191   174.220863   191.400161   223.809201   207.658572   197.810220   227.500233   365.679621   226.101647   182.918431   224.904387   165.986286   162.733493   150.345944   156.426116   300.053689   184.869729   95.207161   147.813969   1021.383040   766.302040   
120.100000   133.676456   178.101575   168.044471   237.040006   173.832075   154.127337   188.351446   198.246451   399.984021   423.336171   93.559893   87.294768   109.044304   168.126957   174.815672   191.207758   225.336047   207.641836   198.868289   227.595004   366.083839   225.355141   182.654111   227.616144   163.535684   164.995177   151.427537   156.329650   300.826757   179.898673   98.207275   147.134239   1021.243168   766.010621   
120.200000   130.560310   177.169122   167.588110   236.448056   177.254542   155.377939   188.948205   200.433240   399.718716   423.387224   96.381676   91.970937   111.259390   170.314074   175.480122   191.157843   225.351102   208.308170   199.265937   226.969739   365.118210   223.505780   183.826455   226.397893   163.304104   163.157141   152.291580   158.300760   300.201425   180.151146   99.336917   146.923278   1020.871573   767.232808   
120.300000   138.384084   176.382260   168.963920   234.533068   176.867660   155.295525   189.395712   199.168264   401.673680   422.441036   99.460056   87.059651   109.120076   171.441072   174.193994   190.637468   225.972246   209.930621   201.084715   226.992187   368.554463   224.387157   182.167944   226.258682   167.544156   167.518209   153.117176   157.141133   299.730355   184.434252   104.807564   149.715901   1020.899296   766.728546   
120.400000   131.716541   177.653857   165.424382   235.214747   172.002805   154.651729   190.561330   202.125903   401.324798   423.226994   90.410132   89.775998   111.268070   167.867689   176.731553   191.144886   225.569002   208.003717   197.091702   226.137625   364.865894   223.903805   181.424529   226.571732   164.999629   166.050242   150.333021   157.586558   300.862116   179.901512   96.082946   146.292233   1020.695994   765.776131   
120.500000   134.673363   178.933772   168.075200   233.817123   171.537062   153.501128   191.736168   199.588635   398.984733   423.241260   98.542923   87.082698   114.573179   168.498875   178.780311   191.807659   225.884462   209.476777   198.619694   226.519873   369.434316   223.199810   184.233890   226.002208   169.551779   166.124321   151.792934   157.498490   300.185002   181.690912   98.108229   147.396463   1020.831396   766.065085   
120.600000   137.101622   175.581500   169.282054   233.963255   176.498744   153.912060   188.470694   199.482576   401.639640   423.537235   95.867118   87.044335   114.172782   168.027539   174.755880   194.413018   223.543609   210.907603   197.309898   226.394496   364.641728   224.509854   181.624667   226.092299   169.166170   163.626568   150.923859   157.991623   299.597373   182.626448   94.553619   146.653392   1020.733734   766.168883   
120.700000   131.160721   178.791566   164.913940   234.664701   173.729274   153.956484   188.112766   202.082485   398.593335   423.394718   94.163129   86.697023   111.863078   169.325391   174.263232   191.814014   223.911040   208.320826   196.869528   226.587591   364.765100   223.097334   182.804103   226.197772   163.790812   163.159141   151.822258   157.353589   299.774718   180.391985   92.197384   145.823377   1020.880942   766.660611   
120.800000   131.956022   180.186153   166.925837   233.922942   172.929394   154.461875   187.790631   199.466931   401.111537   422.563380   92.797631   87.738275   109.292768   169.718364   174.448429   191.331561   224.726736   206.539193   199.257131   227.107281   364.763616   222.933918   182.916627   224.907743   165.213248   162.521781   151.327716   159.144299   300.922186   180.604402   92.835444   145.947311   1020.653979   766.984223   
120.900000   133.820045   178.728545   171.113388   236.244130   177.026625   152.954322   190.044653   199.397578   400.378273   423.359180   96.919068   89.400585   108.528185   169.282557   178.765185   192.079989   225.603897   207.375129   198.019433   229.135219   367.649856   223.938944   182.166486   224.991616   167.900157   165.066974   151.431041   158.621790   299.993873   184.610576   103.428929   148.420756   1020.837824   766.059984   
121.000000   134.619407   176.403704   170.337648   234.736195   180.684756   155.554394   192.308512   199.700600   401.695533   423.451334   106.497286   85.588039   114.621802   168.590548   177.974244   192.363120   228.558792   207.825318   198.718054   229.400751   367.811463   224.763299   183.158011   224.941093   172.161767   163.765744   153.476012   157.208657   300.036204   182.783207   100.512858   150.523406   1020.204002   765.767137   
121.100000   130.795664   180.401260   167.464077   234.412603   171.523982   153.209181   191.036166   198.955690   400.364843   422.716737   97.530784   87.454938   110.350946   168.492586   175.603137   191.324553   225.258203   208.523709   197.509807   227.245521   365.145922   224.960561   182.442111   224.673649   166.663232   162.872139   153.280219   157.710355   299.724221   182.603232   99.429704   147.048929   1020.885197   765.869663   
121.200000   131.459642   177.206389   170.428965   234.706184   174.107703   152.524574   191.038021   198.269027   401.250789   422.946051   93.207843   84.840276   108.466633   171.770415   182.539919   190.999357   225.834025   207.404160   195.174054   228.450279   365.152820   223.664757   183.369254   225.409611   166.245123   162.700954   152.550749   157.063708   299.937836   181.093278   101.037032   147.849291   1020.404294   765.471586   
121.300000   131.613479   183.219470   169.656978   235.159789   175.547396   153.369215   191.373771   199.849687   403.743264   423.801186   95.718434   86.474410   110.982155   170.010973   180.113797   192.791556   227.640411   209.283728   199.101418   227.817614   366.376524   223.772957   181.196600   226.955388   166.357148   165.305057   151.242545   160.046772   299.484936   192.369890   101.946710   149.538265   1020.292789   765.270573   
121.400000   138.740891   175.654409   168.539825   235.959462   170.751879   153.245760   191.956371   200.464958   401.570448   423.161044   98.797052   87.445140   113.312616   169.108025   174.546146   191.636479   232.497742   207.074939   200.053641   228.176975   370.948084   223.733089   183.965970   225.909843   166.704824   164.580171   151.977654   159.367908   300.162756   182.018156   99.592074   148.988165   1020.043816   765.786800   
121.500000   129.108190   175.839154   167.125266   234.106142   173.969257   152.477652   190.605679   198.147732   401.203332   422.896260   92.823595   88.844125   110.998185   168.329391   174.368480   191.805934   224.995067   208.705408   196.675508   226.854245   364.111432   223.850262   183.372379   225.150163   164.990211   162.732402   153.929576   158.277829   299.151345   180.691032   96.494650   147.071884   1020.241755   765.647579   
121.600000   129.529373   176.449081   167.987385   235.894774   171.998774   153.435928   188.451296   199.167032   400.507776   423.388751   98.079439   88.807960   105.551728   168.628736   173.661885   192.449224   224.667023   207.975049   198.051319   228.162509   363.506793   223.554044   181.400309   225.034210   164.717266   160.265985   151.365423   155.631148   299.355604   180.968200   91.948508   145.507379   1020.104649   766.089646   
121.700000   132.297059   175.920370   168.753962   235.198178   172.993159   152.444922   188.129747   199.903869   399.261567   422.963435   101.844676   87.977482   108.739668   169.728786   173.750192   190.713748   223.697412   206.913684   196.121130   226.767761   365.537239   223.761354   181.411503   225.305085   166.116063   166.036226   152.631874   157.844337   299.724558   179.297802   95.469725   146.642816   1019.990850   765.330790   
121.800000   130.158988   177.276702   169.473048   235.154509   171.153096   152.870068   191.101299   199.751295   398.489523   423.161349   94.684084   90.829209   109.866662   167.228222   175.897362   191.332439   223.566241   208.471591   198.411022   227.490047   364.093261   224.233416   180.464951   225.434078   163.129602   164.949713   151.165006   158.807648   299.148917   180.142918   96.467881   145.445313   1019.941046   764.915520   
121.900000   128.973251   180.039331   167.001163   234.812381   174.381141   152.411501   191.016420   199.432976   399.431798   423.569869   94.771481   86.142196   110.203745   167.167941   172.777383   192.809701   222.714804   206.743466   197.409533   226.037329   363.455409   224.142100   181.120227   226.628399   164.918084   162.047371   150.627711   156.632609   302.050943   181.707346   94.118778   145.418976   1019.883311   765.452236   
122.000000   134.772230   176.892109   165.624500   236.759430   176.600476   153.842158   190.730039   199.024307   400.675913   422.540775   92.894060   87.401477   112.894650   168.440444   178.529591   190.841589   222.758610   207.427917   198.915179   226.184607   364.908845   223.352007   181.194250   225.120587   165.236593   163.454010   150.259583   156.805064   300.090936   182.323026   104.809500   146.672070   1020.041599   764.688068   
122.100000   135.526144   180.168165   169.850531   236.915977   175.861414   152.101102   191.767503   199.239974   400.044690   423.051714   93.548847   89.401954   109.770039   170.225468   176.390801   193.974788   225.140632   206.358497   197.263772   228.345649   367.613898   222.782525   182.824003   225.272199   166.904849   167.083153   151.653620   156.560614   300.232139   181.330619   97.968796   149.228069   1019.757862   765.081440   
122.200000   131.894279   177.724478   165.357317   235.083386   174.661020   152.797979   190.991230   200.733788   400.599094   422.925844   92.511076   88.047235   109.271652   169.815641   176.619141   191.485336   226.048660   206.923173   196.303920   227.069665   363.181986   224.581886   182.663146   224.905023   164.739869   164.773014   151.724060   157.474327   299.798720   180.402117   102.603626   146.567945   1019.766669   765.570126   
122.300000   132.864782   176.915296   165.877901   235.472529   174.783806   154.625345   188.687689   198.224301   398.257133   423.228581   93.276568   91.801477   106.512792   170.260342   175.336729   192.486253   224.200095   206.945408   197.037055   226.723690   363.076458   224.119154   181.146629   225.307454   164.850855   163.653072   150.312322   155.986916   299.539042   179.298427   93.660418   145.546164   1019.583308   764.999069   
122.400000   130.890227   175.830368   165.389160   236.997854   170.255196   153.381362   188.639805   198.413374   399.066841   422.531105   90.293927   87.160724   107.442920   170.027762   173.722865   191.402135   223.279226   206.948095   196.286857   227.299525   364.103781   224.016956   182.252884   224.412650   163.885008   161.268361   150.890892   157.182548   299.833421   178.737853   92.593174   145.446871   1020.051255   765.302101   
122.500000   126.783325   174.969735   167.124907   236.195193   172.260349   152.865679   189.263889   197.717822   401.594225   423.494589   91.730453   88.667678   110.199171   167.261576   173.857152   191.135295   226.219681   207.491272   197.823387   228.168560   362.550155   223.865115   182.195113   225.397007   163.235363   160.912380   151.960519   156.743741   299.214798   181.732409   98.103047   145.786033   1019.853136   764.954586   
122.600000   128.457966   176.972468   165.402400   235.577338   171.988923   153.930251   188.673137   199.661317   399.656302   422.997524   89.175334   87.235437   106.941087   168.993507   172.914536   191.601744   223.619091   207.017903   194.493588   227.504521   364.350440   222.897129   182.089470   224.839943   164.715446   160.663282   152.216989   158.510330   298.599219   179.758875   94.746494   144.822013   1019.204197   765.658651   
122.700000   132.630293   175.915634   167.908415   234.293297   172.940111   152.900027   190.910450   199.263188   399.959794   421.962835   95.770721   85.343856   110.348387   168.458614   176.243148   191.234167   225.152366   207.716845   202.292073   226.949361   365.855527   223.125035   183.044105   226.439634   166.677046   160.856501   151.259449   157.426714   299.712595   179.299316   97.243685   147.528258   1019.513199   765.619706   
122.800000   135.937225   175.109423   166.833781   235.043581   174.571570   152.663963   194.257475   198.050827   399.676050   422.159704   97.541287   86.642693   109.742815   170.152721   176.099525   190.670412   225.655997   208.290696   201.933029   228.169259   366.326578   226.695771   182.068480   224.639523   167.427440   164.245514   150.713580   158.680419   300.059495   181.768792   94.441778   147.437957   1019.827185   764.695237   
122.900000   138.804102   178.303254   173.000442   235.149009   176.423171   154.550647   195.475974   198.989293   399.901601   424.084056   100.316879   86.301377   112.871691   169.123224   178.929465   191.308524   228.677635   208.650448   200.405027   229.689364   368.773247   224.316655   183.109549   224.443670   170.627248   163.815577   151.510048   157.214700   299.142928   182.931308   104.144270   150.475528   1019.840120   764.776897   
123.000000   133.002433   175.992501   166.983444   235.381471   173.379187   154.152180   190.505376   198.887300   400.238592   423.479917   97.957776   87.060617   109.153675   168.889822   176.662584   191.239729   227.452439   207.088499   198.981112   226.985913   366.595929   223.791454   181.897295   225.041437   168.162870   165.926388   152.580168   156.771936   299.084439   181.823887   101.523385   147.585991   1019.474425   764.776410   
123.100000   135.470387   177.813577   167.918162   236.194455   177.048862   153.487453   191.088818   200.200213   404.880379   423.740716   94.287829   91.291988   112.351967   169.621044   176.220007   192.546461   229.664283   207.036273   199.854651   227.890392   365.339350   223.297884   181.124158   223.977682   167.388761   162.551056   152.655549   158.383347   299.468130   182.590181   98.897589   148.478890   1019.365820   764.731128   
123.200000   132.159631   175.546842   167.871999   235.263344   177.217862   151.809684   190.100134   198.814877   398.869830   422.620754   92.033482   89.749264   110.939320   168.827897   174.563241   193.639802   223.463544   207.991559   195.894534   226.640341   363.605232   223.292058   181.904847   225.886254   164.757453   161.763585   153.373570   158.085826   298.789586   181.353354   98.289798   146.613047   1019.163896   764.900006   
123.300000   132.012667   177.908101   164.787573   233.924910   173.231753   155.190927   188.043892   199.890278   398.723678   422.702798   89.858910   89.829701   109.462524   169.488391   173.838276   192.533675   225.215218   206.350411   196.320263   228.502034   363.740990   224.650186   183.001441   224.099067   164.011396   162.762348   153.135922   156.893891   300.219153   179.400989   99.077881   145.310786   1019.226533   764.894707   
123.400000   133.075408   178.673115   164.173473   235.206946   172.250954   156.220846   188.245343   200.791223   400.397876   422.354393   95.809132   88.129116   108.939843   168.248702   173.267658   191.496684   223.348238   207.458887   195.691446   227.376273   364.054259   223.209271   181.358988   225.845247   165.064234   161.747123   153.971474   159.047412   299.950195   182.752598   97.704819   146.017639   1019.158755   765.256128   
123.500000   131.246209   177.257789   165.529136   235.219273   173.505091   152.594730   189.068418   199.609627   398.691364   422.608637   93.258939   86.933328   105.870597   168.104543   174.524413   193.192753   224.222842   207.834609   199.342244   227.154791   365.612088   223.694759   181.408974   226.456443   165.398133   163.503824   150.819210   157.230736   298.892043   182.733365   95.509903   146.204061   1019.094506   764.706436   
123.600000   136.077913   178.104757   166.258079   236.188753   174.064606   152.834266   187.215247   198.774423   398.889960   422.392333   95.259406   89.118420   110.235220   170.908284   175.815597   191.508871   225.641841   208.357052   198.036559   226.233479   365.748286   226.317182   183.295068   226.712136   165.226514   163.534662   150.663222   158.546468   299.267875   180.876547   93.947903   146.828625   1019.697504   765.004551   
123.700000   130.249997   177.630574   169.854337   234.836966   176.296886   154.555532   189.906043   199.498224   399.332134   422.167089   91.698087   88.647077   109.014167   167.861677   174.045893   191.821195   226.974284   206.265777   196.006268   227.244605   366.601125   223.624926   181.457256   225.527170   169.274255   166.930606   149.350504   157.101937   298.995973   183.564550   96.574367   147.159131   1019.784854   765.832194   
123.800000   131.680222   175.835109   166.170039   236.033625   172.078804   151.549740   190.988308   198.089425   400.531229   422.771607   99.840557   86.190027   117.349924   168.740989   174.840985   193.457765   225.302847   207.914067   200.208316   227.940947   365.094721   223.189731   181.954925   224.373378   166.130036   164.729846   151.139639   157.174983   299.885807   182.641093   94.744326   147.536747   1019.161150   764.749539   
123.900000   129.727730   179.621720   163.863369   234.588591   173.190537   153.832752   190.978543   198.279128   399.593013   424.200327   91.180212   87.873271   115.558306   167.118276   174.423385   192.117080   223.158121   206.676992   197.197125   227.415944   364.783175   223.459497   182.569176   226.555079   166.275263   162.128690   150.633270   156.144439   299.394389   179.704056   96.134377   146.705910   1019.469336   764.911529   
124.000000   131.626325   178.127129   167.414993   235.598469   178.244952   152.314474   189.719266   198.506211   399.038747   422.004498   96.249359   88.572443   107.679187   168.431285   174.118349   191.207699   224.345129   207.839708   198.089664   226.466246   363.869080   226.088750   181.178279   225.363986   162.711989   161.402035   149.538693   157.013883   299.796552   179.166231   100.134596   147.611366   1019.340438   765.937731   
124.100000   130.138980   181.192778   169.912137   236.291850   178.299024   152.563013   194.169693   199.111717   401.982305   423.169090   99.416468   86.468330   116.319260   166.919387   176.494841   191.064938   226.974345   210.234743   201.369486   226.612909   365.977214   225.418537   181.671376   225.763568   165.502850   163.616428   150.657322   158.285594   300.568236   185.054909   101.756109   149.797693   1019.293611   764.368882   
124.200000   130.900286   176.889023   167.952789   237.821048   174.952832   156.761961   192.830749   198.708355   399.989950   422.554148   92.970416   86.123059   113.717734   167.691214   174.775469   191.342575   226.481228   206.903890   196.637014   227.322431   363.865541   223.358780   182.174810   225.456834   165.047392   163.069343   151.979635   157.046558   300.557593   181.674258   97.261087   147.887300   1020.027772   765.686036   
124.300000   130.786007   177.523660   165.878765   236.782009   177.035751   153.693244   190.953406   199.488019   401.067779   423.863234   95.918722   86.340357   108.941276   167.140136   174.962810   191.388174   224.937227   206.748314   197.963920   227.830740   365.569106   224.101807   181.411628   225.023071   163.486690   163.057414   151.941184   160.033720   299.425561   182.733834   94.800422   146.910642   1019.445785   764.216687   
124.400000   133.431220   176.295889   166.726082   240.376538   174.502355   155.136869   187.313261   200.398156   398.384454   422.555275   93.768186   87.027527   106.334462   167.767146   173.083935   190.207997   224.261357   207.126258   195.729805   227.926535   364.767739   226.383906   182.508744   225.159615   164.190400   163.476813   151.632017   158.866244   298.620123   179.614941   93.724518   145.191573   1019.237981   764.439028   
124.500000   135.413748   178.271921   165.516716   236.432598   170.478034   153.089574   190.858509   199.982308   399.665340   423.494154   92.775766   85.878142   109.330919   168.290087   173.678320   193.437339   224.656439   207.107503   197.495173   226.948424   363.605850   224.229768   181.671557   225.835360   165.336210   162.796917   150.234640   156.634697   299.454664   181.202232   96.648097   145.928033   1019.072011   764.304483   
124.600000   131.701736   176.972108   166.729494   235.163816   172.603057   152.534318   189.388643   200.012179   398.752844   423.282952   92.018162   86.940907   109.245722   169.164472   174.922995   192.647379   224.356649   208.922276   196.005216   227.769279   363.394913   223.313101   181.115680   226.706694   163.812036   160.940247   150.943769   158.025191   300.440950   178.355793   94.956725   145.649754   1019.587345   764.548646   
124.700000   128.749770   175.568352   165.151662   234.176217   171.886157   152.404082   189.413074   198.797635   397.974632   422.960870   95.158250   90.152379   106.326218   168.856901   175.098263   190.716189   223.012497   208.546802   198.250863   226.835889   363.642824   223.119523   181.048261   226.835945   164.045810   166.208442   150.985530   157.462181   298.823824   178.719505   94.751769   145.936154   1019.130099   764.656141   
124.800000   138.095836   175.318770   168.505999   235.137144   173.837795   152.631888   194.890530   198.792738   399.469170   423.076802   100.834813   86.737834   110.290687   168.726897   176.613755   190.584012   227.688544   206.933889   195.251008   226.761855   363.798618   222.821300   181.732032   223.690668   165.594375   164.405702   152.363871   159.497206   300.039943   181.285066   93.972253   147.015350   1019.228912   765.021569   
124.900000   135.616294   176.120176   164.329916   235.202122   171.062674   152.675124   191.448979   198.717130   400.124812   423.367856   96.849440   87.901336   112.717682   167.129293   179.375927   191.040416   224.335188   205.975712   198.099643   227.862521   364.584010   223.269222   182.204418   225.309172   168.506757   161.750593   149.852647   159.571459   300.145311   181.297990   95.831416   146.713518   1019.366320   764.287907   
