0.000000   121302.497359   135149.236393   257743.862920   312902.143095   213404.536194   158667.938205   394799.946122   233855.010270   959426.184033   384767.359286   451772.593877   140728.153202   180416.432607   197887.247777   262531.555679   188135.879259   108234.642494   223751.845964   209944.933628   318981.869047   865663.342132   124932.724708   206996.735606   179501.891560   298088.992660   210459.447888   119345.061944   228383.466655   138043.978080   225874.522874   162095.310889   227902.242734   382851.340324   2035761.308773   
0.100000   271145.020445   312207.629853   285785.086002   422447.834050   332710.253827   298302.173832   988348.929313   701885.357694   1964585.824041   1554319.085486   302892.008650   199216.060530   288237.617937   193448.743391   483481.719701   442014.084653   260156.655341   588807.647278   391013.562446   632779.556214   1858112.347472   288687.690037   304527.627509   504392.431941   555564.094591   311722.638495   203347.659420   337853.408918   510719.112902   305521.576438   269148.560404   389689.517953   796023.407972   3054630.727342   
0.200000   207510.586891   178048.306644   255052.165977   251147.988132   289280.032952   205137.025141   665090.569170   511252.615407   1419365.931664   1273646.081142   199216.883248   122943.794262   166039.813019   137118.484733   298814.755080   355488.644066   198690.188939   258403.113667   324185.983382   410382.446912   1589200.387553   217622.175322   222678.783460   258331.642496   351098.209046   188264.653530   122670.969666   224133.111457   241156.254912   269676.503912   166982.481781   206063.292546   619873.204007   2216927.662760   
0.300000   169325.736305   98829.687287   181833.024022   147143.258566   221629.611139   180107.027981   509745.430988   498831.757200   985571.164646   999274.068093   148852.722157   67686.657329   132056.645861   112442.339639   283241.438451   267719.068135   152763.124417   153696.239870   240404.813978   393412.169991   1018148.383776   167794.730792   247615.014070   251635.496462   311521.835679   168899.224050   83440.114929   148501.466249   161774.345858   197924.227116   122794.308421   127599.340808   556811.701700   1765531.463069   
0.400000   108975.117204   103850.989267   122832.673411   116995.539676   189253.292733   162584.760708   506497.646723   472666.740599   1050799.137972   891195.401861   100402.891639   63222.591661   117077.536441   109197.475505   312991.015243   238072.288166   83956.930113   144751.904794   172708.218813   409122.977153   1022275.413210   144839.456472   228168.206042   263296.606764   287080.701169   193357.864062   90733.732713   128856.993528   151915.636486   136303.861796   109038.570068   116375.635369   563300.737514   1810408.337436   
0.500000   96156.372812   93255.838010   109548.279791   108951.192048   166317.606599   118621.951986   432968.694464   386194.824720   877632.330209   777826.220096   85146.848704   55083.699910   96493.814133   77173.493021   245974.535252   206394.246480   100295.420908   104392.334019   160562.453653   316410.413247   810380.529259   127232.330714   175387.287229   189362.076028   246420.931804   150174.336809   61025.248037   100661.452260   104645.713507   128979.684459   87782.585096   111264.989059   450978.032217   1468571.640582   
0.600000   98040.372567   59843.241819   103069.351533   93343.086877   128844.217056   100569.301451   283668.846426   235713.360083   568585.692223   453226.763846   75177.076798   41798.496433   69190.361492   70728.489654   172061.329867   137421.438520   93299.130838   89163.457751   142562.662893   207457.501961   531875.694998   90179.918821   132133.770965   142387.108765   183604.451093   106289.194066   60553.738276   88249.666264   84976.516186   111054.427309   70847.087260   88060.099663   281084.880486   978182.852260   
0.700000   56146.892841   63993.074480   47665.499565   90894.476399   90044.816606   93510.850492   284866.636664   250549.163900   593019.478891   505739.106343   42588.310067   42812.534777   57939.656545   53386.609926   175977.553113   127872.005589   55000.880830   81647.347730   75060.947279   224473.595470   503265.339927   72235.555661   126485.939493   145256.081596   147447.485248   107345.076346   45192.068708   76779.789860   85494.042286   58302.089832   48512.513510   78926.153198   307754.785642   960896.343050   
0.800000   55679.345905   60865.819038   57552.675625   77992.383740   111360.955631   103242.724633   303797.837211   269292.029511   610046.967924   502644.395156   46079.737307   43255.531427   66856.637176   65486.543791   187318.255803   144498.867804   57804.925227   82559.780383   102342.832371   237684.343114   501574.104718   90201.949286   142848.666207   160162.964207   171280.095826   113492.124076   52715.664062   80781.892198   90197.404269   76388.413284   57951.423617   75411.056026   324440.882768   946181.010296   
0.900000   44923.570285   52942.291301   45569.681001   67170.566984   100772.206266   103553.641912   262155.959603   241972.114768   551900.139481   452596.200075   38381.192927   39391.955510   66622.723882   62126.929246   180378.477329   127030.276960   47323.816299   67810.584943   89045.810493   221278.523027   422158.595714   76999.721535   133710.440585   151017.016873   150442.626830   116615.612922   52329.155882   78233.958673   83873.554324   69480.800553   54103.444481   65471.469803   297909.371283   842433.600363   
1.000000   48952.332722   44953.727044   39050.886867   60610.051072   72271.881143   68699.337722   200080.297878   177062.078436   412706.391656   344167.181577   35212.529412   30088.580168   42788.030990   35381.753182   124540.701662   88483.428908   51279.405690   53425.211193   68121.268163   165291.704042   359476.768340   55733.202136   95243.340338   112774.091305   110758.694067   78571.763211   30431.740515   50997.313288   60687.616262   50172.467532   35241.158412   53529.056753   224616.393437   637242.196365   
1.100000   28233.114501   34248.203828   31079.654975   52424.002721   54066.382723   46735.061338   166804.889244   148083.361621   344595.211831   297968.980491   27037.270840   26158.920563   36241.033069   32272.685321   94929.283140   78412.145603   29806.368239   46005.862371   50517.209332   118693.615427   307855.152838   51061.346932   66768.269161   71550.354651   86902.536088   55972.521400   29625.332304   43225.823964   43255.684157   40971.845826   31342.361444   39642.455173   171121.131107   558616.297894   
1.200000   37268.344511   31689.769357   44487.101812   49810.163643   72126.446299   61797.013197   180005.972239   163602.649460   350969.558838   306267.383516   29779.811833   21796.965656   42450.523966   42404.626422   106433.156596   89467.493527   40009.939759   55238.015020   71016.833052   144451.604404   330986.039887   60531.610919   85340.424141   94160.510895   109881.253933   64340.351775   36188.396250   55744.336779   58523.488963   54825.374996   38614.031636   33053.109683   193655.262022   593062.629455   
1.300000   31802.907296   33812.406154   37547.744997   45466.739952   48879.166579   47819.532206   118827.339174   113922.169416   251969.734594   217518.070694   30732.501841   24575.507459   38452.707741   34264.312714   72166.900368   67861.441972   31740.355081   49956.960578   50953.334695   101262.141954   226031.662291   48617.273282   62309.108634   73079.698469   71226.425278   49253.200634   32466.313067   45277.510187   50443.970578   40429.201590   34026.181246   49646.868970   132207.403294   425613.255887   
1.400000   31147.471285   34974.194939   34640.903725   43263.992895   49100.042979   47746.914201   120097.061874   108405.814823   246277.338976   214156.151828   26434.075079   23747.827193   30157.064739   25498.830806   71009.521683   61790.241206   29782.012704   41933.601095   54139.984261   92334.905250   217470.749389   40702.497218   57846.267137   65220.254418   75230.858755   46491.870692   25127.936268   40840.122678   44905.507587   38569.503133   26387.439916   40121.863975   127429.383415   415316.949699   
1.500000   31284.539689   32091.000378   37858.588588   45326.053891   48422.263250   51466.272799   122272.772441   104353.874850   264133.733283   210060.075933   23851.286996   23869.808281   32323.350801   25706.138696   73077.574595   55744.023656   29662.620805   54190.014475   47872.457015   90209.966738   222627.967313   35426.230894   57513.925173   64930.227624   65177.109765   44288.193934   30993.677739   48672.609418   55855.526703   42160.595653   31722.950779   41111.341858   126277.209065   408578.368478   
1.600000   34508.413209   43395.578750   35839.722092   58479.236830   45715.888085   44717.291300   123991.325633   109270.400601   258109.123081   210379.187961   23573.611493   25262.962105   29930.695466   28195.700390   77455.770440   57441.191654   34007.374159   47723.888986   40121.624269   103417.966768   207807.027907   34492.106832   60200.636637   70138.149760   72685.449309   47284.676593   32743.726924   45275.725082   42716.154833   32648.548028   28149.989272   27457.340463   136327.759448   394573.847326   
1.700000   29174.452564   33088.144615   27084.936853   42710.870622   37182.960503   36715.812749   102501.298491   93142.574520   218999.517119   186454.738753   24460.760724   19633.678281   23124.263318   21483.283675   61903.848911   47022.938109   29337.251670   34901.615763   38210.056837   80404.666611   184995.722277   28944.894617   46901.137751   52960.724934   53284.435688   38454.538246   21813.389872   32882.077725   36790.798905   31171.940191   20669.796428   27363.993333   111669.313701   364224.519127   
1.800000   29535.609507   29763.848346   32937.973013   43474.972613   44798.302816   39529.116150   116765.903162   97857.555077   240948.868251   184925.564435   22120.910247   16481.512628   25760.513760   27163.251488   71133.746184   53626.577379   27067.114391   42699.296170   44773.889684   85694.215900   193527.694788   32307.745134   51994.282941   55841.559265   65931.689184   41961.678111   23352.231902   37621.345828   38727.161179   34500.896905   23107.777317   24190.721117   118193.003361   390456.283301   
1.900000   39103.920637   21914.213338   35731.985939   33401.569235   36177.236878   34165.277528   91048.909751   78679.706057   187484.594222   152831.970623   26495.945557   15247.607205   24117.037281   20560.964152   58799.019431   41697.586711   26796.145673   32077.633185   36582.930972   75076.058311   152268.526027   25833.978210   44040.046408   51410.943221   51980.298608   40244.707406   17696.272328   29788.812917   31750.628849   30293.267618   22211.113434   28014.011051   100134.383279   304816.292677   
2.000000   33550.570743   24000.175229   38895.155858   38435.789885   43688.264202   33524.750284   92017.974768   85911.527721   178863.608679   156673.465859   20427.086892   15191.161431   27352.476192   24928.522396   50891.636496   49149.939832   28982.860976   31839.912622   44002.716077   72334.700550   163982.319901   31823.236902   45506.582339   47428.410637   60980.431190   31462.725140   22743.097740   28483.876171   29886.202042   37961.513225   24442.728769   28105.726357   96545.694387   320986.490159   
2.100000   28732.259474   26126.051139   33849.361255   43089.177863   40710.563725   35282.487450   88152.509224   73510.861396   169451.121376   133408.051755   21101.288478   16030.203300   22296.949615   21341.774652   51195.266638   41616.082575   30212.340830   38276.278933   43385.843587   66114.009052   137476.471055   26074.198832   43652.273827   45095.307948   54791.124303   32988.727916   22306.125327   35219.915095   37311.861453   33635.982317   20039.045591   23002.195069   87758.713118   289791.078534   
2.200000   26476.585728   23672.176773   23774.017847   35595.017098   23992.424599   21979.648038   60301.060021   55278.567811   120043.092994   106716.758360   18511.127771   14292.903008   17358.452362   14868.260572   32442.842525   31852.557807   19464.997505   25090.245123   24594.206625   44657.709987   115210.757817   21850.181038   27465.399651   29502.080907   33812.994157   20073.934878   16257.110418   22151.344776   23620.998058   21845.095776   16514.543633   19289.018836   61279.693036   217722.887247   
2.300000   31553.794690   27669.859126   36139.669444   45460.900851   40333.524761   39413.564177   72942.999800   63822.493017   132207.893501   114130.230040   17653.041474   13197.774920   27515.420749   17984.310063   42923.101158   35925.167627   22463.634225   44325.713597   42613.565583   62252.382591   105325.102875   23332.918922   39852.357106   49542.319503   49615.570573   26157.060914   18017.323905   38668.485549   43111.306832   36757.605211   26932.351302   23800.442444   78490.486454   226663.180073   
2.400000   24374.060391   27477.257382   24260.315669   33769.072499   34207.561212   30797.358509   73739.915871   66992.127368   133910.051765   126738.713493   18710.682743   15636.977344   19747.910542   16111.516323   40553.212982   38351.040100   20401.805956   31266.666029   34452.624437   58570.928331   122214.267288   26750.786557   39315.607463   42031.841520   48230.917828   26973.024381   15378.201202   26364.770175   32680.754723   27305.485841   16650.624008   19955.808623   76001.718348   233881.177541   
2.500000   20292.557403   19321.852457   25145.735827   27052.536133   37978.782403   31160.281070   60195.232435   57658.542112   124852.629403   111188.429192   18883.851473   12667.619423   19502.056979   16495.042947   36983.875622   37445.849367   16940.688370   27352.404704   38928.475943   48728.527500   118568.826973   25324.093258   36716.731338   39988.509852   44734.841107   22771.581204   15209.762614   25318.103747   32986.643542   32571.196841   18036.569439   21330.181600   63682.673562   218395.243735   
2.600000   25698.792090   17922.494707   25516.508195   28603.053047   35572.220846   25295.273430   75376.787882   62609.965274   150224.757461   120447.360121   17368.628489   11429.157458   17811.422287   13955.067011   37077.793195   36927.463502   22145.532682   27864.404399   35172.657710   51154.594273   141146.214792   25222.428809   31794.199539   34479.327346   47791.735886   21020.694980   10983.192380   22500.003914   28140.465290   30828.743170   16550.809864   27238.166218   72411.893051   280162.160903   
2.700000   22726.832217   26845.408991   25308.353419   42322.125888   29825.514807   34023.480366   73295.592710   68110.302797   146719.405369   131469.406178   15154.397934   16103.993975   16202.794899   20316.572891   36350.753798   37766.650441   21450.541826   37626.557093   33916.866768   57374.037744   128690.208613   24238.750584   39217.358180   42253.997343   41624.182638   20566.733619   20713.925195   31880.564196   36564.652151   26738.969745   15141.814136   22439.405765   79484.851377   252606.028426   
2.800000   17612.283088   22002.493949   25812.817077   30939.122217   28526.562463   25496.421942   65813.650262   55222.593156   128092.974700   112052.463293   13069.754348   13336.595329   21053.144530   12508.111506   39137.536876   28517.297487   16485.967731   33753.082384   27415.655986   51625.929244   110158.003766   18145.845576   29606.597233   35758.402242   38729.237278   26110.593939   14794.397577   23865.592435   31592.052262   26249.001105   18596.730385   24209.793456   70222.572101   219350.999095   
2.900000   19096.088056   17955.936220   24142.855796   33971.337569   32212.064315   28495.095359   65851.433637   58300.977188   126918.654550   110249.330878   13550.522066   9633.967103   19249.461433   13593.369339   39412.763313   28287.810646   17884.558946   32580.152653   32608.695142   56134.012090   112593.145685   15854.286966   34535.355050   42007.686510   41985.440035   24814.611552   14208.082109   26770.749414   32259.035373   25286.339297   17019.342313   21850.876980   71802.951891   212654.804720   
3.000000   16144.274439   17996.476713   23930.601655   25841.302048   27354.540666   26656.917673   54562.299048   52597.492031   109721.264140   99098.536556   12078.758825   12462.055391   19216.538803   15299.324114   36950.728175   27639.999722   13946.223796   26776.160218   27154.092883   44378.074807   106298.041897   17077.172364   28720.224805   31649.285164   32607.485638   21190.777732   16902.348866   26760.218464   29104.788624   26372.177770   19031.339620   16240.222329   59883.982223   195672.293107   
3.100000   16480.562498   18705.468865   25407.730241   31131.847787   28900.298824   26062.399278   57764.233154   49937.794129   116300.592240   97106.357184   9284.491080   11317.392990   19106.879512   13852.286430   35685.603982   24305.541864   15177.738468   32818.097275   28093.184788   48964.953737   107081.343368   13348.576108   28828.904702   32861.441690   34833.282317   24453.095728   16139.872383   27265.827747   32032.541631   26380.458823   17399.462579   16175.617320   64490.336973   205054.916207   
3.200000   20834.205511   18764.120610   23803.768838   23013.436965   27113.370327   21679.965809   53380.686869   47343.976829   95703.774741   82732.130091   13197.123301   10850.498663   16350.127507   14502.415573   29382.922476   27586.537719   17439.782152   20388.928317   27190.794245   41658.186447   89143.223252   18029.307537   27284.500430   28643.967942   36827.868753   14796.507875   13402.643581   19221.965830   19945.903848   22978.316738   15907.905796   14705.765632   54018.962185   169719.392182   
3.300000   20187.515940   19320.460176   25225.567800   20458.669612   26275.027031   21935.777646   43306.373873   41177.084039   83734.222409   73079.848354   14513.237802   11232.568799   16022.655145   10962.147282   24107.253948   24776.554584   17828.157539   24376.603122   30710.452314   35305.175586   78709.566783   15499.234178   25345.289359   29713.388251   30753.144645   15484.511117   11601.847687   20430.543173   26804.078904   26234.507806   16543.017355   12324.659468   45431.565444   152988.128282   
3.400000   17925.705356   14656.714018   19501.853741   25645.195340   28713.182856   26798.275775   55433.985145   46866.286107   100449.319373   85247.279500   12792.918479   9127.021295   17208.921432   15262.926749   33064.981311   25753.745320   15299.614954   22224.827496   30145.911572   46221.132323   90015.164217   15909.484218   31122.885181   37299.897198   38426.742617   20125.549716   12216.816841   23255.319535   25616.939515   23114.463980   15967.555038   12825.224179   55988.078190   165546.298332   
3.500000   14194.764960   12294.247327   15408.678282   17131.029263   20283.237516   20020.040657   40576.191450   35603.376340   79246.962438   68333.806459   11969.037225   7865.240279   11118.887304   12073.342038   20759.766068   18725.601629   10987.602321   20657.526489   22203.672056   31828.104724   75144.323655   12192.485677   20981.140910   23737.418941   26003.878287   12844.712393   11488.123991   18618.151838   20440.782842   18504.675950   12505.522957   12054.687752   41686.736262   140323.644580   
3.600000   12087.339214   10903.480653   16222.648452   18312.227426   18232.632058   16971.040440   38152.762917   32315.823480   75602.764371   61910.329600   9993.898838   8512.126267   10464.358139   9552.436586   23279.780118   19563.420298   11158.519559   19481.736972   21189.541448   26001.972699   72843.901880   13748.496860   18847.701148   18309.311552   22995.876105   13104.026979   8985.772805   18524.318777   17737.968463   16969.515800   10470.635700   11883.359009   35967.131981   129577.779660   
3.700000   17279.696607   15592.291562   15304.829817   19168.548392   16414.701461   16233.522442   37816.335786   30086.454054   75905.764853   63768.986544   11849.144610   11629.526910   10449.828615   11622.988106   19715.797750   20254.116787   16363.471593   15728.157996   21797.609468   23702.299030   70416.241308   14224.434622   16895.165692   16226.864202   22140.203175   10459.543431   14423.192371   17424.033503   14896.752633   13884.802406   10241.093526   14172.756081   35186.064954   133247.965904   
3.800000   20309.352724   17070.635893   17298.767723   22034.750015   18079.198351   18385.560610   37130.380153   32688.887778   74201.760356   66489.351645   14367.361365   10722.840403   11695.344841   10208.949848   18643.209269   18769.064787   19563.694233   19738.908225   21614.347996   29545.976672   67762.308696   12883.260609   19775.864638   21443.332879   22729.840785   10606.158475   11324.341578   18436.337930   18286.659937   16738.495393   10701.421135   16316.377935   40299.505103   128000.875523   
3.900000   15114.598818   10514.667683   15000.257966   15413.489290   18694.033763   17581.690139   33024.725745   31962.514544   63791.285824   59873.975344   11220.554180   7352.926081   9946.470282   8948.851799   17713.601398   17229.121184   13102.601560   19346.350801   19179.462884   27831.876701   60120.407171   10231.216208   19452.508889   22800.035974   24546.334776   10700.550543   8736.984454   16194.858351   18092.500450   15406.552087   8921.238142   12511.137970   36270.829998   101956.898848   
4.000000   12747.878594   14577.765226   14294.761481   21855.182264   17104.052163   16503.190755   34119.917036   28527.559317   63255.797153   51936.675218   9652.840155   8597.797878   11979.686259   7599.244251   20435.922423   14139.796214   12459.749601   15192.006144   14460.957192   27447.477077   55961.382045   10209.163268   17947.978146   21226.869111   22400.443314   12926.596537   8305.709803   14580.125765   15816.029303   16186.385212   10506.215765   15939.901786   34922.894697   94646.845913   
4.100000   15716.869596   15393.676168   17368.624311   21092.155868   20438.458587   18664.084109   35672.700792   33713.199419   67596.915067   58870.361913   8406.137603   9494.450508   10494.844810   10101.365917   18349.213649   19389.121877   18062.032762   19130.036274   24203.834217   29864.197294   61056.872846   12274.919420   22319.971507   24005.743197   27075.770781   11035.208036   9650.031383   18146.833201   18812.960204   16192.762901   10598.255904   12968.194496   37292.154343   109777.710665   
4.200000   12789.909321   11563.304912   14275.772929   14171.580682   17255.066825   14112.087818   25833.321573   22924.848012   51141.671425   42900.469815   7458.847722   7745.114604   10425.037767   8170.290812   17153.021639   12944.198955   12127.254639   16448.201993   17833.404795   23611.864057   44854.815063   8704.699301   16110.463989   22003.991261   19086.309488   11222.351924   8392.169965   12189.490106   17743.562365   15362.711579   9888.157950   11133.643014   27036.110670   88909.089003   
4.300000   11981.425491   8693.195253   12679.894942   14888.186020   13456.512706   14303.623600   29072.969358   25754.263042   55829.505274   46515.808401   6950.329687   6406.928288   9021.021811   9812.967775   17915.868334   13869.659032   9341.732324   15532.413976   15485.674906   24597.631601   49828.283198   10425.501923   17189.335756   19814.033019   19029.696199   11956.324875   7450.227209   12118.252949   14694.421912   11783.836789   9146.520809   9887.244038   31715.882944   84268.370668   
4.400000   11468.533665   11804.131822   13230.006868   12655.809317   14301.641216   13457.625171   22304.470653   22962.755922   46607.077667   42691.103687   7684.657111   8344.581840   9792.055870   8887.107941   13906.468662   14798.489428   9116.437926   16093.173158   15401.108299   21074.997556   43114.995950   12181.386156   15107.556708   17310.000484   16277.390840   10521.086830   7539.873050   12678.310209   14532.193574   14079.004722   10110.894308   15175.757602   26859.666271   73482.779204   
4.500000   14408.983515   13780.886030   15217.124972   19993.561050   17830.825408   18135.166598   27807.182594   28396.214751   63698.009444   53859.047454   9193.078175   9258.506089   12997.350024   11006.106752   19350.823646   17653.140334   11084.401813   18760.797702   16983.277162   24292.457145   54423.514493   11803.108131   18249.295400   19498.158701   19426.743291   14101.487098   10422.266581   17052.448348   18126.796976   17558.458613   12171.380559   11347.429568   32215.230740   104620.261180   
4.600000   11926.855155   13762.207010   13748.435281   17623.644186   16915.301407   17152.674367   32402.522931   28035.028673   63374.914499   52721.477389   9446.891548   9576.810656   10067.269647   8508.643752   21630.063112   16073.267106   12080.042465   19519.707535   18099.137203   27078.675470   57443.384496   10839.446835   18739.837691   23005.472880   20185.224616   13231.842884   9631.600954   15821.684427   19375.300502   14587.179687   8894.251989   11243.253019   33784.917864   106201.561756   
4.700000   7711.074639   11997.281047   11385.290069   16664.800768   19513.591728   16773.723632   30274.162624   27882.320100   56404.972063   47633.945614   7524.871569   9091.691504   11049.221050   9347.688969   20441.901436   15684.992112   8592.583421   16726.103291   17764.456850   30307.841635   48536.592026   11134.387624   19130.549219   25226.769074   23139.616937   13370.078902   10248.281496   16118.852256   19048.672779   13785.768368   8876.004907   9866.265405   34611.103227   97763.956796   
4.800000   9083.146426   13613.144732   10533.573271   19842.418804   19501.410795   14691.622987   27565.303679   23692.952701   51245.778807   44923.768365   8271.815998   9634.263834   10520.481613   9159.618762   17869.707124   14165.073798   11465.665757   15451.939013   18970.460329   22405.195934   46644.271754   9046.782526   16412.081971   19832.994143   20733.555517   13348.871968   12666.203875   15736.111314   17114.439252   16477.131070   9207.704233   9908.742524   27815.345174   85200.655062   
4.900000   11232.429310   12134.307908   13404.747044   14448.481310   18940.540447   14076.986497   28207.047967   24964.124275   54197.189566   45787.157178   7447.083700   8514.356570   7584.801741   6518.197899   14423.613014   13058.055929   9369.573259   16680.785653   18725.327641   24769.375169   49055.604472   8969.666877   17034.319235   22515.236209   21194.518282   9620.161695   7801.937465   12203.004727   16249.916744   15121.506916   7131.768318   9615.963336   29283.147887   93269.376488   
5.000000   11689.052650   13533.385783   12151.988869   19233.772919   15171.844662   13926.776312   32355.375366   31279.228523   63647.033542   53179.617372   7625.424312   9018.754526   8444.881847   7609.559520   16949.380950   16624.365917   10178.982524   15869.481604   18441.402582   25759.773247   58220.270846   10132.097580   18825.722819   19969.378937   21892.253149   9584.833973   9928.037727   13287.420272   14024.379615   12768.858379   8340.744631   8296.893176   33885.103243   103281.765121   
5.100000   13319.315580   12932.278643   16964.701891   18990.060340   19319.589772   14323.118614   26344.810963   20067.547270   50500.472250   37790.651097   8777.962380   9208.031064   9931.429801   10074.305391   17414.881029   12417.625815   17231.432711   17251.719251   16810.947637   22229.652324   44183.454129   8230.136618   15550.036261   20162.761697   19000.254995   10501.986094   12221.758673   14630.785079   15921.328754   18011.933138   10357.984894   11555.884201   26159.465758   79585.142715   
5.200000   17591.921168   10666.300136   16205.716052   16056.183470   14563.074472   10802.800856   24344.219586   20204.795101   46281.234378   38551.296447   9803.437040   6710.094359   9281.525649   6995.430422   15344.575383   11814.155812   14398.639558   17694.711101   15160.312019   19341.307162   42145.235174   8614.861358   12658.758388   15415.561825   17334.924658   10462.442053   7899.463625   11982.398492   13307.573003   13295.299845   9314.196524   8874.480718   25327.602974   77345.204666   
5.300000   13368.973817   13328.250957   14210.689124   15997.768632   17578.812330   17843.298996   30121.131540   28495.640386   60328.731089   50413.725023   7428.508794   8123.749443   10788.530473   9400.521573   18099.781379   15916.257920   11096.714679   17849.203107   18232.212146   25382.970280   53319.009314   10496.800282   18691.883997   20504.917799   19955.199359   11946.914585   9161.602890   16396.097346   18390.126317   15945.762189   10959.724959   6362.086301   32819.940389   96689.620239   
5.400000   11386.099043   11019.451861   11381.522496   14712.457529   14760.625562   13737.102751   25287.966724   21938.660508   46720.291690   36031.120794   6615.218897   7503.901188   9203.519478   8081.623253   17937.651046   13105.049375   10785.359900   13906.144582   14014.133211   22644.681651   37942.712283   8969.663813   15604.786965   19195.668229   18741.021932   11958.129545   7840.670993   12088.187095   14114.443125   12652.629765   7938.710820   8694.876838   27206.046739   73746.104698   
5.500000   12333.518607   10987.892265   15140.449152   14079.205243   17384.493298   18293.855359   27702.159851   24551.799732   49323.249791   39853.738671   6680.648962   8228.071499   11349.754129   7325.267498   16349.535614   13603.542005   11109.458095   15750.857066   17995.295642   23687.123055   44029.477888   8455.822663   19064.813275   20905.059050   20950.354750   8957.113303   8798.904337   15176.774963   16538.324907   16334.052338   10900.113437   7502.451417   26310.541700   85988.400281   
5.600000   12444.418893   11273.642433   16935.359366   14523.418076   18068.059760   14853.775098   23020.554031   20553.161257   42772.593522   37420.237148   8247.718257   7259.489719   8616.767363   9663.179881   13804.485705   12980.730962   10407.490878   13453.341388   19334.323974   20232.386790   39047.630053   8579.688190   15402.757968   18904.968322   19988.353874   6535.752708   10806.393498   14413.988497   15798.826520   17701.397383   9049.367003   8258.902764   22675.116778   77875.207636   
5.700000   11824.772041   10505.366627   13653.763166   16204.339580   18242.221272   14767.225737   29433.735279   29026.472319   49366.818720   44846.951149   8168.143786   6989.073241   9428.166282   11502.727416   16745.111416   17116.646683   9874.964277   15014.525297   19322.441460   25464.771354   46459.959281   12188.444154   17166.729031   19795.191380   21719.030676   8330.503476   11188.058659   15239.306957   15167.548799   14998.311404   8779.778016   7084.000282   30343.351503   84456.659791   
5.800000   11471.409231   11891.126994   13139.391097   19545.121037   16054.037361   15556.384347   22064.733094   17323.606796   38418.823469   32255.320191   7359.447865   6598.256050   8363.899919   7857.344193   15246.211883   10441.953675   11345.469107   18130.847320   16151.635158   20063.964326   32647.174831   7491.072865   14129.724763   17804.974973   16795.410564   10640.280694   8378.081301   16963.670475   17844.446949   13974.651991   7348.267879   6642.928290   23184.981712   69370.424966   
5.900000   13317.362545   14148.624231   19380.963466   24363.361264   19789.524266   23831.561048   21858.795334   22428.660735   28766.270061   27620.768173   7201.954621   7939.001073   7939.792379   8945.047852   12688.814915   12535.527011   12093.573471   25006.727809   26794.323387   26030.490448   29136.708656   7380.305586   22846.520349   27549.469870   25463.358228   7171.863303   11161.715165   24866.146133   24928.596461   17669.505795   7519.974260   6700.530940   23778.257638   51594.211347   
6.000000   14659.852345   8419.926846   13278.541090   15034.350228   15967.568668   16415.352054   17631.240828   19292.867136   31788.485818   29359.837361   8670.082265   5263.303878   6940.170236   9650.410156   11711.268276   12828.567477   9860.781819   17291.192571   18626.603683   19688.812574   30200.422070   9700.892367   17000.548047   18644.495774   17847.294102   7352.093799   7995.566263   15374.671884   17763.013987   13464.848745   6726.085056   8128.778975   20358.663724   57732.148702   
6.100000   12742.591285   7851.132179   14664.901545   16021.975438   15539.761884   11442.409820   17984.675410   14740.004048   33679.695957   27007.506647   7961.915252   4898.166052   10033.539287   7598.747388   12060.774762   9644.746889   9788.819057   14231.056841   13686.971142   18513.960140   31332.801553   7216.392111   12154.337987   17492.204299   16772.375810   9429.078645   7659.907889   11172.061063   14511.865291   14112.374213   9881.923686   7196.399344   19768.822284   60197.033641   
6.200000   14920.239074   9391.989977   17874.581338   12997.661740   25135.381480   18758.260249   22691.966836   20179.744548   34659.220318   28469.377284   7722.579966   6393.648405   8457.291424   8771.217328   13932.398787   13739.738540   11821.193887   19313.945136   25258.656945   24128.972693   33402.118748   9439.461247   20292.128070   26010.735432   23428.062501   9116.468862   8207.595327   16087.804920   24021.290037   22104.926703   7851.057063   8757.222377   22202.884915   57946.955653   
6.300000   9338.046376   10189.987364   13289.407974   13891.403470   16865.724687   15462.031399   20418.164810   17382.904687   32836.884469   26683.075935   5742.540394   6973.510210   7883.557487   6221.653390   12850.610595   11538.306496   9097.099535   16666.896579   16976.416386   18364.166104   31817.987289   8646.175014   14552.824303   19396.320726   16062.871290   7817.176397   6780.784373   15075.206144   19494.080433   15661.250779   7358.163097   9588.641115   19166.624174   55774.604720   
6.400000   9288.190071   9734.901276   11196.927815   19773.976893   15943.019464   14849.686644   19954.784395   18244.650231   39368.957701   32307.321172   6288.313720   5328.537129   8586.932740   7099.833348   13891.853461   12869.852236   12498.575826   16702.066336   17480.021091   16862.656441   34009.912853   8575.166599   14927.217644   15259.179208   15452.922278   9037.615970   6395.268249   15809.548540   18479.084595   13832.218106   8325.032067   10381.145563   20701.433394   69935.197596   
6.500000   9536.785837   13059.042695   9547.862807   18622.221002   15832.891475   13696.125119   23956.611384   16887.396977   39749.597214   29254.430832   6663.234271   7878.043642   5384.403886   6430.134775   13929.907031   9745.935379   8982.672642   13414.426431   17824.324776   18950.300126   36331.807734   7196.463011   12971.593566   16933.439935   19569.464416   6766.424180   9570.724990   13003.508023   15802.167215   13433.117043   5240.219856   8062.179967   22043.611849   66400.937856   
6.600000   9100.838051   11852.370016   11926.230890   15696.828709   18172.498750   17647.680109   19030.416364   17879.840877   27692.561109   24331.022598   6736.920419   6872.055220   6672.033927   9434.432520   11955.069829   11798.362718   9749.918993   16333.432672   17436.421234   21150.526192   27177.479785   9213.403320   17156.373457   19856.730041   19586.159587   7109.253891   8991.009923   16283.085766   17582.860986   15851.884495   6721.154532   7197.848065   21262.894985   45477.556802   
6.700000   14719.994734   15419.948422   13552.185831   19212.317773   16070.526935   13402.470392   20793.491440   18217.055091   35128.358839   30641.734076   8562.719477   8453.146747   9223.393600   7607.677292   14317.741861   11700.935527   13475.584137   16521.275709   18728.522569   18954.282892   31445.921275   8157.187301   14869.337812   18213.370317   19182.507593   8064.185715   10059.905542   13939.779224   15432.106620   13056.454290   9055.707632   6074.644915   21145.135140   56154.575624   
6.800000   10227.028309   13735.143596   11140.632236   16093.489327   17645.315904   14194.220719   22820.499602   17877.446075   33702.093007   28223.014749   6862.915925   8735.232718   8483.973867   6539.646720   16172.705336   10539.865742   10206.837340   14032.720784   15189.030409   24244.458281   31206.247680   7606.585990   14685.340504   20892.223175   21154.230024   8900.860716   8579.335570   12377.095588   15788.550528   13547.931277   7743.344375   7718.175771   25688.271477   53666.569588   
6.900000   11449.556149   15119.022821   12835.977276   21714.673852   15100.089386   14062.869019   16945.464101   16642.963593   30649.644908   28745.953851   7249.193787   9425.939066   7065.747847   7094.453408   13177.127499   9323.966417   11290.817999   17401.410173   16269.526138   17850.397669   28462.315474   6964.794590   13090.901842   17728.437022   17323.986983   8557.485002   11394.318574   15271.963984   17412.865541   12892.581868   7390.194703   7162.283993   18381.661492   50434.083630   
7.000000   13879.750010   10194.779322   13720.933141   14120.226564   11773.225896   11331.060108   16619.166827   17215.070193   31486.735890   29085.874453   8744.829418   5878.759871   7450.011674   6380.671261   10123.933707   10523.764583   12761.019481   13081.936068   12165.446548   16690.907441   28306.863182   6888.883140   12248.960755   14388.748272   13422.074625   7580.007953   6373.472842   13003.152258   12368.989009   11021.853193   7726.061635   6043.132990   19229.495713   54004.572962   
7.100000   11259.535591   8554.237357   12973.011279   13764.365762   16567.910850   14196.738657   20065.304782   21257.632495   29735.220456   29334.611928   7360.569973   5718.402879   7154.603206   7527.010426   13314.055721   12955.856514   7919.807672   11144.685205   15675.396966   22381.964941   29007.443514   7822.562605   17541.842486   20620.119976   19706.021662   8592.932444   6799.271003   9801.135787   11808.987347   14064.430514   7460.368893   5275.331102   22263.154859   49036.598108   
7.200000   13800.039802   12941.360929   11505.717383   17586.713125   20375.674540   14119.590630   26407.432794   24096.502649   34984.588530   33146.711326   9099.199751   7981.285515   7495.298824   7025.736739   16237.560006   13735.277834   10625.274955   14021.056802   20967.116910   26781.827189   32516.182623   8948.546978   18589.925969   25349.266582   26689.053377   10675.955325   7612.044634   11398.707222   15155.750030   13962.621489   6663.051411   5551.895612   27446.222461   52045.239365   
7.300000   14131.392070   11835.463248   15219.045298   18407.708239   20290.826031   18021.297813   21922.472273   21852.216466   29510.062812   28843.553214   9126.212922   7813.609361   9716.126016   7516.942904   15305.577656   13368.144113   12177.155661   17521.263300   20187.460381   23437.030217   28001.941346   8612.644022   20560.012132   22571.270610   22940.717950   9592.270013   8341.301323   15499.102499   18523.716884   17707.598344   9282.946302   7975.541608   24144.592185   41471.877921   
7.400000   11986.482705   11183.095965   12645.147615   16263.689537   16077.778443   15506.864156   19560.029410   21043.186926   33018.809306   29738.172904   6702.475944   7378.652000   7343.663904   8627.520136   15070.145220   13624.377761   9787.011920   13999.989186   15029.848665   20163.109374   29206.453010   9384.289327   16953.331303   17963.136621   17625.861234   8526.382898   9306.997740   14868.919202   13424.710088   12823.978161   7248.847991   7260.935875   20900.727555   47967.973262   
7.500000   13828.659602   10763.296694   17284.511544   19691.931780   18419.372006   18148.310990   19715.335160   19990.138165   35840.513337   32221.707427   7833.019531   6226.869464   8064.897550   7976.188425   13360.299189   11419.653964   12943.193370   20089.809057   20818.121975   20052.025804   32013.357179   8820.399421   17030.732111   19607.170721   17624.911899   7601.879808   7189.153629   17142.303824   20352.527238   17540.692688   8278.685958   9944.877971   21958.176542   58190.128797   
7.600000   16002.109680   15942.172499   20465.031817   28503.417949   19701.540506   20882.299773   21570.331655   18071.205849   33283.469511   27609.070147   8909.607532   8824.601598   10385.337661   7687.078615   13995.060212   9632.710841   13347.977303   23445.681912   20519.709652   18859.611425   29691.915165   6305.047264   16539.809850   19760.537381   20610.323583   7272.385162   9846.393927   23536.847862   24099.279427   19898.155984   10973.719785   7374.345276   19890.346573   52656.713035   
7.700000   17517.565580   15189.961024   21054.048401   26460.360935   12752.204577   15342.088986   15449.349813   12118.503263   26972.374016   21394.964653   8827.971143   9113.911985   8609.885775   7099.593188   9682.078148   9242.268574   14713.725729   26454.585065   17527.372426   10491.693287   26131.766058   7138.678051   9930.597808   10938.094503   13592.519097   7857.897571   8300.505729   19913.860358   22060.209936   15279.943508   9060.718459   11045.705095   12920.102700   46574.342622   
7.800000   15514.351591   14559.839346   18005.976597   25467.654244   15272.057167   17683.486007   17825.077767   20245.630105   25691.837507   26439.359916   7988.192589   7684.644268   10495.462997   8019.687281   11337.445304   13352.279997   12628.796335   19994.627377   16961.028982   20859.213260   28607.764682   8763.677457   18739.168614   20426.217623   17771.394542   7007.475882   7386.783590   18228.665323   18419.067243   15226.269683   10468.383982   8085.756707   20988.695930   43871.895828   
7.900000   21504.879728   18031.942398   19737.676360   29055.774810   16602.843501   18383.782062   18298.787128   18548.418741   25012.534486   24603.193814   12441.797112   10198.999784   8944.002239   6383.461926   12389.635766   10994.593440   16396.138540   24970.738292   18660.765793   20184.779304   24423.352390   6686.276435   15681.091853   19324.754352   17108.654171   8130.174287   10205.524906   20626.047678   22108.165057   15203.724092   9762.155107   8106.889695   21110.101593   38699.076079   
8.000000   24751.743873   16974.111134   27762.192897   29406.734143   22743.740647   21228.008429   18568.109733   15343.116730   24548.679057   20908.093931   11687.059221   7985.347097   10969.627821   9555.732619   12820.874044   10822.647074   16983.001396   23375.431572   23478.277514   17071.412228   21825.347719   7647.233882   14874.119338   18450.542421   19597.946581   7785.603025   11374.523147   23468.254830   23294.162726   23860.818972   12058.344265   6236.287310   17463.071597   34878.650536   
8.100000   24263.314020   18088.824759   23403.202833   32348.990884   16328.000350   15734.139125   17613.576952   12439.064786   24101.835423   23015.972794   13781.983195   8427.597342   10477.432893   6514.224189   12890.564653   8034.391401   16518.202474   16746.326850   12739.125593   15637.539112   23222.863782   5965.113786   10589.228119   14652.084049   15893.467071   9925.583416   10959.713377   21425.387312   17022.121250   17678.375841   11236.721312   5777.175624   17390.079312   41598.780685   
8.200000   16303.614670   17384.703300   16972.556700   29660.311528   18867.639055   20048.370482   18173.999612   16476.245636   22955.160133   22918.589234   10710.538842   9721.454768   8615.719945   7683.514803   11289.718372   9905.012413   15039.267054   20351.998115   23210.434549   18332.900617   23863.129129   6687.196556   16510.045014   19458.082607   20109.767284   7770.917631   12321.934962   24780.646742   21985.396647   16633.123003   9447.150866   8219.905636   18770.104034   33881.592353   
8.300000   25066.440210   20187.131531   24878.173253   31469.348610   14297.579176   15386.467057   17598.138639   13891.885962   26043.444847   22865.582803   12033.693777   9431.141281   9564.581211   8202.461348   10777.311159   9565.354615   18136.465050   27288.124794   14309.003160   14347.934612   24857.492580   6625.458731   11603.614214   12694.295399   14322.968993   8673.413093   9804.865118   19275.087244   22651.332648   16030.915347   10674.986539   5827.264213   17400.123294   37908.536354   
8.400000   21372.522177   17980.717998   22005.852107   34002.133861   16781.980821   20186.901192   15324.134850   14689.514622   24136.042922   21664.506284   10835.951804   10472.485249   11950.596881   8076.435723   10206.601458   8557.156164   15136.749953   24132.756555   20063.464366   15306.628330   23325.174878   6785.637973   13844.772567   15993.105304   14533.554320   7517.576384   10971.522501   24409.213187   25737.813680   17631.622090   13147.845195   8752.075498   16621.500642   38121.166378   
8.500000   20418.947903   18204.359228   26015.132586   39546.384151   22374.448471   24542.072780   19831.825464   19179.619016   23223.614039   24184.889908   10199.297884   8886.308073   10546.114787   9382.337428   11950.904964   9348.175940   16785.376632   28310.882304   25915.399282   21442.804606   25056.443126   5737.353327   17042.716361   20435.731381   21382.632752   6532.316637   13032.064978   31530.402812   29732.263680   24178.739494   11328.735440   9566.046299   22568.150233   32414.350008   
8.600000   27234.639835   18607.507757   28631.430829   39461.613777   15923.137706   23435.520147   16340.409681   13932.078148   23973.460938   21943.813119   12497.738094   10006.677621   8397.921490   9612.956343   10197.088668   6764.772914   17717.339066   28825.253853   18905.120758   16554.811502   23379.984310   5436.735547   13029.468122   17462.845190   14717.914215   6675.497579   12838.429034   30540.873928   27033.112609   18261.123045   9834.034552   8577.315366   18404.627525   34997.481474   
8.700000   24665.182216   18030.062772   27805.651875   34678.153287   14838.773431   21951.987641   14732.577671   11375.338953   25928.122846   21555.685320   11460.347236   8967.065644   10866.441769   8236.140085   10354.804983   7794.211099   17646.541637   24480.495706   16507.060830   12202.069510   23895.212887   6290.692342   12904.321024   12932.735482   13300.363983   6961.062726   10797.788001   27269.521619   21394.447225   19171.500760   12577.950709   8463.406848   14041.276882   40869.144206   
8.800000   28431.719430   22860.539911   29903.140646   43295.212685   16795.993868   21388.727579   18728.339754   18928.566960   26522.460509   23490.766006   15391.302901   12554.839438   10681.476585   8211.224437   12431.818416   11656.400442   20676.995802   32583.616754   20469.328212   17444.274937   26365.699232   8119.796062   14793.954269   16817.713775   17618.497914   8084.672053   12267.759454   29701.701486   28926.109297   22292.077334   13092.817506   7479.239950   18099.979145   35223.862319   
8.900000   22597.970976   23537.639692   20867.259063   44595.740865   22183.676981   23927.634831   22983.906647   24765.154877   30300.573105   28811.632988   11226.863244   11830.374692   10574.789729   11282.286505   17575.277679   16452.994103   17016.931260   22161.398905   21185.988328   25317.870222   28475.795980   10367.165352   22974.701165   24689.443133   24560.104535   10014.730602   14642.848309   24223.210079   22542.116972   17777.076449   10728.813939   6718.472135   25327.714847   35651.668766   
9.000000   38426.865944   33015.546617   35033.191172   63361.699968   13896.370573   22855.212349   21192.701849   16833.390901   31547.807149   25225.409820   18341.935885   16525.976735   10569.126629   10128.984997   13476.982719   10788.826051   27288.219262   36988.375244   17117.011453   18209.089180   26942.619728   6858.376638   14708.996660   16643.555618   18543.339281   8204.898085   18766.511552   37302.849373   26007.802934   16801.395686   13370.398964   8758.492172   19489.484004   36549.538246   
9.100000   31432.201632   33141.413188   28922.629867   63412.818112   15332.936415   22991.987839   18883.038734   17561.458741   24772.690759   22085.302836   14798.475892   15670.818517   7060.470296   11261.693673   13446.444005   9626.737721   29281.627305   30690.883773   18886.058297   22984.479495   21937.296199   6742.561791   15145.803986   23544.911220   20444.686097   9336.577709   20406.886931   37825.754839   23642.407967   15975.855714   9493.985876   7697.516039   22206.473595   31604.537070   
9.200000   35507.840276   37872.648668   35127.858301   77048.983678   12063.133946   26686.790482   20612.171137   15094.852205   28822.036164   21421.880346   16361.108566   16615.325946   10002.963196   9585.519839   13980.812653   8770.279912   32965.042973   42249.173590   17206.270038   17450.212443   25941.644033   7021.670881   12020.481580   14582.516601   16085.751782   7737.023616   18168.675155   44236.304315   30381.529462   17427.081957   12323.459762   6104.936305   19415.397163   29831.547722   
9.300000   29627.958596   30325.232036   32751.185506   64920.106128   15782.435244   25494.928560   18640.574682   16329.238377   24333.526242   20496.907129   12342.185577   13646.668276   8148.358435   10272.202620   11404.306242   11186.659101   24501.078719   35999.365431   21256.526062   16346.699497   23287.863746   8703.055039   13983.628371   14945.396630   15710.308494   6481.660603   16512.179441   39975.262277   32129.523623   20985.768321   9831.743559   6631.822681   17501.557891   33305.934367   
9.400000   36364.215708   29835.931811   41808.914738   66429.071892   17326.382901   31476.541921   18722.799728   17225.567793   24785.263724   20748.771612   16337.815403   16047.228387   10319.871431   10791.284587   13148.342577   10989.652847   26622.259705   39364.835537   19646.457280   19044.911885   24053.507133   7971.617258   16839.682870   17738.215514   17114.087458   7299.229243   17771.089944   43756.787166   33319.790116   25507.596534   12184.572836   7415.322572   20215.757447   32568.745274   
9.500000   31413.005463   26846.615802   32457.164801   54787.946134   14459.809729   22318.852829   18356.169661   15253.332407   22845.356427   20357.445142   13208.604710   12132.973692   8928.823844   8073.256552   14005.991373   10988.108197   24774.205551   30928.483054   17519.343709   15036.617985   21060.373457   7709.141945   14083.868328   15010.437027   13353.879878   8712.112746   11610.245600   30676.118995   23286.500130   18751.385848   10151.491167   6339.760058   16153.021101   32480.074042   
9.600000   36382.570391   31865.765921   30749.140805   63359.290862   18971.294417   23329.274073   22738.478627   20419.501146   25853.446774   24931.704960   15903.527778   14820.507181   6000.763177   9855.832553   13499.277212   13911.700835   28018.096612   33662.246279   22427.060628   21770.620006   26309.325370   9182.509025   18473.193817   21466.628139   21664.376338   8229.902202   15556.175774   34011.527960   28524.224803   20229.946003   8195.129614   6861.480450   22458.914212   32601.573305   
9.700000   26000.228855   28518.707058   27002.436711   58240.506914   14639.311632   17332.728075   14775.796533   13254.985162   22012.315874   18098.388086   11284.117871   13075.564475   9502.114194   11728.357460   10778.167441   10093.224676   25472.544574   24254.002355   17082.036324   15869.204371   20545.828121   7641.925644   13161.883283   15503.852764   15495.032287   8307.812780   15965.873126   29675.457811   18443.491853   17055.257389   9607.676346   8046.355292   16584.380032   31371.036730   
9.800000   29627.774265   35571.212791   21340.168568   70660.487557   17085.527888   21300.810526   23258.171251   19755.384986   28104.555350   25081.312065   11935.741544   15933.198280   7087.051472   9840.013549   15258.120934   12535.138485   28792.784746   22320.852939   24366.689754   22319.464408   26932.380002   8797.099225   17520.188925   22383.167986   21066.023499   9844.287364   15207.589846   29293.969525   23018.978193   12221.454880   7448.223588   5908.829590   21992.909447   31256.502580   
9.900000   26981.684408   26098.485627   23695.254915   57655.000374   14405.035107   14631.417562   12695.797459   13771.606166   20078.926322   18878.583873   10132.600454   11270.943234   5468.225431   7263.848376   10508.475291   7898.695103   26606.291688   20607.798539   13181.015160   14985.444688   18682.243841   5425.094573   12585.165324   14048.476905   12514.497092   8119.791193   12547.666407   24441.488331   17002.838722   13642.267229   6171.788575   7631.086534   16168.093491   27125.669730   
10.000000   34600.261607   23335.592798   32593.448324   50333.705747   15988.898829   16824.282574   14404.071836   13687.636229   18198.585364   16701.947301   13951.970985   10059.066139   9352.512326   6149.757474   10492.980801   8909.376036   24772.172585   28442.317511   17749.751584   15487.610618   17385.859488   6245.794227   13783.515012   16737.084911   15049.250850   7224.000353   9728.373207   22837.926447   21382.979038   20842.375988   10946.926199   7219.089205   15114.657788   25067.691055   
10.100000   29290.078984   27630.155214   28625.854777   53688.999723   10464.500742   15266.241211   16246.533368   14952.574924   21183.764310   19930.084290   11090.122891   11269.505832   6831.983880   7972.217470   10090.243223   9965.702113   27344.641247   27559.153008   14774.866783   15997.584460   22048.240898   7179.760723   11928.160397   14717.609432   14407.021442   6086.589930   11973.560794   23870.391987   18672.647843   15960.791242   8013.071399   6566.385484   16650.652072   32886.083121   
10.200000   25365.662184   21696.336006   23351.184854   48851.777298   17547.566164   19577.376288   15722.632354   13719.076000   23319.746517   18181.445475   9767.258514   8566.062080   7858.670719   8458.475800   10223.068324   10173.299573   20443.300494   26962.028501   19487.013719   16147.667563   20185.496826   7478.121553   14427.094267   17819.177041   15869.157886   7404.885992   9796.535884   25659.991003   23385.118634   17768.593244   8097.833148   6807.651866   15491.531202   33230.285823   
10.300000   23325.882202   19268.409103   25785.565763   42293.633342   13393.626728   18479.354732   14249.878656   13784.492519   20732.219469   17551.822910   8455.212085   7607.227319   7910.392619   6701.718043   9384.291346   9194.336954   19691.075211   35364.975402   16440.753724   14562.245910   18444.729530   6030.142130   12343.119202   15513.242441   11600.417843   5493.412491   8423.994925   26118.982318   28467.887934   16796.477515   8363.870704   6882.529294   14951.332268   31785.166454   
10.400000   25102.133860   18387.808184   28243.010034   39648.567003   19308.413993   21019.560569   16047.590669   13995.210319   25032.892859   19401.871149   9501.717887   7985.092956   8858.171321   7121.144025   11131.922684   10576.316120   16996.390398   38550.360873   25147.854931   15978.239784   21240.104961   8042.942004   17177.413458   19788.968281   17970.455249   8026.267603   8970.369061   27931.241642   32914.718675   22698.019787   9330.341140   7519.140220   15399.456818   28980.080075   
10.500000   19543.304931   14936.914665   18673.152400   27282.426130   16790.605957   15337.496713   15735.393802   13713.487661   20660.745074   17752.692452   7794.594870   7797.014245   6791.789961   5644.530225   11474.042172   8988.449852   14021.810212   17029.607068   17269.727356   16952.633406   19925.086064   6192.966390   12542.816754   16536.907929   15580.630752   7296.227551   8210.404314   16840.093028   17776.283126   15924.683344   6984.240685   6790.437082   17442.609943   27798.719091   
10.600000   18475.200176   15187.951695   20361.265612   29644.893201   16318.066119   15452.217549   11522.741052   11968.240805   15563.784222   15816.453065   7934.909988   7391.115288   6311.152551   6315.647169   8693.849275   8661.915401   12290.813262   24147.296782   19172.748001   12680.616153   15738.770568   6380.894030   11656.078972   13626.622453   14080.192461   5176.615918   7278.956880   20204.783820   21337.238136   16546.286706   6567.319605   4223.998362   13443.319903   24724.024623   
10.700000   21241.163379   15177.789865   26109.901918   34503.992589   15934.134713   11240.694575   13662.744891   11321.657234   15852.036129   15302.337567   8301.588418   5985.414423   6903.820772   4784.999295   8269.097958   8118.846882   14730.536568   32724.738147   17468.526205   12355.927875   18195.697577   5625.029177   9477.337731   12298.396547   14596.604916   4698.560990   5630.155191   18956.012056   25176.141645   19058.536534   7454.586325   5613.113265   12881.718012   22814.083629   
10.800000   26235.173154   15352.088022   28211.819384   31544.841995   16108.420378   13837.005221   15531.633270   15273.415436   20482.170667   17493.551842   9684.523544   6861.690678   7054.393719   5458.736070   11793.576548   9999.111848   17799.219531   34085.262422   18268.797998   15268.681778   19819.273382   5690.848260   13133.064776   15561.325218   15402.362834   7468.105427   5023.701754   20281.817161   24154.073271   17993.864939   8275.323487   4696.229428   15535.887994   24872.265822   
10.900000   21365.252229   13933.651369   31532.725042   35194.200526   15314.251721   15767.712117   13417.696053   12554.786861   18927.811962   15971.071094   7362.862041   5474.421919   9512.816668   6011.194763   8699.241439   8934.204785   17846.996246   36001.629008   19966.167888   12915.760571   19021.362087   5807.543350   12272.753518   13422.227616   13633.025288   5405.318077   5948.836779   22748.165068   27388.898875   21735.554839   10739.716035   7895.838644   12867.869810   25252.444424   
11.000000   21159.604550   22228.310898   27554.626425   43480.207860   13686.964748   13346.880815   11865.549491   12627.114700   15683.043257   15290.599230   8134.469389   9629.798048   5970.298010   5056.447104   6637.035313   8786.947812   25309.935998   42786.571453   18562.637979   12055.219151   18062.386171   5105.732647   11264.599188   12917.768044   12154.161481   4307.971077   9148.056367   22696.042336   28159.300650   18955.425782   7097.990324   6282.858552   12532.229371   23231.990237   
11.100000   19474.827735   17839.196805   26720.245655   29793.307175   14380.930708   19410.277173   13296.657807   14331.838765   16294.104651   15899.019495   7070.150996   7879.470308   6402.697478   6205.691024   8791.397714   10623.154081   20936.998301   38051.750187   20451.496017   15402.520875   17074.199135   6961.262757   14829.339003   16450.963441   13415.329097   5712.337223   7041.153641   19012.282395   28594.495526   19516.262256   6971.551862   5112.687367   14357.168451   23794.895992   
11.200000   17595.932041   16406.472488   19216.119502   31201.796548   13728.227669   13883.995304   10790.676824   11950.206252   15871.999371   15247.184181   7819.182826   7694.891169   6789.562367   5371.151390   8094.766632   8062.274958   15606.689768   26279.434063   12978.024912   11475.431036   16444.593408   5435.461704   11323.126399   12588.191590   10608.120121   5300.469414   7165.964757   16348.503191   19509.643269   15259.068689   7407.125323   6368.296869   11831.253628   22409.276022   
11.300000   23987.746018   21263.603289   24698.984260   42359.865586   10438.985799   13723.019767   12873.465455   10064.500196   17335.485186   13809.459896   9496.001942   7905.058619   6385.121972   6379.165859   9718.505542   7459.616571   22524.654618   33246.879048   13252.193372   10672.417969   16162.701951   4808.809232   9417.394635   9797.162124   10236.808965   5007.160908   9797.353705   22556.869286   21153.132075   11138.442733   6620.695117   4275.303373   11647.417134   22181.420246   
11.400000   18002.627647   15995.760756   20318.258136   39277.379673   12536.136517   13391.677874   10740.005599   10670.656793   15487.976623   13687.476268   7531.964065   7645.729431   5321.644147   6449.409618   7522.580954   7566.421669   16593.513134   30479.754657   15232.029729   9143.354974   14920.538226   5231.701802   8901.199422   8546.006496   10528.339171   4792.228511   9690.916407   19505.399800   21066.553968   14544.471676   6707.596499   5630.425569   10041.976315   20950.645520   
11.500000   11940.137806   12644.211791   19346.412092   29736.049701   13243.043403   12410.456492   11533.194497   11361.055887   15967.730929   15523.430676   5926.744859   6494.576562   5748.916554   6932.392080   7607.891302   7249.466634   13885.534219   38624.238614   14237.341977   11196.079048   16918.962958   5159.629852   9591.652479   10587.675925   11495.662940   5484.919426   8431.435509   19501.240714   25728.086915   15513.694395   6154.267628   6557.606918   11816.975496   22706.603948   
11.600000   14349.792888   12799.199620   17071.493102   28018.919630   13215.406995   12966.752864   11401.958863   10646.414864   14348.824691   13095.175032   6822.445558   5938.281781   5416.316228   5771.125393   7715.944495   6736.986286   15924.083940   27804.797513   14926.522564   12187.959674   15272.337523   5167.399638   11767.872514   13898.241749   12539.516591   3673.444840   5528.145486   14750.759464   18113.295128   13573.322156   6150.150669   5145.788557   11865.644752   22175.740101   
11.700000   18868.018021   20033.728302   17968.517264   39654.372998   14971.267559   14814.726868   11022.288036   9005.294166   14967.681294   14232.382573   8748.865465   10180.011425   6086.147320   8714.308154   8657.983229   7607.264060   20713.886209   29105.455325   14479.057660   9042.002359   15139.315489   6183.657006   9421.689879   10178.714287   9759.385024   5849.714132   11971.677089   22745.709091   19689.249817   14190.800772   6492.132338   7843.901377   10237.463855   24204.632068   
11.800000   13344.417093   12194.759844   17482.322099   18027.916236   13786.043892   12572.344881   11713.990342   10378.185148   14927.493029   14531.193391   6023.584371   5790.195138   6284.009448   5355.016345   8306.363597   7451.701495   13172.676405   20545.287122   13666.087861   10355.327727   15678.532386   5472.236156   13119.671514   10832.009001   10602.072425   5083.697810   6115.439752   11001.863945   14354.851493   15478.953923   6838.671187   4496.919134   10595.140055   21816.014305   
11.900000   15536.728591   16706.362020   17456.677340   30484.026639   9514.928179   13079.629408   11329.351267   10527.110419   15527.171252   11733.104614   7732.138202   7582.743535   5388.865949   5730.175841   9347.519895   7689.500796   19700.775459   31517.963225   9526.039093   11052.581827   14793.663627   4838.325684   11298.259552   9485.111580   8855.229729   4533.565089   7533.557355   18332.211906   16088.928846   8491.749865   5800.062984   5795.013112   10769.275772   20118.382611   
12.000000   13311.998414   13325.134153   13884.532738   22390.809605   9698.307306   11374.622312   9687.591106   9387.777752   13831.812920   11840.539446   6403.926694   5482.985205   7644.534621   5848.765612   6456.237804   7632.786303   14287.660094   20451.328124   10677.840046   9968.318571   14215.313171   5012.313634   10102.034840   9704.794221   9332.557926   5216.660480   6057.368011   11991.358785   12349.511230   9241.664794   7437.550807   6680.863848   10457.859332   21281.922376   
12.100000   15543.573729   13348.030462   14011.922993   23092.991173   10267.728409   10684.708966   11268.109845   10984.237373   13378.313048   12568.353159   7426.631026   6674.167913   5827.300678   4636.604437   6843.151180   8037.226680   16403.135041   18954.006728   9039.917423   11179.357402   14338.287546   4196.647669   11891.686765   11399.575231   10901.676575   4263.574049   6472.094676   11700.158890   11574.763776   9899.802235   6164.543811   4090.537533   10297.060548   19897.639772   
12.200000   13245.450488   10933.500175   13201.453865   21580.920009   8719.485207   11699.264823   9039.262348   9425.204835   13577.147559   12077.628101   5995.923538   4488.753935   5701.893990   5476.244691   5620.739351   7055.867412   11736.378042   18600.116661   8665.301017   9163.433070   12752.652922   4675.366168   11489.324859   10047.974447   9756.948812   4312.653114   5227.762798   12245.477500   12073.104719   8451.318846   6005.901411   5651.700623   9135.721485   20229.767129   
12.300000   9721.449316   10546.792679   9289.136775   17280.793434   9744.800963   11672.214920   10990.948219   7967.589550   15709.171338   11140.029735   4328.389348   4817.146554   4437.485722   4427.188278   7299.735956   6264.684547   10191.254604   16753.484402   10164.329721   8207.219853   13319.461617   3629.157736   9134.366656   9573.371338   10871.956852   4495.236485   4768.430802   9442.918010   10604.571009   8029.634776   4395.172942   5353.780663   9066.953051   19012.096035   
12.400000   12273.383520   11113.024639   12891.034558   17424.107215   7651.680888   6895.626007   7899.838281   7080.242285   15138.436713   11854.631250   5136.984821   6144.902738   5128.326155   5783.673590   6577.115236   6134.468019   11455.189254   20898.837637   8946.596870   7128.572269   12715.170296   4273.797469   7272.039991   7378.344522   7721.344524   4799.764548   7243.644068   9543.575835   11043.857864   7202.085892   5559.268711   4622.891103   7794.909737   18382.510585   
12.500000   10413.309558   9509.521931   13841.627102   17088.772863   13670.539130   11232.874147   9066.688338   10187.242523   14175.036411   11913.630813   4285.986088   5150.862953   4336.564957   5708.423219   5795.100466   6002.085664   13105.839570   19098.221022   14476.846802   9281.145179   12813.607182   4271.145045   9397.450799   10614.152008   12244.679735   3406.186846   7245.738867   12278.604843   14253.703593   12552.847605   4424.788798   5236.271409   9020.640904   17606.512256   
12.600000   10317.627858   11919.936364   10427.889589   19565.699603   6834.134714   8887.647211   7871.303662   8196.467718   12119.460065   11188.273950   4073.710754   5394.877715   4286.477184   4086.879870   5178.521544   5397.347137   10795.173530   13524.537617   7629.135430   7883.196295   10960.468650   4126.059656   7494.897277   7381.636845   8170.855402   3402.994747   6143.801160   11396.276634   9541.880657   6879.921870   4665.828597   4071.936837   8729.718704   17133.543269   
12.700000   9089.335057   11271.153666   8851.719705   21247.217144   10877.597584   10024.797293   9449.601825   8723.903428   14903.663494   12284.707413   5697.308586   4754.993931   4451.932679   4921.219220   6935.443407   5176.871243   10784.283402   15426.328244   9866.185529   10861.733193   13831.516722   3104.265941   8560.772760   10956.100175   10495.578265   4321.379882   5967.281629   12207.738786   12529.133811   9143.162157   4293.921103   3848.881196   10762.369806   20978.364701   
12.800000   9859.865101   11393.323694   11100.398927   17116.195615   8874.263146   11956.754278   10855.664665   8767.368501   18087.467724   12306.717013   4420.098699   5736.899588   6440.009009   4195.228549   6664.452958   6215.572063   12929.442010   17885.400808   12338.675251   10149.174572   14511.712328   3839.891604   9676.148938   11398.234621   9694.920883   4863.756747   5866.318986   12274.236112   13656.037816   8947.221009   5896.140266   5144.092881   10716.811375   19584.936038   
12.900000   9045.395067   7368.129604   11149.742634   15559.667592   8613.897020   8851.462715   8995.973683   6835.864558   15026.697568   10799.245130   4563.596278   3591.494255   5689.608288   3677.812969   5296.597772   5921.969625   9969.360017   18010.643404   10450.366053   6862.398806   12788.383873   3783.352928   6320.996892   8185.286550   6636.657710   3914.557641   4934.110485   11601.162083   14043.110583   10681.507814   5749.837534   5482.051948   7641.662627   18149.244679   
13.000000   8768.187781   10261.098627   8698.151898   13163.332580   6951.618847   6534.813206   7798.597218   7438.612289   14040.874029   10869.824293   3706.558744   3912.353621   5423.976925   3743.772183   6210.714535   5100.711979   12661.077880   11747.027453   8558.346063   6364.219626   12023.731818   3499.861332   5943.899107   6996.860629   6477.531671   3471.981861   4297.711737   7463.751945   8949.634367   6958.250166   5241.442237   3509.360433   7161.289143   17620.969682   
13.100000   8518.102598   10142.421843   11433.065474   14846.352800   7291.639771   6935.293131   7191.401731   7404.973816   14682.695565   11397.479737   4208.074252   4383.769012   4847.053547   4973.022111   5419.326663   4852.858548   8467.636110   13656.667622   7676.504678   6491.192178   12576.584821   3603.233166   5063.791551   6871.669741   7133.950636   3828.814042   5535.303465   8679.584133   9964.306255   7772.667345   4843.852133   4299.919658   7455.409935   18403.698970   
13.200000   8448.754818   9353.604047   9835.906137   14596.717922   6392.288715   6833.683738   7662.549457   6290.764261   14474.959766   10284.595339   3909.151389   3925.452367   5374.167572   4698.215126   4876.147357   3670.020234   8937.498728   13178.586541   7272.089732   8244.698752   11922.228823   3027.929036   6301.959142   7497.165899   7884.878582   3704.567254   5665.045451   9123.303697   9915.485350   6259.955378   5113.292415   3188.665497   9160.489693   18267.699007   
13.300000   10565.223838   9848.774989   10345.312588   19241.287039   6313.842667   7124.637530   8412.077048   9128.425140   14729.031748   13798.948965   5396.349600   4186.908114   6563.499467   5034.879995   6003.866594   4393.707024   10734.529816   11020.800676   7795.359920   8392.252501   13259.655641   4087.557770   7815.418540   8841.229822   5539.507979   4064.735156   6116.321509   8965.804039   9041.901119   7737.942883   6565.253187   5048.880809   9656.085569   20344.149072   
13.400000   6006.942920   8861.106088   6974.007132   11441.211517   5692.211587   7053.339669   9392.691844   7954.132153   17818.083635   13699.884284   3668.403995   4476.185432   5091.313773   4670.239861   5878.813966   4583.461751   8602.711912   10428.426961   6286.659854   8788.339197   14033.707149   3457.828301   6672.775329   8143.980163   7458.398155   4000.009805   4911.034566   7284.342328   7365.041424   5264.446624   4814.826880   5087.601061   9871.480497   20614.222259   
13.500000   7027.250116   7688.294639   8856.803767   15764.435932   6000.455873   7452.059040   7047.324468   5945.360045   12377.352875   9792.705966   3506.987374   2722.287329   4119.934887   3954.050226   5947.113172   4167.168616   9657.693950   15437.836385   7027.927911   6657.069241   11252.532123   3058.098774   6537.087808   7044.938327   5123.510539   3331.060512   3256.591437   9762.942619   10871.724281   7125.620105   3553.271788   3696.892124   6353.585590   18211.109515   
13.600000   7776.345283   9167.161584   8485.771252   12024.903064   6763.950931   5881.049216   7793.259925   7873.066792   13275.689840   13379.123770   4864.951051   4692.375120   5617.368516   4154.320615   4290.609076   6407.989953   9624.902456   13253.677707   8180.909850   6071.562468   13240.707287   4005.098482   5341.364225   5044.804019   5165.211335   3431.530025   5631.986013   7768.091967   9088.047837   7076.170046   5190.270450   3478.991353   7110.321958   19309.717992   
13.700000   8163.528214   6782.553351   8641.687357   8891.785485   7930.776793   5249.786897   7785.862260   6695.649372   13749.808639   11740.709937   4506.835327   4145.084508   3898.478576   3905.283705   5399.167780   4739.367804   7270.661522   11371.205728   7943.572906   6081.292223   11955.416640   3288.821476   5622.099947   5991.784506   8221.353259   4024.384381   4747.624100   5044.343012   6766.605484   7634.452852   3350.365670   4291.084223   7155.165756   17676.598007   
13.800000   8439.113562   7124.595132   9106.929631   14430.414680   8542.100586   7456.315540   8635.396175   6573.685742   12441.973701   11016.193239   4598.096014   4687.310187   4895.350977   5462.406611   7333.786328   4682.086758   8678.913405   12440.631731   9448.873901   9754.001371   10837.653948   3632.264747   7647.993151   10503.592910   10046.616973   4802.441223   6113.486952   8944.386175   10897.630559   7251.213809   5204.195428   6301.305576   9198.616667   17401.713264   
13.900000   8361.516063   10013.743672   8674.899305   12041.559111   7282.656789   7747.562875   5839.303748   6924.240340   12121.771268   9511.580137   3960.071437   5340.462541   4585.865679   6403.420870   4661.750758   5294.702077   11347.821756   12024.036989   8346.114991   7437.406659   10927.514800   4348.503575   7238.879324   7679.071586   7541.649900   4215.322161   6846.162549   7970.114167   8799.546550   7042.426752   4277.020503   4632.528715   7099.657161   17567.109417   
14.000000   7019.004575   8583.697696   9442.908143   14426.451728   7627.485466   6605.412586   5931.311060   5452.177338   10742.809608   8521.686647   3694.224198   3689.616497   5366.415730   4096.433833   4071.460749   3871.744983   8344.160063   9710.784801   6950.081350   6789.500972   9691.954357   3092.600842   5929.935582   6699.148353   7143.337607   3099.110496   5096.070533   7570.825168   6803.205382   8348.472242   5606.989647   4109.745290   6371.429879   16998.868801   
14.100000   9503.784415   9198.745844   7636.841794   12190.955163   7948.837380   7924.320455   8534.729091   7910.418650   12290.869170   10158.964894   6528.642363   3192.018064   5493.031831   4086.733528   5554.674365   5475.775388   9938.451419   10058.475354   9093.076156   8297.176526   11462.040045   4277.909923   8452.310736   8902.596334   8130.714269   2866.729055   3801.027622   7542.714828   8515.595228   6597.214770   5843.243113   4806.249279   8041.168350   17264.021608   
14.200000   8383.669694   6235.936507   8973.336722   13672.521170   7697.471602   6677.607359   8134.583530   7886.732860   13735.278740   10685.276268   4962.983618   3014.780826   5967.098146   4886.717146   6019.803688   5060.065272   5973.101482   11906.213036   7861.378220   6347.630086   12168.963598   4319.473951   5902.653432   5951.316629   7802.143601   3067.743608   5509.698060   8390.151317   8262.041729   7011.683862   6253.878968   4747.063377   6778.607417   15653.120308   
14.300000   8187.418960   8090.747954   7972.742024   11175.434285   5134.802833   5918.051092   8918.808528   7729.140339   13328.546509   10733.430601   4686.875053   3612.145733   4785.950159   4451.388736   4772.120586   5277.317439   8510.834116   11809.943751   7611.882631   5766.843435   13126.306586   3949.251224   5723.546817   5320.862723   6013.735698   2863.168929   4906.057636   7680.589943   7561.128246   6516.021784   4799.352861   5706.714792   6707.323220   16871.758739   
14.400000   13061.725616   11146.526274   11941.910302   11043.899903   6257.637411   4914.787012   8356.555679   6090.415604   13669.343771   9781.562937   5336.329527   4565.830841   5033.496792   3415.343389   5984.469978   4486.871731   11126.441457   10025.993779   6082.996641   6694.876276   11190.527552   2704.253329   5804.415913   6474.385109   7420.697541   3935.657254   4758.962703   6834.885399   5886.358665   6596.692289   5017.726104   3197.216421   7349.083144   17142.190076   
14.500000   9021.352981   7409.725062   8615.521991   9660.634316   5330.502339   5409.791317   6708.264434   7108.853690   11633.996209   10129.956544   4864.921459   4610.766263   5435.740511   3896.060467   4381.576940   4640.425188   7335.133942   8956.442387   6558.634729   7429.267630   11426.934333   2859.031157   5635.743367   6876.751373   7505.930172   3582.400974   4799.809347   6134.363999   6167.301243   5863.753781   5379.680925   5450.162615   8126.707899   15979.743739   
14.600000   7568.990502   9097.805001   7319.054062   10318.284631   4732.303948   6734.621809   5836.536674   7012.352761   10327.372742   10296.149860   3796.762117   3892.554628   4682.749258   2862.494405   4113.093771   4291.828197   7778.182173   11256.193602   6605.456576   7285.387029   9978.121633   2478.484266   5801.139361   7427.912175   5940.390542   2815.695451   4665.423969   7025.482824   8291.240817   5042.633776   4309.242066   4494.146990   7784.161683   15295.858492   
14.700000   9556.767933   7911.168641   9327.181941   10279.491583   5832.032040   6315.073127   6593.104648   8003.471902   10248.289046   10091.329803   4368.376553   3182.032682   4930.468736   4113.820439   4558.634205   5189.115006   8186.015042   9840.184034   7049.431731   8626.383573   9810.474056   3714.150720   7370.739056   9018.758134   8082.799447   3282.744887   4833.295400   5416.502443   6386.318783   5786.709125   5243.677681   3809.109557   8010.310455   15593.185505   
14.800000   7441.799128   8403.283913   6489.572006   11744.674262   5582.987455   5825.573928   6891.637304   6582.799139   12770.934353   10430.222712   4172.334678   3393.658552   3510.012896   3635.998462   4623.176016   4254.619350   9561.830125   9576.125853   6077.526368   7184.188908   10515.182805   3364.639237   5095.110644   6064.437736   6329.811403   3447.563549   3454.214661   7361.132209   7091.495366   5454.512412   3525.584380   4218.995597   7978.650220   16657.129513   
14.900000   7922.451331   7504.835029   7715.099322   10264.677566   5292.763109   6526.341153   6109.322897   5971.673509   10377.688143   9415.534245   4387.199915   3661.684251   2777.885635   4110.926909   5040.355744   4574.127258   8766.302236   9115.884212   6475.126118   5846.942999   9753.225847   3821.234972   4978.799769   6185.874454   5527.317969   3504.672976   3297.798977   7235.825553   8263.527918   4865.823854   3264.129000   3297.201934   6217.201696   15423.134499   
15.000000   7473.202262   8049.464313   7464.916573   9834.578606   6937.085329   5700.156549   7163.287898   7280.956781   11968.572901   12808.849712   4069.812074   3695.018122   4258.277458   4321.409731   5748.832538   4468.789672   11758.709608   9644.862372   6223.705749   8089.377359   11243.733115   2996.816612   5716.861314   7603.975842   7130.908499   3629.846837   4823.413049   5239.353510   7089.542217   5751.030812   4100.681261   4183.644041   8252.965382   16870.857771   
15.100000   6477.519424   10011.973968   7049.265006   12649.936281   7785.241265   5536.289075   9658.348350   7715.006995   12479.118358   10670.955283   3470.579504   4731.378258   3506.940035   4817.559132   6690.161067   4168.468596   7551.936865   13990.428373   7892.729246   9123.505023   10534.088376   2668.908552   5415.729786   8463.872379   9864.767441   4363.722292   5119.690860   6969.309552   8628.009192   6055.595544   3409.054263   3778.860764   9187.432085   15676.948544   
15.200000   7382.992363   7403.121875   9171.961627   14784.307830   4980.374397   5256.809756   7163.747928   7783.554780   11234.919020   10014.349445   4538.610734   3392.727402   3545.816952   4993.085049   5462.682768   4907.603091   9220.498812   13472.910955   6403.416647   6835.872817   10727.565564   3378.619362   5013.588784   5659.333691   5756.753785   3258.976901   5426.017062   8123.038655   8391.824517   5761.669865   3893.310154   4314.900763   7844.390697   15016.908345   
15.300000   6785.220813   8045.690168   8507.357935   12114.595640   6099.429381   5298.002771   6272.597982   5164.695576   10521.435263   10000.430662   4888.410853   4399.530266   4316.846491   4827.675196   4814.514226   3574.297512   9111.191269   10516.837316   8170.340461   5956.132678   10561.239687   3220.343820   4215.310454   5441.594767   5785.409377   3207.567330   5138.851590   7556.513433   7971.905601   6304.841679   4159.340588   4373.177007   6124.347571   15655.593663   
15.400000   6690.953021   8001.808459   6159.184814   9708.219480   6744.585194   6432.976753   7965.787044   8026.039246   11582.051394   8775.983129   3587.838107   4402.361660   3613.356897   5093.010161   5490.537587   4717.696221   7549.589155   11505.709486   7483.947908   6984.300777   9688.400924   3920.945699   5679.971898   6825.247535   7043.804901   2722.142152   6433.378467   7006.761551   8370.513087   5582.608719   3666.072820   4630.866339   6746.341505   15219.162372   
15.500000   6713.368398   11930.653499   5981.570239   13358.299422   8226.573450   8552.434695   7954.037652   7622.084064   11681.242247   10265.516882   3077.474230   4255.354158   3826.611071   5004.107417   5154.144965   5160.533372   12393.364987   11090.082220   8532.133216   7909.410964   9183.055288   3260.397796   6934.679694   8421.873887   8835.482141   3955.562240   5050.932758   9240.194192   8771.888316   7056.224609   4217.898838   5161.869066   7562.325244   15028.835331   
15.600000   8875.679690   6123.336553   6968.916539   10235.249439   6874.554565   5340.742747   7590.831692   6126.056242   11491.125080   10427.668092   3443.495564   3351.718738   3315.575574   3409.407210   4852.286518   4465.750088   9229.889076   12116.550847   8105.807503   5994.616891   9421.582775   2790.993820   5202.200363   5886.639575   8125.138791   2982.450987   2808.651709   5398.445635   5893.325814   4943.796176   3234.631555   4008.215075   6496.705203   13727.060184   
15.700000   10116.059978   5469.472475   10248.209390   10286.112678   6484.144606   6002.923203   6611.488381   7207.584877   10643.891074   10564.239149   4247.329141   3402.063504   3497.057583   3909.290004   3881.510252   5354.261416   8031.045668   13328.374836   6908.841955   7724.593860   9848.534730   3247.572204   5983.269909   7778.825420   8934.464269   3236.301164   3503.395901   6326.343444   7820.272913   6062.702530   3509.461738   2664.367618   7428.203941   14397.654292   
15.800000   5884.329356   9615.638227   8177.369231   11225.547150   8194.391637   7069.491002   8698.357560   6522.113264   11068.117195   9232.291741   3086.362687   4242.157421   5254.944643   4487.493607   5895.376659   4929.278273   8011.262872   9436.418296   8533.133364   7346.056069   10451.768410   3108.310426   6180.535831   7402.250297   9377.812097   4544.048469   4618.775074   8771.737927   8412.822326   7598.612678   4665.816478   3365.858164   7547.874388   14049.853465   
15.900000   6608.099818   8089.961660   8088.987687   10884.274112   7740.072871   6912.449055   9326.922961   7012.838941   12335.189478   11284.583338   3412.023266   3194.268488   3840.097788   3759.187965   5567.833723   4591.451385   8463.982617   10064.947228   7899.050937   7937.651387   10263.509155   2471.492163   5831.699515   7840.399033   8135.737417   3358.248456   4079.061342   7305.754001   7597.368945   6221.810549   3431.414056   2897.022888   8678.580875   14501.510894   
16.000000   6748.999616   6871.732382   7010.133178   8188.051672   10159.091719   6644.062266   10123.458497   7242.677240   11335.950457   9997.415152   3750.043090   3435.335028   5167.929401   3951.333310   6346.659275   5143.386567   7540.001486   8422.873963   9628.789877   8560.498959   10223.998523   3780.816116   7411.321814   9193.064653   10331.173505   4381.212362   3674.200884   6411.546700   8246.802235   8734.092561   4439.806189   2885.125419   8617.960559   14059.383100   
16.100000   10314.454046   11081.987606   10683.355092   10506.896353   6224.984440   6648.349797   9899.694741   7121.345816   10901.489081   9591.223805   5164.330913   4334.934789   4796.002055   3880.599763   6519.274442   4905.792527   11071.935625   11165.378215   6372.196768   7642.796206   10659.703773   3329.389127   6204.395146   7673.207197   6004.656419   3573.881027   4860.713343   8182.494215   8876.287213   7548.068521   4751.521159   3607.433748   7939.173312   13425.648685   
16.200000   8150.452511   8708.466102   9452.247890   12801.342210   6245.765856   8463.015068   6616.980041   5603.400443   11344.713876   9382.355609   3534.186843   4062.421704   3784.993138   4363.154191   5330.584555   3632.103799   9799.866820   11226.688286   6900.966733   7143.688728   9554.194105   2446.247176   6238.329330   7707.936469   6123.476758   3371.225041   4272.651619   9975.891188   9551.993266   5895.639317   3980.674626   4195.356369   7001.044561   13210.299230   
16.300000   10216.056752   8669.016502   11311.261320   11740.020054   6066.007132   6683.610626   6323.702434   7476.845383   10822.130668   9225.043063   4202.505339   3246.394209   4708.311857   3246.991740   4763.466414   3946.511864   13576.809184   12947.753479   7215.599033   7366.347886   9921.453849   2586.044749   5944.288000   7142.402939   5988.254649   3106.314797   3531.568456   7670.183755   8123.630043   8183.239508   4270.634277   4023.146725   7675.257719   13120.118427   
16.400000   7498.081251   8137.526774   8198.917058   10829.616436   5969.276721   5461.340648   7114.411953   6438.255096   12316.525051   8696.443372   3794.574016   3389.639880   3714.844877   3481.066471   5141.309413   4238.284972   9579.350093   10368.846121   5684.808199   6564.338238   9467.969331   2828.288856   4631.070009   6198.729169   6867.225303   3270.268582   4262.005838   6827.447439   7950.260158   6815.861421   3566.042409   3577.597479   6605.795725   13466.702001   
16.500000   7101.353594   8283.764504   8935.105679   9548.809831   6547.176179   6782.005714   6742.789877   6258.650681   11956.735268   10271.618281   3555.089465   3403.029321   5392.054777   3250.114800   5636.817547   4632.154664   9134.457325   11493.941447   5950.972064   6603.293434   9810.678826   3021.399989   6078.885196   6864.886677   6558.912160   4724.214578   4331.334049   7925.251746   9047.938898   7761.465470   4842.461576   3675.820115   7016.987051   14321.625424   
16.600000   7821.816207   7852.823447   7353.521408   9367.932615   5168.068969   3866.355942   6109.931300   6343.691875   10140.010968   9310.750330   3522.533290   4576.933398   3091.607982   2840.881784   4282.729778   3786.984406   10138.734217   10681.057722   4327.072959   6370.898774   9593.101497   2760.376886   4063.741914   5773.847016   5277.601354   3041.247596   3988.848275   5322.140048   6630.248726   5433.771729   3067.694251   4097.445464   7095.775649   14187.821287   
16.700000   7718.947115   8866.271388   9386.172350   9212.939298   4369.920713   5366.660628   6361.087798   4926.960602   9784.955741   9418.401876   4664.247710   3930.743167   4574.440901   2872.389616   5173.296356   3370.619759   10647.870026   11525.924230   4753.169174   5517.655624   8331.526868   2538.460177   5029.082381   5649.148716   4847.621174   3988.899686   4124.645916   5650.838544   8146.134952   5257.085943   4051.355831   4173.864952   6110.024200   13483.891201   
16.800000   6873.335696   9185.062285   7208.716378   8703.694678   6654.179118   6889.350286   6770.398892   7877.575216   9652.663885   9675.314247   3285.978486   3840.744038   4503.087863   2780.459798   6200.957753   4536.628194   8284.970585   8446.914991   6429.754289   8184.661624   8934.442880   3121.636141   7108.889709   8281.990983   7383.771925   4217.277108   3699.879938   6691.526254   8001.111605   6659.190554   4751.988920   3909.021418   8378.334351   14388.751160   
16.900000   8579.035947   7738.420532   7658.528990   9677.607502   7967.080778   8027.987867   9096.674076   7772.119643   11141.540564   11299.427460   3726.430519   3944.706246   3314.493850   3419.979188   6246.944657   5073.691274   10032.110192   10963.953034   9519.670597   8862.452648   11814.744892   3348.159639   7977.014080   8226.140705   9402.720618   3920.202829   4706.117910   8183.815749   8157.739120   6210.238356   3123.238438   4312.723865   8715.016328   14182.099197   
17.000000   7908.146152   9898.036933   8532.174939   10395.241550   8000.502967   6981.119213   7657.489545   6707.964617   11666.173991   10864.861480   4314.252041   4626.914226   3140.212685   3570.571281   5139.846607   4417.640517   9690.005488   9433.276997   9582.430711   8586.269479   11213.277291   2729.048917   6664.069538   8891.136694   8385.254428   3886.572515   3996.048779   6855.486661   8448.968510   6851.700103   3015.762803   3622.715284   7998.037487   13668.167859   
17.100000   6261.419490   10187.847277   7721.820453   8649.928551   7024.936783   6578.000326   6424.222328   6409.964439   10147.481795   9944.186619   2710.490618   4323.494712   3524.429530   3605.942383   4892.619077   5227.454407   8946.899385   10487.211439   7589.345718   7096.223223   10312.851234   3430.853264   5981.049833   8071.561264   7181.758383   2838.441918   4361.583310   6065.805445   7365.854592   5984.265853   2876.949600   3190.239309   7420.244792   14259.919003   
17.200000   7785.799458   10644.888384   7119.126287   10180.134353   5597.646701   7240.191580   8790.698538   5654.450199   13727.390521   9927.710728   3986.517036   5113.350508   3835.268226   2398.179458   5813.085888   3504.535434   11420.189283   11472.197995   6990.296941   5890.195267   12059.083264   3070.032259   5416.398480   6483.089241   5824.115474   2888.400396   4844.328523   7101.140017   8279.828509   6132.728749   3217.476845   3061.196341   6192.188898   13204.351293   
17.300000   7115.932321   8136.804517   6913.721828   11297.925011   5228.238636   9194.964249   5119.781212   6758.685666   10359.208335   10453.699858   4128.402697   3534.095117   3651.337120   3471.163768   3749.697713   5235.827258   7714.797682   11937.694863   8860.709735   6297.395985   11006.561970   3286.736691   6745.414250   6671.148509   6735.063569   2641.940394   3533.516101   9628.878587   9517.305676   4747.472653   3455.767693   2896.920277   6291.294609   13595.456777   
17.400000   6917.766644   7921.358447   6389.765271   8678.889917   5257.455283   6489.259028   9026.475712   6437.334946   10406.914184   9056.063891   4183.324448   3673.155208   3747.908397   4138.743644   4480.100862   3998.377267   8864.731753   9265.269969   7684.873619   7261.064017   11842.280020   2983.004879   6544.078547   7753.145027   7525.510343   3231.608400   4172.056273   7098.781549   6510.384857   4107.593678   3221.462261   3556.306595   7491.361673   12982.424742   
17.500000   7858.027417   8130.818163   8202.102548   11040.556936   7505.009103   7238.775475   7096.016622   6461.339099   9523.307767   9032.556223   3699.682797   2711.469343   4238.732234   3550.556784   5500.203138   4930.542491   10499.300387   11407.756384   10148.700913   7329.700428   9771.606528   3505.042246   8277.341015   8610.281186   8655.396790   3134.257753   3611.557077   7656.938150   8962.865087   7202.618101   4128.779636   3890.321831   7024.366913   11745.811385   
17.600000   8763.872290   7278.118722   8621.758202   10717.445468   6213.215945   5743.804392   9292.768061   7716.672751   12265.711938   9807.048152   4680.960089   4342.473981   3623.500699   3602.025340   5329.244976   4902.282567   9348.504254   11212.066356   7790.642877   7045.496664   10905.408642   3516.927267   5957.381907   7237.009403   7710.592469   3979.572276   4429.497772   6345.117276   6254.294780   5926.127760   3672.662086   3644.500399   7292.138685   13103.437449   
17.700000   7724.885445   10363.506163   7507.212952   11000.173380   5251.474846   6697.416429   8056.125244   6174.106351   10254.397705   8579.787257   3480.803393   5091.298182   4265.274331   3178.048332   5599.008424   3853.414849   10251.878071   8750.536219   5624.331072   7462.964730   9354.062729   2911.470198   5217.819136   6254.568829   6970.425659   3862.962307   4650.429592   6683.690501   6592.999069   5613.022113   3813.798750   3832.575899   7132.925071   13254.784286   
17.800000   6505.348444   9405.528651   7104.767349   7888.906883   5697.674475   6679.980780   8731.969287   6387.188798   12703.168475   8637.767696   3881.620275   4359.200999   3052.861854   2971.948297   4874.969172   5553.921180   9652.414797   10315.111910   6473.264585   6441.940575   10219.319385   3525.398723   6474.680836   6498.657881   6401.980361   2595.030320   3827.093070   6784.982535   8121.943550   6220.883788   3259.157702   4184.853194   6830.306345   13076.983158   
17.900000   5116.108916   8053.847116   6610.497972   8866.734971   5754.611040   5524.969782   7359.756881   5591.366127   11421.850106   9288.881249   3559.518950   3243.610233   4329.770214   3075.402210   4440.115902   3050.698671   8186.023680   8096.960525   5019.339718   6387.056343   10228.018855   2246.576087   4761.924893   6544.143860   6833.615319   3245.945427   3198.902977   5750.997014   5604.638505   5323.532811   4269.355232   3247.219887   6648.005824   13264.965884   
18.000000   6564.515154   10031.534104   6344.832533   8861.209991   7455.855351   7473.680070   8292.269471   5508.887294   10281.783900   8991.480735   3869.146350   3654.976380   4077.281190   3157.149339   5464.123089   4904.258159   12278.262721   9784.092946   8242.091255   7170.361551   9582.105405   3043.290921   6965.678652   7985.194256   8390.775896   3359.899894   2875.266571   6378.011393   7907.630813   6650.096679   3808.223295   2766.064596   6921.180661   12944.213221   
18.100000   6203.828507   10296.673850   6210.548457   10472.116991   5168.444177   6728.038929   5017.494973   5054.374477   9365.064716   7602.814985   3080.317536   3801.585619   3195.182633   3960.345004   4923.960486   4676.541742   10816.399775   9041.551067   6390.577376   4925.376137   8641.412608   3055.490519   4956.836258   5093.758577   4980.495734   3197.802301   4834.343081   7692.580014   6664.573248   4779.876869   2843.237485   3710.606295   5079.094573   12020.611255   
18.200000   6130.804179   8056.679039   4596.342491   8371.371566   4345.763567   5773.390716   7970.804272   6214.029811   10693.562213   10112.764334   4109.937721   3268.449406   2884.737427   2615.407347   6064.261363   4050.147322   10127.495718   8557.938542   6094.022118   7375.148677   9043.800239   2628.159205   5935.670151   6460.491597   7810.239142   2910.757182   3029.210554   6668.588945   6705.692235   3450.153890   2532.731890   3398.318819   7265.687526   12209.641176   
18.300000   6571.845749   7090.504450   7529.715662   8434.446371   6919.900452   5425.590635   6293.368941   6432.904251   9076.537848   8453.665637   3869.581913   3222.555962   3635.206011   2823.318806   6222.849444   3911.689774   7483.526912   7800.139692   5437.360565   6342.498238   9359.987711   2096.899171   4843.291867   7107.437943   7508.257161   3189.662697   3660.157592   6030.979453   5633.108219   6217.179052   3455.052478   4522.206336   6077.239225   11816.618437   
18.400000   5788.896205   9257.629692   6422.289332   8203.867475   5925.101667   5864.790994   9674.979114   7713.035705   12533.044756   11883.081298   3214.173114   2584.452705   3152.355943   2663.046301   7213.051705   3314.674925   7814.594216   8262.642709   6482.359280   8104.708995   10685.057046   2810.689946   4718.973515   7763.802765   7564.184407   3116.232533   2882.465304   6330.907758   7419.851207   5581.336243   2516.584763   3566.964540   8695.834826   12544.639233   
18.500000   6985.724484   8973.941410   6960.898603   11272.418410   5769.227703   5702.101189   7436.378129   5856.248788   9998.069431   8208.695973   4345.793474   3463.584624   3752.066739   3339.014799   4615.094449   4072.854421   7654.672613   7649.803101   5415.701245   4746.857079   8666.329850   2954.727839   4587.038879   5516.017770   6376.326471   3286.821871   3895.225028   8000.041230   6151.322617   5491.643401   3002.943097   2775.869588   5211.548990   11396.465210   
18.600000   5264.190178   6617.988138   5549.351310   7445.997236   5561.337447   6060.206198   7528.471455   6353.653033   12060.326381   8323.418509   3411.524461   2806.357465   2900.712302   3385.117723   5440.330849   4489.630346   6092.669636   5654.628745   5653.713977   5977.149957   9669.996579   3001.083655   5404.913889   5885.485077   6095.186563   3312.975310   3263.934162   5359.555969   5899.498550   4593.954473   2520.809455   2543.328723   5656.985241   12109.133220   
18.700000   6633.359551   5954.931317   5533.012883   5356.581403   5672.103000   5451.759297   6950.154868   7785.364502   9300.373199   10622.173380   4201.477958   3503.766377   2952.916062   3949.555207   6029.202070   4698.826000   7159.088447   5401.286431   5579.557930   8139.697360   10179.819285   3426.909865   5861.876929   7958.518910   7116.595732   3710.923698   3560.687235   4900.473900   5383.490934   4591.508439   3118.730743   2615.748206   7196.450183   12435.825299   
18.800000   6971.918849   9243.765123   6218.114251   8145.821603   5333.052384   4329.011709   8239.627832   6523.258142   11153.323276   9596.318437   3840.531985   3392.465913   4138.083565   3199.265420   5486.292640   3838.194700   11246.887255   5839.623631   4795.810871   6876.698782   9466.312548   2791.503192   4623.230126   6328.959082   5675.876325   3873.029057   3294.842646   4403.184016   5561.337772   5854.511669   3984.250883   2788.670827   7021.656670   11609.925294   
18.900000   4307.963081   9437.575529   5265.570012   8614.340682   6213.865383   5400.205962   6819.127924   5572.383444   10101.671318   8495.756298   2876.649173   4226.343447   3230.964799   3799.708326   4905.426954   4379.234734   7257.806993   5213.458002   4887.504360   5561.408404   8210.990947   2700.073616   4497.099524   4984.014590   6734.855828   2666.296293   3689.636134   5502.341544   4953.711199   5238.230590   2883.429393   3134.262420   6175.309365   11407.235526   
19.000000   6584.877114   8066.751128   6898.980854   7878.404270   5950.960972   5412.867986   6839.168102   6421.558330   10159.797252   7703.456359   3763.376904   3871.439374   3377.106104   3493.142000   4150.206092   4410.804450   8144.622748   8035.737923   6749.754965   6014.158506   8235.133267   3103.094406   5031.963210   5847.905981   6968.915306   2744.936925   4290.412763   5991.589521   6622.790957   5715.141180   3083.783685   4187.114371   5333.553640   11079.975404   
19.100000   6207.595687   6599.062267   5972.961375   9704.572171   7322.906515   4926.287652   7264.420298   6132.076052   11556.293880   8058.209735   3113.560147   3440.373474   4403.409632   3086.966500   5330.929376   4456.207198   7260.466874   7213.566251   7758.466611   5954.143115   8984.983084   3358.357385   5771.297515   6390.338418   7807.087970   3547.115782   2908.766671   4640.402569   5853.356800   6071.329987   4069.027048   3575.696587   5868.067867   12076.724658   
19.200000   8723.240077   7339.089842   7827.284966   6873.638280   6706.828053   7216.625209   6643.204049   6221.911572   12557.316688   8840.106032   4289.140575   2658.258093   3944.483885   3637.030103   5296.763085   4091.168365   7995.696821   10054.532858   7487.737536   6494.751127   9628.233402   2980.570785   6428.626199   7044.114275   6325.208419   3031.373680   3064.570453   6938.835967   8757.222024   7020.302600   4334.759278   3321.397866   6539.490259   12917.461913   
19.300000   6407.394078   5693.959821   7399.600989   8128.956771   8708.089893   6673.886539   5720.352124   6146.696364   10949.707111   8045.517808   3084.046099   2571.266020   3952.085940   3218.570682   4404.671059   4710.743286   6720.652550   8308.046282   8824.739698   7560.549024   7996.660551   3175.780264   6828.204095   8920.882166   7621.801380   3054.348757   2943.962745   7317.548965   8591.375494   8314.647380   3724.503489   3091.739028   6882.351594   12108.993025   
19.400000   5033.509178   8264.372361   7157.109543   8843.360463   5863.912067   4869.337334   5790.957764   4991.141011   10174.281264   9549.606593   2946.286471   2698.657447   3134.231492   2801.101354   4347.675294   3785.050348   6753.728972   8912.999821   7004.734201   6717.296106   8167.226639   2732.030157   4912.869996   7076.092419   6655.260515   2939.128386   3447.206688   4962.795285   6855.065136   5599.244700   2959.019310   2731.909043   6228.356448   11968.947902   
19.500000   6844.832405   12121.069281   6975.929679   9388.390655   5119.602522   6825.923805   5767.765956   6176.704037   9059.394417   9618.457638   3292.191578   4035.563071   3192.470786   3826.918090   3915.403665   4078.334745   13009.896091   9990.191549   6988.357298   6133.068608   8713.228276   2350.020651   5417.904760   5605.128581   7342.834055   2502.077008   3685.364185   8256.306088   7159.484658   6021.091457   3651.469503   3473.868559   7006.958857   11571.978443   
19.600000   9369.125988   8686.553742   8161.949235   9762.062301   6371.377207   5077.526218   5678.905976   5371.892471   8061.425896   6602.971621   4939.397796   3645.018322   3795.787448   3775.023789   3875.104959   3322.765960   10868.615390   8220.239921   6048.562806   6830.596272   7376.222380   2623.738315   4620.730285   6582.810574   7793.055954   2740.962373   3196.315419   6466.519884   6073.793224   6079.602359   4404.290980   2406.997141   6709.761183   11202.148776   
19.700000   6254.675243   9620.103273   6794.846354   8557.855077   4682.599664   5795.926456   7136.557872   5192.482947   9532.088624   9478.655057   3281.438352   4123.324279   4361.137174   4247.273965   4637.291199   3028.190851   9016.932315   7302.403232   6025.488829   4534.822746   8215.376745   3175.240560   4421.817059   5421.530990   5261.463796   2752.146011   4143.115027   7191.875818   6308.312953   5698.358505   4258.720708   3657.180523   5673.430214   11402.175924   
19.800000   5423.272344   10117.055224   5267.839069   8215.062515   4485.456389   3914.897493   6085.025082   3872.757743   8401.828011   9110.402193   2839.985156   3372.619799   3328.069858   2795.827959   3214.474072   3262.914257   8455.962370   6783.743056   4975.828799   4441.946813   9838.683569   2211.287390   3326.792827   4659.577683   6094.223380   2277.465519   2789.451875   4865.538842   5238.611494   3735.881302   2995.706488   2995.805679   4383.807080   11492.754210   
19.900000   5899.063803   8684.024072   5840.327229   7601.713126   6388.328447   4016.847109   5461.104775   5891.842997   8037.964016   7924.194981   3440.965375   3854.292237   3560.148585   2599.971903   3437.829904   3999.329955   8447.067149   5157.132824   5957.754010   6738.727797   8394.061331   2390.549156   4959.828583   6450.532544   6563.308367   2545.745352   4224.051335   4353.276950   5410.733322   5934.233932   2842.555605   2763.423002   7258.730783   11357.702270   
20.000000   5861.488530   11809.109218   3670.963231   9049.582871   5546.819795   5313.366289   6053.597904   4808.228348   9262.259941   7072.800194   3740.910556   3733.644901   3924.027557   3805.538308   4804.225756   3338.457111   8605.528621   6173.242547   5506.033463   4841.018892   7977.317089   3015.074553   4519.746574   5163.048959   6817.034471   3682.710316   3622.529454   5988.509455   5159.564171   4282.597225   3342.576300   4402.487025   5177.207331   10302.940444   
20.100000   5594.183666   7031.665480   5307.723464   7782.323742   5510.631447   5570.352173   6460.972085   5391.670266   10470.015824   8092.120746   3002.619376   3680.783704   5128.535799   2832.480700   5286.275016   3516.051081   7649.988843   6527.497686   5936.356195   5780.588053   7571.515302   2192.134708   4335.748171   6276.617955   5333.820171   3665.389655   2872.440622   5771.509835   6141.472290   5343.521022   4096.963358   2895.338205   5605.809817   10425.647777   
20.200000   5916.310179   9494.015174   4687.399198   7289.836886   3542.477523   5399.109562   6236.423793   4615.598769   12775.042908   7826.287775   3599.220991   4524.014064   4777.548009   2536.392035   5632.670161   3087.673335   8891.193610   6724.616773   5012.818792   4624.415482   9328.489339   2194.948404   4865.664708   4720.319075   5071.110855   3141.042471   3961.772765   4542.279704   5322.586129   3818.117455   3865.894016   3449.620186   4930.851355   10749.655708   
20.300000   6550.487083   7476.196524   4971.520045   7077.110430   5008.363764   4063.808724   5579.238734   4264.235557   10571.397740   6818.179847   3569.871832   3528.047057   3916.889316   2245.051808   3622.942067   3657.951632   7757.935544   7410.633186   4511.399239   4353.477795   7545.005555   2817.034231   3691.693142   4774.994088   5852.758939   3023.857771   2958.793908   4281.718306   4775.685354   3708.267543   3398.793527   3547.828184   5074.756392   10778.738281   
20.400000   6328.841778   5524.212087   5713.790036   6328.837681   4145.944577   5289.023659   5465.251909   5160.472551   9840.716184   8645.292124   3126.523108   2453.130774   4037.140428   3085.792308   4160.413760   3819.754007   6830.585772   6189.319482   4499.579655   5587.022618   7706.056402   2756.641085   5905.115698   5289.081047   5524.018138   2358.728890   2371.049373   4286.000645   4265.022041   3994.384235   3375.774993   2630.852952   5275.759717   11234.904904   
20.500000   4747.440945   6857.340708   3915.803370   7556.499567   4853.522646   4333.211386   5466.215740   4665.978574   12473.421311   7590.692360   3085.998171   3289.270824   3615.221003   2496.911560   4345.225299   3239.679624   7762.999507   5197.740631   5053.554303   5918.826998   8526.796807   1811.696576   5140.017814   5935.662003   5855.571359   2868.575405   2640.234015   4502.707135   4752.428736   4282.143863   2838.389078   2993.327453   4975.014642   11159.968938   
20.600000   5447.158975   7636.980759   4940.512053   7466.774172   5795.578103   4341.451888   5716.612259   4797.363438   9530.866902   6442.976667   3983.523782   2573.933747   3110.103492   3064.814709   4675.975702   3106.345241   8760.851458   6006.387171   5307.064883   6877.002838   7315.318789   2231.240800   5198.802583   6614.200126   6919.485591   3701.532501   2821.701829   4138.012918   4365.062857   4544.059296   3410.756238   2940.466315   6676.984004   11431.487399   
20.700000   6510.215904   7095.314859   5241.279503   6589.172623   4872.146185   4300.318773   5244.091529   6145.566992   8320.470111   7670.230405   3967.381524   2875.209542   3506.220192   2649.040900   4153.215894   3894.618507   6048.513071   5748.296501   5419.454557   5397.066246   7472.055119   2542.637219   4680.444330   5253.064551   6497.621706   2881.805459   2229.755558   4078.021730   3960.176806   5234.881028   3746.345473   2883.231325   5345.201991   11326.570438   
20.800000   4499.859093   8159.711391   4333.523568   6184.241603   4470.074997   5210.753626   5290.095440   5997.045366   8412.982619   10159.802148   3119.817515   2682.714212   2853.880384   2803.004758   3996.512024   4592.064529   9394.474263   6327.485817   6181.749621   6183.028991   8568.305970   2470.511817   5646.275600   6593.184970   5798.944350   2051.272425   2457.752918   4555.556971   5956.384277   4610.958634   2518.110930   2014.881812   6068.623351   11039.918237   
20.900000   5315.512065   10466.992155   5781.152389   7851.198566   5800.405240   5213.686858   4957.461486   4178.696507   10845.173839   8144.625136   3647.388774   3597.454248   3785.635710   3234.836296   3505.662299   2932.452718   10928.677429   6755.853258   5953.989234   4257.070656   7481.751838   2430.458878   4224.637135   4618.513314   5805.347091   2582.640780   3901.914521   5620.751696   5762.926917   6252.448486   3373.453960   2628.482989   3862.784896   11639.292648   
21.000000   5519.650036   10681.348359   5513.684756   6710.246657   5420.135005   4706.532959   5439.002760   4312.837117   8807.112555   8699.563882   3378.979083   3442.980901   2881.551470   2983.801559   3242.489121   3238.769342   10128.386663   6713.173782   5234.083575   4101.228018   7961.710541   2726.995396   4024.163453   4240.011928   5019.000768   2080.303248   3297.569597   4975.288370   4874.496541   5215.440350   2783.614970   2615.900043   5093.359907   10354.707152   
21.100000   3866.793784   9683.972868   4157.103904   6842.896118   5133.751457   5538.857599   5366.361570   3719.658059   8155.119198   6395.690655   2478.459898   3500.611719   4116.375224   2257.346661   4014.003800   2299.313156   9437.071674   5826.310658   5759.495489   5775.903135   6789.616202   1887.521301   4276.889155   5629.253578   5398.416133   2209.771746   3083.703744   5712.927077   5494.464369   4659.950568   3210.092877   3009.308559   4893.416043   10958.467522   
21.200000   5007.723929   9344.476728   5126.151169   7468.731420   5687.026532   5214.426957   6169.221337   4333.497673   10559.378984   6804.860732   3448.959131   3579.112171   3628.119434   2596.400200   4623.568312   3161.431845   8598.863155   7106.416214   5833.577670   5054.611983   6555.433971   2073.151013   4164.069900   5606.255575   5216.457705   2529.840889   3068.369447   6027.170186   6361.503944   5214.485118   3520.490216   2788.737521   4477.870251   10986.462620   
21.300000   4851.022710   9447.374087   4805.191710   7442.645204   5599.772650   5723.312535   6341.729107   4234.878452   10321.098380   7091.707984   4324.966597   3623.308123   2844.279859   2481.508729   5154.123692   2842.213582   6832.781559   5500.017336   5089.754630   4214.451395   7715.738300   2167.981841   4038.858610   4203.292868   5068.810841   2867.156197   3084.457889   5383.061385   4794.627998   5423.445558   3075.708478   2445.222610   5033.719343   11726.322259   
21.400000   5329.626543   9499.681411   5690.912650   7142.177671   6746.803691   5414.963365   5723.530581   4451.384405   10859.215817   7253.968285   2887.791938   3386.662287   2794.152286   3448.814496   3912.000301   4086.429601   8320.356948   8120.106656   7108.877194   5213.807128   7100.520915   3040.383654   5273.496803   6421.142137   7483.027301   2956.283357   3253.371427   6126.340530   7096.652940   5821.445176   2770.918437   3185.401304   5162.716156   10274.105671   
21.500000   4773.634944   9278.406179   5045.801823   5971.088272   5938.782349   4864.213079   6717.587278   4508.797074   9357.221107   7195.340001   3625.752845   3369.472525   3989.590268   2834.344947   4921.978484   3143.448579   9135.643912   6784.621687   3927.566127   5215.673229   7229.885536   1940.402228   3961.636174   4354.724023   6542.798122   3650.761919   3268.130174   4855.902016   5435.032999   5118.477541   3154.755502   3357.860952   5884.467868   10395.938178   
21.600000   6631.629517   6831.179831   6280.605456   5514.904537   5214.248705   5106.985958   6442.028655   5226.895989   10155.898413   8721.468044   3508.212639   1899.777810   3806.264700   2072.227676   4935.087894   3197.021090   8442.941777   6413.086095   4997.590835   5106.287812   8510.460422   2226.933328   4087.245704   4587.250396   5512.018124   2728.109338   1912.468058   4930.692362   5499.426647   5923.436558   3759.543303   3021.635517   6229.354791   9724.019986   
21.700000   3697.257635   7317.445572   4111.090331   6473.287107   6013.078329   5000.231952   6982.861521   6268.753957   9118.771850   8214.370459   2567.116983   2773.041620   3234.052327   2178.450154   5268.113115   3993.691244   6431.279237   8575.753050   4367.497941   6160.806069   8941.591311   2322.259050   4855.694232   5686.864446   6918.353456   2997.508026   2868.958572   5072.188625   5741.672911   5363.455675   2782.954084   3877.351286   6586.419974   10587.536282   
21.800000   4441.621771   10034.865420   5495.893320   7410.453139   6047.707089   4437.070795   7251.004071   4456.226166   9034.946625   6590.539747   3428.951448   3817.067003   3902.640757   2848.009376   4409.452355   3261.562297   11638.434854   6985.026177   5070.557807   4475.209774   6690.349832   1762.054026   3219.166345   4331.760476   6035.533292   3849.808688   3580.504551   5165.017536   5045.138850   5826.561870   3603.702988   2808.841054   4770.078008   10295.455676   
21.900000   5115.719113   6673.912629   6395.263356   8152.496055   4615.695027   4566.871611   6922.083083   5148.683178   7612.025942   8278.222342   3463.227855   2867.876332   4117.314293   2763.298320   5586.276260   3588.098234   5473.567633   7515.880371   4698.524575   4529.484199   7076.616471   2661.771929   4331.429587   4215.406903   4239.216872   3788.418940   3093.757728   5181.984592   5799.158545   6225.487156   4203.804778   2344.301603   5177.306254   10082.703523   
22.000000   3625.857124   9000.939010   4682.789104   7231.373711   5282.701742   4070.063872   6056.691237   6504.306605   8734.897373   8932.871778   2435.191146   3540.416915   4481.438157   2348.603303   3944.947968   3671.887564   5231.405683   4051.480020   4786.771575   5090.434405   7303.993366   2393.278086   4650.214003   5162.659924   4695.256208   3196.206033   3428.320311   4075.647472   3922.826611   5203.128941   3772.870856   3650.185270   5334.981986   9902.284942   
22.100000   4565.614471   7642.283166   3755.626386   6502.420594   5767.720827   4026.927032   5848.020901   5003.541579   12811.317593   6784.316820   3421.906270   2937.990298   2956.870440   2368.611835   3118.549632   3781.590091   6137.767334   5002.536115   5040.076056   6042.449548   8470.731617   2170.321901   5203.880271   5629.006605   5482.589637   3136.021719   2330.752715   3460.284673   4261.305974   4483.700925   3050.059269   2926.573242   5834.445190   10213.473427   
22.200000   6254.921146   6319.643817   4994.575490   6975.563422   4579.029564   5029.809156   6046.224013   5787.059365   11652.297493   7087.684454   3613.700469   2397.962319   2853.620717   3339.455902   4253.336065   3011.888845   8140.850980   4696.180139   5732.501921   4792.009066   9455.612835   2174.553347   4367.971154   3755.427007   5348.681178   2891.383067   3226.439593   5195.324532   3903.532074   4051.937940   3103.998078   3396.373162   5515.611547   11405.177517   
22.300000   4022.120179   8119.090536   3602.525199   5724.677060   6366.806140   4615.988948   6763.054076   5904.207174   12099.833672   9232.163964   4153.068080   3635.684858   3578.871651   2616.284874   4214.207454   3315.623862   8030.075671   4012.551881   6127.247288   5809.660858   10580.266332   2308.317241   5060.309870   6076.766081   6519.419236   2271.201796   2532.239430   4256.847849   4341.801997   3768.703633   3005.788482   3272.895705   5483.161170   12254.832578   
22.400000   7012.622856   11959.327359   6169.205829   10304.693477   5024.302736   5206.088519   5777.758294   5238.106064   11457.686738   8299.518568   3507.768469   3640.071751   3141.831674   2634.257018   3393.245752   3091.058154   10767.238288   6836.401621   5208.702028   5084.553703   8637.732514   2039.907526   4829.535105   5802.871600   4987.531697   2000.493205   2949.311569   6486.949404   6139.266190   4601.893350   2867.409643   3715.156814   5230.158027   10868.362231   
22.500000   3911.965160   7663.054107   3507.080396   5277.045180   3853.704295   3698.957171   7701.677072   5017.562413   11175.918314   7944.880742   2635.967381   2652.422452   4356.038621   2088.308715   4762.268656   3315.970494   5848.836081   4307.002867   3646.065529   4905.594704   9237.497622   2141.878493   4002.951015   4872.298022   5521.353459   2255.532479   2013.245155   3630.941610   3588.754825   2998.071705   3156.094350   3460.773303   4965.481650   11141.418197   
22.600000   4547.839762   6987.225276   4956.142443   7719.493418   4239.065624   4214.260607   7671.751164   5176.650128   13394.642577   7183.972240   2956.773712   3165.172579   3204.656821   2670.253070   5327.941219   3364.095451   7930.092207   6096.184822   3740.301966   4853.946419   8378.395425   1974.476999   4274.772853   4810.044768   5306.469277   3871.099762   2826.240062   4147.124661   3994.512170   3761.110126   3169.856390   3165.630431   5133.243485   10626.355244   
22.700000   4527.206353   7905.465367   4585.070282   5754.223849   4306.056366   4431.184548   9077.558052   4738.770329   13712.132236   7316.704110   3538.786692   2922.851291   2732.233684   3165.473071   5327.847498   3548.844236   8013.548195   5067.427038   4438.024959   5247.251054   9845.003153   2743.417605   4540.323556   5418.803887   6739.670749   2508.237386   2814.510887   4575.779275   4440.732463   4892.633260   2678.842413   2663.587621   5090.712043   11617.794996   
22.800000   6361.308486   9131.713054   5252.880238   5937.637944   4400.644883   4295.375130   5895.415361   4597.859809   11770.040740   6139.411919   4291.463602   3579.941278   3356.369901   1771.654391   5023.886352   3220.963169   8285.226219   5364.383163   4892.171870   5151.574606   6808.468095   2195.334051   4182.613210   4972.999348   5946.524113   2828.722712   2769.063523   4303.894648   3662.045292   4821.523526   3174.578538   3160.736760   4900.308542   10694.531117   
22.900000   5438.875113   9419.083119   4508.405289   7595.222745   3829.688184   5041.191229   6082.968855   3611.493678   8450.375660   8410.211925   3241.763033   4808.308700   3073.924951   1945.006704   3337.317368   2234.374646   10793.149220   5234.711883   4462.383653   4350.974835   7032.004831   2143.616137   4969.171869   4447.156747   5174.093422   2058.093266   3657.845654   4878.704059   4314.440271   4035.590984   3043.849195   2670.212630   4432.013712   10000.065967   
23.000000   6267.949553   7760.502453   5234.011024   5382.481546   5314.294685   3698.199682   6512.366575   4626.559153   8325.969527   7339.102565   3311.050041   3092.123522   3051.200009   2249.260093   5053.196000   2548.510846   7606.760497   5643.686118   4647.410716   6111.618620   7632.965888   2439.644420   4082.413518   5543.856577   6806.836588   1669.385379   2623.942796   3301.955848   3921.551303   4767.478609   3048.635107   2679.335444   5529.305873   9589.953467   
23.100000   4637.693058   9725.936307   4538.790308   5900.809895   4653.252209   6624.145749   6328.194630   6713.403752   8750.522085   7135.384954   2857.563606   3543.051962   2749.466656   2345.067432   4146.558203   4871.987128   7198.371946   5035.015565   4543.215984   7514.316391   6768.748174   2751.692541   6647.970002   7287.195396   7200.200759   2397.089733   2820.337338   5513.013574   4495.486282   3732.006528   2849.993077   3190.564719   7032.777019   10038.905962   
23.200000   6904.957157   9738.280387   5399.846006   7089.501273   5624.498823   4747.696235   8133.946616   8028.757883   12798.679024   7846.695591   3995.552781   3352.567727   3094.409465   2661.910550   5294.123709   4470.926743   9677.235737   5732.737461   5487.279533   6772.978950   11138.796590   2767.956972   5585.843630   6149.151605   6470.207505   3025.197816   2820.093552   4984.440715   4049.293705   5189.239248   3240.185242   3142.256670   6666.515522   10779.749960   
23.300000   4682.978335   8580.401540   3775.678989   6719.794153   6232.551404   3523.709905   6443.390536   5419.679956   11094.240048   8008.330331   2490.704640   2925.684406   2838.058421   2240.474824   4667.548807   3654.492922   9616.870031   4405.078407   4566.227055   6136.189440   8743.922050   2278.927330   3857.974382   5596.431182   6639.133286   3070.918783   3276.682974   3787.327428   3815.081668   4246.068337   2514.987205   1886.210080   6181.418179   10393.424060   
23.400000   4578.764981   14661.223059   4937.491082   8489.288424   5282.000960   4545.375533   7326.176630   4475.235560   11301.447803   7530.440156   3409.778373   4460.143677   3414.441486   3187.483438   5333.029242   2832.160418   12481.799417   6726.781172   3399.131524   4861.346942   8348.454089   2165.467183   3595.743935   4934.692435   5382.906032   2771.057232   3735.523374   6027.526839   5353.484521   5214.119326   3316.678584   3892.311224   6195.832623   10169.762043   
23.500000   3824.825739   7047.508233   4959.860080   5650.754098   5189.461002   4221.238125   6945.292548   5006.278620   12654.344511   9090.198962   2377.220895   2770.550436   3321.061235   3132.875791   5483.704897   3163.549007   7226.992288   6060.206932   4420.788269   5771.823263   7513.422632   2613.696467   3609.359340   4879.868499   5633.932314   2884.545624   3465.950218   5351.327284   4829.234413   4619.774885   2728.652412   2689.477231   6413.100851   10825.261972   
23.600000   4415.426118   7943.863853   4405.200741   5149.999200   4639.428027   2892.255683   7143.421185   4129.125675   10106.608359   7408.677374   2777.755784   3062.690681   3005.681999   3390.502223   4771.582759   2746.712400   7097.438314   5065.489361   3226.157945   5109.200050   7155.715295   2301.241648   3103.553368   4372.576448   5338.891683   2164.879103   3074.549205   3861.176538   3996.975088   4120.414381   2703.277110   2639.202424   5358.704425   10228.638056   
23.700000   4177.504800   8981.877998   3568.897768   4624.128795   5318.370172   3281.979284   5399.308179   4571.635522   8754.228417   6227.077469   2728.335889   3428.043689   3283.745709   2889.090259   4855.540780   2503.262523   8007.911952   3609.638886   4578.778551   5209.417976   7276.680571   2762.368326   3696.592345   4340.515491   6237.800936   3463.201683   2714.105560   3878.723910   3485.059230   3701.358752   2818.094576   2846.743024   5762.025825   10081.915409   
23.800000   4703.266641   8471.046834   4211.834566   5325.461111   3713.865351   3818.435093   5330.966697   3726.360486   8106.871399   6358.345634   3264.051509   2926.561428   3052.313979   2090.958607   4333.188358   2474.222901   9126.365200   4671.288136   4469.548504   3715.349171   7216.976953   2318.041171   3271.350535   3682.305321   4454.189488   2584.244469   3032.376738   4353.327539   4421.314911   4825.814407   2872.027111   3501.996523   3567.540708   9741.526503   
23.900000   5136.608359   8472.606336   4337.607710   5073.787682   4122.238708   4804.211376   6342.918660   5294.287219   8975.317100   6198.474785   3090.254414   2731.728332   4359.047344   2392.327515   3922.899040   3856.001032   7859.535248   4218.240036   4263.943109   5352.595919   8123.044515   2380.389342   5405.273596   5443.031625   5898.370335   2252.424861   2589.138398   3719.960626   3847.622496   3782.507249   3539.480944   2284.380667   4632.080833   9756.062597   
24.000000   4452.780000   6313.673390   4194.412767   5325.729800   5552.774591   3471.258529   5757.971855   5384.977821   8919.896911   6553.634931   3460.272881   2270.224736   3349.365534   2317.828367   4474.396641   3355.512008   5784.862976   5301.179180   5489.285167   5553.781007   7068.281242   2021.529083   4922.238987   6035.564371   7002.375097   1947.135994   2757.199414   3335.994244   4614.959859   4896.698057   2987.922779   2300.008971   4569.411030   9487.759238   
24.100000   4896.718055   10135.814319   2395.031661   7045.650812   3844.301261   4400.960756   5907.448715   6254.406304   11555.724910   7281.692916   3822.211756   2958.154908   2824.916202   2795.989473   4354.920137   2609.665347   12171.161193   3322.623425   4831.891328   4474.363310   6991.397450   1884.080885   3959.642632   4910.342468   5365.367912   3402.492350   3480.487122   4145.689642   3429.926863   3413.158615   2920.977654   3267.004131   5262.682904   10368.563305   
24.200000   4967.381984   12088.108399   3829.491793   5762.167519   3340.488211   4576.847741   4564.879427   4834.177080   9159.500442   6402.956288   4082.392454   3783.647084   2759.902904   2091.339894   3939.266583   2717.642164   10361.762084   5424.005847   4866.796854   4131.885626   6646.178040   1803.268798   5013.848693   4634.722856   4507.328230   2781.461751   3166.349908   3917.963802   4209.710571   3542.130193   2755.437144   2380.935858   4240.007085   9043.075538   
24.300000   3716.969525   8141.175885   3183.811947   5282.220361   3132.780072   3613.852818   5129.339774   4596.507859   8205.932419   5602.429281   3588.173640   3229.311597   2293.203865   2416.847056   3746.231627   3095.661119   7767.383151   3650.637040   3612.322606   4520.549572   7013.282269   1953.870380   3048.390778   3975.001356   4719.309603   3237.285263   2916.972134   3041.710087   3310.862388   2687.951871   2346.570718   2654.761599   5093.270843   9419.249305   
24.400000   4473.418922   10718.241878   3072.729569   5683.431378   4741.172211   3932.630581   5778.443521   4869.011546   10711.418852   5365.361295   3240.057203   2975.536635   3130.911501   2285.637102   3774.557150   3516.206814   11162.603085   5233.712381   5537.399373   4777.246046   7939.558050   1984.095700   4942.140550   5142.774628   5663.039656   2414.701219   2838.297773   3960.233659   4367.223814   3932.432960   2421.572849   3099.062211   4549.889417   8989.594569   
24.500000   4144.970033   9884.772862   3555.011804   5375.427239   3899.273148   3367.808608   4584.478888   4416.155896   10235.465956   5912.505080   3106.348509   3205.120082   3104.023714   3133.998850   3429.086474   3434.122776   7676.891275   4245.094711   4649.071653   3952.119965   8272.017136   2285.393901   4233.902388   4423.501451   3994.025739   2914.076052   2871.316511   3425.986921   3436.624582   3400.214626   2974.028384   3004.483172   3981.624661   10458.362715   
24.600000   5868.865679   13381.896601   4769.242329   8024.532421   5229.475962   3381.116717   5998.247035   5692.997713   9794.331818   6162.771778   3379.166053   4373.263606   3688.154696   2847.203611   4708.293909   3210.961044   11741.825101   4918.700059   5448.445522   4534.088669   7018.208687   2123.770170   3852.180344   4351.475301   5634.314639   2528.029553   3575.658036   4510.545805   4050.157759   4554.159339   3155.103487   3633.157335   4860.669438   9763.503111   
24.700000   4706.493548   9340.277469   4259.868424   6785.563505   4765.423657   5016.828304   4802.589360   5113.151839   10816.385948   6891.060094   2518.830796   3139.585279   3493.733247   2683.872680   3869.856703   3830.838128   7568.089971   5879.742002   5619.936219   5675.521712   7258.104226   2340.844044   5361.271461   5421.012644   4737.433933   2386.400734   2135.216658   4651.659220   5386.614815   4578.791983   2762.081260   4147.613009   5442.164776   11162.913076   
24.800000   5030.061975   12235.942788   4593.940739   6422.327961   3635.675066   4484.100949   4823.551497   5177.469231   8894.221528   5685.133881   3535.584249   4908.765685   2831.643039   3175.569805   3566.346403   2762.391735   10050.650596   5116.982005   4972.672661   4313.038642   6386.284728   2391.206713   4912.460094   4716.329891   5285.741111   3182.757150   3108.123870   4243.658221   3996.129361   4362.342824   3470.135155   3693.456716   4451.319165   9799.074020   
24.900000   9450.818342   17128.971570   11322.251788   7634.558689   8687.727451   10762.765060   8449.632651   9393.420109   11825.957641   8374.501976   10116.506809   6933.643681   7766.106945   8944.131188   10295.043309   5917.236955   11548.062360   10896.729151   7322.897279   8479.620986   10091.051410   2695.578233   4090.786147   4548.930477   11252.301761   8974.308525   3449.683197   3541.567697   3291.661942   11148.226406   9637.649163   10794.590050   8354.709935   10028.962830   
25.000000   7333.650221   15968.187320   5614.459462   6668.903421   7845.704188   9963.650370   5651.972995   6972.445430   9553.670100   8966.799034   4277.251590   5742.119324   4565.120273   7852.633921   8984.074259   5303.382542   8183.535317   10821.700954   6529.381465   6522.337088   9320.391121   2821.426448   4701.179447   5047.657927   8815.230350   6842.319182   2699.535106   4364.104262   4244.748714   8147.205976   7053.840863   7353.507809   6831.086121   10330.061462   
25.100000   21081.505003   16210.079124   18104.139764   6532.026175   15569.639899   13824.444749   13074.772516   10249.132137   15228.897759   9446.172361   11454.580094   6891.098459   14638.982631   11747.585364   20471.859615   5746.078577   18683.673923   13916.484356   8418.623640   6760.072283   16828.796768   4200.361372   4662.006448   4046.436369   19767.719544   20246.465320   2793.883957   3487.503246   4888.066866   19184.690744   18861.820940   19750.951656   7041.487747   9055.035031   
25.200000   5905.538579   9555.664003   4610.402321   6612.924680   4217.467877   4157.417913   5351.270551   3663.926829   7160.862618   8513.895927   3532.527299   3454.023775   3040.970081   3765.167503   5094.476195   2944.822847   8603.507762   5818.262212   3908.259589   3584.368402   7055.893642   2341.853107   3143.348458   2739.997124   5586.569403   3814.928163   2740.779750   3563.789893   3661.088926   4618.070094   3859.366459   4619.123452   4024.067864   10131.374564   
25.300000   5134.598510   7048.939905   4094.224526   4736.956438   4186.392331   3830.792227   7052.048878   4112.343763   7036.899968   8148.362030   2650.128463   2387.975471   3256.840006   3109.202458   3770.180437   2755.904607   7618.181670   4688.939510   4225.362144   4478.560659   6716.753381   1795.455107   3969.774699   4201.660289   5056.230196   3399.828921   2170.132762   3821.222029   3569.909301   3944.604316   2790.948293   2865.543949   4603.607929   9471.432443   
25.400000   4161.652167   8345.306235   4099.535584   4714.119902   3450.752018   4650.204041   5765.274675   5282.301544   6906.864334   6105.201503   2950.683817   3556.677066   2975.137502   2596.391688   3733.853207   3097.318848   7155.488341   6073.536383   4104.764645   3506.173184   6846.146846   1958.690925   3388.552055   3563.695908   4252.377526   2713.397845   2508.197216   4606.107513   4957.345954   3196.271106   2747.917420   3863.598310   3820.037927   8664.528650   
25.500000   5369.379577   8720.932029   5520.938610   5252.364783   3852.860565   4863.780111   7393.712128   4183.854397   6895.886046   5442.909290   2637.510889   2972.796078   3150.185649   2547.407792   4800.914625   3147.877250   9682.742149   5525.938808   3684.063786   4759.504010   5837.424469   2011.460329   4641.851743   4540.029146   4068.663248   2705.992965   2443.148312   4063.024825   4680.147817   4481.473918   2831.728732   3527.399632   4862.779898   8708.677827   
25.600000   5526.279639   11096.127562   4302.274894   6972.612135   4181.962895   3591.229736   6072.935624   4184.961356   8235.999259   6702.662327   2709.361841   3367.802886   3626.444166   2185.304316   4167.617322   2824.731179   9875.392518   5440.171031   4191.510151   3782.053200   6565.538685   1752.394967   3610.481467   3800.226985   4549.474678   2391.790840   2609.782612   3844.569222   4011.628825   3757.135335   3019.311117   2680.388153   4283.698397   8717.833322   
25.700000   3794.776035   7025.401611   2982.315368   3975.155058   4466.816111   3757.696950   5590.976426   4525.002378   7835.425594   6995.625041   1831.616419   3182.493549   2344.042774   2115.804052   4198.018736   3820.209942   7615.619701   3439.924017   3285.565673   3957.705540   6422.528459   1673.803114   3648.390581   4173.047752   4710.912861   1974.822478   2179.276265   3144.089637   3300.085094   3751.106107   2159.487170   2643.205640   4349.535714   9162.675781   
25.800000   3962.162841   7817.234497   2846.866478   4975.774002   3065.356399   3341.888838   3802.696347   3652.690498   7433.870616   6093.636265   3065.570066   2950.490762   2576.042517   2673.293157   3623.898064   2731.160705   7555.264434   4380.052699   3458.519959   3857.905930   6165.758179   2373.740851   3042.387393   3920.012982   3518.044585   2679.619052   2332.375364   3413.789572   3865.637329   2538.269340   2164.077707   2821.517950   3854.215953   9033.739315   
25.900000   4846.697771   9575.821578   2822.841875   5632.421617   2666.595670   2877.265119   4547.838011   3245.702752   8696.178656   6109.838676   4654.108489   2887.948973   2655.364172   2118.218851   3688.505020   2409.347497   8249.431161   4970.319920   2938.865678   3668.140758   7483.397569   1560.603256   2385.231617   3613.550837   3597.080048   1924.996066   1557.670036   3457.022429   3663.090154   2550.322934   2294.853705   2211.669731   3820.153503   9271.650330   
26.000000   4639.935442   10505.766005   3358.579117   4900.284136   3267.907512   2804.837306   4344.989881   3772.010535   8519.994917   7184.332437   2500.760481   2743.698845   2349.941648   2115.077200   3135.839601   2321.720185   7991.105178   3274.818989   3443.313567   3555.175133   8091.529784   2023.909766   2590.090719   3216.727582   4264.159282   2603.769026   2311.660154   3036.586702   3081.876420   3221.589020   2122.884847   2707.379410   4061.201649   10950.465371   
26.100000   5136.247704   8107.204456   3693.809344   6080.812064   3702.905018   4671.187266   5585.801964   5764.210202   8622.592868   8663.896461   3774.133371   3264.035250   2303.080412   2889.082622   4094.461320   2926.975534   6973.510580   4877.865211   4274.961100   4862.835179   7864.281901   2086.728686   3939.435321   4727.253980   4894.585593   2060.365535   3140.528671   5296.463572   4591.053597   3530.594612   2400.063384   2570.029870   5261.487077   10040.570700   
26.200000   3641.748563   10297.025002   3250.017102   5706.675771   3861.662198   3194.656819   5259.605665   5110.006868   12233.940262   6817.996764   2988.448556   3186.453826   2490.090108   2770.417533   3603.220940   3174.713163   8787.717038   3666.241724   4104.440764   5170.831785   7963.928305   2256.409545   3574.340260   4448.325284   5740.772134   1709.530254   3175.466075   3473.704731   3132.053812   3195.792556   2228.546914   2492.273831   4801.641841   10292.113565   
26.300000   4811.811673   9762.034444   4355.680360   5894.085227   3028.538023   2988.913492   4922.718881   5567.560599   12277.371404   7135.863924   3277.306910   3784.383720   2710.255516   2545.986653   4148.704339   2874.127831   9830.455812   5198.771989   3987.788186   3962.501983   7262.954460   2016.942207   3834.007453   3884.969928   4076.028493   2203.083997   2700.545972   3359.362653   3996.068809   3032.103368   2708.702308   2468.620632   4024.499715   10354.195135   
26.400000   5124.783595   9848.481285   3763.397114   6642.294552   4227.412072   3286.008435   6144.795077   4069.950582   11796.161523   7053.304981   3170.169113   2685.102530   3265.912800   2408.918377   3981.364858   2518.122418   8393.090802   4964.242454   3372.624796   4495.130902   9544.731168   1893.412661   3655.481731   4604.270926   4893.252056   2219.599832   2363.537833   3886.591529   4269.823688   3878.126306   3081.490675   2342.577222   4936.418175   10196.778849   
26.500000   4066.568420   12038.944162   3240.161810   6606.989191   3383.175034   2833.955618   4413.452003   3975.962834   9905.242078   9393.777908   2968.872780   4056.270763   2795.675471   1913.754860   3157.977569   2073.365172   11639.504580   4171.263191   3194.997250   2706.512320   8031.598978   1304.959650   2772.196129   2955.191172   4289.855034   2206.885099   2507.774861   3197.800131   2803.589503   3039.331165   2312.597203   3141.713153   3122.275790   9705.452482   
26.600000   5875.816314   12790.516995   3322.759023   5876.516571   3359.857120   2411.576688   4686.400011   3558.607440   7637.868748   9042.668290   3419.389401   4291.669248   2826.359425   2703.216266   3240.631880   2452.405388   10816.321427   3559.032332   3137.776356   2849.147617   8303.958006   1777.728161   2800.122563   2665.969497   4457.531061   2338.089458   3111.462240   2783.066882   2463.216675   3230.672936   2228.592015   2184.252471   3117.397584   9418.299495   
26.700000   4160.810846   7495.889379   3336.705286   5529.429681   4239.795740   3401.350650   4287.210865   3379.629185   8507.025282   7400.305400   3428.262278   2731.437639   3197.132689   1909.138760   4345.393572   2444.082712   7820.789587   4553.831080   5485.344864   3923.064859   6226.096598   1594.316101   3053.460316   4242.184053   4571.225078   1920.316131   2590.957758   4086.726450   4379.210827   3538.263192   2561.884803   2583.376121   3955.694644   9101.379685   
26.800000   3719.258378   6587.735276   3199.242301   3410.351899   3778.403461   2882.435732   4078.817389   3775.130556   11260.848270   7990.006732   3189.438570   2465.817685   3465.690698   1929.042783   3372.708463   2063.914376   5254.464104   3713.486565   3096.729462   4414.485051   6515.741032   1643.604677   3121.612123   3812.681249   4214.558388   2190.284645   1855.697239   2390.847352   3131.480127   3205.267102   2707.959927   2610.766766   4960.816802   8766.310442   
26.900000   3971.305744   11345.302287   3003.176298   5562.068878   4516.209067   4428.223569   5172.638197   5241.622242   10526.533416   6227.859824   1852.214724   2766.859949   2610.360932   2480.788194   3387.246653   3809.870606   9657.751547   5133.008880   4484.471493   4529.862085   5797.062533   2372.311288   4050.574694   4561.378313   5057.064991   2170.397692   2181.536281   4501.695441   5049.153945   3797.685717   2137.644304   1861.254907   5157.247402   8619.554956   
27.000000   4484.962510   8619.119454   3171.168692   4349.569149   3990.383351   3175.388388   5228.371800   5741.833208   13221.260098   8480.202560   2365.155477   2384.886622   2290.887002   2263.824090   3425.207586   2887.096140   8702.907270   3425.799572   4101.984563   4300.528961   8448.339067   1967.624541   3603.603805   4076.489384   5283.055101   2308.875685   1890.248329   3285.806920   3218.185096   3321.015636   2083.524301   2152.421218   5098.767156   12171.942601   
27.100000   4822.307995   6868.809315   3676.350260   3978.494825   3197.539804   3127.353121   6861.898011   5313.143868   9980.103747   7424.308194   3527.456918   2422.177878   2767.189741   2434.731528   3886.100670   2896.975522   7224.502274   4528.023893   3473.613311   5323.548254   7386.469541   2460.690535   4100.468372   4520.341614   4850.524829   3037.626651   1621.367862   3191.496440   3859.478763   2525.155192   1782.898730   2347.145219   5687.061722   9780.721855   
27.200000   4783.366470   7739.905421   3227.132647   4817.094320   3219.957884   3393.364414   6788.209290   4719.649511   14210.303476   6232.810697   2736.567476   2168.799350   3105.510772   2151.218882   4198.994246   3479.604077   7799.811687   3864.343356   2919.583153   3747.097179   7871.188934   1869.957113   3478.469215   3732.440696   3746.992274   2031.414928   2013.074203   3403.920059   3880.280626   2966.188480   2391.461309   2182.066820   3886.955758   10501.451606   
27.300000   5060.441100   8070.742757   4721.670585   5719.584281   5133.101089   4601.175534   7007.281543   4359.905523   8203.109552   6506.285131   3873.106440   3081.999031   4488.450434   2745.136960   3659.696406   2526.071397   9104.164272   6071.215103   5608.516092   5908.488293   6233.080795   2072.999570   4262.408811   5771.611176   6225.167019   2509.407620   2079.124521   4762.351069   5781.919855   4225.280129   3940.223673   2517.170532   5716.306076   9967.272382   
27.400000   3564.196697   8731.272616   3355.611868   5337.530739   3822.116579   2983.139146   5543.764480   3573.111644   10973.584778   7801.642770   3410.710682   3173.090077   2878.725837   2479.354713   4050.594440   2793.814389   7958.133918   3774.097789   3017.367121   3851.310336   7587.165656   1711.532428   3068.604310   3396.412589   4720.229772   2086.311062   2614.559551   3214.559942   3360.184394   3380.397404   2658.876004   2060.324571   3933.790214   9962.714505   
27.500000   3064.998162   7903.320036   2731.478869   5586.574403   3392.162503   3164.973880   4251.215818   4398.633718   8192.075910   6616.850339   2337.533187   2944.297347   2140.957199   2754.707989   3570.272487   3270.857595   7616.648194   3544.753038   3277.124269   3315.990792   6739.809814   2725.993735   2998.212912   2937.977434   3855.496840   1789.638109   2076.339402   3405.944123   2849.546313   2752.477588   2064.199412   2160.638629   3911.264307   8680.967160   
27.600000   4565.805652   10902.549106   3287.070460   6964.718339   2998.852564   4112.081187   4420.561138   3663.663293   10250.379970   4996.883268   2864.819848   3489.676403   2517.721856   2590.276069   5078.625097   2617.984864   11752.708741   4081.066006   4328.255249   4168.753883   7335.371449   2197.763514   3448.789004   3877.941253   4117.525137   2382.754954   2733.090244   3999.523442   3626.184055   3033.656657   2455.172624   2185.742554   3996.396960   8519.728860   
27.700000   4095.064221   9713.803662   3879.026639   5678.191719   3577.355976   3150.470387   4550.426323   4296.757298   11438.685805   6477.412700   3149.010008   3145.899517   2896.951219   2188.485871   4557.339796   2971.778948   10537.466162   5152.155708   4101.675047   4070.134746   7170.859988   1960.065347   3086.800655   3783.602705   3962.356037   1837.797811   2479.075083   3478.799296   3891.170197   3135.492416   2704.791214   2512.913679   4628.279021   8867.291652   
27.800000   5265.431137   7403.279918   3891.647705   4080.886001   3551.932359   2805.631252   4929.729503   4279.266012   10148.609238   7161.009791   4159.644835   3066.705462   2427.638796   2778.938081   3575.377186   2571.888600   8544.092904   2905.200619   3009.801331   4614.005371   6826.842893   2107.845869   3292.779414   4337.291960   4361.789729   2410.138133   2114.115073   2759.933973   2606.687911   2975.508684   2250.913003   3071.096172   4791.957632   9475.544765   
27.900000   3995.962524   6035.600902   2807.539226   3435.183100   3674.484900   2674.217504   5929.357644   3559.820072   9789.011651   6951.218711   2574.099025   2664.143705   2521.089653   2060.242880   4362.471625   2134.214835   6385.057251   3186.305138   3828.438663   3491.106095   6621.848935   1506.464321   2362.352009   3264.525712   3970.199107   2590.067399   2136.257374   2674.247159   2988.275322   3008.768494   1822.582448   2255.266374   4077.377497   8885.765980   
28.000000   3335.414142   9348.144292   2616.046745   4934.342345   3184.750829   2939.721090   4635.878643   3539.237780   7311.367292   6806.943242   2361.028229   2839.651761   2594.422343   2510.381020   3010.751125   1983.103391   8567.548444   4393.484553   2836.593228   3116.555885   6031.447498   1858.771907   2857.784371   3050.255561   3482.958786   2432.943834   2471.280572   3006.580846   3378.628662   2902.390349   1798.824915   1949.524792   3418.259928   8184.340537   
28.100000   2909.680490   9170.094725   2370.631317   4379.278485   3712.513071   3137.870653   4618.570555   3901.074834   7230.240808   6756.043962   2489.406996   2554.829744   2500.430306   3011.352849   2952.390804   2884.667432   8785.964366   3348.909008   3269.475702   3228.077580   6922.205802   2496.398657   2954.891256   2618.642484   3996.523444   1809.624767   2252.957591   3025.994711   2775.591132   2664.484844   2060.521877   2016.536493   3324.850346   8730.605949   
28.200000   3335.417117   9245.834504   2363.684888   4205.098861   4069.170703   3304.575130   5554.502003   3530.869559   9878.127423   8070.688797   2562.013962   2546.658219   1977.839856   2475.436639   2875.033984   1927.786240   9206.043040   3453.224361   3783.932930   3580.111660   10683.631286   2264.463049   2571.574784   3032.077372   4105.969762   2472.083356   2133.761341   3824.014529   2973.270623   2520.086958   1542.486357   1834.600947   3808.898767   11139.142359   
28.300000   4960.577501   12319.468765   3063.683475   7201.073096   3230.735921   3633.123749   5337.854026   4373.213636   10499.551644   8522.676361   1946.703700   2790.639883   2430.368812   1957.222419   2306.722836   2721.155847   11600.020125   5138.712878   4091.812794   3975.669513   9224.885849   1873.197528   3644.562911   3686.742969   4062.810728   1904.606429   2230.074461   4106.514388   3812.317559   2575.119910   1923.391227   2365.160466   4678.862686   10171.601440   
28.400000   3958.311022   9054.816608   2771.349886   5612.012292   4023.465238   3294.281493   5243.530476   3759.498023   10849.401533   6053.348938   2672.792172   3026.234562   3083.715116   1938.672338   3712.781155   2432.303368   7974.076503   4030.034349   4215.816064   4232.041994   7874.319362   1717.203935   3596.402628   4439.782026   6090.345171   2600.872561   1991.720045   3228.554750   3223.310576   3192.357200   2477.730385   1707.494423   3808.796144   9650.251843   
28.500000   4775.252343   7796.482758   3137.582559   4248.790909   3346.723855   2683.534302   4132.840625   3699.856945   9490.418122   5602.536372   3229.551202   2882.436359   2885.508888   2375.975762   3376.642767   3152.109056   7891.759562   2749.838360   3902.711908   3307.509945   6028.388955   1888.999126   3229.365698   3524.619985   3744.862407   2051.052742   1987.004685   2458.541081   2622.020998   2942.829897   2834.857225   2559.229637   3677.372420   9417.700135   
28.600000   3364.185623   9496.717952   2810.767437   4534.210933   2492.002417   2439.549977   4037.151646   3107.120791   8337.886147   7638.752797   2347.441545   2461.187834   2189.769774   2453.698051   3398.375017   2610.928179   8585.590793   3985.404453   2298.703410   3804.189021   6803.781806   1982.797736   2822.464640   3141.917542   3530.574891   1946.529629   2053.534943   2608.487487   3064.872289   2669.900059   2312.098899   2445.912026   4225.436294   9086.963633   
28.700000   4411.988232   10512.273971   2962.455372   6483.884535   2241.739178   3046.895527   4973.697611   3116.987953   7618.325059   5634.959912   2668.790352   2799.770627   2979.332466   2377.224530   3266.491381   2328.941900   10724.107836   3993.922513   2980.587376   2343.808852   6445.010087   1789.995713   2507.512034   2143.159316   2718.315215   2013.991638   2418.132657   3263.450357   2971.722204   2379.671479   2218.239949   2299.390541   2852.606378   9039.232599   
28.800000   4189.272626   9350.856855   3136.980440   5605.603285   2413.209781   3080.925706   3795.343046   4221.285346   10030.517085   7815.685350   2755.578370   2728.662125   2414.981035   2076.853459   2941.866311   2543.166971   9119.174338   3929.542268   3277.508718   3037.893867   6088.877392   1834.136641   3013.448604   2909.148075   2450.361927   1934.316013   2222.873167   3036.663676   3591.942525   2694.126375   2079.433326   1771.233073   3232.888008   8442.095571   
28.900000   4716.585688   10601.425801   2577.106611   5170.941732   3240.177435   2418.715165   4727.822469   3335.288677   7472.048147   6773.665042   2617.312378   3064.990077   2590.235743   1906.548886   3711.152999   2228.419033   9991.402732   3319.338380   3315.409296   2955.265359   6514.715615   1924.992565   2488.099661   3189.335620   4016.741842   1609.304285   2389.638249   2813.041618   2987.460429   2581.412291   2072.217027   2281.354575   3227.453937   8227.943000   
29.000000   3980.338119   7982.993693   3394.370333   4437.843078   5006.885916   3620.586720   6498.649248   3721.835729   8892.473777   8840.988556   2736.463502   2024.756081   2481.779763   1868.775537   4337.154427   2092.051658   10482.456323   3218.462573   5190.762237   3451.284034   7033.898143   1452.263130   2811.172103   3467.068176   4846.742810   1940.488056   1970.799092   3483.156832   3387.837098   4127.074583   2136.109489   3037.778181   4395.014206   8346.757602   
29.100000   4125.982092   9255.395584   3515.434935   5122.554293   3124.702631   3607.218212   3906.629887   2953.159445   7493.520524   6248.762182   2355.999458   2298.483691   2558.174444   2288.540575   3485.745966   1882.040634   6384.564590   4765.555810   3696.572785   3051.351826   5517.269544   2060.824924   3022.680903   3225.425422   3275.181666   1934.001512   2409.379199   3739.489798   3917.673435   2949.550747   1985.765869   2248.235706   3498.691224   8230.228057   
29.200000   3205.967939   7323.284104   3148.048873   4869.758152   3211.708826   3227.132532   4579.519100   2843.778852   8002.675648   7046.073524   2774.591771   2564.980863   2481.255633   1902.719021   3928.498650   1853.369323   5943.112969   3912.465780   3509.551618   3225.460909   5990.020674   1451.844210   3155.137953   3376.624933   3962.230498   2223.095171   1722.839492   3512.864854   3093.604868   2780.254153   2331.307100   2008.852517   3616.860727   8927.276250   
29.300000   3761.195863   6646.105642   3283.839799   4113.840040   3314.981867   3040.171413   4373.500515   3305.777713   9729.467717   6324.336076   3003.506249   2558.376899   2034.032402   2117.398783   3822.981497   2099.836544   8427.783706   3946.760248   4078.918796   3613.156047   7755.724188   1547.482891   3263.335815   3423.239756   4196.017480   2051.894440   1718.298393   2590.215803   3148.817644   3076.132478   1793.410312   2753.510451   3283.289376   9071.649776   
29.400000   3463.185182   8243.484734   3544.322063   3896.750594   3638.977331   3379.137553   3950.025783   3205.706945   8879.676960   7593.052614   2946.819241   2714.874255   2069.401082   2526.513838   3476.900278   2003.351303   7449.059748   3830.261585   3875.700192   3463.824287   7417.138143   1800.225563   3064.589993   3409.215451   4703.284823   2341.474198   2396.934239   3267.152465   3979.648585   3519.473526   2183.838458   2530.550050   3115.349892   8807.755491   
29.500000   3321.772352   11154.469815   3737.508718   5008.911958   3895.052881   3186.378836   4991.638506   3316.867511   9602.615887   6969.105361   2571.372680   3017.724575   3244.460491   2118.695596   4502.780797   2043.941488   7568.329354   3267.083170   3742.977039   4206.816341   6687.689192   1561.058908   3226.983232   3882.882305   4149.157853   2577.336391   2308.361717   3247.315263   3219.103315   3536.446922   2921.641212   2227.513563   4872.949011   8622.028039   
29.600000   3683.057594   8850.853662   2847.892390   5496.494702   3278.067729   4417.868093   4317.829266   3936.556948   6804.595718   6095.408529   2570.999600   3154.031449   2191.821341   2176.023364   3919.775274   2584.935113   7915.607523   4065.438681   3242.466029   4456.359329   7458.431022   1264.874854   3829.381404   4022.973743   3231.086307   1540.749321   2227.589005   4313.300015   3864.400678   2710.440427   1880.072757   1983.211684   4839.130703   9920.704649   
29.700000   4103.237377   8383.238879   3218.330439   4878.493203   3795.195988   3136.214387   5839.972244   3478.929973   7967.081754   7700.049505   3049.552193   2472.547956   2194.142913   2227.261550   4061.318735   2086.228428   8172.307151   3462.264823   3467.317021   3348.070226   9645.629936   1345.989340   2190.030144   2892.764012   4953.182645   1742.397611   1953.894397   3300.372603   3126.493495   3144.123350   1832.397926   2306.756767   3625.826536   10558.116339   
29.800000   4829.893380   8382.873798   3734.058914   4434.917938   3947.888741   2788.426005   5622.682993   3943.113127   10872.358585   8862.581455   3631.569851   2557.770202   2689.869007   2399.160249   3684.922603   2447.581012   8791.207447   4615.281108   2696.331472   4559.706760   11254.520875   1748.195080   2749.500558   4179.077870   5606.558427   1744.104183   2197.226344   2880.190004   3398.979586   3033.936371   1972.700532   2794.760528   4553.327393   12021.097724   
29.900000   4231.415333   8828.306842   3880.531815   4031.179045   3494.458236   2612.426639   6043.067103   2513.066471   10132.802192   6175.806931   2403.023205   3065.115030   2228.699789   2213.588092   3119.330677   1743.864656   7452.221277   3427.679930   2918.724602   3254.484567   8729.838545   1596.588341   2492.512040   2925.230893   4572.057485   2051.744037   2296.780912   2811.986720   2984.453222   3279.778757   2214.566087   2331.744224   3510.958382   9828.422538   
30.000000   3678.818302   6945.125897   2768.546160   4865.246455   3657.489648   3513.539202   4521.230825   3779.626821   10803.951378   6315.388317   2562.110489   2307.851541   2211.937120   2790.172186   3037.441606   2037.045565   7349.918975   4446.849609   2527.987350   5378.619666   9626.231989   1716.286887   3718.801724   4543.636729   5312.406385   2087.530039   1965.989608   4005.745431   3880.419113   3050.928762   2167.979652   3015.671139   6777.354727   8707.179038   
30.100000   4835.187215   9311.887231   2774.115904   5260.759293   3416.390500   3065.800178   4882.015605   3704.546520   8253.520654   4706.368582   3472.549715   2860.266597   2604.168360   1914.795966   4064.564536   2773.664599   7565.858569   3948.264194   3077.578636   3433.299987   7733.443013   1838.638821   2768.418775   2967.323769   4171.842156   1983.736110   2109.724544   3217.431820   3071.071357   2732.246400   2111.546804   2103.340603   3474.585157   8445.172321   
30.200000   3123.405548   7501.922396   2599.636538   4608.632955   2923.913518   3072.341626   4979.633640   3441.325115   9674.779555   4672.135871   2285.012605   2173.651429   2704.997339   2325.926475   4056.967468   2331.773103   6446.300962   3620.520229   2149.063508   3821.294396   8203.339727   1800.304896   2600.334147   3328.898814   3796.015360   1734.733216   2038.748274   3283.552474   3099.653024   2650.593455   2160.867820   2313.227404   4232.868517   8197.960469   
30.300000   3332.517123   8401.319809   2485.061377   4877.915382   2838.508206   2525.520635   4400.378096   2546.171472   8608.131957   4473.221032   2641.581511   3140.048409   2287.135394   1830.695885   3572.671924   1890.263709   7247.485578   3514.570912   2377.915075   2784.854417   7339.973231   1484.038417   2208.759598   2255.572192   3597.959295   1733.816751   2117.660301   2897.569707   2366.573362   2355.959016   1607.846247   2319.662833   3304.299410   9866.770787   
30.400000   2851.051609   8071.745867   2667.958153   4111.852449   3695.630387   2251.997571   3912.467006   2571.531338   8061.596799   4442.077881   2216.557772   2789.979928   1886.711346   1597.330045   3155.849146   1615.238347   6702.849360   3323.336543   4141.969501   3069.548456   8023.075972   1297.896001   1671.497094   2554.934834   4639.737792   1941.260720   2193.237901   2634.487153   2629.338656   3245.645048   1915.955344   2217.296678   3907.366702   9398.581539   
30.500000   3912.165531   8630.393944   2889.236658   4406.758832   2573.862068   2640.082273   4854.221101   3924.316058   9711.207477   6222.775320   2899.175203   2670.587272   2525.416138   2471.325847   3909.082274   2480.285465   9144.832336   3454.130924   3720.862569   3795.264384   8194.733444   1536.043827   2918.455531   3196.577620   3548.326220   1607.034106   2055.166994   2905.283919   2901.015213   2686.573858   2060.306787   2988.667410   3833.811239   9442.461450   
30.600000   4778.358548   10659.638968   2987.524985   5844.896732   2913.350583   2993.005846   3794.675099   3197.848136   9747.798071   5424.745487   2651.020531   3675.980547   1935.501338   3151.582655   2794.618831   1774.121195   10882.085002   4217.689252   3007.140115   3366.958435   7612.817236   1480.995464   2576.698091   3076.647096   3629.077937   1681.061027   2959.192000   3945.988905   3678.546086   2864.146755   1809.105375   2128.251299   3578.718050   8783.011216   
30.700000   3920.363573   10021.910729   2373.158566   4339.880859   3131.841409   2556.312737   5217.269344   3954.563902   14475.839781   7258.928069   1870.990496   3119.919761   2311.471710   2237.126430   3529.976367   2347.413742   9381.901052   3354.510839   3059.276359   3222.135269   9667.335262   1344.704732   2666.503908   3076.948774   5085.471245   2026.222078   2177.638310   2768.089338   2840.555867   2322.448019   1690.623890   1701.264183   2970.947515   11142.598904   
30.800000   3037.441898   8806.569528   1925.024197   4248.501677   3492.472680   2900.138809   4563.222294   4015.058262   9040.831253   6817.272387   2319.876716   2445.234608   2814.319095   2846.636492   3023.381208   2788.833404   6957.342183   3378.939058   3670.057351   3864.641964   6722.748006   1789.241178   3088.851601   3597.627268   4354.429208   2293.918230   2038.368152   2966.041455   2746.902535   2474.066569   1965.400977   2564.047292   3830.359565   8680.968437   
30.900000   3175.403677   7364.600885   2617.602288   4282.062321   4095.265840   3051.389771   4361.726567   3318.020031   10614.619517   7122.068085   1495.393592   2534.196264   2483.855967   2129.983694   3593.468428   2273.953245   6752.771755   3331.297500   3213.425016   3300.362355   8071.132801   1659.589517   2783.997397   3216.822578   5004.687428   2373.038080   2150.742130   3299.564161   3006.522991   3350.468606   1896.518926   1878.129583   3610.758562   9016.843392   
31.000000   2277.700513   8723.235354   2201.172157   3924.560921   2507.279325   2348.960740   3884.544034   3724.009519   9120.394545   6922.802089   1818.749852   3539.082481   2054.281883   2059.568694   2870.327958   1930.129847   7340.986057   2808.764825   2538.780283   3235.657772   6450.268342   1270.966762   2510.429451   3209.742139   3631.827534   1942.426851   2151.823063   2439.116299   2765.278388   2137.542012   1930.039042   1539.081447   4098.890989   8662.291710   
31.100000   2959.261931   7764.074921   2700.260576   4024.080050   2866.842970   2508.315036   3527.038147   3583.222397   7792.233740   5629.098969   1899.902755   2697.215301   1934.927468   1907.025235   2544.865113   1777.047449   7952.411870   3121.496235   2494.792875   3642.302281   7029.171921   1575.372381   2508.862134   2809.425081   3431.628932   1615.409924   2151.823720   2601.459411   2713.763245   2547.167607   1564.181235   1606.781573   4394.277721   8751.728197   
31.200000   2950.754524   7304.012706   2382.862676   4158.451602   2769.637097   2870.043301   3651.018835   3483.484338   8811.591367   4928.022632   2225.002335   2319.987146   2069.784570   1696.460920   2745.242655   2020.198052   6398.834739   3058.152366   2476.887814   3502.226300   6429.276039   1880.507674   2928.311549   2770.978945   4151.202608   1739.982485   1969.058458   2801.767970   2309.437037   2125.574397   1652.360555   2556.312696   3539.333287   9826.402856   
31.300000   3746.301864   7140.599778   2664.905361   3977.158437   2698.925744   2234.599663   4541.676842   4027.444603   10634.624084   5040.318053   3129.603868   2340.313140   1758.544806   1877.138903   3369.093155   2466.377846   8236.592733   3011.489527   2907.426527   3044.517038   7313.957545   1292.106263   2316.088988   2652.103910   3331.546879   1454.542994   1441.585621   2621.987271   2432.060665   2341.294774   1646.214708   1704.224979   3850.757707   9966.541646   
31.400000   3375.798722   7797.093935   2684.945934   4080.719493   4232.862241   2742.368100   3897.612445   3112.501931   8807.681963   5066.606313   2763.024469   2499.595818   2334.904266   1539.510438   3233.391964   2601.323581   5921.573141   3121.511453   3396.464774   2794.226200   6170.925977   1599.555517   2774.382167   2617.771460   4385.750844   1755.646785   1805.320815   2641.337424   2984.611643   2876.645668   1959.769221   2186.772497   2936.085044   8609.252911   
31.500000   3328.461877   8483.389079   2800.791483   3880.498437   3440.311474   2064.093622   4034.611207   2934.463846   7437.913706   5080.096546   1911.720164   2405.533543   2238.250217   1514.101972   3705.817184   2112.983285   7693.898095   2850.789359   3571.156676   3397.606212   6642.433138   1245.554725   2254.936433   2625.633672   4516.896652   1892.466983   1886.584260   2287.824153   2466.542989   2591.134467   1758.417383   2220.384512   3632.222677   9136.559595   
31.600000   2424.811927   7125.662645   1876.541015   3779.909611   2910.664010   2626.960844   5588.990187   2515.168048   9290.020686   5810.002382   1770.414137   2437.987135   2945.821200   2161.113364   4128.706954   2160.511442   6990.426871   2694.581719   2601.323574   2740.860733   7690.806042   1553.657993   2226.627595   2468.006384   3978.205268   2161.914219   1813.068662   2791.773346   2399.789258   1923.196545   2213.288236   2327.695377   3271.605093   8707.102119   
31.700000   3764.403659   7864.237362   2605.757329   3730.790877   2633.899668   2358.998185   3156.913342   3484.557009   8163.225245   6048.472352   2458.302627   2875.317390   3018.442915   1439.479997   2507.514825   2195.211409   8131.605506   2713.966576   2998.811890   2702.545167   6035.004905   1567.134080   1990.197792   2465.611002   3684.588261   1970.696228   1951.514935   2344.667555   2108.455719   2114.748500   2400.519050   1607.805549   3234.483465   7203.151787   
31.800000   2809.899415   9187.076753   2111.799960   4380.621184   2960.300805   2080.030932   4173.869256   3284.477635   8656.940967   6259.433298   1697.485640   2437.928564   2474.387445   1771.962392   2990.371822   2372.422980   7218.988224   3096.086451   2762.801215   3233.067034   6678.028109   1937.371521   2187.035359   2578.498582   4275.404779   1959.221730   1965.592175   2405.825296   2273.352685   2040.828227   1887.267972   1451.073745   3456.355148   7229.002493   
31.900000   3083.145588   7888.746256   1848.033841   4407.319450   2624.098910   2436.286014   3191.324956   2737.522199   8129.258078   5650.302884   1513.922937   2804.517642   2168.176658   1665.782303   2259.030819   1928.696507   7346.926301   3219.647484   2321.178732   2693.431647   5767.684548   1070.578689   1957.597562   2325.715999   3432.603835   1560.458188   2309.041419   2918.537497   2828.933902   2058.382005   1332.265658   1542.433730   3199.341204   7890.925646   
32.000000   2928.339793   6995.035016   1948.358404   4067.866148   2950.639166   2387.909648   4604.003814   3405.046195   8591.946969   5124.505792   2316.270783   3080.638847   2048.532910   1885.531105   2004.245906   2141.184373   6477.366551   2702.060249   2868.672346   3011.998539   5177.418876   1303.932585   2400.700564   2873.835764   4094.512346   1580.858345   2235.301831   2365.006860   2419.566778   2006.261280   1533.454377   1807.022961   2715.566285   7420.548440   
32.100000   3075.840084   6452.164244   2629.574054   3459.779677   2605.743905   1684.511341   3625.795739   3470.065814   8205.448244   4524.596154   2606.065899   1926.643739   2497.108189   1503.069197   2637.464633   1732.763122   6222.602590   2823.644085   2754.093892   2474.387405   5441.648166   1417.174400   2096.672671   2146.518787   3256.836464   1674.851766   1644.612466   2026.065487   2222.021065   2197.413942   1921.958524   1793.363896   2743.806786   8332.188731   
32.200000   3636.436992   6703.012228   2187.372817   3325.705520   2370.914454   2050.313607   3247.419392   2945.440380   8999.784675   5750.022603   2333.570901   1800.596584   2639.186454   1295.088223   2191.822816   1946.146499   6210.043673   2765.296348   2157.975903   2221.168757   5568.183700   1437.824643   1955.212656   1861.707358   3505.211920   1667.945210   1654.208594   2510.425010   2039.352835   1661.927424   2179.815962   1581.062373   2502.483828   8674.927127   
32.300000   3638.218333   7115.967646   2721.064803   3254.155011   3533.992093   2477.013273   3558.643649   2838.949281   7828.349968   4787.495735   2067.720372   2264.940354   2254.967788   1811.982109   2554.526267   1548.077414   6959.158678   3319.209575   3019.621133   2718.669923   4918.246292   1122.369115   2194.938559   2762.476037   4446.205019   1966.946343   1817.733657   2815.598081   2855.126093   2839.673978   1697.048270   1366.275335   3184.911885   7818.329098   
32.400000   3565.400977   6701.423788   2190.009741   3420.085143   2285.165418   2258.822920   4202.471354   2669.516479   7456.718742   4873.701274   2306.522348   1992.950571   1573.298088   1759.207768   2561.205975   1662.128956   6457.634499   2768.070747   2275.235569   2212.107753   4737.633632   1346.812016   2630.395102   2483.713337   3048.167781   1415.427019   1676.096018   2424.142859   2324.278844   1946.355951   1347.062898   1544.274317   2518.619794   7879.449127   
32.500000   3934.349347   5739.954768   2581.609637   2830.113893   3480.096583   2250.162756   4770.000539   3104.562350   8689.773905   5691.420631   1823.419748   2230.154680   2002.819128   1239.330159   2316.005140   1728.970726   6388.704204   2990.108429   2641.795903   2475.612210   6439.033581   1538.647620   2214.806770   2356.217178   3919.262744   1977.676647   1225.839271   2209.103942   2228.225547   2548.586697   1738.773978   1444.854151   2979.698331   9711.738868   
32.600000   2622.161813   8891.891342   1853.787522   3697.076505   2463.522497   1849.802301   4558.038778   2907.072175   7571.514672   4864.582037   2300.313344   2208.885285   1884.307234   1257.898343   2604.793569   1885.001993   7036.013711   1894.714122   2235.099702   2724.491185   5781.082583   1445.977561   1894.223496   2537.253485   3273.578862   1488.139816   1435.593139   1644.959560   1595.460962   2178.669878   1536.669923   1949.890034   3056.279369   9077.465880   
32.700000   2274.111643   6422.170387   1960.476500   3401.895930   2854.576821   2086.858980   5321.370192   2339.524901   11122.484586   7070.606659   2141.100768   1893.773922   1940.529288   1715.192402   3178.710419   1601.067781   4875.577772   2579.302532   2283.235198   2842.927044   7421.245533   1242.474412   2341.419944   2862.082703   4383.042267   1324.295926   1643.975829   2484.708088   2425.307125   2504.777160   1667.948281   1522.567135   2951.686839   9793.504445   
32.800000   2724.879669   7440.945870   2047.334992   4008.184585   2089.924485   1703.332872   3919.226459   2590.016211   6668.516568   5192.591214   1696.718268   2322.220907   2061.038779   1971.556574   3256.900132   1752.182904   6480.146656   2814.116165   1802.989266   2680.726848   5259.820048   1454.838811   1754.830617   2517.985693   3417.622553   1956.802784   2007.653550   2250.619325   2210.872690   1767.270135   1739.287000   1566.780324   3148.914031   7305.827439   
32.900000   3105.199234   6076.559304   2646.325223   3164.429572   2175.815158   1843.097229   5894.678179   2675.252672   11330.704045   7701.769209   1554.319743   2232.379735   1578.155840   1979.643845   2745.883442   1846.193608   6176.028254   3372.099726   2633.684288   2886.612996   8567.314820   1569.429211   2148.199680   2352.929260   3672.009339   1726.040376   1869.742653   1990.352809   2657.606620   1955.420814   1344.104869   2243.832718   3237.570791   9296.176496   
33.000000   3094.040588   6519.341268   2476.316368   3404.868895   2331.109055   2102.549858   3984.163383   2803.313234   8699.393336   4385.913608   1807.736143   2076.416908   1690.995735   1372.688172   3647.292626   1478.427710   5883.106769   2423.460677   2091.687641   2447.685058   6339.957470   1222.330481   1904.337161   2115.385653   3117.446785   2048.821833   1682.828646   2062.054766   2147.410093   2039.134650   1284.774250   1886.145349   3210.173253   8050.316414   
33.100000   3357.014490   6348.074781   2577.135414   2716.738738   3652.769011   1900.021199   4018.650563   2411.829426   9582.065595   4939.835201   2091.384608   1939.956423   2148.816735   1359.427190   2332.492710   1969.511821   7142.863904   2134.102848   2898.818470   2749.643411   7207.203941   1496.272503   2426.170546   2531.209872   4662.874857   1757.682722   1515.793001   1660.837487   2054.026238   2550.917293   1739.238088   1739.733771   3278.616164   8120.230783   
33.200000   2502.291675   7061.253373   1640.057146   3021.169477   2561.756839   2411.322793   4651.222194   2658.009726   7901.361634   4079.832462   1741.472487   2081.640466   1502.110051   1525.740621   2597.354865   1714.463276   5033.233048   2707.040597   2030.381742   2561.573238   6005.800656   1123.834898   2111.245456   2260.178542   3378.685597   1585.235537   1457.183632   2244.041418   2383.754008   1923.506470   1180.999572   2269.154810   3483.520931   7576.535215   
33.300000   3151.903274   8150.011832   1680.973060   3840.479285   2041.541039   1597.382001   4772.094269   2507.624644   7348.234742   4506.185013   1595.751693   2185.535196   1552.770004   1281.854514   2700.767659   1772.881568   6880.075857   2519.494566   1468.711002   2076.235801   5868.273042   1353.811840   1407.471933   1756.789579   2571.868905   1556.535006   1793.972836   1857.219940   1729.923893   1921.323721   1344.818804   1599.896301   2628.109902   8185.188903   
33.400000   3068.883218   9206.170240   2113.703476   3996.496400   1837.325636   1567.820664   4407.088298   3482.774333   5759.126992   4327.719281   2090.705119   2452.579735   2178.209212   1315.733796   2545.020699   1729.901659   7839.756068   2874.033002   1744.021069   2037.682401   5874.846258   1356.657434   1513.966687   1515.057105   2525.207392   1554.413977   1652.829711   2209.348431   1939.450094   1804.035430   1649.604810   1338.612163   2790.665047   6954.733015   
33.500000   2774.352806   7185.086284   2030.276551   3495.880388   2344.367776   1481.024936   3554.166273   3175.458404   6411.908886   4785.671559   2233.831439   2147.561231   1792.236742   1449.765574   1929.775512   1638.675174   6987.332880   2306.801943   2203.835079   2381.771212   5876.881496   923.766967   1583.526724   1854.362147   2863.649680   1220.997291   1437.990800   1769.151478   1747.686624   2223.385591   1663.756075   1371.669246   2706.476771   7198.610173   
33.600000   3162.306814   5649.535626   2623.515907   3380.592562   2584.556357   1867.273503   3361.119487   3283.079504   8539.695403   4403.592783   1748.052754   2014.314616   2579.324712   1384.549789   2453.573469   1909.315049   6071.748115   2863.748619   1901.337224   2754.889842   5980.979666   1255.376144   1869.306071   2295.562441   2842.136119   1817.353323   1260.789873   2231.131218   2446.738397   2289.366451   2147.317068   1513.128275   2881.334257   8220.015169   
33.700000   3778.253335   6587.593732   2364.286424   3599.635138   2238.195593   2213.428089   3042.264092   2529.312735   9397.250643   4166.463439   2328.360428   1896.631134   2291.644074   1693.810007   2679.732757   1741.562601   5204.542530   2639.257132   2141.883108   2205.214056   5565.185304   1199.065758   2244.145469   2285.637965   2374.205488   1180.683090   1674.273251   2206.934966   2211.659757   2195.067832   1852.155577   1356.109074   2411.907386   7281.145089   
33.800000   2687.289426   5885.108942   1654.039656   2700.484099   1950.367720   1497.432496   3062.921815   2282.713704   9022.056885   4246.174100   1908.676684   2138.763040   1726.395716   1482.326952   2284.136146   1565.354876   5526.072272   1926.022345   1788.036777   2067.750404   5288.565258   1396.756690   1802.793465   1761.853949   3091.117482   1117.671772   1613.069891   1605.568448   1611.337973   1452.642651   1298.546682   1748.156202   2759.320617   7290.885469   
33.900000   3040.765427   5765.753522   1869.365637   2724.838498   1730.403207   2016.839973   2743.616309   2492.680366   6239.572281   4384.693678   1370.239129   1912.156425   1851.733076   1115.184222   2193.962663   1383.401656   4833.837411   2428.290484   1993.219507   2236.066549   4563.876518   1246.107950   2182.607224   2078.120924   2289.785681   1357.384604   1292.541981   2063.767758   2106.073465   1711.125265   1346.710808   1285.820336   2694.335397   6923.946726   
34.000000   2383.751256   5965.835810   1409.782509   3296.181268   1882.027397   2671.149569   2994.791076   2649.928295   5793.246387   4580.256035   1629.556781   2204.835586   1640.392278   1936.508208   2193.731024   1286.946693   5119.629172   3002.969142   1732.201945   2198.772322   4836.512111   992.332999   2284.798870   2285.459847   2004.241525   1465.132236   1707.732272   2559.324352   2478.542473   1669.557635   1205.545299   2073.927019   2644.248932   8442.138621   
34.100000   3480.144330   6331.207964   1853.549020   3366.007286   2190.952547   2011.896876   4678.762889   2684.299765   7659.613987   3986.755972   1740.328726   2646.360843   1909.939743   1679.557220   2409.458487   1302.735403   7021.582733   2416.315481   1988.082747   2187.033422   4748.635672   1091.245383   1803.648109   2066.611970   2467.603468   1374.356347   1976.370507   2093.553229   1832.612093   1813.720381   1541.114509   1480.778554   2883.548484   7859.759046   
34.200000   2497.798242   6326.542868   1456.814284   2896.618083   1696.655326   1798.448669   3731.700418   2785.082546   6510.067201   3938.389369   1771.287223   2017.695673   1637.002045   1450.560707   2150.526599   1523.928509   4713.211537   2112.787751   1862.039929   2031.045499   4403.568367   1055.901727   1556.551544   1853.611027   2391.051950   1110.956716   1642.303934   1963.315024   1789.686951   1647.474335   1341.823425   1759.986949   2460.897862   7501.109185   
34.300000   3578.652987   7898.935293   2347.072443   3939.277781   2442.205352   1978.663103   4759.143794   2905.421789   8016.248997   4105.303547   2113.787386   2114.691959   1662.866196   1418.859166   2321.135123   1566.709947   7970.517179   2744.047600   2042.159505   2603.158690   5712.888703   1267.529271   1954.419001   2549.414073   3720.347281   1428.400639   1641.078717   2246.428885   2230.433323   2260.350603   1724.785682   2198.943618   2874.634751   7725.725762   
34.400000   3035.247338   7656.236838   2222.767216   3519.372756   2302.500822   2093.240862   3298.013602   3128.442971   7166.311587   4108.789439   1612.728261   1988.793444   1761.012996   1395.090166   2521.213662   1328.862229   6991.323601   2836.186057   2121.482345   2137.002065   4495.511701   1229.766769   1994.442527   2319.381338   2684.985764   1338.124951   1533.896594   2270.305473   2471.931892   1783.116235   1359.030970   2019.440982   2733.789513   6957.363543   
34.500000   2910.983393   7246.400133   2019.609424   3284.514681   2452.594042   1421.839565   4583.445925   2173.265019   9980.514253   4878.331111   1795.204551   2022.335015   2087.497650   1541.780724   2876.277030   1284.940042   7127.935003   1870.546412   1981.775451   2063.269356   6755.807712   1361.665167   1430.182043   1806.590938   3576.355730   1728.255989   1324.960390   1702.898057   1602.529253   1720.790076   1682.624163   1744.738103   2538.197881   7707.767924   
34.600000   2011.169055   5359.497597   1855.566614   2842.316979   2371.344548   1778.229845   3620.059306   2226.121379   8230.160554   4000.567607   1931.279021   1667.264454   2073.741122   1471.585206   2680.963003   1364.484953   4538.797315   1967.573042   1882.112616   1872.695276   5430.155566   913.250005   1892.245502   1725.641566   2958.082478   1489.710015   1390.277072   1706.879250   1678.736181   1885.623288   1728.999140   1159.099947   2313.642131   7443.208210   
34.700000   2775.017466   5908.782172   1573.982526   2790.909939   2342.905596   1390.465341   4537.845131   2453.077428   7662.184861   4526.662225   2220.336844   2119.521702   1521.058164   1240.835744   2469.656796   1231.377573   5293.527315   1840.983496   1902.736511   2094.800194   6132.807737   929.209473   1440.157221   1541.229114   3241.049508   1164.568391   1589.922649   1735.208483   1435.191215   1670.986555   1297.725234   1559.215026   2420.620125   7733.207325   
34.800000   2845.460257   6994.608011   1685.994390   3993.178853   1659.685175   1524.670333   3678.298571   2086.040800   5473.850560   5021.667400   1728.390448   2456.248089   1340.690058   1373.825124   2501.981428   1207.971852   5985.270382   2464.931108   1744.481064   2360.607060   4928.370792   996.453229   1709.345242   1919.164602   2441.163636   1166.211659   1808.417071   2089.369691   2089.870290   1461.841866   1179.908809   1447.242055   2781.363498   7661.835710   
34.900000   2479.682288   7018.010216   1783.697739   3332.012564   1695.860392   1336.499123   3707.242360   2284.267431   5294.415778   4622.374893   1872.308237   2180.793704   1378.374648   1332.855003   2081.783999   1241.297657   5941.452124   2264.985378   1723.089845   1838.695187   4797.230028   866.162039   1461.353651   1610.838119   2311.451926   1255.191104   1543.415118   1721.765238   1620.690571   1415.060786   1109.676420   1443.905366   2441.897452   6944.712624   
35.000000   2153.138447   6276.362262   1567.365990   3330.399585   1835.653110   1887.674671   3064.836097   2381.105270   6175.903529   4839.344005   1472.168127   2130.127513   1978.849573   1399.883782   2053.782116   1486.134516   5095.540524   2094.220023   1868.796932   2093.775530   5526.187299   899.324149   1467.869519   1683.624756   2517.683921   1422.392838   1871.712443   2125.321590   1879.497276   1403.118266   1391.490618   1108.070790   2756.080009   7786.224433   
35.100000   2295.762740   4466.171370   1673.345495   2390.630460   1913.778059   1137.089312   3712.103291   2342.731653   6332.857686   4281.800491   1575.917611   1610.350056   1627.760372   1075.708909   2117.805808   1191.719263   3654.732862   1835.869444   1462.048462   2084.202191   4943.658967   960.546122   1161.520265   1498.526923   2538.211825   884.618813   1203.566665   1510.764611   1436.963825   1555.692422   1094.954868   1077.175949   2641.132682   7344.699025   
35.200000   2650.417492   5648.544115   1789.360426   2960.402487   1677.624321   1465.482204   2866.715230   2325.064297   6675.987517   5212.060166   1666.349968   1806.843067   1429.796341   1113.426797   1958.111027   1339.977040   5683.988232   2389.100256   1525.986291   2528.647202   5699.287128   951.906721   1929.680797   2067.272611   2450.966023   1054.919538   1409.976099   1751.089055   1856.086869   1545.681176   1259.060743   1392.951812   2921.373303   7358.581059   
35.300000   2430.658591   5928.722621   1697.028644   2754.438713   1890.423463   1491.265047   2631.385542   2397.133181   7655.455809   4993.675166   1666.715305   2073.322534   1246.817346   1216.492941   1962.028792   1186.927877   5621.157037   1827.537250   1540.775101   2162.066721   4886.002520   1044.855855   1722.157954   1840.909364   2806.998335   1128.372006   1320.430354   1591.739459   1563.917124   1427.430758   1067.569995   1363.242688   2554.559729   6981.377094   
35.400000   2527.567383   4577.307426   1539.347307   2336.679109   2178.530700   1485.785066   2629.179210   2385.331977   7873.856285   5692.364353   1800.238131   1454.253212   1957.558717   1116.237699   2181.800790   1395.844726   4968.209769   1889.628578   1963.095387   1814.978577   5184.724481   1102.834582   1338.076653   1690.374948   2853.830947   1079.806249   1149.628593   1524.581900   1575.468494   1589.271452   1395.639545   1503.762770   2087.145836   7430.694549   
35.500000   2377.907898   6537.846484   1700.094675   3029.778937   2247.511882   1331.546289   2831.830275   2117.404879   8112.830281   5249.711684   1515.062637   2284.417601   2020.927202   1599.914346   2066.941087   1402.802528   5668.117337   2083.768870   2057.328983   1898.505319   4496.837083   995.758284   1295.913574   1636.479611   2790.059364   1005.926831   1387.546320   1699.778591   1515.136213   1621.845306   1298.283101   1500.869272   2299.593742   6885.585972   
35.600000   2165.187313   4879.886866   1502.539391   2974.957001   1687.382466   1631.013924   3216.894432   1963.392524   5657.272152   4157.308986   1791.100231   1865.538722   1619.449338   1139.150307   1653.982467   1406.455038   4563.885558   2255.139780   1355.535098   1852.125493   3991.767272   968.223983   1397.191261   1660.636695   2081.775145   912.743400   1723.790497   1947.692647   1849.209632   1383.858235   1139.539728   1171.640537   2212.635031   6372.966960   
35.700000   1974.383338   7636.629656   1247.407568   3079.503533   1647.923656   1240.280224   3252.101101   2280.633958   5096.629655   4531.308802   1910.943239   2352.231285   1507.882485   901.774097   2170.933002   1305.668869   6426.033556   1740.535532   1547.617120   2032.274293   3912.246277   1021.290352   1297.343927   1663.603905   2053.201005   979.918880   1362.220723   1326.432824   1415.484955   1452.543431   1145.596407   1112.932469   2373.037159   6077.419058   
35.800000   1607.880404   4353.777091   1069.817923   1754.753968   1442.848016   1328.472123   4231.327756   2273.623930   6212.779112   3909.960313   1710.762159   1434.653023   1456.301452   954.237315   2292.934833   1320.042537   4118.267804   1218.549612   1446.135538   1819.348467   4556.100190   1128.679065   1227.404014   1584.315226   1950.282079   1060.242014   876.214648   1296.366416   1162.625644   1111.712507   1266.380807   1168.954886   2145.207844   6620.514058   
35.900000   1831.658963   3492.449072   1406.842905   1861.329139   1672.861770   1489.216531   3883.021736   2000.988131   5661.547701   4488.283823   1423.060503   964.118405   1442.626758   885.776163   1951.561853   1379.582339   3155.502696   1559.123830   1597.664227   1990.465170   5028.385188   957.912879   1507.986954   1759.133037   2062.490857   1168.502911   820.710795   1326.470578   1479.646646   1466.079072   1224.505496   1470.371510   2442.097823   6636.787794   
36.000000   2606.539272   7397.236507   1587.477393   2902.853803   1845.808933   1254.066517   5064.980228   2117.434558   7296.364746   4999.637573   1772.799861   2046.706736   1026.231045   1139.755631   1864.939662   1240.163158   6751.270095   1899.724271   1378.784871   1928.642579   5400.527404   1244.007817   1507.406889   1561.566503   2790.669255   1306.208986   1383.096843   1448.717114   1443.358636   1520.400414   1078.791880   1404.377529   2101.075991   6682.405361   
36.100000   2105.477275   6057.743219   1517.852993   2392.731066   1871.804317   1280.290307   2674.249942   2181.693014   6038.114934   3586.440935   1671.004171   1672.534507   2068.716246   1156.325460   1571.827439   1247.493889   4810.800133   1928.968245   1424.209719   2014.773355   4487.585823   930.981009   1574.666517   1955.998852   2185.485233   1225.436202   1111.956167   1590.927372   1584.611042   1426.777628   1470.640805   1307.038662   2445.621172   6078.253029   
36.200000   2506.622677   4025.794835   1465.292069   2199.193624   1664.439487   1334.179402   3290.282004   1770.220306   7358.429288   3965.429691   1685.423527   1344.303374   1585.583992   1061.396874   1775.386096   1072.968451   3881.400862   1887.593922   1376.506416   1744.384101   4024.487210   888.190702   1384.563473   1507.295059   1979.565503   1187.390723   903.690618   1464.984014   1598.977113   1449.362878   1401.343127   995.453875   2072.585897   6233.254884   
36.300000   2019.910521   4332.683050   1269.390326   2417.687821   1728.539765   1103.301721   3293.749502   1763.416984   4700.389347   3265.550923   1594.801340   1196.250103   1245.623619   1002.597771   1972.823719   1105.449448   3845.115383   1667.486157   1265.025203   1642.408764   4262.108642   853.186390   1281.002195   1373.135750   1911.343043   942.091052   857.370419   1364.233600   1441.261093   1342.265156   1077.827504   1232.705791   2036.189338   6481.435531   
36.400000   2570.500878   4481.096574   1696.976441   2027.913328   1634.701894   1198.556079   2722.353113   1722.739462   4426.772945   3495.031754   1746.378910   1692.274644   1147.116219   1088.205190   1847.900975   1122.446889   4293.723593   1692.781109   1534.114723   1846.576623   3905.943028   812.065197   1375.590392   1544.533728   2263.026266   1000.227900   1069.065482   1354.630651   1389.534205   1601.655614   1323.919730   1730.234748   2156.518673   5921.126567   
36.500000   2010.318018   5260.620405   1425.530629   2169.666556   1482.171947   1252.583125   2354.772666   1714.397382   4428.821421   4290.651508   1655.828055   1345.740970   1161.913610   800.944880   1714.609196   1122.779880   4570.065957   1635.836167   1427.809829   1737.702571   4242.023497   826.587099   1387.427972   1442.016048   1931.527581   950.305909   1186.339809   1477.379754   1388.930896   1419.219554   1095.442362   1115.210826   2074.787205   5964.409896   
36.600000   2089.009044   5294.526036   1357.073674   2336.725864   1433.460095   1071.771854   2591.831170   1715.635601   4488.244537   4046.993178   1819.536055   1475.721601   1137.297340   897.826870   1856.911905   1251.203494   4654.396387   1655.332161   1580.641994   2059.291584   4619.579010   792.996862   1271.525991   1609.534524   1786.484444   1005.598730   1193.637411   1233.852343   1274.023403   1276.619635   1026.845301   1316.914921   2536.551893   6484.469459   
36.700000   1831.238086   4189.810819   1139.940490   2131.834253   1500.151446   885.469429   2993.672965   1771.953370   4563.965875   4784.710402   1618.088712   1371.175662   1340.813900   764.775889   1578.839716   1075.601383   3371.120002   1319.231485   1215.905911   1822.777466   5312.691999   850.198887   1033.863918   1067.542007   2032.472806   867.431966   927.133696   1072.099105   992.433887   1202.657370   927.864660   1204.842656   2393.096548   6139.684596   
36.800000   1871.782172   4141.627545   1226.140344   2118.398550   1827.971376   1099.777971   2507.285565   1830.474834   5312.849230   4026.089490   1106.891070   1209.270202   1152.580597   842.915792   2027.727169   1123.319851   3555.377384   1401.772103   1499.977207   2018.232210   4331.899623   711.563812   1225.690202   1482.923308   2195.793711   1030.891319   993.667230   1218.371774   1202.798456   1375.230313   956.392546   1212.549491   2489.280986   5920.763958   
36.900000   2095.108229   6081.001595   1293.844253   2452.990074   1855.825925   1291.005712   3619.813547   1807.674546   7023.393007   4050.269952   1170.172620   1912.061591   1013.449039   1253.808627   2335.650716   1144.122451   5194.290231   1736.516901   1382.496641   1792.780138   4787.799697   917.734732   1275.358808   1602.949995   2586.023767   1044.458611   1184.408786   1489.623844   1393.278219   1325.751179   878.149637   1218.800074   2182.188650   6200.225744   
37.000000   2213.738018   4555.700189   971.313906   2358.448197   1326.983801   1229.907727   2908.660240   1599.321227   5428.235042   3401.549113   1659.518972   1575.083088   1094.156699   880.878739   2185.389945   1334.254745   4597.476657   1556.134327   1165.873701   1875.538755   4145.988666   919.932963   1258.919647   1551.003625   2005.610040   954.740023   1137.289364   1371.920648   1386.628743   1048.942687   1156.749679   1401.753853   2190.130930   6111.718382   
37.100000   1488.659153   4722.430371   933.746348   2040.315228   1675.295296   1210.403385   3336.429165   1837.078235   5936.306137   3340.224597   1360.764361   1093.680556   1266.751654   1072.351235   2404.102171   1189.832900   3539.177204   1450.535947   1319.969980   2015.310602   4680.199499   971.529972   1389.603494   1770.449872   2531.835738   1032.431973   1088.511173   1287.028044   1354.742286   1061.146366   972.349533   926.037530   2404.584790   6027.286855   
37.200000   1614.074136   4126.253013   965.944035   2201.052537   1232.067543   1315.084603   2234.789857   1690.823431   4137.454167   3479.038019   1127.754795   1333.885884   1211.472041   915.042820   1870.872483   1147.596396   3809.374220   1482.184413   1233.163066   1551.795942   4193.277702   797.409448   1205.669088   1409.313247   1603.947248   860.744489   966.459532   1390.163210   1341.601788   961.308744   1013.879999   1035.038554   1865.025108   5994.173299   
37.300000   2218.364378   4585.903578   1399.172767   2156.876725   1544.323469   1287.207581   2385.542456   1650.783585   4083.119719   3809.094449   1430.877939   1504.085717   1198.545124   921.396178   1820.658260   1058.070198   3585.634455   1436.023489   1348.139844   1456.754232   4103.443623   697.826818   1141.932576   1282.011236   1666.789556   849.845223   1080.928881   1292.272100   1324.323797   1358.264524   1217.192533   1168.439929   1773.063194   5673.263687   
37.400000   1877.534627   3660.502022   1325.467950   2097.647632   1584.346068   1449.581103   3077.352903   1521.124492   4872.853943   3599.162393   1291.858517   1200.756188   1034.781485   1136.057905   1776.379688   1033.456769   3074.418652   1646.248551   1608.619383   1646.215924   3690.892955   927.761430   1241.985296   1386.437768   1988.149560   870.922882   1107.539816   1578.777169   1456.416079   1389.976954   994.303198   1060.407847   1814.706146   5816.791205   
37.500000   1695.131668   3271.980492   1177.557556   1664.217684   1711.013413   1031.862839   2435.080578   1592.589252   4797.076498   3733.115793   1451.906031   1202.653958   1197.311827   753.649656   1374.105874   1017.361982   3076.471331   1350.781653   1314.620050   1614.147254   3869.413366   857.424985   1051.700068   1181.127862   2147.813796   900.149501   839.983906   1100.347681   1160.672006   1426.116768   1049.596887   902.405450   1860.132662   5872.382494   
37.600000   1447.275330   3519.086961   1140.484600   1759.281606   1439.022301   1070.990350   2529.906163   1641.864129   4775.604418   3532.018367   1069.388382   1144.288272   1014.705301   719.830607   1391.164086   1019.417276   3445.016416   1251.129858   1174.539546   1499.963586   3440.989099   770.859714   1097.089177   1248.671720   1956.060418   807.838142   711.587075   1080.572426   1045.381452   1301.200367   912.142263   874.452950   1845.866950   5782.204690   
37.700000   1892.725389   5930.278510   1297.043971   2568.913347   1213.503494   1223.279611   2080.023796   1683.659587   4458.931613   3396.507833   1224.591937   1381.234564   1003.274169   1185.904034   1305.999436   1161.162868   5032.859585   1523.825966   1331.506872   1429.174730   3553.332152   874.900324   995.538257   1232.927693   1701.997388   928.617091   1122.528448   1309.214248   1225.716335   1242.091417   956.551519   1264.055293   1904.573644   5696.362879   
37.800000   1888.928651   3295.835281   1228.926997   1561.437425   1181.078676   1029.371789   2139.042824   1587.104306   4285.426239   2988.139663   1155.955802   1167.033167   1014.487839   890.988820   1403.836375   1164.545302   3124.668694   1386.044240   1148.540610   1448.049009   3470.920115   761.060084   1020.487758   1223.458925   1386.232162   966.990553   961.847281   1116.377876   1136.791095   1136.481429   913.560772   1084.721632   1753.488253   5670.423631   
37.900000   1430.774790   2729.550095   1370.401502   1583.355080   1379.420301   998.691384   2191.394089   1675.985984   4845.875135   2906.235036   880.434357   883.725054   1049.346038   931.677566   1317.720755   1014.657577   2706.860541   1443.931912   1380.762966   1568.280770   3533.289500   790.797535   985.411471   1344.032151   1530.368599   960.838259   620.201343   968.522857   1180.741861   1175.501503   857.233657   1120.445875   1842.331936   5823.490067   
38.000000   1460.787175   2753.244272   843.672960   1395.962451   864.761415   802.233654   2478.799197   1625.831756   4301.683354   3386.073171   1203.150312   1151.449140   996.596901   772.253916   1348.169572   988.335056   2478.037232   1288.051905   897.664207   1686.319025   4036.456519   727.247860   913.820996   1259.251028   1344.474881   968.601355   812.944527   915.041415   1077.553477   853.270802   1057.314984   977.107471   2048.676272   5459.364170   
38.100000   1506.126172   2203.183410   1086.491320   1195.733204   955.343802   749.461896   2354.148937   1511.848699   4068.106739   3374.734555   1235.134709   741.415293   1009.897760   700.271924   1207.347635   974.509441   2210.546596   1081.124118   946.555959   1280.803895   3686.942131   704.409387   839.050083   921.603175   1335.743351   865.799071   568.187290   828.093698   803.961781   941.226396   966.632249   861.910987   1672.003935   5629.199678   
38.200000   1314.661670   3883.200824   1147.438083   1787.541001   1197.974490   938.693182   2371.370843   1725.060835   5119.020480   3007.404931   1084.587641   1254.312499   935.214356   768.326182   1323.234564   989.275562   3723.770828   1308.281038   1125.223158   1562.065802   3523.180215   740.309773   1098.884104   1154.153101   1518.943333   837.372988   722.606215   1039.959884   963.839123   965.312938   777.518577   1044.544992   1805.903165   5731.052409   
38.300000   1366.398398   2429.602011   1047.648309   1348.462599   1303.367790   750.016963   3000.038478   1755.935650   4429.607697   3199.021483   1023.652740   816.018377   1021.071984   695.130551   1298.665716   1073.860621   2321.445940   1079.110394   1172.641699   1504.704513   3756.116040   776.892994   882.562300   1132.595971   1893.233352   1039.286269   553.983482   777.921577   839.782181   1059.568860   918.356639   906.360638   1820.122640   5546.705319   
38.400000   1269.570045   2633.826886   1064.949819   1430.335617   1453.837234   754.078612   2366.075611   1531.021206   4926.820985   3282.715291   1041.955392   905.292990   886.814667   577.310667   1580.653903   902.803944   2516.602939   1094.956095   1152.181291   1399.503549   3397.226363   674.081595   838.140293   1125.486374   1671.209277   953.328158   551.817257   862.222250   904.894351   1178.512099   821.705152   871.193932   1698.578875   5541.064229   
38.500000   1288.368562   2662.550158   942.835445   1253.950557   1137.183664   799.591921   2436.683331   1577.200205   4224.057423   3213.273568   952.578778   929.498098   980.376016   766.583200   1406.145318   1032.881682   1953.128314   959.962460   1187.972271   1289.032588   3340.227229   715.223176   922.830139   1067.053370   1602.798743   868.606323   665.708579   779.036237   856.773783   998.448942   870.254848   1049.836418   1586.049178   5371.213563   
38.600000   1152.828942   2579.640179   952.742802   1404.505438   1352.589857   752.364517   2039.679143   1549.704007   4445.854763   3030.653793   939.243068   869.485073   1036.595590   721.975579   1198.376165   893.304078   2516.240238   1074.840558   1069.032442   1465.876663   3521.752965   774.315618   979.911386   1127.648426   1738.079451   761.405083   657.448790   803.939263   891.728885   1044.198168   790.859853   937.905701   1797.155954   5439.105802   
38.700000   1487.344933   2804.051225   945.557229   1310.872140   976.781270   778.538119   1978.465370   1569.093868   3661.866708   3319.508441   994.808467   1079.812000   947.561210   554.931424   1394.720364   864.810118   2888.797962   985.032877   989.148877   1338.401929   3746.985282   663.648823   856.530137   995.424560   1272.731051   769.742428   559.414468   763.256325   800.073673   954.745377   799.644146   766.895061   1704.467585   5544.214200   
38.800000   1256.034068   3346.710829   969.785046   1695.816030   1229.420921   990.868760   2172.181905   1503.656768   4410.611289   3160.866784   1005.871837   1098.998838   904.695484   665.846426   1165.546189   912.851864   2543.093294   1292.749776   1087.985437   1320.019362   3561.571334   652.866273   926.747622   1113.500950   1622.124577   720.428386   734.708411   1024.417214   1039.143241   1014.721056   753.546331   744.166588   1606.166298   5603.604404   
38.900000   1164.629111   2573.425041   762.906932   1256.806376   924.234025   765.903259   1975.240123   1461.114759   3922.069042   3015.177347   1017.949496   846.549821   818.306299   650.697261   1089.977456   875.319550   2756.372459   1047.791392   835.248702   1335.906214   3614.589112   663.312223   781.747950   958.929897   1259.575311   771.838147   607.884222   809.868038   890.617533   760.078745   672.664584   722.944405   1809.308735   5687.181361   
39.000000   1254.073427   3261.450450   883.438929   1663.841045   1082.027694   890.258210   2028.297398   1452.683470   4184.253384   3040.275301   1081.087358   885.935094   1146.368349   702.968296   1203.202514   947.360033   2326.011672   1159.518643   966.798249   1217.822336   3213.114024   640.966098   842.527500   942.094180   1325.718812   915.989418   754.398752   998.771904   946.350124   854.192950   936.340747   885.700800   1605.767151   5347.460491   
39.100000   1025.541087   2222.064844   803.842395   1177.245615   1058.731021   841.797639   1945.683651   1419.239445   3914.834516   2887.376547   758.927612   668.229378   853.766976   663.779849   1185.573916   864.351068   1734.163266   1005.065529   951.641341   1215.637183   3365.047959   561.947979   753.830154   948.884144   1351.824941   793.170513   546.801912   781.508360   879.112582   828.706401   655.355781   806.364041   1597.103797   5272.074825   
39.200000   1124.101211   3220.401977   880.156043   1589.727693   839.908841   833.598191   1754.907999   1416.211806   3618.625207   2894.408571   875.917529   939.699052   782.989804   595.850372   1107.123121   985.544162   2242.021569   1135.500168   906.331413   1195.966449   3313.075717   603.332015   828.140851   946.321806   1086.738576   778.672448   680.229772   945.203977   937.645285   786.163242   624.660662   690.400055   1548.732384   5193.172033   
39.300000   1027.269790   3256.914822   858.090617   1561.631919   1064.221559   862.805010   1926.683917   1445.681898   4123.701364   2864.387257   804.405900   950.885145   911.804227   565.733878   1228.689940   926.414445   2853.284287   1188.502463   1066.491120   1225.548098   3279.566713   582.849474   854.952788   981.140488   1400.133356   780.424939   705.017369   908.366118   931.040621   834.745647   711.802502   891.956576   1586.122582   5265.082145   
39.400000   1078.303497   2048.814458   830.276483   1187.788565   1075.322897   885.446178   2167.232847   1498.574771   3985.788765   2978.996704   879.400681   768.108116   806.947721   641.227062   1274.719879   956.006829   1756.155621   1024.185815   1202.779212   1464.748778   3506.532915   633.517870   1008.703734   1205.068129   1481.173754   811.248515   660.553614   938.218213   950.041814   818.935335   678.036743   882.151454   1730.616058   5277.197302   
39.500000   1119.589789   1601.492541   817.578330   1039.293038   953.679262   745.570886   2213.519708   1611.657694   4538.211822   2814.781097   781.713094   650.014901   812.743230   620.686605   1302.412602   931.456532   1784.637617   947.983669   878.774827   1357.267839   3722.067300   651.182797   894.135123   1013.267866   1407.084243   732.702917   506.012499   741.663607   804.978797   835.300932   710.908162   724.093133   1771.350238   5457.344267   
39.600000   929.436923   1375.174422   682.602494   960.513586   811.728576   743.265510   2076.561205   1471.591384   3829.313030   2974.293239   725.573729   613.934996   790.903162   671.293838   1249.847675   906.809333   1703.643833   843.758886   777.364383   1333.386432   3456.946520   644.302851   900.803939   962.762005   1275.625796   731.620060   502.488543   701.456994   763.715714   685.746445   617.604219   741.970747   1658.141230   5244.587301   
39.700000   1260.661571   2568.634663   850.736349   1304.913553   774.602920   744.091415   1874.520727   1439.041557   3881.813497   2856.678962   986.499456   953.130373   775.562093   656.927411   1082.717679   890.688206   2593.483986   1010.111896   830.416246   1277.705113   3292.484693   706.457332   798.123806   976.004217   1173.719301   684.516790   699.717866   818.325899   780.577443   730.305372   711.335546   687.515822   1655.860064   5258.639544   
39.800000   1148.019985   2134.228601   821.293231   1227.649364   853.805858   703.555610   1866.357460   1420.081278   3731.414240   2838.767385   1090.392774   685.127622   700.977327   643.598917   1219.784366   828.988643   2092.268045   941.906529   848.247485   1159.823863   3209.926710   603.198388   719.977073   832.558882   1181.625917   706.696398   586.254196   737.516728   753.662117   805.717563   629.962929   807.081269   1511.759737   5263.716361   
39.900000   1080.642156   2984.598594   801.457117   1437.435860   774.892031   687.328726   2280.807855   1398.199694   3656.903949   3167.994620   913.603613   886.339545   680.607751   721.583737   1194.582921   883.172031   2289.669681   1132.023086   785.852388   1214.644526   3171.761729   678.649903   776.281913   950.435725   1198.204631   736.562330   709.027918   827.157923   922.665209   756.061858   675.736733   818.036138   1643.557133   5242.006978   
40.000000   1364.175315   2752.140006   787.515397   1275.847909   725.927217   713.580983   1963.886544   1303.984181   3304.272239   2740.963907   933.140049   835.934052   690.828063   673.598048   1172.419232   858.443059   2239.190048   968.453173   820.613601   1150.618997   3015.106838   598.135172   782.926740   850.315398   1032.588180   662.856691   697.123375   787.058820   782.271226   704.143676   690.603360   667.732272   1864.777792   5080.357474   
40.100000   934.369348   2139.825621   691.810127   1202.225458   759.751056   751.203661   1863.103576   1350.807053   3229.138409   2645.719116   789.404966   762.544459   669.135054   604.199664   1248.511992   821.214069   1646.345208   982.858709   770.015209   1191.890184   3146.746850   586.050591   804.359150   901.969983   1171.790582   703.256265   676.133511   818.242022   834.562060   660.359219   603.445359   837.856896   1525.680061   5100.998324   
40.200000   857.585658   2036.002964   665.388931   1043.551233   729.221047   693.902779   1981.988319   1328.666441   3317.092630   2639.814750   644.003074   623.346172   680.639991   596.010873   1009.885890   863.528742   1732.433237   927.451933   780.966656   1189.004830   3124.138331   556.252552   717.245014   861.771343   1026.186935   642.032412   524.175321   748.958254   765.951015   669.631717   615.130541   680.466994   1515.649477   5077.333387   
40.300000   761.992428   1641.367190   684.366913   1104.253830   823.645581   822.548901   1935.876517   1343.648424   3438.837960   2720.068581   811.962028   629.034697   702.493561   583.102040   1220.928284   870.094507   1379.134275   955.927273   801.132554   1270.061735   3329.366855   563.488020   782.282809   1008.313416   1152.751680   672.127569   590.341336   870.961827   849.131933   692.560360   632.452804   813.903691   1594.176545   5219.028470   
40.400000   1005.362248   1989.030936   676.216372   1130.118959   728.563118   834.000207   1776.119346   1308.691698   3352.017134   2699.810240   723.057665   725.825926   678.798279   522.746387   1110.965892   824.982426   1968.535386   930.235661   714.240894   1173.648435   3183.328349   541.177299   792.230691   909.684268   1028.744685   727.143274   530.024617   769.670192   835.818238   643.842841   586.814004   653.410782   1593.492897   5069.082468   
40.500000   894.797142   1504.364431   726.969254   878.395859   735.507474   675.557498   1655.451481   1301.102174   3358.624185   2664.025583   682.401040   567.644840   652.775435   554.282832   990.738359   827.332283   1562.721452   771.349644   741.335654   1188.023722   3063.230819   561.341853   733.087915   842.282234   1027.202082   655.762688   523.510285   658.528018   656.283431   720.119566   600.186419   604.309357   1561.584944   5117.305336   
40.600000   863.679409   1821.667526   620.861593   929.492915   714.605322   676.588835   1872.066552   1303.052310   3397.943812   2659.095043   687.320584   532.328310   640.601591   495.644713   1095.659485   838.646164   1587.818556   845.243427   718.937161   1133.478412   3164.184993   527.946203   724.360323   823.885393   1004.314059   638.096775   435.438272   663.229052   715.208032   677.532955   592.679237   677.292976   1469.085911   5076.212127   
40.700000   852.375442   1672.062115   604.324518   955.285545   682.327269   710.686789   1654.502594   1357.579458   3234.876500   2578.815608   702.993625   589.608095   680.859427   514.165067   1010.086217   839.606192   1599.809163   835.694350   692.555274   1107.618079   3041.567432   574.479663   750.448226   806.989364   972.778864   658.746646   440.603638   728.125565   711.115908   643.944757   603.176301   658.216280   1506.622178   5000.746827   
40.800000   722.278956   1534.390864   547.469044   908.682825   675.408683   703.559125   1680.538478   1300.529116   3336.149979   2586.433189   679.007912   490.772104   633.330034   527.142887   1077.724630   817.422563   1463.739225   748.273676   663.758475   1098.066729   3097.976852   551.108912   724.201473   795.556975   973.807335   679.702580   428.346209   698.094667   654.858873   617.174144   614.338402   587.788993   1439.494758   4999.939236   
40.900000   951.020263   1687.392934   659.341360   939.403554   750.729097   623.416215   1545.717687   1264.646224   3315.259663   2613.022059   733.675737   599.915467   625.829399   513.862969   1001.036305   796.427051   1678.687522   758.737947   734.215560   1094.081192   3013.579347   555.901436   707.574688   767.622690   1040.809183   649.502947   438.686318   614.528327   637.600950   683.619546   624.353429   684.168883   1477.191560   5071.155258   
41.000000   929.360713   2284.426570   734.906661   1209.249843   802.420140   701.592956   1623.862122   1275.975361   3507.986953   2705.801631   762.138348   719.602670   615.582022   507.785639   870.059844   793.131566   1983.380820   947.871844   804.111971   1186.570717   3102.462916   529.178772   752.037795   864.821146   1197.359306   606.194045   501.119256   747.218731   757.152877   684.577658   578.106268   612.766202   1568.023308   5060.309529   
41.100000   741.317148   1214.121935   582.784449   815.652738   727.287564   602.810053   1594.351053   1298.005759   3401.260119   2611.210190   654.331663   425.486374   606.783919   536.375892   964.241834   796.292468   1128.108132   779.388094   727.385805   1118.567326   3003.147214   551.976265   694.180971   813.433303   1047.057308   614.828299   376.322191   616.680515   666.910688   663.274004   553.380192   557.406033   1447.259231   4990.060550   
41.200000   847.141821   1269.774481   665.346487   770.165522   816.730340   570.355052   1595.950910   1292.042780   3336.165091   2665.715391   676.900166   418.195438   616.940307   511.300352   1018.643923   829.213040   1070.415262   710.205967   820.271454   1109.039118   2987.183209   541.836772   666.675281   772.939321   1071.176228   604.563273   401.595483   564.858078   590.394394   722.082269   574.313384   639.327592   1526.079453   5005.954947   
41.300000   759.556950   1238.942217   652.462027   804.213316   836.935058   549.995085   1622.075516   1385.074003   3224.674761   2495.153455   666.258923   474.370897   633.342790   514.085990   965.067810   778.566173   1128.004945   766.156952   755.568267   1083.887045   3012.262595   526.133142   660.865469   758.789318   1102.498070   586.205328   407.190378   576.326692   607.929032   694.954314   581.031903   615.458950   1464.940415   5050.953326   
41.400000   969.044125   1496.335426   651.938736   816.026213   776.641842   579.377289   1517.050436   1243.872991   3141.786308   2502.575425   793.667831   526.216851   617.638144   510.745663   905.437354   779.343658   1541.946969   746.241034   753.098896   1094.719478   2927.055902   511.404915   678.600277   777.586743   1065.192871   600.091166   405.632857   582.241149   584.568279   677.015129   620.940886   603.590274   1417.213322   4987.910109   
41.500000   755.914248   920.394112   643.312334   708.730489   683.077744   565.269301   1527.219932   1275.289846   3071.631437   2541.065495   665.129985   471.076425   640.217404   467.712413   922.436968   764.395924   985.192259   693.967723   716.983971   1099.600061   2908.558494   536.218880   657.351406   779.310280   956.435402   570.317863   371.870056   554.452273   603.447949   655.015216   584.277857   524.557695   1475.305671   4865.188053   
41.600000   692.048451   1146.289495   593.229195   746.730166   634.871930   525.707590   1568.425078   1242.869876   3087.678491   2527.139704   642.238652   436.207509   572.047771   437.531007   880.666156   768.109882   1184.063161   695.583123   668.621401   1063.185376   2909.029434   530.316049   634.439451   739.943281   902.148031   574.175378   378.703705   550.554800   574.556153   623.062963   524.732961   544.311347   1400.417791   4853.884713   
41.700000   763.134098   1184.196998   585.137978   761.609495   659.159597   571.594451   1560.889889   1227.710718   3134.757042   2529.592432   652.770285   420.440350   569.078362   424.272220   890.021346   776.155556   1129.649062   709.777817   711.559089   1054.336814   3010.551422   509.682754   672.036598   740.042804   919.139710   574.386343   365.901601   549.449390   614.839566   615.842249   528.916415   530.420481   1420.245942   4926.346307   
41.800000   768.689340   1378.773314   607.676184   792.891478   680.139707   553.201023   1591.240256   1275.672846   3094.650628   2502.122961   646.165077   405.127071   561.557394   440.474350   843.957772   781.763490   1337.905042   682.954393   705.731462   1062.801102   2881.781296   497.863200   658.739661   735.191319   996.724552   627.343082   365.733369   546.427662   567.966073   636.659036   534.771813   571.185858   1433.615667   4866.934916   
41.900000   706.997417   1114.559114   630.168346   749.439939   723.580071   559.747150   1479.226314   1233.081469   3134.421046   2512.005607   645.430127   414.215100   696.883003   446.357751   880.561643   783.008198   1177.394566   679.496458   752.449832   1052.356245   2906.837548   498.389663   685.001829   739.193136   997.894969   600.573308   365.620584   565.360541   571.390445   673.830274   580.913759   548.808533   1422.001035   4908.459501   
42.000000   610.944864   1259.657102   552.540873   834.068417   652.848678   614.764950   1463.851224   1251.096782   3030.125513   2445.298265   608.842632   442.164168   563.939004   470.699367   867.352404   794.603718   978.380207   718.560032   687.651740   1049.276557   2856.819139   502.107395   677.235972   753.758799   884.745742   550.515933   405.125723   598.962700   637.320297   597.708195   499.953083   472.359560   1357.279777   4794.156496   
42.100000   716.355804   1263.391114   597.933283   774.929441   642.510874   570.911548   1497.963423   1244.317316   2963.442056   2485.965122   610.766496   445.958064   581.924955   458.049716   834.453217   763.902007   1218.559666   748.418426   671.330897   1048.223541   2850.414246   502.197207   628.963443   758.501085   898.589974   557.859507   400.163664   577.342201   642.725480   609.620748   537.710184   521.551015   1364.650208   4780.588938   
42.200000   611.025998   956.611822   530.260422   692.602752   602.285365   556.317814   1468.487901   1216.375776   3000.126806   2432.941812   568.509597   402.963314   539.739324   424.585190   801.704752   761.070492   781.580505   672.264856   657.580157   1021.666248   2837.649505   486.100967   632.186913   728.217430   864.382825   568.674765   347.804266   530.334412   575.671675   564.700436   505.889046   466.897003   1377.972311   4758.044515   
42.300000   546.586759   1015.869870   521.630930   700.372330   595.330345   533.697231   1471.144700   1214.387923   3078.565353   2419.129181   560.570653   405.261446   528.565627   416.782945   817.765974   747.328221   831.863691   661.934196   613.403684   1028.287169   2859.226541   486.701761   617.424686   697.781453   884.656815   548.301916   349.859877   529.862804   560.382676   564.607016   497.245132   458.110051   1347.426300   4771.791764   
42.400000   552.013393   908.528683   518.850824   690.332160   589.081059   547.362824   1507.470922   1215.538041   3052.473258   2418.135597   534.666456   417.515255   517.177095   408.218468   836.162352   746.371120   847.134829   685.637076   615.714132   1017.678336   2827.082098   496.271496   629.155581   695.257561   846.881463   534.295207   372.943212   538.440981   582.476656   570.142458   494.909335   451.073219   1353.255758   4755.794597   
42.500000   628.180646   782.990923   523.073983   656.921188   582.562140   516.999107   1551.634580   1228.645692   3075.004549   2396.748110   573.836369   372.678338   526.886732   409.261005   912.215739   735.633618   783.152544   663.848117   637.674685   1035.473303   2862.359205   483.221116   600.602973   692.761510   845.422813   548.215985   343.009829   529.406007   563.576481   569.006963   497.056640   519.561805   1359.226295   4771.577808   
42.600000   629.798942   1071.976168   530.422830   729.095762   611.819351   532.789488   1467.072282   1209.005939   2942.171489   2401.056917   588.249415   425.944097   563.635911   423.964204   826.518578   731.793402   1051.376202   658.484243   628.317558   1021.889119   2808.824334   494.295985   614.199293   716.186949   885.911116   538.909535   375.544735   532.249544   575.504254   544.946959   513.211332   480.484032   1327.703649   4711.369983   
42.700000   546.092856   1036.769279   493.584963   715.970353   580.476974   551.778920   1445.997998   1205.764551   2960.953018   2416.401600   589.015099   388.906022   506.131240   411.749223   836.712426   737.529707   862.596412   663.132439   609.451361   1015.629869   2804.408192   503.666778   636.236287   717.207615   852.437772   541.123269   370.522075   529.792635   567.868362   535.706403   480.445198   486.691978   1358.271801   4686.878632   
42.800000   634.284904   1124.448596   529.180707   736.601544   590.912913   530.826361   1469.033841   1202.888367   2921.039960   2371.926107   571.806397   405.880686   510.344143   445.866213   845.854105   735.862881   1156.870406   664.634214   632.368330   1009.548447   2844.030887   500.435226   608.160363   708.801862   868.909916   531.380667   381.035751   538.973201   560.841032   551.835577   500.337411   479.501335   1341.272076   4678.224755   
42.900000   544.089188   796.647421   524.311996   667.604593   590.891771   522.474383   1446.900360   1181.450288   2888.202839   2392.722149   550.355879   366.652391   500.455008   401.413546   800.295825   733.564933   803.755910   658.245840   619.157937   993.862906   2793.034531   476.302890   597.101453   688.427121   836.763220   547.145127   333.163855   526.439974   560.483190   563.644790   484.343178   467.746059   1321.298704   4665.950265   
43.000000   543.375574   1113.000620   500.507521   742.870855   592.035706   515.607277   1453.840269   1172.858655   2886.575767   2365.066301   551.860479   498.978874   501.918537   406.676165   815.834820   726.271451   795.391299   665.730881   624.794317   991.330830   2763.344764   469.543901   599.405467   686.784332   851.506080   536.018977   381.589940   541.491722   562.359733   562.853371   489.323014   498.350088   1317.124747   4657.003509   
43.100000   542.666749   983.297193   488.033697   681.916071   557.079226   517.828988   1556.431834   1165.425822   2909.032769   2361.321542   551.896264   388.430880   504.862325   413.468036   803.440321   722.191329   810.808646   652.821542   592.798592   990.565148   2826.849955   477.928751   592.711800   687.379311   824.999044   539.050637   355.986700   520.193072   558.662001   526.697399   465.386979   444.815400   1314.538720   4668.324526   
43.200000   523.916413   916.320852   489.990604   671.967902   551.270624   512.740616   1519.635295   1171.814732   2912.596284   2382.844516   549.891970   383.961611   485.759169   422.712022   800.953413   720.456663   651.771844   650.532325   586.466080   998.425408   2808.159388   463.279180   603.933001   687.805395   832.003469   519.262716   365.868748   516.157443   551.784278   524.646206   465.969522   457.877230   1316.535948   4656.031242   
43.300000   537.397820   989.784915   490.375884   692.484152   553.354001   511.454076   1496.374483   1161.491114   2897.277247   2342.810625   543.466480   407.679170   509.011613   394.563424   814.358419   718.122602   790.610790   650.244413   592.422650   991.153058   2792.866805   467.751029   599.625474   682.506522   834.665907   518.007329   357.644476   515.048149   546.231872   517.615348   469.676201   459.905615   1320.289040   4645.582469   
43.400000   551.865918   824.259854   497.441316   645.325553   550.857658   524.865802   1420.631564   1160.989225   2912.091339   2333.385569   542.350885   360.694785   495.176015   394.343227   787.656906   712.469281   716.713044   634.539018   596.305934   1002.864760   2791.378906   470.874447   598.780119   692.174889   813.932834   513.170843   329.906625   515.401182   545.979166   532.707389   478.319080   455.558341   1337.628900   4633.466696   
43.500000   557.982117   734.835172   494.923106   619.005693   573.986927   511.766931   1399.256234   1171.159999   2882.561150   2304.854578   523.679530   361.845043   487.415811   385.918537   781.531640   715.448615   798.921013   639.673342   589.156659   1005.750435   2749.114430   470.347406   582.539664   691.966413   823.092093   513.582122   324.541204   497.434355   544.688719   525.150033   457.443055   447.276440   1323.899968   4612.753657   
43.600000   509.046546   661.114985   473.009579   600.909686   571.461805   501.627550   1388.041400   1157.172116   2987.286293   2317.423708   517.871010   343.159010   494.859493   385.507088   764.459063   711.565080   676.273025   628.876516   593.295806   976.889997   2766.435475   458.533852   584.688708   671.739518   856.036759   509.209867   322.244578   502.414633   537.654308   529.902904   458.311147   471.884233   1293.480980   4621.702168   
43.700000   529.485031   598.469652   480.742370   601.621022   555.086025   494.727702   1399.970816   1146.803929   2891.011322   2311.488756   533.549439   320.645273   484.824374   380.583246   754.822937   713.440837   577.015243   623.173710   601.944152   989.023654   2741.828945   467.478215   586.262511   675.109914   832.673823   516.748060   315.800533   492.661018   531.718850   520.531314   463.407884   446.417344   1306.746652   4594.245528   
43.800000   540.164011   735.659942   485.570609   624.751113   547.525683   498.147661   1407.526634   1144.663248   2872.453166   2307.358371   543.101885   343.908343   487.180558   390.547579   753.295477   705.844128   612.573005   616.016857   590.291966   969.849732   2713.629098   459.926940   578.627137   662.108532   827.500488   517.153546   321.738883   501.333483   523.342209   517.349873   469.117720   450.343803   1290.267903   4586.235882   
43.900000   539.367665   721.604723   484.574019   623.540943   560.434080   497.066539   1399.852936   1142.677340   2832.092312   2296.318201   497.550350   343.461427   476.986967   397.763514   748.939510   701.676388   630.091047   620.095168   594.903538   976.664965   2706.709919   461.014639   579.596118   676.935486   822.534166   512.367569   317.708490   502.296841   532.749123   524.177190   458.468983   439.588459   1296.138330   4572.254397   
44.000000   484.017005   580.625937   470.760840   583.191625   545.685050   493.873461   1387.306889   1142.257751   2810.670658   2290.888856   513.229140   314.320540   474.926057   386.236639   743.129932   705.961746   563.147898   612.679233   575.736809   976.738925   2710.677092   456.599144   577.472077   665.193877   807.277034   505.367066   308.552420   486.867897   521.112286   506.210714   455.024174   432.995031   1283.647702   4556.844854   
44.100000   477.345899   723.087446   457.669985   604.898231   530.872592   491.632399   1392.502154   1139.251435   2813.411531   2272.655837   497.285611   336.907609   460.693244   377.823327   752.122270   703.799637   645.508434   617.021771   567.646232   963.535782   2700.645786   455.132903   573.433109   656.694488   803.688125   505.379429   327.232128   490.433446   523.677005   500.918788   445.591581   435.885327   1279.527751   4547.393961   
44.200000   474.623535   672.261543   458.524189   601.467398   525.875403   485.258108   1372.103193   1135.933107   2808.785979   2270.406844   505.390775   326.917601   462.462655   372.809895   756.110000   700.688220   563.117788   613.321472   564.551385   958.032546   2686.782526   450.452383   563.111388   654.898925   790.362704   512.322051   310.552415   489.047735   523.741927   505.203766   450.434149   423.350799   1274.561855   4537.800548   
44.300000   460.353003   729.040781   450.921260   603.393077   530.230489   484.795167   1371.740097   1134.595464   2806.917631   2281.240063   491.069225   334.062814   462.625439   372.006404   736.017222   703.483865   624.587630   609.162047   570.894538   963.828358   2683.620840   457.996457   568.581237   652.208852   796.003941   501.773295   311.899071   484.681618   516.766199   501.206838   443.491814   428.028910   1278.515035   4532.890136   
44.400000   471.928303   580.130574   457.353466   577.513997   535.020543   481.866706   1372.927866   1120.059035   2794.356330   2265.142224   498.112949   314.221268   469.007777   377.915489   742.855785   691.537018   506.281246   596.128648   574.219874   958.825222   2672.777544   457.708762   565.070043   651.467991   800.765117   502.402857   310.291115   480.086169   509.303107   508.883352   449.126605   422.824685   1272.086578   4513.462863   
44.500000   469.450263   571.933951   450.062908   586.914581   519.517532   485.172957   1378.825058   1118.684119   2788.452623   2260.032452   492.311469   317.790665   469.295105   369.697420   739.193499   690.088574   486.544421   603.670504   561.008076   957.312481   2685.203980   449.052069   561.452337   650.106547   788.586851   499.227525   306.556005   481.050130   512.337592   500.803054   452.278046   430.901493   1268.311144   4505.296767   
44.600000   456.200736   584.425495   456.425372   571.293200   525.169185   480.909996   1362.547257   1117.804153   2783.786161   2250.451381   493.860326   311.278077   458.001909   366.051222   735.527940   687.804429   482.497334   591.881136   567.577649   950.501203   2666.651188   445.934716   563.634470   648.122294   783.949410   501.156004   298.950681   474.781398   511.105053   500.263964   451.270374   428.893503   1265.264627   4498.083555   
44.700000   461.798096   525.018458   450.185998   564.322078   529.990495   479.967749   1356.287331   1115.371211   2776.525201   2244.817394   480.702231   298.543029   453.240934   363.226658   729.458570   686.607804   450.735949   594.156569   564.697321   943.671866   2662.213158   444.774444   565.080630   643.586651   786.799788   497.350327   301.224680   472.725163   505.001164   502.198702   442.078936   432.994648   1260.951859   4487.839906   
44.800000   442.646143   526.102080   443.522035   565.496358   525.762162   473.360009   1350.427417   1116.186185   2774.049814   2240.661744   485.007968   296.013452   454.054987   361.313881   731.453585   685.929310   465.040413   586.073570   559.816051   946.263778   2651.333488   447.398033   557.283836   641.366697   788.856093   498.137807   291.641137   468.180849   501.910305   495.519965   439.469593   422.722898   1257.553520   4477.776533   
44.900000   446.366222   543.749898   442.379163   567.972495   528.566364   478.022375   1345.106339   1110.757452   2762.046463   2229.916098   487.787391   298.577757   454.269109   368.682670   731.642434   688.696009   442.184850   593.508805   560.216627   945.975009   2644.316243   448.499291   552.478851   645.701273   785.048478   500.891044   298.948587   471.033771   509.503291   497.024399   443.545688   425.605652   1263.283453   4469.330241   
45.000000   467.680060   526.024244   447.698902   566.037465   519.972776   469.618100   1345.431581   1106.553826   2748.849876   2228.613782   488.573794   299.796859   451.352560   366.786013   727.008966   682.270518   442.649139   588.698294   556.805488   939.653185   2639.378716   443.796783   548.816991   641.609147   775.212150   495.960427   300.105893   470.785241   504.852211   498.320914   436.319304   407.643244   1253.428447   4459.082891   
45.100000   450.448209   511.163836   447.401923   561.379583   519.393535   466.636344   1342.399242   1104.121756   2748.962356   2220.557348   482.855201   297.140795   455.121038   360.216685   726.677675   679.467884   444.772631   584.143625   556.502708   936.279180   2632.166412   443.987510   547.222574   636.635942   776.437406   494.006642   297.076369   468.154089   499.744926   498.302253   441.989008   416.139507   1247.974809   4450.248201   
45.200000   448.385769   479.651170   444.451372   556.502145   510.128823   466.198298   1339.948852   1101.605475   2739.704650   2217.683140   476.019358   292.672155   452.321054   359.668933   720.227768   678.957227   411.469090   590.088385   555.227637   935.071577   2631.800961   440.150550   545.719543   635.759448   767.990477   492.260717   294.914778   467.173819   503.914118   491.761310   435.512140   409.609238   1250.023168   4442.424829   
45.300000   444.177662   506.623632   440.490668   552.126594   509.631971   462.485569   1340.318134   1101.674431   2739.352842   2211.050864   476.242321   292.719145   445.249302   357.150688   720.596687   678.474894   421.529434   577.238553   552.967151   932.845703   2625.173648   438.852944   543.676444   632.197699   768.283070   489.718419   291.487403   462.161887   492.283357   488.188967   436.732499   415.679719   1240.024793   4431.052232   
45.400000   446.253752   478.415667   440.092739   547.095748   506.412801   460.117350   1333.036009   1098.360736   2726.938608   2208.779814   480.621320   292.309693   444.813719   359.143198   716.541238   677.983754   431.221386   574.981152   547.248638   930.733753   2622.950924   437.687512   542.847911   630.377477   764.914014   484.648281   288.982443   458.112529   490.409953   485.561634   433.494880   403.204813   1239.332332   4424.521995   
45.500000   433.725808   459.509167   440.453198   547.342717   506.936435   459.757584   1329.435793   1093.159905   2720.557584   2201.092409   479.600343   295.691906   444.624647   354.679161   713.896562   675.028875   425.021174   575.633063   547.475043   929.134178   2611.334309   438.186276   541.099053   629.286268   764.533805   486.632705   288.625520   458.820001   489.401964   485.713105   430.969797   407.766954   1234.628793   4411.262672   
45.600000   436.637469   448.926848   443.868259   540.390873   512.788015   457.556253   1325.598532   1091.527584   2709.022247   2198.928423   472.117957   282.702337   445.548798   354.659968   713.139331   672.994318   384.556794   571.406857   552.956588   927.085086   2603.896535   437.088602   541.301394   628.156550   764.881874   485.886461   285.875532   456.356866   486.959722   490.399742   431.742423   407.245078   1233.316939   4404.505264   
45.700000   431.743825   449.142754   435.848787   540.828249   512.930495   457.132932   1325.846269   1090.287701   2705.469648   2195.790150   470.794573   284.447499   444.469643   353.689142   709.953014   672.522602   397.578040   570.598477   548.383170   924.673333   2602.750273   436.348465   539.515708   627.268782   761.883377   487.798413   285.620397   455.160258   486.557971   486.697216   431.445621   404.433465   1230.623949   4394.027469   
45.800000   436.650816   473.043893   436.318677   542.952087   501.043039   456.596812   1320.641140   1086.589192   2698.346655   2186.436712   467.255632   287.888919   445.799490   353.062014   713.218501   669.446106   413.075158   569.499082   544.939448   921.566092   2594.818243   433.091019   538.114464   624.706833   758.040244   483.573956   286.281841   455.259857   488.563065   483.716085   429.820819   399.876222   1226.802761   4386.068093   
45.900000   444.838699   490.949482   435.007069   546.219348   501.626569   457.579330   1316.695835   1083.971431   2695.504856   2182.090642   472.424657   290.005192   446.701132   351.671952   707.902578   667.903386   437.369936   572.881732   541.845025   920.210861   2590.950548   433.064712   537.201385   624.186185   757.001834   482.460218   285.050346   454.278325   488.801796   481.934768   431.741881   400.724637   1224.256986   4377.040744   
46.000000   431.443473   480.390326   431.942220   548.585690   499.516244   456.249665   1314.209710   1081.899379   2688.105127   2179.697034   469.619452   285.291814   440.755240   351.956331   706.060407   666.153137   416.290748   569.777763   541.483412   920.353659   2586.660901   431.688648   534.046788   624.303474   754.257193   480.900010   286.225912   455.954402   485.858843   478.490435   427.248082   400.342325   1223.765911   4368.131033   
46.100000   438.560363   439.753409   430.951691   534.801411   504.700196   455.337728   1311.100726   1079.601259   2682.126786   2179.533889   466.652834   280.793960   441.029982   350.189192   705.706619   665.397966   396.560194   564.898742   542.632048   918.211256   2579.007975   430.928692   535.303633   620.570367   755.253595   477.832752   283.390354   451.539896   482.378108   480.523329   427.926096   397.899436   1220.262298   4359.019790   
46.200000   424.954416   439.710365   428.859236   537.355891   496.601629   454.369365   1309.424779   1077.306763   2678.853216   2171.798835   462.406023   283.496516   442.338217   348.177905   702.416485   663.811283   390.600960   564.749301   538.233730   914.112806   2574.835857   429.482910   532.134455   618.976997   750.588526   475.991393   283.606838   450.427781   482.497857   475.316263   423.119870   396.552489   1217.251298   4351.282941   
46.300000   423.003703   420.615340   430.356154   530.542329   498.052872   452.150194   1308.907188   1075.792679   2672.150577   2166.914113   461.686041   276.846993   435.444768   348.813275   702.005697   663.085086   363.477140   561.929629   539.376468   911.799582   2568.680972   428.921044   532.325735   618.512467   751.711808   476.967202   281.122965   448.317524   480.313306   478.784381   422.520605   397.164226   1215.302555   4342.706288   
46.400000   418.632361   414.431343   425.099303   529.640646   494.566190   450.203004   1308.535027   1073.882793   2666.423784   2160.756927   462.706961   275.259370   434.708836   346.947987   701.108746   661.112858   357.065983   561.083456   536.018171   909.925710   2562.847281   428.157573   530.718938   616.745837   749.785230   474.952559   278.943864   448.498676   479.484098   473.269475   423.405146   397.114488   1213.033892   4333.855318   
46.500000   417.862035   407.793512   425.010246   525.842946   496.387232   450.506527   1304.341086   1071.203706   2662.834730   2157.975354   458.737877   275.216576   432.155183   347.548313   701.495256   660.239521   357.837534   559.596986   536.154103   908.743928   2558.112770   428.056169   529.678815   615.706580   748.823981   473.884783   279.394695   445.696214   477.978776   473.520993   420.856224   394.212435   1210.102222   4325.311359   
46.600000   416.918834   421.766365   424.221410   526.222698   492.899678   449.425593   1299.585610   1068.734311   2657.436699   2154.034632   459.483375   277.596424   432.457388   346.774573   696.602342   658.491545   364.234027   559.814946   533.546409   907.629025   2552.815422   428.161317   528.981699   614.595557   744.615122   472.739810   277.557822   446.310421   476.982687   472.898565   424.522621   392.268001   1207.646365   4316.941118   
46.700000   415.445655   405.582619   420.592181   523.398196   490.413073   450.468908   1297.035949   1067.045108   2652.025221   2148.182938   457.676424   272.735493   432.011695   346.368581   694.861851   657.560591   354.947778   558.135391   531.685654   904.289146   2547.582070   427.675844   528.297393   614.147901   742.385472   472.026201   276.575775   444.385195   475.742875   469.698449   421.853156   390.323688   1204.563052   4308.886715   
46.800000   417.310551   403.509903   421.721244   521.949104   489.164712   445.838059   1292.333474   1065.461295   2646.389006   2145.195676   456.587181   273.655995   431.918983   344.788021   694.843903   656.086328   348.234210   555.830801   531.144479   902.674374   2543.227569   426.689238   525.515592   611.545270   741.715318   471.605491   276.796316   443.093153   474.587034   468.866445   418.443777   388.568597   1202.517021   4300.378843   
46.900000   414.665648   402.820340   420.788293   520.670300   487.852613   446.133698   1290.355101   1062.799089   2640.678511   2139.579468   457.991512   272.809467   429.270672   343.375085   692.249483   655.030328   350.253945   553.960093   529.628881   900.597706   2538.221337   424.290930   524.695906   610.862782   739.534806   471.869420   276.308876   443.545361   473.155018   468.151618   418.558936   388.650397   1200.121208   4292.007891   
47.000000   416.565215   405.449306   419.229473   520.387461   489.659529   445.111161   1288.241296   1060.955184   2635.197127   2135.471915   456.007374   273.510760   428.531729   343.833148   693.370533   653.416579   352.416229   553.966048   528.368050   899.705098   2533.664090   423.123584   524.085352   609.120131   738.453431   472.064884   275.811737   441.588954   473.210745   467.885675   418.640807   386.979576   1198.291706   4284.175927   
47.100000   414.626074   404.447744   419.957530   519.973994   487.469026   443.175435   1285.544708   1058.766192   2630.343459   2131.368641   455.108796   271.461768   429.580857   342.308438   688.804385   652.007663   346.095873   552.360809   528.226097   897.060363   2528.850140   422.731212   523.195542   607.797405   736.287237   470.655369   275.704360   440.585783   471.068750   467.096053   415.835082   386.096597   1195.830114   4276.164730   
47.200000   411.721510   408.725411   419.653934   518.828459   486.645157   442.176524   1283.471711   1056.776004   2624.824565   2127.519510   452.499075   270.645387   427.348510   342.082331   689.645996   651.122739   347.854629   551.350507   526.610387   895.905735   2523.919025   422.949774   522.243730   606.735748   734.646809   468.054539   274.623624   440.040397   470.618405   466.957839   416.242686   386.452593   1192.733674   4267.929732   
47.300000   410.012542   404.414413   416.315125   517.687833   483.875741   441.686290   1280.416473   1054.654495   2619.532431   2123.080615   451.329030   271.071060   427.221967   341.987674   685.800171   649.385891   343.450132   550.275577   525.902625   894.325195   2519.073075   421.958244   520.515445   605.375421   733.602578   468.494196   273.642734   439.483251   471.587832   463.438710   413.396266   383.903197   1190.778435   4259.986871   
47.400000   410.117420   391.899480   415.796293   514.506620   483.623906   441.571963   1277.451272   1052.727972   2614.479545   2120.261790   450.986413   270.069392   425.232121   342.021957   684.933296   648.643208   345.047164   548.547229   523.903074   893.034431   2513.869127   419.863490   519.129443   605.147591   732.245790   467.544178   273.860345   438.142197   468.928233   463.957115   414.423624   383.842194   1188.581643   4251.817953   
47.500000   410.039528   391.276370   418.099896   514.497921   483.378006   440.283843   1275.601567   1050.668631   2609.885939   2114.994772   451.787891   267.935301   424.146094   342.412798   684.243310   647.594561   342.628321   548.069492   524.085514   890.544867   2509.340645   419.464460   518.661581   603.503086   730.555117   467.175338   274.470723   437.355794   468.508898   463.380443   414.517054   384.356329   1185.986558   4244.139227   
47.600000   407.248993   390.389051   414.309982   512.851176   482.606779   439.094674   1273.324147   1048.747145   2605.629862   2111.846446   450.209486   269.562181   423.620952   339.029692   684.773356   646.305014   337.805850   546.886830   522.032162   888.513656   2504.751050   418.008252   518.047131   601.742061   730.720642   465.553930   272.215719   435.736713   467.453879   462.464176   411.303547   382.812337   1184.064982   4236.212327   
47.700000   405.972286   389.859511   413.189964   511.239409   482.536387   438.368065   1270.740573   1046.637155   2599.715970   2107.380126   448.471635   267.437106   422.670944   338.002248   681.817958   645.038032   335.582316   545.113479   522.235895   886.864889   2500.079681   417.459494   516.392055   600.884791   728.570635   464.606225   270.631303   435.168327   466.225628   462.503125   411.774291   382.536299   1181.968107   4228.320953   
47.800000   405.087706   388.762015   412.225668   510.849932   480.059800   437.345782   1268.055046   1044.734951   2594.853539   2103.263913   446.851704   266.231255   421.267488   337.224983   679.546702   643.472519   334.796244   544.309656   520.470529   885.755566   2495.373427   416.698103   515.529078   600.538144   726.711952   462.731126   271.381671   434.434939   464.798784   460.175658   410.103554   380.631438   1179.807717   4220.464041   
47.900000   405.491891   385.052403   412.797461   509.926856   480.240054   436.775073   1265.882889   1042.852330   2590.733367   2099.468644   448.273186   266.189479   421.608727   336.898110   678.204562   642.892923   335.418914   543.207306   521.172346   883.635720   2490.927839   415.972310   514.891712   598.918392   724.808095   462.444939   271.350455   433.926715   463.773464   458.921718   409.017974   381.298038   1177.513977   4212.915318   
48.000000   404.146838   385.289934   411.140692   509.027994   481.534578   436.092810   1263.525532   1041.006688   2585.261291   2095.683691   446.557720   265.011282   420.315023   337.738992   677.874605   642.053861   335.248217   542.305899   519.410918   881.941760   2486.479523   414.449627   514.313402   597.449781   724.002682   461.733565   270.553225   432.349829   463.522117   458.170665   408.727647   380.101137   1175.635538   4204.901238   
48.100000   404.154795   384.985938   409.511319   508.405598   477.739304   435.317623   1262.006009   1038.905658   2580.473867   2091.873919   444.600080   264.846189   419.606345   335.559412   675.835226   640.329671   333.650879   541.163239   519.586175   880.409890   2481.561744   414.795341   513.713761   595.964367   722.331933   460.581475   269.639565   431.588210   462.459757   458.049242   407.002931   378.793251   1173.419534   4197.202855   
48.200000   401.742964   383.184909   409.266546   507.372444   477.094302   434.260305   1258.804473   1037.143060   2576.042458   2087.843749   443.803365   263.761896   418.418154   336.405852   674.438328   639.529764   330.893579   540.307951   517.935608   879.954543   2477.183642   414.265318   513.099176   595.802660   721.459180   460.436503   268.329950   430.957576   461.296701   457.576277   407.248047   378.416499   1171.540897   4190.066731   
48.300000   400.116669   381.960113   408.299937   505.893138   474.484408   434.046391   1256.739417   1035.227396   2570.888292   2083.953048   443.897696   264.418631   417.147114   336.145497   673.340933   638.014552   332.050181   539.277340   515.702488   877.885702   2472.530948   413.611238   511.147680   594.343148   719.573468   457.607917   268.251191   430.574938   460.707781   455.161293   406.177236   376.876845   1169.519444   4181.935506   
48.400000   401.089825   380.841287   408.829226   504.165703   474.175917   432.330814   1254.125725   1033.242200   2566.133118   2080.279397   442.907929   263.321852   417.451080   334.251746   672.182157   637.369639   332.730121   537.780809   514.361509   875.474432   2468.127691   412.398735   510.884230   593.161614   718.942594   457.624845   267.170195   429.348068   460.088581   456.139729   404.348421   377.063451   1167.538433   4174.420616   
48.500000   398.572530   380.773755   406.406866   504.705909   472.799854   431.304064   1251.653884   1031.348089   2561.430938   2076.682301   441.768123   263.944912   416.072418   333.437532   670.094797   635.256582   328.865061   537.178348   513.931788   874.111223   2463.438457   412.206416   508.950282   591.901452   716.888286   457.070406   266.791013   428.324515   458.836708   454.328865   404.451746   375.661843   1165.923587   4166.889664   
48.600000   400.468250   378.860548   407.061890   502.276939   473.260142   431.149960   1249.780180   1029.885679   2556.985521   2072.710455   441.158803   261.645633   416.858174   333.075195   669.799595   634.089825   329.076095   536.403848   512.851626   872.665613   2459.474702   411.194089   508.088194   590.818087   716.744028   456.095043   266.672758   427.311366   458.648474   454.356491   406.011200   376.693086   1163.667580   4159.294455   
48.700000   398.822410   377.977374   406.106270   501.241769   470.906750   430.656837   1247.280164   1027.578286   2552.157984   2069.070552   440.325744   261.699162   413.993122   332.379594   668.528570   633.192451   327.514034   535.069982   511.961651   871.002164   2454.834494   411.009867   507.249048   590.004930   714.687183   455.366050   267.167448   427.459895   457.335631   452.934690   403.694476   374.569377   1161.721836   4151.950867   
48.800000   397.414711   377.889483   406.722378   500.417692   470.882278   429.878580   1246.060741   1026.066062   2547.638831   2065.254067   439.829467   261.141103   413.703852   331.824623   668.145958   632.333394   328.319260   534.456848   511.273812   868.998496   2450.253333   409.253507   505.978623   589.218332   713.344448   453.711699   266.067829   426.415372   456.458661   451.046617   404.443039   374.227255   1160.589430   4144.509956   
48.900000   397.767369   377.589474   405.270523   499.047156   469.183757   429.457016   1243.737602   1024.086215   2543.111925   2061.658945   439.134848   260.441954   412.915401   330.702871   666.036938   630.839210   326.939529   533.362360   510.811835   867.474074   2446.004613   408.683512   505.149870   587.715420   711.875372   453.741048   265.603489   425.818230   455.455834   450.774610   401.518100   373.071991   1158.910393   4137.015099   
49.000000   395.695531   376.009286   404.702391   498.654107   468.363914   427.790382   1240.551682   1022.272141   2538.695550   2058.209711   437.843010   261.037703   413.057119   330.822261   665.894421   630.089385   325.505690   532.124628   510.074363   865.989811   2441.481686   408.310414   504.303733   586.736094   710.728274   452.905279   265.867698   424.153165   454.302527   450.274846   400.585490   372.459883   1157.641229   4129.601698   
49.100000   394.931271   375.548343   402.434169   497.632768   468.309238   427.714277   1238.496965   1020.348098   2533.805148   2054.265735   437.615108   260.204239   412.238891   331.262467   663.611670   628.491312   324.671414   530.949882   508.795489   864.996714   2437.330256   406.754067   503.394643   585.693582   709.296068   452.088198   264.958153   424.075413   453.271155   448.556441   400.367853   371.393490   1156.853362   4122.318500   
49.200000   396.365010   374.570820   403.050169   496.888555   469.165185   426.972023   1236.416286   1018.776789   2529.540559   2050.399644   436.258083   259.819282   411.933712   330.366013   662.785289   627.379648   326.050956   530.498479   507.460666   863.265238   2432.902671   407.136309   503.208709   584.249570   708.495944   450.809603   264.455874   423.027567   453.501440   448.969784   401.364272   372.308623   1155.441664   4115.053874   
49.300000   394.345091   374.339916   399.866274   495.969147   466.151777   425.856102   1235.037344   1017.105902   2525.061366   2047.134446   436.553969   259.370345   409.499125   329.207384   662.541458   626.637509   323.635421   529.691504   505.731506   861.811032   2429.684256   405.674917   501.752317   583.447399   708.071833   449.506525   264.657070   422.357216   453.024256   448.633090   398.329569   371.617029   1154.930305   4107.703734   
49.400000   392.828350   372.901972   399.513509   495.042786   466.424790   424.503738   1231.795830   1015.387660   2520.505184   2043.343626   435.549479   261.354395   408.987559   327.529754   660.537215   625.667204   323.530553   528.771301   504.946376   860.227068   2424.283697   405.096561   500.832554   583.065362   705.213771   448.683366   264.304392   421.854922   451.535236   447.080225   398.681685   369.806109   1155.764489   4100.513330   
49.500000   392.943330   372.181356   400.708587   494.102553   466.383405   423.858454   1229.786159   1013.426961   2516.240224   2039.801144   435.167953   259.006103   408.323077   328.819844   658.756047   624.732540   323.792190   527.151990   504.618256   858.897094   2420.199422   406.014729   500.221203   581.534412   704.720507   449.269785   265.253687   421.339088   450.988843   446.120075   398.155030   369.611134   1157.484838   4093.346019   
49.600000   392.086586   371.545001   399.527172   493.529838   463.724872   424.166886   1228.357854   1011.629116   2511.620967   2036.272665   432.903631   258.921670   407.812930   330.037881   657.164446   623.065745   321.887419   526.754914   503.484358   858.090861   2415.818496   404.609379   499.376664   580.461285   702.895430   447.267874   262.585687   420.062205   451.388323   444.478468   396.085700   369.690889   1163.074584   4086.214158   
49.700000   391.394287   371.401740   398.759627   493.464940   463.506811   423.414747   1225.517900   1010.069265   2507.273489   2032.823175   432.149819   258.339105   408.397070   327.650560   656.265568   622.768042   320.908581   526.108115   502.096977   856.852118   2411.438151   404.042481   498.799076   580.149675   702.219943   447.616511   261.764725   420.077993   449.858771   444.125357   396.512903   369.675614   1175.114600   4079.048681   
49.800000   390.703597   372.709953   398.237124   493.146643   462.700026   424.693196   1223.890997   1008.846312   2503.210125   2029.967082   432.322938   260.513325   407.024863   327.973869   655.143323   622.571389   321.803153   527.056091   503.626218   856.141935   2407.942330   404.720995   498.693182   581.201413   701.553905   448.665228   262.736725   420.757777   449.464640   444.406050   396.558418   371.602656   1207.931986   4071.862969   
49.900000   390.364699   375.080891   396.216142   498.079968   460.811957   430.172101   1221.087663   1010.234444   2498.643291   2028.068351   431.718287   270.247296   408.478561   335.069681   654.197537   627.383821   321.751412   529.490699   500.188652   860.565775   2403.250839   409.087413   503.884990   583.156155   699.674246   446.088740   269.701777   424.190575   454.362282   444.200442   395.265191   378.302646   1345.451394   4064.844229   
50.000000   396.039336   861.607178   404.005219   1073.190548   473.105304   1080.735119   1242.789536   1429.313167   2499.531240   2256.303139   456.122293   1027.411199   406.803793   986.598495   658.380341   1155.692980   323.584537   1005.580231   510.643046   1512.597323   2406.747760   903.718768   1075.170182   1109.033506   808.719989   538.072010   885.336125   900.836052   1005.153474   530.324780   508.362154   993.258415   9177.023451   4063.020040   
50.100000   389.150361   377.111283   395.311985   501.221907   460.838405   434.430560   1217.095258   1009.361920   2489.712110   2022.301682   430.700902   278.369254   405.116274   342.577367   652.821303   630.428168   319.927299   532.656353   499.971366   861.532792   2394.971649   410.816919   505.722035   585.109645   698.092998   446.821323   272.823073   425.893315   456.661233   443.723158   395.225279   383.112690   1447.531329   4050.719437   
50.200000   388.004731   370.127663   393.831950   491.541266   460.649335   421.522618   1214.848878   1002.352158   2485.637338   2016.137171   429.679946   259.937406   404.038020   330.332780   651.633446   619.997937   319.155759   523.552760   498.265255   850.733076   2390.852314   402.207424   496.005170   575.919788   696.167291   444.577375   262.396868   417.457343   447.285939   441.236007   394.390651   368.980288   1216.252054   4043.788385   
50.300000   387.687730   368.032033   393.623994   487.786315   458.350434   419.292189   1213.128776   999.798181   2481.340883   2011.968965   428.294366   257.178299   402.497754   325.174432   649.938943   616.608955   319.904176   520.875475   498.440938   847.570713   2386.782408   400.341610   493.621869   573.967466   695.545558   444.401601   260.103687   415.374292   445.367370   441.244462   392.114908   366.903077   1168.666908   4036.826741   
50.400000   385.478563   367.525655   392.214956   486.297133   457.092032   417.291846   1210.626189   997.713197   2477.096985   2008.536527   427.140149   255.038400   402.019622   323.256928   648.494464   614.695399   318.168303   520.153446   496.507709   846.048788   2382.607009   397.868152   492.693602   572.826573   693.209967   441.532864   258.426803   414.515813   443.603417   440.491636   390.537447   364.155859   1149.173865   4029.863862   
50.500000   384.844645   367.021442   392.029289   485.459352   455.988409   416.645476   1209.035635   996.080002   2472.711064   2004.897593   427.083234   254.345345   401.217907   322.143910   647.878113   613.726821   316.823291   518.335349   496.304943   843.983057   2378.385742   398.027883   491.145711   571.425977   692.142459   440.662696   258.381721   413.171292   443.856074   437.874224   391.473905   362.861127   1139.660721   4023.025269   
50.600000   384.546195   366.344783   391.107428   484.264065   456.018118   415.700693   1206.702587   994.125000   2468.489472   2001.582370   426.586613   254.108945   402.529700   322.051578   646.801960   612.272444   317.591004   517.550196   495.339835   842.716074   2374.461884   396.981118   490.541746   570.088945   691.886421   440.258623   257.731618   412.953512   442.279452   438.177544   392.047868   363.057371   1133.120364   4016.108422   
50.700000   386.047957   365.640281   393.308560   483.941725   455.141168   414.548202   1205.109940   992.457722   2464.402308   1997.922661   425.617883   252.670142   402.130457   320.345766   646.508502   611.772261   315.820018   516.280002   494.406176   840.890412   2370.592769   395.791717   489.827736   569.675399   690.639305   439.187753   257.094294   412.570214   441.596859   437.524504   389.984094   362.687939   1128.087973   4009.289084   
50.800000   385.462444   364.598745   389.927299   482.201650   454.242198   414.217325   1203.093685   990.764870   2460.117903   1994.304676   424.991097   253.246178   400.913108   320.398867   643.904658   610.540302   316.146857   515.265491   493.074912   840.036438   2366.606485   396.756391   488.750275   568.102731   688.888182   440.014622   256.637965   411.059894   440.425179   437.014601   388.057300   361.409512   1124.669730   4002.578055   
50.900000   383.191575   363.724974   389.291983   481.532297   453.357525   413.821667   1200.305400   988.928902   2455.699263   1991.025473   424.420235   252.005499   401.012609   319.833797   643.836717   608.936323   316.719412   514.272920   493.878316   838.507440   2362.257142   394.852643   488.023785   567.156417   687.867772   438.446558   256.755780   410.253637   440.291556   436.825305   389.623082   360.677243   1121.007056   3995.785616   
51.000000   381.877845   364.252275   391.084050   480.643493   453.208476   413.608339   1198.150495   987.312736   2451.603546   1987.736037   422.607880   251.756844   400.957227   319.251805   642.661290   608.097476   314.820109   513.377761   491.970010   836.738776   2358.160613   394.316509   486.801851   566.599866   686.903807   437.270135   255.397530   409.477651   439.583572   435.475124   387.504120   360.297661   1117.787390   3988.940932   
51.100000   382.290401   363.506588   389.142361   479.892897   454.094136   412.456336   1196.844601   985.979998   2447.743187   1984.316335   422.367262   252.461942   398.440055   319.827340   640.748320   607.421651   315.367694   512.329472   491.327184   834.791341   2354.544990   393.850079   486.380029   565.327044   685.065069   436.628581   255.219989   410.042340   437.637822   434.570845   387.375416   359.778137   1115.728262   3982.239734   
51.200000   383.393930   362.868548   387.514071   479.192775   451.453241   412.269760   1194.138707   983.952492   2443.308021   1980.888123   420.998173   250.433867   397.303520   318.103342   640.133953   606.079457   314.638920   511.538930   490.397416   833.456865   2350.294120   393.737265   484.951253   565.540618   683.651613   435.755754   254.844727   408.367970   436.992971   433.009863   385.544608   358.282569   1113.425421   3975.608307   
51.300000   380.668910   362.010273   386.974764   478.217709   450.375576   411.651337   1192.444565   982.711120   2439.253430   1977.537349   420.031636   250.850384   396.142314   318.110449   639.270535   604.774894   314.358749   510.517602   490.038007   832.297314   2346.644329   392.099385   484.350184   562.996791   682.595402   434.747167   255.446774   407.375793   436.930479   433.133737   384.870119   358.421572   1110.953507   3968.974100   
51.400000   380.619083   361.592627   386.987570   477.687675   448.903428   409.623653   1190.341112   980.752421   2435.184799   1974.278803   419.773629   250.454463   397.067940   318.673884   637.505863   604.619041   315.998955   510.145157   488.275638   831.284153   2342.598927   391.252671   483.959236   562.440118   681.153428   434.751179   255.023146   407.114018   436.484027   431.953870   384.338929   357.180689   1108.984914   3962.297512   
51.500000   380.983004   361.938454   387.387722   476.556051   449.945812   409.054054   1188.693414   979.582769   2431.506455   1971.054614   419.757288   250.023680   396.782542   316.197130   637.234037   603.534762   314.249255   509.186255   487.872967   829.755416   2338.685723   390.848580   482.500945   561.255154   680.123111   435.374088   255.600171   406.797833   436.234539   430.623383   384.574006   357.035001   1106.689984   3955.737970   
51.600000   379.816407   361.556592   385.104572   476.627802   449.319011   408.730124   1186.734371   977.605988   2427.583472   1967.757066   419.335534   249.677486   396.528026   315.865474   636.095905   602.894930   313.395912   507.974672   486.455932   828.113990   2334.716028   391.651949   481.819209   561.131820   679.667057   434.485994   253.570826   406.104606   435.038334   430.573712   384.709862   356.936766   1104.502681   3949.108631   
51.700000   377.975998   361.237997   385.648110   475.515291   447.687370   407.843531   1184.587312   975.709330   2423.121793   1964.632887   422.258715   249.955968   395.171653   316.859094   634.996513   600.759303   313.081793   507.098449   486.066070   826.927989   2331.154433   389.160498   481.060020   560.683988   678.616720   432.507839   251.672949   404.846390   435.034001   431.781395   383.619618   357.289938   1102.448872   3942.553175   
51.800000   377.976321   361.005249   385.416226   474.519421   447.979529   407.417839   1183.027146   974.321638   2419.242781   1961.475109   419.119440   248.997483   393.786064   315.195007   635.504833   599.790263   316.282675   506.753892   485.235225   825.195203   2327.038420   388.490323   480.857967   558.701281   677.098455   430.879924   252.562107   404.727269   432.734261   430.559543   384.880819   356.061824   1100.640212   3936.018147   
51.900000   377.446079   360.744672   385.203936   473.835388   446.541492   406.982473   1180.770269   972.922585   2415.167151   1958.238939   417.251607   248.336505   393.414912   314.146657   632.706344   598.705145   313.925556   505.532083   484.840538   823.971976   2323.368815   388.972788   479.612460   558.073528   675.981797   431.284332   252.220649   403.467168   432.364780   428.318748   385.234039   355.099093   1098.955252   3929.609914   
52.000000   376.006513   360.929998   382.859403   472.831317   446.677416   406.312562   1179.290847   970.998035   2411.487994   1955.052398   416.141793   248.106578   391.087789   313.660262   631.571412   598.178619   316.517931   504.372198   483.740901   822.925009   2319.826261   388.985562   478.767530   557.827302   676.158255   429.580682   251.232574   403.408651   430.978603   428.072931   382.373151   354.569133   1096.987950   3923.196691   
52.100000   377.684466   361.080354   382.984112   472.303635   445.016206   405.679530   1177.960945   969.733544   2407.707723   1951.899307   417.870896   249.536903   393.181033   312.898407   631.691390   597.162041   313.625138   504.027221   483.459591   821.474061   2315.730243   387.582715   477.981694   556.339489   674.057089   430.705403   252.060475   401.976725   430.128724   427.861527   382.076260   354.535238   1094.979726   3917.049590   
52.200000   377.557409   363.777895   382.900423   471.623642   445.507035   404.765712   1175.609563   968.234259   2403.432502   1948.652819   415.565682   249.383164   392.882754   313.033033   630.076803   595.972093   315.353568   502.748001   482.482292   821.042747   2312.212276   386.096105   477.212345   555.727531   673.352979   429.490338   250.146858   402.260400   429.684865   426.717852   380.131523   353.755192   1092.949471   3910.469836   
52.300000   375.662920   364.152908   384.016962   471.560311   443.665926   405.133980   1173.431294   966.188101   2399.698581   1945.683359   414.849592   249.150530   390.603363   312.604092   628.638838   595.414224   315.717230   502.519242   481.280626   818.548834   2308.262033   386.718599   476.878912   554.102064   671.834900   428.787392   250.953374   401.514178   428.833457   424.436665   380.218765   352.901082   1090.924457   3904.429549   
52.400000   373.258004   360.216780   382.206356   469.872491   442.954466   403.718893   1171.598439   964.845184   2395.631444   1941.969308   416.628971   247.830674   389.633001   311.839011   627.487336   594.306670   312.863563   501.663349   479.571318   817.158944   2304.921003   384.915290   475.872750   553.310389   670.464055   427.831372   250.677519   400.141904   429.572756   424.759506   378.233003   351.579886   1089.348796   3897.747372   
52.500000   375.568172   361.359589   380.807163   469.816096   443.930585   403.121479   1169.878022   963.083653   2391.735852   1939.039260   412.871809   247.783743   390.466248   312.440316   628.489834   593.228358   317.026179   500.693536   480.536067   816.358598   2301.504115   385.477701   475.058594   553.902210   669.589662   428.167263   252.122920   400.527323   428.954694   424.574341   380.595298   352.734232   1087.517018   3891.393064   
52.600000   377.088655   368.890444   381.619391   469.792118   441.530685   402.436252   1167.769784   961.897158   2388.463012   1936.304975   413.887701   246.802204   389.337631   311.351216   625.878363   592.430367   317.073228   500.066737   481.046160   815.202994   2297.431096   383.896496   474.504833   551.822527   669.362937   429.231661   251.009537   398.861915   428.427943   424.101887   379.486615   352.328889   1085.715191   3885.296504   
52.700000   374.191147   369.325772   379.574759   468.095698   440.916949   400.989608   1165.913067   960.413382   2384.320553   1933.058126   412.976887   247.081195   387.979607   311.884744   624.522646   591.799831   316.558301   499.194654   477.326444   813.614562   2293.812048   383.796629   473.521486   551.629627   667.303980   426.475757   248.471950   398.951279   427.618496   422.315014   377.387810   350.738934   1083.902269   3878.804244   
52.800000   372.962520   362.770865   376.892762   466.804316   439.419333   400.000057   1164.881200   959.628380   2380.730805   1930.648075   412.286766   247.082442   386.239450   310.640844   623.316781   590.328991   314.939661   498.086476   477.134488   812.502648   2290.287723   382.286758   472.981439   550.496515   666.277657   425.408839   247.886998   397.410348   426.741399   421.701576   376.103469   349.375470   1082.043516   3872.868429   
52.900000   373.186950   368.185947   376.634394   466.674494   439.383331   399.214982   1162.118379   957.804756   2376.848638   1926.973054   410.434762   246.021212   386.394540   311.327510   622.803812   589.680722   314.905244   498.760815   476.175690   810.587391   2286.927027   381.744979   472.062802   548.973196   665.419035   423.702208   248.753456   396.709282   424.866835   421.413499   378.260235   348.925766   1080.643746   3866.766191   
53.000000   374.465422   363.891449   377.881656   466.486735   440.519616   399.424899   1161.892505   955.475373   2372.680679   1923.857973   415.807435   247.139798   388.458830   309.633499   623.623842   588.249746   315.505547   496.901933   479.083930   810.053754   2282.352978   381.029810   470.887964   548.354120   666.162568   426.997215   247.599099   396.194705   424.538393   421.922641   377.555944   351.202414   1079.351960   3860.395188   
53.100000   372.771042   369.537081   376.726964   465.599311   438.221924   398.842756   1159.122416   954.719819   2368.845476   1921.048828   409.066285   245.763151   387.259828   308.716653   620.071383   587.729250   318.406090   495.964198   476.702457   808.394171   2279.255042   380.502530   470.414212   547.805055   663.542967   422.795943   248.830456   395.661668   424.020962   420.470715   376.131769   347.975498   1078.415068   3854.238284   
53.200000   375.298452   372.388376   377.744442   466.078966   438.571457   398.049439   1158.467223   953.129579   2365.659692   1918.163029   411.157172   248.163700   388.282170   310.103293   620.452060   587.744782   322.900792   495.213236   474.307205   807.242942   2275.344887   380.528982   469.433599   546.525241   664.560649   423.155259   250.741557   395.010992   424.358076   419.964944   377.153618   348.593976   1075.816659   3848.150844   
53.300000   374.627595   372.153915   375.715898   465.290744   436.642005   398.166311   1157.017040   951.896714   2363.518133   1915.310517   409.135310   244.666317   387.156484   308.045828   622.330451   586.821704   320.813427   494.965426   475.848689   806.455517   2271.811979   379.673680   469.378763   547.072982   661.835463   422.345659   249.434636   396.326235   422.543487   418.983025   374.973536   348.326157   1074.431222   3842.063328   
53.400000   371.067619   371.430489   376.241350   465.667602   437.201724   397.391895   1154.825881   950.156167   2358.250237   1913.244244   410.957334   244.564718   384.023888   309.727432   618.996455   585.244972   323.868401   494.382052   474.217101   805.336626   2269.427282   380.238060   468.969715   544.665895   660.042259   421.804653   247.847703   396.417737   424.200902   418.830144   373.643882   348.097450   1073.023836   3836.505810   
53.500000   369.992200   383.017294   374.254764   466.939270   436.207992   398.949590   1154.620018   948.857356   2354.642848   1909.745818   408.534229   245.715025   384.264728   308.306259   619.833110   584.828425   337.447720   494.242059   475.058947   804.367887   2264.482654   378.929555   469.186918   545.539745   659.883199   420.608316   247.002644   396.027892   423.927623   418.109460   373.743154   346.319295   1070.984502   3830.348792   
53.600000   373.000220   385.926976   376.802439   467.033507   436.816888   397.402085   1153.197870   947.040114   2351.818567   1908.900753   408.754747   252.964414   385.301714   308.527561   619.892865   585.267355   341.511307   493.943737   473.562824   803.085274   2261.597821   378.646925   468.680341   544.088077   658.499770   421.798309   248.020837   395.307205   421.219656   419.632456   373.610727   348.506687   1070.185773   3825.105393   
53.700000   379.595229   392.229519   379.648350   464.553177   437.939869   397.651942   1149.767340   946.035314   2350.040382   1904.678234   414.760873   251.381450   387.663488   307.407815   616.101226   582.505502   355.759906   493.896445   476.422903   802.197412   2258.136613   377.991801   468.755681   545.250314   660.676167   420.267915   246.859217   393.186184   420.849756   419.983723   375.192357   350.705325   1068.305023   3818.596318   
53.800000   373.792828   385.284808   374.630758   463.928317   435.839113   395.360888   1150.448886   944.463743   2347.802551   1901.915314   409.826684   248.215110   383.757242   307.428535   615.406154   582.209878   337.547324   494.175260   471.115168   801.427970   2254.826973   376.753468   466.247374   542.646024   658.658031   418.732881   249.547484   393.980808   422.339180   418.237906   372.220280   347.685275   1066.040051   3813.301864   
53.900000   372.138206   405.636235   375.843207   466.026880   437.595585   395.813606   1148.286547   945.587793   2352.758184   1902.423948   409.279895   248.951577   388.764430   306.324339   618.549773   581.917989   368.259479   492.870990   470.931893   801.204366   2255.072183   376.823388   467.975857   543.334902   661.176633   418.984954   248.790952   392.943121   420.309367   417.988457   378.208012   348.843945   1065.743383   3807.061739   
54.000000   376.500695   412.858889   376.163513   466.921001   435.789236   398.531093   1150.210329   948.733222   2345.305533   1897.795874   412.610382   250.454364   382.297767   308.956663   620.538775   581.994077   373.038835   493.484427   471.408462   799.878462   2251.081002   377.091391   466.876812   541.505108   655.890330   420.671460   248.015812   394.942876   422.816534   416.794415   371.516043   349.667472   1063.535243   3802.945991   
54.100000   375.353704   419.843130   374.331919   468.688118   433.769151   397.979467   1150.451346   943.382585   2342.377351   1895.898775   410.206850   252.381271   379.889810   306.541233   621.140437   580.996553   393.761537   496.419343   473.380625   800.079258   2245.956461   377.587999   465.626764   541.250383   654.236793   418.008509   250.345290   396.529510   422.010759   419.069575   370.729066   348.731442   1063.632685   3795.757761   
54.200000   373.163303   417.470247   376.326781   467.442959   440.280474   394.981447   1143.882403   942.309272   2332.787058   1889.981059   411.752002   245.587775   381.613529   306.000932   615.919875   579.359844   340.769201   491.722680   473.099771   795.969759   2241.007087   377.247021   464.130580   539.117957   655.536399   418.205920   244.815452   392.844665   418.634478   421.404950   372.200455   347.373166   1061.628554   3789.069178   
54.300000   383.257917   454.974867   375.326116   470.065737   436.311228   393.935768   1145.213865   937.181373   2332.397730   1889.824442   413.719825   256.185673   383.782814   308.015804   613.079982   577.450958   405.773627   493.597791   469.649650   794.212516   2241.159136   377.676357   462.670664   538.552510   653.565366   421.155784   246.946767   391.776148   418.062206   421.261000   376.913770   352.059124   1060.532671   3783.806734   
54.400000   370.118117   488.404082   374.393938   481.801726   433.368023   394.745685   1146.700507   937.216498   2327.320951   1887.893099   409.450748   264.024151   387.908735   312.674524   611.244183   577.672457   396.880994   494.185705   470.813008   793.101411   2239.005259   376.012165   463.172881   537.499553   653.183543   418.618478   248.810875   391.897815   419.783422   416.980914   372.996354   355.779658   1057.829639   3779.422501   
54.500000   377.245676   412.082550   375.794739   466.425581   433.740287   394.338664   1143.701057   935.503797   2325.121350   1885.588307   403.785669   249.456837   387.285043   306.681132   610.198638   577.201142   365.992620   491.314190   470.932768   793.942014   2236.843353   373.442095   464.210635   538.446977   657.139130   418.797226   249.742540   391.343598   418.316494   418.561328   373.022923   356.601351   1056.616941   3773.847434   
54.600000   380.051206   414.899083   380.708427   461.742622   442.867491   396.746958   1152.803649   934.278506   2328.659449   1883.935595   409.817045   251.924039   386.385073   309.286258   616.123184   576.969425   374.187219   488.757635   473.448354   797.371800   2231.985892   376.060006   469.213793   541.290093   663.405084   418.139570   250.503626   389.758894   419.595533   417.110249   373.820926   353.720357   1057.213535   3766.993325   
54.700000   402.966573   447.208711   386.725991   480.086644   435.498723   397.024030   1144.431525   933.204636   2329.589575   1885.393923   426.155689   260.667520   389.561186   307.163100   612.262287   575.437412   443.666788   494.006719   474.984026   794.540535   2227.462841   372.648988   467.841609   541.077621   654.460099   417.399859   250.947819   397.455338   420.154291   421.930631   380.225006   363.345092   1056.771617   3762.224833   
54.800000   383.159202   426.693977   381.226090   472.865270   443.596340   399.265285   1161.548928   932.287634   2330.634223   1878.881631   409.368136   252.940089   381.935501   306.868414   614.081249   573.906038   389.406633   498.769376   474.192444   794.917990   2231.589894   375.109549   469.247924   543.071901   653.914108   416.002802   251.923836   398.948105   426.707781   420.691992   373.086805   358.105197   1055.803130   3758.480069   
54.900000   376.655867   432.917582   374.564588   465.925161   435.288770   391.835670   1139.632992   932.045485   2313.408510   1876.233980   407.407760   257.686401   387.589655   310.183161   622.833504   574.543299   368.463014   491.840159   467.591615   792.674689   2221.627355   371.332414   463.391978   535.235902   651.561861   417.488584   250.100456   391.420804   417.747621   416.314371   369.364007   349.366771   1053.579709   3750.900755   
55.000000   392.511883   450.621844   379.126638   471.457636   436.054623   399.375648   1134.658251   936.543713   2305.437161   1870.050014   410.007637   252.233347   393.627424   311.774806   611.741712   576.210938   408.311912   496.611612   469.320881   789.566407   2221.363346   371.939724   466.191434   537.448830   653.264387   417.090224   253.141370   397.183104   427.245354   418.984938   369.337202   351.984999   1055.158574   3747.966417   
55.100000   395.189549   465.469666   378.305047   470.086316   443.659942   395.077569   1133.656666   931.005494   2306.602071   1871.548388   410.144268   251.962647   384.714672   310.137415   615.566460   579.593917   389.073561   487.002505   472.169625   788.952755   2219.032039   370.035133   463.442736   535.398444   649.371576   419.220600   249.610986   390.323782   418.815922   416.506571   369.918793   353.591044   1052.320595   3745.005491   
55.200000   395.435823   538.075595   379.585310   490.054625   439.756252   406.009532   1131.842871   932.872160   2310.446825   1876.694260   407.259906   260.648474   388.840402   310.932572   611.659210   573.481435   471.236400   500.294946   474.776372   797.777314   2211.334023   376.027835   470.217531   551.640923   654.480160   415.338887   257.620713   397.483730   426.728149   419.660400   369.678632   353.007931   1052.674651   3736.110168   
55.300000   423.731045   524.494391   383.923406   481.842758   441.426559   397.639429   1145.987199   929.215597   2332.648042   1878.724641   416.573189   263.525987   391.049892   312.399664   617.158519   572.818328   467.330405   497.177485   476.384866   789.020547   2226.300082   374.213209   466.070938   536.195234   654.028085   412.501672   262.612856   391.901499   425.257783   426.820900   381.399477   360.019625   1051.379256   3737.640857   
55.400000   393.057719   465.631149   383.314089   469.126775   440.751162   396.654264   1142.856452   930.669966   2312.817727   1869.169699   429.812583   261.766800   381.715482   307.209179   618.173649   574.028724   433.541741   493.148090   477.074720   785.685555   2209.487113   376.433686   461.581228   537.014381   659.188450   424.650794   249.902538   393.950035   419.883825   425.080163   375.544439   352.734408   1045.570427   3730.625863   
55.500000   388.138818   508.555036   373.763261   479.901571   455.766790   399.723707   1142.299998   936.014104   2322.883237   1873.048701   413.216929   268.231931   389.954500   308.766611   626.309876   577.379173   450.733196   497.975480   468.462574   797.072288   2202.045196   373.811454   467.196693   544.836862   667.845229   423.860296   255.179391   394.705832   425.574692   418.251301   375.669357   353.614411   1054.234641   3726.969214   
55.600000   393.177870   498.570523   374.401607   480.155367   450.627902   390.872685   1133.393044   938.487640   2317.221577   1865.867424   408.455538   276.734718   403.618937   313.685062   632.441958   576.572352   532.658320   490.414020   476.279145   783.836914   2202.677741   376.002010   459.431058   530.773673   659.753498   420.279072   250.017053   389.466817   417.753861   421.764897   383.796748   361.187777   1051.129653   3716.873362   
55.700000   391.654742   548.856896   387.857359   494.895434   452.217334   395.162954   1130.361457   921.519321   2293.001010   1863.619685   417.279395   296.213416   391.352950   322.418585   617.100444   573.299185   533.034827   499.017668   478.294235   783.386039   2197.864736   372.469258   465.205814   541.139065   668.555995   422.974397   265.001362   403.932162   427.540049   431.919437   388.120153   365.433108   1044.812534   3711.333125   
55.800000   393.950155   569.873211   388.394855   492.828186   454.727510   399.660137   1142.177958   925.514086   2288.550837   1858.350084   424.670557   301.158134   405.621235   322.363786   624.410823   569.577365   471.207512   499.051396   478.166425   783.330062   2207.092280   374.908295   460.981400   537.191183   655.724424   412.958811   268.314967   404.603919   432.063009   429.136462   376.871460   349.264873   1053.954212   3710.646033   
55.900000   425.727782   555.163162   403.105568   500.713924   443.469732   409.235823   1131.959578   924.523556   2292.820624   1849.694352   452.704129   288.710844   414.890203   321.243203   618.834795   571.000318   550.002197   505.601488   479.058381   780.942046   2205.118747   374.656298   460.187883   535.894435   657.644687   422.464569   268.991509   404.727544   432.164117   434.360128   391.874673   363.924952   1042.338769   3698.241357   
56.000000   407.913862   587.180001   402.073107   499.016145   472.022767   406.324803   1132.330191   935.692926   2298.599015   1866.444602   433.268335   306.313587   385.324633   323.596411   639.738886   571.058735   451.983874   501.508347   497.731969   789.501245   2215.320724   371.962573   462.097678   540.492013   681.327349   424.692397   272.640475   406.368770   428.236896   438.624119   380.667748   374.386958   1056.869298   3701.377873   
56.100000   408.772547   865.647252   398.363322   595.903120   452.004622   417.591846   1149.508481   938.775633   2297.421194   1858.009884   424.259413   338.903257   394.816971   342.331395   623.055887   573.163070   684.567813   529.083123   484.452892   787.096653   2185.670069   376.544801   472.862676   545.579214   649.114836   422.149347   296.685213   432.894600   446.692007   429.146222   374.368763   361.006970   1059.648324   3700.628225   
56.200000   475.169800   729.115511   418.571252   547.152258   468.865359   417.240906   1157.612733   939.068275   2359.919581   1844.534647   478.384752   315.091751   425.081728   320.342551   607.896415   576.957431   701.163071   533.461524   497.045128   796.808517   2216.356946   371.715394   478.510140   550.004551   680.629638   417.479372   284.231343   424.298152   448.818314   446.702142   396.604446   371.622248   1071.027458   3691.031326   
56.300000   448.980127   672.254011   408.564641   530.751688   441.756073   407.565855   1149.881001   937.438817   2315.212408   1857.995572   453.377155   298.043148   413.891167   320.364084   609.559241   580.836617   601.918502   519.049866   482.326883   792.824430   2213.513572   378.181117   460.625199   545.024319   651.662473   429.663224   296.497991   414.390900   440.443403   445.248074   396.305214   363.310649   1066.232018   3693.206616   
56.400000   460.927882   930.048004   409.177114   586.885505   454.138913   423.550959   1198.507401   937.883823   2349.815257   1879.731317   488.338932   335.650476   411.120334   346.372247   610.710555   582.018840   818.996267   530.707186   495.675653   785.193886   2234.664679   378.482430   465.544575   543.905013   675.967503   437.322401   301.135240   433.947860   447.599405   442.388003   396.066807   355.817126   1050.880391   3694.758048   
56.500000   490.624983   882.061929   411.936314   610.226237   450.220293   423.072616   1160.902403   928.487928   2313.468113   1860.236424   450.094172   374.509887   431.163291   341.591468   620.577056   572.325935   835.011705   528.673718   497.099182   788.490351   2197.718972   373.848904   473.329326   540.203717   655.427329   416.363203   314.945002   429.451734   445.523944   434.481780   400.719115   368.863054   1055.555724   3686.845152   
56.600000   486.877553   980.668230   437.576373   624.811483   479.800184   430.887083   1168.371533   943.068802   2326.638643   1848.983140   423.649563   372.522590   422.033921   322.876306   625.031322   583.244617   1012.439507   560.588846   510.237326   786.946058   2184.338108   377.746031   470.279397   544.789428   659.733817   434.354212   311.941741   433.144355   461.250165   463.945260   408.533145   377.051959   1056.224288   3680.721578   
56.700000   468.058837   871.724431   453.764806   582.800922   504.088929   429.799370   1134.224831   917.970771   2284.158028   1865.202796   445.722218   320.788033   470.321392   330.932596   625.039260   607.323140   708.505706   527.783008   537.816917   784.177162   2183.033368   390.218905   483.527463   553.550163   674.102466   452.542351   280.039213   419.571559   456.793674   471.496133   424.512656   406.825291   1052.336351   3685.798928   
56.800000   520.153556   859.804456   439.907827   592.175730   488.725736   414.757114   1120.237881   922.004898   2304.618043   1899.884642   459.109916   338.276227   421.513248   333.744922   610.841583   574.467007   976.942206   537.043476   504.483901   786.678168   2184.803553   377.946666   476.814663   553.589862   672.176756   421.827992   317.889127   440.596414   457.210795   459.351879   395.674606   376.721143   1043.695696   3663.161048   
56.900000   508.554849   1066.755763   416.687010   628.413029   493.319800   402.218189   1124.649600   934.151611   2320.186434   1878.254314   444.299295   390.539090   424.898622   320.521734   613.753182   570.042091   1012.677073   521.726005   496.216384   779.088386   2179.552123   377.824251   460.393863   540.440852   684.421717   435.324890   297.710061   417.557703   435.763687   464.980928   417.112813   401.753349   1048.755742   3677.185727   
57.000000   595.096089   824.785436   439.504411   568.281392   515.144664   410.334402   1157.010644   954.399932   2354.063489   1875.899009   503.388361   336.187623   448.876973   347.715141   659.393035   585.548780   869.592982   538.153797   556.214252   808.008460   2226.475332   388.373172   476.544479   559.740719   698.576729   450.211368   274.720255   410.755024   451.320649   480.640241   419.420419   438.286511   1089.401735   3677.278281   
57.100000   518.425908   624.978512   436.436583   522.538362   514.210195   418.622637   1111.541934   941.060236   2368.007045   1885.671516   535.547591   305.238843   430.576547   324.126769   630.001529   585.225092   703.409552   516.683454   537.322704   805.531482   2206.143628   380.777138   479.013813   560.707883   686.521857   444.931162   267.764058   417.875362   451.539833   483.557837   423.598058   423.646755   1047.535336   3684.693770   
57.200000   539.621346   945.172237   445.446971   561.880765   485.253403   410.977344   1128.738923   954.319690   2338.915400   1887.810419   535.840984   413.128631   448.211935   343.885624   652.643081   568.315963   872.907053   544.795909   543.675389   793.511689   2251.970262   377.134411   464.142124   558.145504   669.107162   472.464356   312.227504   424.551491   457.736640   468.728651   407.737475   458.655770   1068.572030   3687.158581   
57.300000   622.491310   758.411812   442.369288   539.640001   472.286329   410.220766   1156.615323   944.067334   2360.064396   1885.612568   474.423265   319.453990   505.843037   348.771593   644.447187   583.552697   947.054817   521.794368   509.026389   788.426089   2237.197046   371.752924   474.068541   542.020391   692.331059   434.499195   290.550657   399.432365   429.499588   451.683427   429.116593   408.981636   1086.323524   3665.432552   
57.400000   550.697079   1122.835700   446.974834   654.092125   485.837587   431.145539   1138.609000   951.258777   2357.438680   1980.950388   460.979700   395.418468   444.919896   383.670181   652.454190   601.973236   1135.552106   540.963724   534.427080   824.142689   2290.802869   391.230307   501.173660   558.206917   698.739515   445.049478   310.024643   426.869099   445.583333   453.325657   410.319219   431.887517   1131.508599   3658.884617   
57.500000   513.259896   1276.611469   404.102365   691.642258   478.815182   457.095241   1203.697587   941.113295   2305.621875   1920.579012   456.782913   406.515217   404.527146   332.162707   648.145233   586.952887   1179.734397   542.673250   492.719336   810.124258   2209.802133   373.975681   507.362725   574.593075   697.686076   442.630588   336.498742   442.683434   456.338047   449.572147   388.911713   421.414591   1063.640349   3652.577815   
57.600000   540.600578   967.117756   455.083823   613.015538   556.535826   465.917209   1149.439646   923.820926   2330.576291   1910.396841   495.787084   418.097814   463.434604   329.175658   676.108273   601.416928   988.124535   533.414250   562.690931   858.055387   2233.150022   372.606853   535.767903   609.555039   814.943838   456.976870   315.450654   439.259862   467.432056   510.280692   395.189047   403.313649   1143.248185   3653.233670   
57.700000   658.173848   1166.920311   521.957620   704.166530   531.713000   489.918690   1223.040159   949.458138   2377.780299   1947.580152   541.049368   406.111956   536.958466   430.697492   625.756836   609.320596   1153.581607   569.444571   587.806100   821.543479   2170.258423   400.226579   524.815288   584.505006   726.985002   478.532886   330.427206   477.493032   486.774797   501.548870   444.752705   462.199153   1111.379583   3665.228884   
57.800000   691.121636   1206.482719   556.614101   691.028758   519.388190   466.424939   1213.613957   910.932305   2393.859454   1907.270598   518.989348   492.238868   478.905317   457.374142   612.054083   581.274715   1326.469052   590.955125   559.920054   804.485614   2200.652171   382.016917   508.827248   581.385618   724.152826   463.142546   387.013306   487.664506   510.895809   534.382400   444.548347   438.830945   1058.761099   3648.610765   
57.900000   752.006622   1384.068599   481.240629   810.584184   479.432847   449.754765   1234.043844   921.912749   2502.512882   1936.604350   532.825059   456.204175   437.450955   406.882746   728.627284   614.213902   1542.848189   600.258138   506.943844   804.907375   2325.886630   376.621836   485.866797   550.318178   679.052843   471.259338   338.153429   494.613938   463.295783   451.102544   404.267449   414.802306   1069.086991   3682.009508   
58.000000   723.398437   1299.014825   503.387199   755.798200   501.027859   455.459315   1192.111378   913.203601   2411.225710   1884.652618   584.417027   467.735879   425.789584   425.507160   694.982706   588.399459   1584.879788   586.206448   548.589466   800.611400   2227.495652   385.976179   485.783945   565.305580   698.523819   444.115103   339.725476   476.822622   481.415585   537.160592   458.621414   493.414162   1031.967184   3669.701664   
58.100000   670.902418   1144.611258   479.279325   710.343301   505.068698   431.826980   1169.146442   931.205003   2382.458449   1908.344517   497.276538   466.279268   533.996954   463.767371   768.472627   604.517256   1097.982594   611.342528   584.170764   798.644129   2198.517810   402.750585   480.378451   543.045686   731.260946   504.104731   340.237248   451.320541   480.170767   519.548735   464.222236   546.990355   1051.170120   3690.935402   
58.200000   707.718158   1413.115174   533.505852   878.459619   533.029011   485.498820   1168.879677   942.156697   2468.619326   1989.350644   580.786010   604.877892   557.666217   518.307608   700.108756   587.165185   1289.928256   653.130034   567.594838   818.393435   2249.228626   428.855448   480.366859   568.351677   740.170591   502.672473   418.206543   504.216832   533.234714   560.058467   459.627463   464.514668   1087.672999   3674.207636   
58.300000   791.188100   1356.619568   501.137740   783.175855   492.195035   542.781225   1157.168772   972.972124   2374.635854   2000.010015   554.738108   545.724501   486.683665   457.485788   659.047042   597.217314   1351.722704   664.016860   575.376979   826.315839   2187.956250   457.557843   531.252241   588.471064   694.309173   485.342784   403.155397   544.256412   535.528973   514.971504   451.737064   470.668174   1071.300149   3601.224278   
58.400000   535.315061   1245.777167   496.574379   731.556870   523.699771   543.504561   1191.241307   990.272895   2557.237205   2029.272491   518.786120   418.565961   570.505728   394.910105   699.167584   645.228636   1136.333292   596.021884   577.258257   823.180841   2297.011843   448.646696   559.597458   595.113303   667.793104   507.326325   396.340084   536.178371   534.753862   508.836908   480.338199   460.882355   1075.154337   3627.198540   
58.500000   768.906649   1354.618540   505.736689   668.005164   509.368941   450.743641   1271.870752   939.659901   2508.644275   2079.299911   627.579148   517.820456   623.886184   433.230194   715.565303   609.385682   1317.973214   570.367962   565.523033   835.929542   2317.041159   418.590037   491.169911   572.585918   670.078367   481.333519   332.108716   459.489528   465.888693   508.763665   537.052196   484.130233   1132.429620   3661.793491   
58.600000   880.355780   1944.092982   628.919347   967.523354   630.048354   529.935397   1199.760212   980.891087   2458.379255   1917.115109   759.506667   709.496719   523.390383   436.780102   682.146729   634.944738   1744.884649   741.438116   650.241118   826.561916   2246.487113   407.065195   495.957499   647.410421   786.643840   478.216040   444.556297   580.957942   633.986090   628.777444   474.904175   515.386103   1096.480586   3648.945544   
58.700000   631.974933   1443.219641   520.815580   711.442440   535.230353   475.485633   1198.014637   999.792529   2377.912038   1948.410523   643.689243   531.615405   471.316686   376.542165   677.013064   592.983332   1118.140239   611.232383   636.243853   790.763909   2241.780329   415.134252   488.812302   578.249818   703.079990   480.108349   382.590632   505.487316   530.324085   537.193959   479.777170   444.228687   1097.966433   3653.182980   
58.800000   614.429019   1694.434237   467.356651   946.341680   505.545602   620.685534   1309.251885   1047.311815   2411.689945   2073.167203   520.052518   645.886424   522.037425   487.737740   668.568279   643.202959   1544.543735   759.594039   541.419103   866.871904   2283.115160   442.904870   550.836254   634.324413   713.409950   542.904462   490.021893   670.352321   619.512229   514.524691   460.019512   451.058884   1163.379362   3712.747048   
58.900000   716.982959   2102.023368   514.527545   1008.116615   524.696844   551.494878   1428.277749   985.681311   2535.752380   1912.582199   481.731560   717.794328   572.486080   451.098878   727.351531   572.344602   1861.365324   726.344841   603.640123   825.360656   2176.769446   421.984037   500.579169   598.881620   709.476996   514.960212   516.580226   607.930543   595.038658   526.211088   445.159995   394.195737   1057.574326   3674.137264   
59.000000   739.260817   1232.263979   594.417555   745.684760   620.228573   555.204061   1279.321003   971.438495   2689.729482   1965.943708   642.702088   547.340325   532.832967   482.530097   708.056248   593.748371   1305.163211   657.244875   710.565812   822.594922   2196.089138   439.143092   537.464251   594.400806   764.588827   446.219131   445.879231   555.866553   563.897156   598.630010   436.376115   472.338394   1143.953869   3653.958384   
59.100000   943.498580   1957.622864   645.930805   991.962471   622.470805   632.303293   1210.017285   1005.783392   2546.607588   1918.425285   639.802314   568.976165   549.511837   401.647823   811.078400   603.526558   2021.083119   781.557493   654.333776   909.996160   2194.773582   406.763856   608.614426   668.348684   791.574573   462.597528   429.904057   643.769549   640.419387   668.644781   514.153483   512.676877   1170.930759   3638.560482   
59.200000   865.710454   1532.222710   687.523000   844.187230   629.807729   570.426852   1264.099384   1001.187934   2681.608592   1891.279778   654.910788   539.679307   669.176077   451.573911   729.429984   597.634971   1409.507138   652.872650   677.487833   826.145412   2239.823066   441.444876   554.239869   616.816961   781.186662   570.892974   378.396903   593.041357   551.678657   646.618298   626.455292   569.043034   1059.094909   3665.945953   
59.300000   963.076321   1301.898278   527.787025   703.536933   543.686660   490.179667   1341.748408   976.794509   2413.129461   1859.961603   736.261362   517.360126   612.157524   524.437658   767.355646   596.781337   1278.225374   599.127195   552.707851   888.623436   2251.254189   428.643516   549.550659   641.409595   798.806871   505.744135   347.648833   489.834314   556.357987   521.602950   544.340604   488.975964   1164.361369   3686.414573   
59.400000   934.635316   1947.238586   601.252874   872.409994   594.145203   525.870418   1274.450269   1088.287101   2405.996872   1998.539399   640.983494   754.958447   710.229344   500.602483   720.481330   583.538317   1933.021259   723.434918   635.148935   829.652521   2343.521314   429.900023   556.008648   618.536991   831.256218   596.745107   454.485118   545.256081   554.893901   555.913801   660.081547   526.071449   1110.017111   3648.864758   
59.500000   965.291648   2358.424203   697.578608   954.292477   677.844391   496.769578   1217.244474   1091.648141   2425.149148   2021.171884   674.336158   777.861431   615.907965   482.526761   783.887537   635.846868   2411.639678   658.460566   734.345700   874.876551   2296.267022   473.910749   518.615695   615.102482   869.224228   597.060930   468.118264   486.340530   536.123901   694.807414   577.264081   682.466612   1175.904296   3660.009073   
59.600000   953.947923   2420.294140   709.807498   1047.376682   723.283556   492.053093   1369.295015   988.530672   2324.587411   1952.329834   739.996879   834.847972   739.810072   444.174915   748.433493   595.439837   2212.757789   729.268076   753.896622   853.988011   2305.315540   448.559274   534.011649   569.852436   915.186971   617.913584   589.949502   544.932182   552.555914   698.956501   643.431586   621.137008   1196.586921   3630.413609   
59.700000   664.747056   2525.008894   612.122793   1016.371855   585.515919   523.443941   1209.667424   949.992504   2451.530765   1860.251206   683.077204   835.261462   631.213571   488.848671   726.253667   613.224611   2367.638792   657.001989   623.623964   868.938375   2348.838797   491.172761   586.734438   622.177588   777.194441   628.331582   488.026434   542.977314   504.573654   584.067605   566.713300   533.381069   1152.859670   3604.503486   
59.800000   770.479097   2238.734488   598.984680   943.602895   520.278387   539.868716   1583.135848   1043.642305   2424.913581   1935.986509   566.425877   727.402830   664.763532   468.554175   933.525731   660.236774   2156.124597   708.949619   611.672602   890.743000   2212.680309   494.114279   618.421252   661.095760   702.442559   631.731939   440.768054   528.783489   568.377360   575.301009   584.112828   532.021870   1190.027213   3649.698542   
59.900000   1262.253332   1969.973209   723.823045   959.832790   630.704395   575.792664   1335.176724   1003.090846   2490.071150   2033.906777   827.824299   816.297532   553.565398   458.591353   740.403148   662.720715   2355.617150   748.174006   763.736757   866.008358   2382.816413   485.478146   629.989152   634.291920   748.189716   590.295947   427.210862   538.782031   617.921087   669.266018   595.506717   529.899474   1292.855088   3665.986969   
60.000000   884.955847   2075.639911   625.718457   1035.824815   619.983595   678.081042   1364.069510   961.774981   2427.950901   1987.480977   595.793570   680.896080   621.841798   604.028009   809.646424   636.808308   2012.044771   850.746603   705.306312   896.023026   2335.590321   453.329682   640.482003   760.594512   771.340668   469.531100   550.832864   642.283158   708.524156   639.395811   533.892972   558.718552   1545.575513   3663.933402   
60.100000   1241.124416   2728.988449   794.361156   1264.426615   901.322292   600.570953   1448.830657   991.469918   2480.826953   2112.261489   867.799790   782.296954   925.323262   634.987020   790.730356   653.408863   2639.698725   955.097300   882.923664   1026.144826   2655.356091   488.202812   634.285084   813.995667   998.586697   638.889631   570.830119   628.389778   754.268746   749.799128   697.900712   611.312519   1374.294732   3811.891083   
60.200000   1113.816807   2373.440450   816.790759   1129.167396   853.139658   680.201679   1268.027510   1067.175363   2399.483720   2084.336356   832.335454   660.399586   771.070006   569.898101   691.904696   820.880279   2177.499348   825.076552   847.105798   942.571867   2299.524191   473.373897   625.025367   710.381919   916.883653   562.421456   507.938786   656.656525   656.170743   701.793700   657.088255   666.744478   1150.207543   3684.588487   
60.300000   1238.899817   2764.891076   783.027079   1179.863341   773.977665   660.569629   1264.412091   1145.028987   2495.744842   2281.453247   787.058657   833.401896   920.925383   498.662934   696.464844   730.230581   2293.965843   847.246788   790.088092   924.902106   2386.875557   478.333701   681.688756   710.882681   1006.905175   663.012376   466.812443   652.004394   639.012823   722.441256   730.730691   757.124690   1297.557245   3654.081760   
60.400000   1065.444763   3060.877052   646.602575   1237.412759   651.431598   622.240259   1536.235438   1179.480954   2945.952198   2203.714326   671.532004   948.304952   785.849851   528.955738   758.904603   748.760543   2913.353597   788.627820   694.916277   918.414381   2364.037792   457.734230   604.428543   651.254668   794.134766   521.706941   547.562679   592.173287   554.185527   655.872117   572.607119   551.225305   1243.119386   3731.716481   
60.500000   888.163017   2458.086422   648.852270   1112.148333   737.214701   616.632154   2103.197979   1151.192508   2704.494959   2180.698816   779.280961   661.893442   954.078011   509.452611   876.157484   748.809359   2637.237479   726.678666   730.764391   922.579074   2286.202274   438.033837   713.653932   705.820613   892.314218   686.774184   361.748226   625.981933   558.864432   714.938376   683.638249   602.908304   1139.717638   3818.285255   
60.600000   1097.160243   2934.390606   893.563658   1379.534013   909.872369   830.734955   1484.551767   1078.134960   2706.729146   2448.786769   1043.775430   834.709127   759.838553   532.464527   994.724757   731.520232   2532.469430   1009.907370   914.467248   945.462413   2380.110493   450.179327   762.952733   814.634001   953.820382   593.520452   572.419920   875.608565   792.252338   848.284071   652.748549   765.225896   1233.483170   3763.088433   
60.700000   1127.404577   2671.561968   733.274098   1167.396966   627.244338   748.276262   1461.904615   1030.853202   2615.190452   2629.434105   997.464600   897.961006   875.388173   612.599388   815.019413   749.704625   2015.140750   925.893028   709.889442   966.976405   2542.400912   515.844236   706.623559   819.267348   803.895782   632.091672   526.848126   690.631012   770.020187   664.155944   705.408469   745.753901   1246.349260   3712.811849   
60.800000   1223.938943   2003.101904   814.311022   1023.565315   665.193803   556.442227   1548.045959   1052.750373   2684.600283   2456.574800   814.069935   717.454642   1114.907737   566.280809   929.251006   792.498528   2126.381149   768.785606   793.109054   869.485057   2356.146993   489.133488   583.753466   672.892122   855.900335   757.520965   472.720879   547.010978   595.580899   739.501326   759.878378   592.639604   1122.065687   3832.961406   
60.900000   1696.148476   2741.577171   929.031754   1116.148549   701.890913   614.649665   1804.882769   988.614563   2776.947286   2660.192216   1115.255671   979.876680   791.103882   658.696737   1025.470678   656.314459   2612.489508   843.463831   887.669336   877.306805   2345.017242   565.078121   673.496902   662.861389   911.436362   684.210716   639.601148   585.675864   631.530309   921.119851   781.768951   759.817314   1248.404248   3711.673149   
61.000000   1121.089967   2739.210309   720.339648   1083.926405   672.811503   549.154025   2082.174129   1133.365105   2733.150585   2331.551221   967.020809   830.582969   681.265070   605.162773   945.980610   763.944093   2068.125538   669.048162   721.717666   888.215177   2787.028840   477.805537   664.819428   651.692013   781.616351   592.828318   538.348027   558.232683   544.911668   780.509382   629.104634   538.013753   1124.575507   3795.677296   
61.100000   1529.227298   2930.632342   959.261701   1295.497839   740.293740   632.062131   1476.920554   1083.797812   3524.985406   1927.558765   963.468754   967.182916   987.783993   526.338199   1183.979505   834.736172   3294.025141   877.252688   828.211631   873.194289   2596.631688   580.036941   700.054693   680.795931   978.126840   927.034110   558.703800   605.262508   612.781994   824.148429   928.022762   922.419251   1137.383314   3759.610804   
61.200000   1220.314061   3770.909437   981.149048   1643.130464   932.185791   703.537663   1772.676734   1147.657428   3176.163421   2027.465626   1058.610884   1556.504133   970.352347   734.977020   1166.812395   881.661487   3465.230174   1014.234650   972.099296   894.783084   2689.729337   544.509321   666.296726   646.296050   1062.577333   765.787806   902.099355   816.430368   738.864409   1060.421280   835.215906   811.844771   1178.338009   3937.123060   
61.300000   1126.330895   2810.115765   997.838143   1325.630972   915.267932   697.401494   1838.572339   1069.193867   3071.763473   2333.161377   846.419027   975.832422   843.578099   584.562034   1350.881723   827.968963   2928.978798   1054.630758   1049.451714   973.185354   2390.200997   473.740675   725.740480   714.667293   1035.569877   705.832065   627.191425   734.903503   780.057627   1005.507784   787.664852   992.283165   1241.186428   3618.595358   
61.400000   1342.888847   2897.969619   990.542177   1359.002894   1018.079555   673.914472   1519.580667   1078.675463   2677.446457   2580.653278   935.446881   990.870948   1092.926971   616.877758   1079.772185   906.941099   3063.232154   1022.636066   1015.249351   832.808874   2522.023700   738.647872   637.051878   672.663738   1254.452193   860.811811   632.517097   792.773517   807.500185   971.161549   870.116718   878.548109   1168.368033   3796.591269   
61.500000   1128.296469   3648.961104   839.120823   1738.873895   898.111230   963.037189   1540.658891   1074.106412   3113.664519   2238.260335   1017.791005   1099.726325   837.992705   662.267023   1399.930313   907.082312   2920.886213   1134.677695   959.955508   1052.251328   2714.795723   720.886209   856.056003   909.031107   1097.469614   717.134255   964.231403   937.558058   926.005856   872.482111   735.146490   918.964842   1340.225289   3727.382895   
61.600000   1008.039713   4461.430055   929.660589   1897.172698   871.722361   932.780380   1826.054324   1401.719678   2814.191254   2811.303797   813.579556   1117.012559   724.988162   642.643477   959.785107   1073.681304   3537.977379   1063.695090   1024.596090   968.569788   2919.615182   638.498293   981.820380   849.092213   1041.646358   742.679855   758.442015   889.624027   827.191304   984.612121   882.186145   878.337340   1304.976347   3781.427699   
61.700000   1222.839792   2988.980092   848.707696   1337.777411   864.964209   982.717717   1717.111506   1499.504483   2537.162153   2497.184269   847.764447   1017.015332   864.402133   532.433985   1148.899018   979.353637   2773.528304   996.119332   935.757031   1187.649206   2439.718144   570.663903   1189.570902   1003.937607   983.123415   768.804997   627.627660   849.426913   891.851589   845.382932   659.538857   845.479718   1639.114603   3776.761590   
61.800000   1498.866152   4153.871214   950.067520   1824.506105   981.593808   1066.521121   1788.555444   1541.034521   3251.444760   2646.449666   1248.247780   1503.059933   757.665605   896.508261   1105.902666   1143.291091   3227.006560   1221.018189   1012.421413   1242.115979   2611.926165   672.373404   1258.112971   986.284372   1149.633656   972.025460   916.536670   1084.689865   1004.780326   952.937825   758.819957   989.204460   1583.821738   3850.200503   
61.900000   1776.824138   3622.063583   1040.196420   1610.163208   896.703879   940.755401   1468.203509   1535.142935   3223.408527   2931.932516   942.262455   1238.188831   756.751469   728.305681   1162.861256   1035.869827   2950.160838   1164.727674   948.370311   1274.200118   2726.641943   609.674894   1170.602668   971.998081   1023.091073   721.180275   894.156251   930.155349   948.431818   873.555200   733.568650   842.149432   1784.833740   3938.383456   
62.000000   1281.242762   4944.325800   862.421103   2012.808296   917.658512   882.148082   1823.326259   1549.611703   3294.765009   2560.157881   1004.587432   1632.450171   805.622680   580.333442   1507.704043   1054.849343   4826.662013   1135.273912   1003.586424   1103.121428   2837.106940   688.100303   1045.639380   827.451865   1158.047804   625.444419   845.146413   864.711079   858.954320   815.941913   767.489414   715.114395   1724.761732   3999.411484   
62.100000   1756.104194   3829.056538   857.722075   1611.841185   932.095534   883.883653   1589.651539   1574.237086   3785.457053   2727.104441   989.535460   1340.274187   641.294312   697.079965   1089.354232   886.411354   4448.750680   1109.731152   847.912947   1268.919510   3181.568159   599.524270   1129.673480   1022.412719   1323.660102   804.121803   766.987919   777.491433   838.320905   743.358334   658.375080   590.099577   1696.283083   4300.628832   
62.200000   1535.764071   3370.910981   1030.226637   1623.965966   949.909229   878.863300   1748.531015   1518.206418   3092.831081   2269.661650   988.975336   1388.616357   1288.521549   735.374537   1097.952742   929.093504   3595.114154   1041.131549   1100.155084   1060.379463   2749.165093   657.722847   972.526985   728.302328   1371.728691   855.125319   647.200302   826.961315   805.579412   880.172069   1019.698076   1008.037849   1575.063404   3765.410024   
62.300000   2115.375780   3365.220371   1195.553669   1679.853392   960.577794   898.339586   1441.400536   1336.137111   2970.905717   2586.945832   1028.081081   1539.720340   1187.923520   610.352982   1000.001559   1012.627049   4694.224595   1089.691798   1067.677239   1120.588419   2865.562593   895.254711   1057.596150   808.612323   1149.931999   824.140076   720.096837   834.663815   798.160659   872.114989   807.827218   793.784130   1529.457696   3946.701500   
62.400000   1866.823468   3476.522218   1154.096918   1426.282573   1220.666521   1058.110490   1850.566183   1520.945241   3323.009429   2807.090932   1177.624483   1285.286912   1111.740311   618.506746   1294.352544   1047.036277   3571.368940   1053.351493   1304.928666   1225.579241   2800.530526   647.432801   1309.744463   959.043115   1344.279958   996.961764   670.156074   917.135046   856.616784   1278.435470   915.924730   1302.765028   1681.852304   3705.404734   
62.500000   1325.023541   2807.145031   977.919362   1252.191423   996.485765   900.030435   2392.776583   1693.401547   2968.780040   2806.316849   1142.988400   964.716474   955.447533   613.730755   1138.792028   1128.993253   3448.872746   876.235247   1066.453395   1161.859395   2451.274128   517.860489   1109.870623   828.160750   1162.250694   757.242516   612.488435   734.964175   729.799171   974.575189   779.703880   1094.396744   1686.984451   3764.348684   
62.600000   1656.317937   3333.892606   962.570828   1720.079083   1018.737278   878.812019   2074.113698   1325.712147   2643.285907   2361.142743   1118.527687   1376.993019   1094.332565   824.833016   1200.365820   1057.282573   3099.580341   1337.383013   1052.440562   840.678501   2421.217092   874.612228   888.989066   766.917367   1319.963897   831.075559   984.100550   983.771608   1010.963828   1061.872616   992.447490   1146.841513   1601.343115   3944.725578   
62.700000   2545.545679   4097.602108   1532.347832   2212.097390   1216.875682   1117.024157   2323.707943   1205.865117   2930.695168   3013.027714   1649.419718   1294.737304   1076.349474   724.968807   971.416502   1095.629717   5310.289803   1614.816423   1452.385898   1083.650133   2739.982631   795.287533   1078.341992   991.707602   1355.440506   784.257268   981.069879   1311.046278   1246.404414   1375.138642   988.021079   1045.924687   1261.532045   4066.605659   
62.800000   2098.610816   2839.548770   1148.972876   1354.472315   899.175312   933.878338   1796.628493   1435.775713   2888.898392   2734.657587   1653.016886   1082.921310   1376.559778   743.313467   1134.819423   1131.506941   3025.757345   1111.795468   899.568136   1095.553527   2576.420393   591.662146   996.073870   910.384792   956.964563   814.363114   709.553994   894.562075   866.600239   923.548901   783.698054   905.294138   1574.660496   3888.930498   
62.900000   1651.945803   3553.361802   970.837507   1428.613462   998.760990   1025.069997   1948.363762   1409.814135   3041.550224   2146.491513   1389.053242   1106.920510   1019.849976   833.871508   1225.630878   1114.390465   3162.277468   1000.087455   1037.183212   1256.709075   2764.980965   778.558229   1118.944572   1072.862696   978.943110   783.339638   798.646742   952.785249   904.845389   831.280572   844.238166   807.531106   1753.902375   4005.238791   
63.000000   2002.124961   3265.081535   1508.404378   1730.084864   1439.386018   1288.160700   1955.999458   1222.787002   3200.416823   2545.145558   1161.123805   1094.521597   1211.520964   703.359023   1322.219655   1055.239874   3069.181516   1428.718174   1509.833625   1304.939768   3222.572972   580.566875   1291.302443   1304.915379   1200.911009   704.431760   952.349452   1278.943780   1231.169588   1281.475474   992.365474   1196.510396   1564.276551   3845.511441   
63.100000   2046.050582   3407.006590   1405.142417   1614.625542   1433.443691   909.608497   1862.734654   1370.915129   3527.782235   2728.239232   1783.340798   1045.927766   886.737109   696.023165   848.426505   1204.172746   4595.983628   1228.456044   1554.501181   1048.218139   3623.738235   606.578809   987.898505   817.579630   1336.265875   816.394000   669.617354   923.572558   917.547315   1373.729123   872.014758   1042.086366   1595.627380   4074.050213   
63.200000   1602.977421   3235.120494   1150.048054   1386.365845   1027.672021   725.632368   2022.112649   1536.564257   2932.249479   2490.203422   1355.738723   1034.523206   963.860056   892.801949   1192.165165   1189.922704   3670.530395   1090.737649   1099.972681   1073.248190   3061.215401   597.625246   927.568656   908.301942   1117.451107   881.296186   654.290944   782.176766   876.765814   1036.761076   875.843672   982.670106   1522.068165   4198.568435   
63.300000   2308.126890   5253.475542   1249.915033   2092.594200   1353.939683   959.485210   2238.812569   1314.091397   2869.346792   2166.606827   1456.135736   1366.541700   848.488669   1079.599376   1362.200779   1033.101871   4948.985237   1297.873808   1385.903302   1246.968337   3576.227739   685.722364   1118.614881   1098.747131   1678.565428   908.101821   873.428485   1060.524085   1000.449621   1192.435946   750.999192   949.885452   1574.305990   3834.334565   
63.400000   2233.854728   5783.751594   1334.300684   2281.131892   1312.412775   863.039580   2322.993195   1775.711950   2999.769575   2460.628571   1510.812500   1754.751029   1233.480947   793.715544   1651.543978   1266.293663   4902.125493   1292.025627   1187.762570   1269.175833   2994.989135   644.868144   1032.944134   1037.220897   1493.167908   974.921740   1033.908517   939.977923   983.317234   1358.514805   1035.174500   1227.053806   1745.327883   3832.817048   
63.500000   1936.567160   4589.844459   911.201200   1663.815209   964.686444   861.882853   2274.025996   1686.703629   2905.629005   2530.269988   1333.133504   1708.817357   1021.557264   938.433769   1712.438121   1089.691924   4446.295426   1038.144332   972.810870   1373.391666   3359.079391   788.683489   923.421240   1073.311596   1138.176407   957.772809   841.071127   923.212885   884.368741   900.897549   926.599947   934.234767   1707.743826   3977.317575   
63.600000   1670.861176   4156.982838   859.376753   1868.462112   894.714807   886.879218   1874.122825   1456.396219   3111.125554   2311.234214   1036.907127   1528.350546   930.776462   740.678420   1945.771325   1033.142366   3708.239217   1157.499376   1052.731210   1199.561042   2566.919976   698.370270   953.742633   1038.622233   1095.700502   717.253565   812.136079   885.272419   962.147655   944.467767   748.804417   782.996045   1630.917668   3985.989842   
63.700000   1818.228444   4549.320010   1152.180389   2514.393659   970.060739   1138.772244   1786.845677   1441.208536   2709.568100   2888.219432   1045.220540   1632.771418   851.873389   864.072691   2216.735601   1085.938310   4840.170324   1716.576044   1127.970567   1055.130220   2673.886785   700.195958   901.948589   1018.685599   1068.022833   778.510257   1020.714959   1347.964686   1335.427726   1112.385794   878.891447   1013.410736   1353.244079   4079.778940   
63.800000   2236.759602   4534.778277   1226.340964   2074.714253   1237.103671   1048.561005   1855.023116   1685.870532   2559.274350   2899.402194   1714.676554   1818.505537   1429.628037   1074.521995   1755.560580   1236.635350   3702.966219   1103.858550   1459.027672   1464.313462   2602.069307   855.496172   931.054196   1182.578639   1632.002237   1064.061498   930.353929   979.344824   936.472200   1359.813376   1184.226342   1409.938616   1629.062097   3928.280024   
63.900000   2112.022764   4198.317579   1154.213198   2039.298038   1053.021575   1132.627372   2425.953409   1709.626582   3146.929168   2832.488870   1139.750795   1409.770972   1254.845903   1219.146934   1698.282809   1172.094949   4574.295496   1465.770059   1134.847805   1361.614787   3350.552765   838.867340   1020.673803   1110.798895   1530.863744   885.014697   836.378497   1184.413822   1155.719418   1124.530642   942.418067   1108.020539   1781.727111   3889.182065   
64.000000   2433.128023   4730.756256   1511.241937   2027.947018   1446.299740   1365.546917   1901.200517   1550.079840   3103.389533   2588.021992   1346.998950   1582.846911   1356.008216   743.125250   1256.230540   1107.915086   5502.952595   1657.149668   1733.365450   1574.843996   2854.796662   656.181983   1425.591078   1430.634073   1590.355774   1254.297229   918.003912   1131.490328   1338.834298   1650.050804   1204.096023   1183.239175   1733.309075   3947.394941   
64.100000   2136.026886   4688.318577   1251.212985   1882.936805   1121.823174   1015.830707   2538.778795   1489.007194   3540.779912   2536.797386   1054.032053   1690.313096   1488.605969   1036.932107   1351.924969   1035.247003   5183.536638   1195.292016   1249.937810   1238.949140   3904.659527   770.971091   1092.860741   980.347672   1263.069033   1097.305957   939.992804   901.774734   938.117935   1334.287260   1203.778099   1092.599983   1569.877539   3989.943972   
64.200000   2326.636203   4369.356384   1499.146750   1898.116356   1120.625596   1110.240394   2320.846174   1439.707335   3943.172835   3014.138938   1554.804091   1701.043661   1681.739534   901.263439   1437.467617   1070.081128   3958.456705   1435.583472   1214.809157   1187.413371   3526.657196   772.404786   904.628727   1069.915455   1088.530808   920.554802   1193.632018   1199.630488   1216.577135   1147.199320   1120.688879   1059.445987   1687.840975   4221.400797   
64.300000   1892.570125   6554.606650   1291.874425   2791.186186   1150.883682   1025.939905   3123.938036   1543.443689   3566.225204   3354.660119   1270.641287   2280.020386   1347.885104   1278.475032   1585.722731   946.258403   5525.863219   1759.149782   1131.549478   1311.272568   3031.395032   653.678003   884.858481   1005.567771   1006.070619   983.850455   1348.573438   1240.706449   1236.687682   1099.339545   843.096640   767.902292   1845.923683   4500.882835   
64.400000   2707.495346   5551.494752   1678.193441   2416.859807   1219.086937   1050.339586   2618.706329   1560.432718   4209.532810   3278.270737   1850.640560   1697.946573   1680.496402   1084.082741   2063.689171   714.453716   4452.589262   1494.258605   1443.004305   1351.985911   3053.728521   795.089291   977.937075   946.941554   1320.147950   1008.922001   1249.481843   1195.317210   1034.704480   1321.520280   1263.907177   1053.370481   1794.903569   3641.509441   
64.500000   1776.530988   4701.664818   1164.403686   2057.076366   1021.610601   1194.407623   1876.834524   1637.225467   4049.440031   3205.997156   1255.707098   1592.181766   1396.745969   1120.918016   1588.579651   837.547186   4010.883844   1385.957505   1248.639631   1254.256114   2572.910727   733.389999   1163.626026   1035.598495   1389.420531   1012.637321   1125.168032   1245.284160   1142.789983   1147.264502   1075.879162   925.259160   1577.115498   3867.010734   
64.600000   1527.626035   5522.068338   1128.801362   2228.004516   1199.147328   866.016832   1912.609896   1597.023873   4097.470030   3182.384870   1507.826711   1851.401490   1275.258439   1575.165944   1587.155486   829.689549   4283.429918   1345.103080   1297.517552   1126.498609   2664.860755   805.722973   995.281464   1061.691417   1608.398699   1693.036469   1016.242228   996.205294   1070.034324   1353.462544   1485.399808   1282.952187   1651.364929   4251.335904   
64.700000   1939.697119   5165.838370   922.155146   1838.827167   1034.793166   857.113769   1734.711813   1755.549957   3566.231512   2967.290855   1179.738174   1575.214851   1204.285463   1230.970922   1290.436434   929.688115   5077.525254   1256.601875   1026.367468   1557.606585   2779.389290   543.032344   953.336719   1077.571031   1414.245338   836.386297   1022.181674   862.359023   938.284947   923.351570   984.744860   965.417554   2052.655982   3765.767666   
64.800000   3042.346978   8112.994182   1562.560539   3487.229852   1250.145588   1321.453045   2290.783644   1528.357112   4979.568716   2517.343887   1509.578138   1883.796190   1044.817364   1194.047487   1891.900046   790.866431   7628.631632   2247.284128   1283.297438   1307.069699   3303.658815   810.844755   1226.142406   1255.432323   1672.818456   1016.655434   1484.442020   1621.350011   1543.164168   1171.605683   1062.208656   1163.407253   1547.271017   3897.707185   
64.900000   1959.843125   6592.272494   1315.785070   3024.260554   1200.818346   1281.866826   1972.888093   1452.482990   4005.925523   2744.914746   1300.375538   1932.936852   1231.319662   913.347920   2065.551874   980.904610   5548.240337   2011.161748   1270.706244   1260.284376   3525.113587   612.459230   1136.806792   1167.024079   1591.800463   963.662807   1365.433835   1479.476993   1446.150374   1201.542714   1028.767738   781.242177   1394.578389   4191.533155   
65.000000   2278.920936   5602.628095   1502.879615   2517.105108   1319.547068   1293.194965   3079.040358   1739.061048   4509.743661   3353.398871   1449.505613   1795.712651   1606.854118   1189.740820   2018.692449   1374.151749   5039.549505   1790.496123   1274.569368   1115.040387   3906.689195   619.816754   1180.597420   1222.881169   1598.314274   1015.926394   1334.836932   1406.036305   1405.513934   1359.307177   1382.972143   896.292088   1378.709776   3998.804935   
65.100000   2412.797600   5199.523524   1255.571192   2366.858575   963.359969   1071.519425   2691.331088   1681.644153   3794.470987   2727.072845   1301.318563   1696.095146   1315.296634   872.154960   2357.358656   1093.884164   5722.651526   1699.144649   1013.403257   1211.237418   3341.496535   786.881718   806.586518   1102.096946   1209.750630   1012.680356   942.630399   1314.099066   1274.731643   976.175362   1211.536282   1010.900132   1588.071193   4745.596630   
65.200000   1866.192605   7057.349285   1348.505786   2890.313254   1571.332659   1099.491753   2653.084054   1848.810201   3943.168092   3256.884146   1361.967368   1904.420491   1544.728217   1021.124297   2169.770267   1179.486367   5674.433616   1678.316006   1659.220887   1342.277414   2706.834918   683.297341   835.987713   1249.231699   1719.724074   1189.856602   1008.812942   1388.660514   1371.532721   1426.698532   1302.146910   1143.864805   1602.098620   4212.071751   
65.300000   2188.211004   5646.586127   1278.541890   2213.222325   1061.485048   796.429658   2184.173763   2041.104420   3955.010603   3736.482464   1458.142826   1632.335036   1217.377189   847.766805   1800.456114   1208.440521   5444.333968   1299.913029   968.153572   1402.976439   2694.573249   657.753288   881.273913   1062.782973   1345.197710   950.053168   765.379107   952.552543   956.298375   1139.016018   1086.414309   982.910314   1759.268479   4000.198638   
65.400000   1867.976235   4801.467915   1362.789133   1808.274307   1459.602036   1131.874841   2478.594299   1703.345950   4008.301806   3356.047028   1413.366809   1314.337848   1814.090770   875.586814   1373.012460   1183.901025   4295.087613   1323.809231   1632.288359   1385.858506   2964.677436   532.980304   1334.817871   1238.553262   1474.051199   1002.990409   782.672237   983.940136   1124.345898   1220.665934   1172.703839   1109.635016   1853.586364   4220.664289   
65.500000   1902.037432   4243.711230   1022.860642   1789.667124   1065.884204   813.612528   3099.597440   1732.175829   3743.808796   3004.514765   1597.431024   1291.987381   1672.176147   1141.178961   1549.214080   1170.955533   4152.483680   1335.162268   1094.387631   1220.979810   2972.856384   606.410813   919.315081   959.829940   1343.853232   1042.350551   769.103959   966.137709   943.932832   1026.976040   1036.818473   1126.577427   1725.219417   4461.946701   
65.600000   2078.194682   3949.029955   1052.170331   1702.697881   893.496393   897.058104   2581.231800   1751.486296   5396.551796   3656.708523   1378.711273   1689.741676   1377.726535   868.470002   1698.046718   1425.889138   4111.720537   1235.627353   986.929135   1312.086669   4540.344865   784.811629   1097.446378   1063.151561   1273.544412   1104.676162   912.331604   915.864286   926.323464   1048.758721   1102.867071   1108.920852   1650.700980   4681.195934   
65.700000   1843.653328   6397.419036   934.912911   2838.422532   914.231629   1243.343103   2594.995326   1819.739428   4383.277342   2966.004220   1674.960980   1921.917290   1243.759654   1160.975995   2263.215441   1282.305638   5638.512110   1808.627462   976.340883   1325.535149   3324.059371   739.589831   1307.734399   1257.177956   1194.741474   865.052728   1332.355725   1419.446255   1373.846676   912.195925   1070.501260   1224.596089   1625.228328   4376.177870   
65.800000   1791.576524   6798.372768   1072.398534   2865.787476   1239.900796   969.381672   3483.540387   2448.596204   4616.544180   3288.770405   1298.007769   2296.561327   989.151919   957.425308   2176.101880   1176.234648   6395.137741   1772.346813   1426.054201   1214.649238   4156.322962   892.928585   1035.938042   1046.572196   1575.953734   1028.889852   1335.481741   1242.843497   1180.101930   1091.351777   949.559348   1283.309166   1737.320645   4368.106125   
65.900000   2150.633182   6589.904255   1274.637632   2820.619248   1247.043734   1321.637646   2447.908796   2020.725962   4957.480863   2661.339702   1417.974977   2243.942491   1164.429176   951.986916   1957.013175   886.122672   4872.334216   1760.647251   1170.279461   1217.697831   3677.185699   657.999222   1362.795469   1271.027854   1260.920499   971.447278   1297.897536   1474.401947   1406.264616   1152.333927   994.728172   1102.865180   1462.863281   4582.960694   
66.000000   2896.008478   6809.854002   1693.978850   3258.840562   1438.193943   1988.710867   2064.360011   1892.435200   3945.890484   2988.471340   2018.901769   2822.162405   1191.193998   1251.500591   2106.660400   841.580931   4617.509235   2599.138200   1914.792895   1586.062051   4366.669722   663.205520   1697.850722   1710.211758   1684.980283   1213.549412   1697.398169   2029.145491   2011.386401   1538.086145   1391.070878   1822.492241   1878.974435   4350.683034   
66.100000   2111.818627   5611.373008   1469.566137   2631.194468   1289.222021   1409.392399   2977.958168   1767.041814   4695.564427   3099.235475   1016.370577   1591.592905   1158.772556   798.444193   1954.315414   822.739728   5872.470242   1813.363628   1571.553928   1366.341850   3320.579927   550.615212   1369.402395   1210.798459   1351.302907   1094.079637   1130.138529   1320.271403   1332.307265   1408.001178   965.118412   1491.017945   1895.374241   4804.103449   
66.200000   1603.404886   5869.583971   1192.006798   2641.327262   897.234835   1450.414349   2135.910584   1593.979194   4983.885296   3090.304779   1284.877722   2168.027797   1500.388102   900.575460   2507.854793   1127.515386   5242.313023   1801.480151   1114.325460   1485.001978   3283.123639   820.303854   1255.465548   1249.939029   1473.386168   1106.736978   1123.626639   1559.415658   1454.362144   1325.724643   1355.898201   1465.604999   2202.857906   4229.395327   
66.300000   1642.843012   3613.842873   1126.956297   1639.221106   1488.945112   1037.252124   2014.998711   1454.076640   5014.397802   2805.438167   1485.279339   1354.785220   1813.714676   817.839328   1879.418108   1006.404747   3967.007836   1333.396149   1299.705596   1435.172801   3874.178600   741.874185   1174.933308   1144.805710   1789.083348   1229.373728   788.069844   1030.711632   1028.837282   1017.084573   1237.643672   1342.095522   2161.942087   5200.981100   
66.400000   2122.544780   5238.266662   1181.657997   2172.116230   1704.535297   889.644939   1885.107900   1303.538540   4143.019580   2926.242782   1588.000114   1878.098374   1364.630011   1114.298182   2210.866741   960.370676   5272.275676   1273.925805   1590.413533   1155.477611   3714.677696   715.773545   1017.716337   1066.299041   1878.877540   953.298311   1054.131220   1099.438159   1020.900512   1115.773059   817.123823   916.500649   1786.476809   3963.665907   
66.500000   2495.915641   5286.828984   1487.286616   2358.818994   1646.686733   1008.116345   3382.969645   1746.586711   5769.090051   4374.027211   1723.728048   1657.104078   1300.718904   937.353197   2593.727104   833.538276   5568.114178   1469.763527   1470.041463   1161.484389   4434.334821   862.118422   970.986584   912.082761   1932.670168   1251.390823   1096.627042   1093.181870   1070.016952   1413.777971   1156.948121   1029.430747   1561.520783   5028.071688   
66.600000   1864.370176   6203.902199   1369.514497   2343.743022   1403.756503   868.362468   2374.860023   1466.920492   4232.420460   3122.519177   1843.318519   2083.581789   1662.139032   951.127313   1717.614316   1073.934044   4903.360001   1263.001873   1224.466358   1241.689019   4412.189772   913.278872   849.213323   943.421054   1547.739867   1186.441942   1155.119793   1114.536483   952.218789   1289.064039   1423.767042   1368.589843   1454.846487   5267.202449   
66.700000   1824.690047   6554.200377   1153.338399   3005.110108   922.589279   988.747872   2661.970245   1516.083387   4581.750864   2611.407011   1823.528873   2148.069955   1150.094837   1093.787644   1928.358321   985.534033   6298.168530   1763.262971   1131.391237   1039.761560   3030.827850   836.941814   888.426646   847.258692   1282.730470   946.099226   1384.867002   1370.731323   1170.446946   1020.045093   819.897630   1125.301735   1717.611839   5256.283434   
66.800000   2067.507203   7966.449436   1012.307689   3249.116645   1162.384160   1064.700590   2721.791274   1780.866795   4826.569923   2715.066549   1566.849162   2487.663643   1449.416822   1170.459834   1980.508978   878.700620   6139.018259   1767.248002   1130.569228   1148.498874   5170.325032   802.644891   946.474065   881.633361   1543.023062   1081.052870   1515.762355   1523.475045   1256.591864   1124.246006   1338.487067   1270.468681   1776.760800   4873.446001   
66.900000   2252.310883   7556.774757   1273.902717   3095.122620   1226.779694   960.485952   3395.493067   1478.315970   5668.055314   3161.342534   1991.771301   2778.950531   1600.871268   1137.954624   1806.494129   847.400994   6437.768946   1902.389070   1323.174957   1164.865613   4357.129057   689.537318   833.021667   917.151521   1641.323322   1330.987743   1376.635919   1312.037271   1240.225351   1273.061971   1492.939195   1253.279477   1602.139413   4310.709954   
67.000000   1911.908909   5674.853418   1137.352288   2286.931551   1645.258340   838.904208   2789.076379   1585.857531   5913.283570   3908.866220   1735.015813   1782.857917   1248.178786   785.514943   2061.759525   772.860272   4680.115192   1291.538817   1286.423510   1384.372571   5403.059104   671.304554   841.265006   1248.037720   2487.347901   1301.709774   890.981052   997.514803   981.863101   1221.421498   1052.702995   1268.491267   1959.416840   5125.218101   
67.100000   2613.318536   7879.961297   1187.427635   3246.526105   1390.145898   1012.329616   2387.781800   1501.259208   6134.719638   3151.367541   2079.432957   1847.753386   1654.863196   846.477977   2052.727776   963.410255   7378.436007   1636.589782   1169.304401   1189.491778   3963.559729   643.149056   960.544862   1025.101769   1946.961095   1519.408667   1149.334093   1201.536895   1008.204097   1163.114566   1195.160940   1181.645835   1745.346780   5310.008790   
67.200000   1923.622170   7552.310308   1093.230782   3246.529186   1404.423604   1295.710213   3098.028918   1323.717358   5506.357018   3198.238348   1572.838964   1971.925505   2021.322904   1170.525769   2260.762433   975.982187   6701.423585   1989.007664   1128.989556   1526.834981   4498.024048   623.129775   988.725023   1248.540552   1991.881452   1136.247383   1510.004096   1534.697687   1449.182838   1088.626486   1064.221492   1030.567423   1925.732623   6594.592328   
67.300000   1709.836164   4966.334571   1240.530006   2208.057249   1177.969414   1012.286784   2906.248458   1383.247107   5500.830846   2474.876995   1548.114114   2026.362600   1501.460035   1304.756668   2757.574288   764.016956   3983.119167   1469.430186   1219.551014   1276.916749   3478.102556   791.066336   885.013762   1016.170002   1397.572507   1191.793227   1252.538507   1156.119961   1151.035644   1235.485857   1282.809150   1237.015234   1723.973505   5347.793577   
67.400000   2629.065534   5548.703699   1902.357289   2304.603666   1916.663913   969.747642   2542.368637   1571.698099   6524.945188   2545.765931   1556.517059   1801.168243   1443.390642   1120.898899   2239.328637   861.507433   5755.219597   1308.756683   1590.960609   1169.040986   4303.566031   801.066354   789.482618   896.448334   2355.695438   1673.016742   1065.325910   1114.544172   924.456877   1768.576957   1417.868409   1431.185126   1752.679497   5342.908468   
67.500000   1732.084005   7019.914321   1296.011261   2765.146026   1514.923183   1167.132839   2728.064841   1768.346757   5849.654031   3218.472065   1458.304700   2284.694395   1677.322089   809.637809   2118.948590   868.190513   5443.886999   1507.342202   1322.605143   1464.658866   3747.119811   732.848632   1172.303987   1189.426089   1906.906536   1228.206778   1243.808346   1283.483910   1146.419280   1270.553087   1289.301845   1416.618033   2058.722644   5399.478529   
67.600000   2566.859381   4410.183821   1491.836371   1746.378366   1261.685871   977.315883   2099.135713   1401.726381   6131.659740   3017.305169   1906.473839   1970.404758   1282.150161   918.262437   2385.788149   955.267718   4764.672256   1268.101512   1197.332916   1272.669729   3705.819932   705.972887   1041.908301   1013.289182   1595.592775   1180.657512   911.947252   945.818150   930.868498   1234.908276   1126.880523   963.083993   1627.500932   4976.069751   
67.700000   2100.878621   4876.263379   1380.557544   2176.432459   1643.368855   916.109900   2723.545280   1202.377090   4536.534283   2949.645088   1971.932524   1534.921500   1719.053232   1016.265956   1980.798810   1194.597591   4788.748589   1389.953396   1460.473852   1434.128668   3544.143608   631.339317   1057.794889   1191.923187   1998.468443   1173.234719   930.766822   969.254616   970.867116   1532.407054   1295.546925   1089.081673   1749.862724   4547.352427   
67.800000   2160.307218   6656.260966   1023.302476   2787.369194   1279.237857   961.410237   2514.083551   1780.352008   5433.974330   2768.735354   1453.078034   1805.749039   1299.402598   1111.047683   1969.927206   1168.749917   6108.150425   1613.516571   1102.290769   1731.982790   4168.112779   702.134252   1259.506809   1148.786862   2262.550978   1219.159634   1052.609654   1070.700882   1045.307775   1004.822320   1200.530617   1379.501230   2297.956070   5512.039415   
67.900000   2244.620394   5334.320786   1030.313754   2063.087627   1173.611826   1038.747204   3214.360173   1977.581008   5457.626652   3041.478851   1589.618079   2104.407392   1376.953314   796.996010   1607.196197   974.840038   5088.137266   1304.802185   1302.309310   1472.518511   3940.130414   616.005832   1125.915300   1023.801693   1577.779495   913.865693   920.954974   1019.001075   991.227948   1129.163517   1137.944264   1051.160948   2380.973408   5147.118481   
68.000000   2608.261108   6259.505561   1498.666173   2540.113483   1751.522585   1442.294993   2418.387308   1657.363195   5441.864421   2768.645404   1523.178954   1814.996673   1528.213169   1050.472561   2011.804658   1081.666583   5124.289162   1966.832634   1488.798068   1310.914799   3452.157751   781.090902   1268.784031   1148.329119   2094.827770   1185.125224   1117.670865   1575.894788   1424.993155   1176.544985   1114.083497   1115.419983   1566.414572   4968.474424   
68.100000   1927.067834   5194.590352   1303.317309   2469.676984   1273.670227   1296.200019   2297.223406   1848.287755   3826.438217   3629.087507   1617.388215   1573.600164   1166.359385   1080.367433   2060.892478   958.239560   5143.502634   1608.523857   1256.891128   1631.663620   2497.766736   794.774006   1355.305247   1204.359588   1693.921396   1255.553215   994.199385   1367.183624   1258.202531   1164.676995   1128.985319   1289.160575   1761.121623   4622.341987   
68.200000   2171.597043   5303.489640   1384.830882   2071.497647   1507.993085   1341.546807   2206.349264   2161.465523   3814.810885   3175.551859   1360.237300   1689.807957   1628.752971   1038.756067   2046.820935   1079.101545   5085.955720   1519.644162   1490.285246   1544.761856   3081.974556   643.149273   1487.188201   1310.167590   1592.254574   1100.543361   1024.102454   1150.482594   1239.450944   1215.344678   1411.599430   828.234700   1801.602666   5048.469631   
68.300000   2345.570445   5516.007527   1334.560221   2211.084384   1465.774487   1423.653886   2276.049783   2303.895308   3395.969641   3346.902505   1549.067734   1979.287271   1027.200654   937.206743   1705.230110   1017.157913   4820.057020   1409.927187   1583.510782   1823.588203   3300.233653   747.764158   1712.113616   1565.042159   1885.388343   1261.446738   1001.564676   1248.438706   1248.983595   1371.219314   1124.698148   1074.471352   2073.113148   4605.103311   
68.400000   3105.638143   6217.268062   1782.892109   2935.456897   1774.603010   1620.180503   2058.833787   2054.245357   3613.087889   3719.358991   1965.262253   2012.622084   1566.784684   1301.033297   1649.954378   995.646573   7063.299439   1867.859283   1771.111543   1530.497923   3220.828342   692.499429   1622.819837   1324.606936   2138.447093   1295.560851   1251.140201   1453.998585   1374.674594   1631.553523   1622.585502   1253.188939   1919.316710   5040.549188   
68.500000   2521.044953   5274.000400   1599.216293   2234.839537   1799.216661   1472.197224   2556.207702   2063.666699   3489.242867   2615.375330   1895.638822   1535.320250   1517.861464   1072.271936   1900.300774   925.699529   4732.005782   1657.808372   1751.950346   1851.991385   2714.229308   914.491100   1492.743510   1452.189515   2144.797928   1742.410893   1172.598952   1274.609133   1344.224236   1478.494248   1393.572761   1200.964992   2126.378025   4072.313711   
68.600000   2077.446082   5165.202855   1049.122063   2017.582263   1490.817498   1258.787660   2819.135526   2307.365329   5591.389276   2476.860171   1366.632050   1685.172467   1394.028346   646.646373   2822.175966   993.267287   4833.181534   1160.396023   1093.323454   1622.440819   3758.500117   575.771531   1185.808721   1163.887354   1807.777116   1112.025976   1082.632955   1115.764290   977.151523   1278.266810   1028.965379   1073.992215   2061.540059   5182.774371   
68.700000   2297.608121   3235.025573   1489.563111   1369.040420   1818.497035   892.582786   3509.841080   1704.491390   5619.977650   2287.655659   1806.578080   1271.961358   1978.371852   896.170287   3062.979918   878.802026   3745.032926   1043.297303   1373.207200   1119.180974   2976.117042   516.582142   1059.044325   818.559006   1953.708455   1105.397099   794.658492   804.650081   797.315577   1379.193077   1274.828919   1142.396362   1577.283150   4520.298772   
68.800000   1783.080188   3842.278921   1145.177224   1474.239870   1614.791276   899.509766   2292.885507   1701.191864   4828.068505   1898.782407   1548.307345   1590.059363   1246.521339   1218.304454   2481.559331   1278.526851   3273.558062   1192.903013   1176.931358   1156.687525   2715.040286   680.005025   918.032485   999.552735   1738.024370   1580.127453   966.004992   888.427504   970.764632   1248.685122   1130.331257   928.143805   1528.644520   4178.363438   
68.900000   2260.310345   4457.017774   1204.337024   2054.383471   1325.418963   1022.653583   2577.388133   1720.091089   5788.033159   2088.555585   1507.356823   1500.033124   1135.928590   1001.356030   2897.692735   979.493267   4161.940178   1479.322485   1177.643561   1199.065949   3546.786768   582.088492   1210.209735   1093.276886   1594.445764   1329.455280   894.457243   1012.696313   1067.999620   954.285273   948.629678   982.137844   1508.591736   4718.905861   
69.000000   2419.139115   4255.057334   1254.418810   2033.634908   1136.679525   1084.508987   2552.995867   1599.204272   3766.747657   2402.287770   1359.944462   1429.641349   1136.912391   1137.706860   2979.139717   1248.594310   5379.295752   1261.534137   1483.119347   1171.970144   2687.233659   683.843341   1128.824433   1017.953185   1369.676525   1192.855056   934.202371   1131.293237   1067.862940   1030.629027   931.175171   1000.701783   1614.954752   4050.436235   
69.100000   1618.169574   4193.445395   1179.222634   1552.724166   1037.102437   1120.620843   3089.813492   1702.107180   2940.736474   2552.729866   1291.175818   1572.868476   1392.749636   825.862471   2550.677143   995.829425   3679.284675   1016.907247   1416.235306   1365.096817   2776.520070   526.829051   1139.601998   1076.900537   1221.115678   950.982130   1044.194096   1028.773597   904.328691   1113.121948   1123.260052   1040.401036   1884.425722   4111.245549   
69.200000   1723.614375   4479.217074   1147.762265   1904.528441   1014.829954   1247.516587   3322.230586   1659.409529   4227.257973   2370.717952   1581.122773   1677.321430   1212.062513   802.259715   1801.550699   986.597730   4217.987708   1281.904795   1136.900340   1466.101246   2877.697777   684.199499   1298.046137   1157.690843   1221.972521   1215.131465   939.653095   1277.815317   1017.285859   1059.981510   1024.347468   724.229888   1956.093787   4397.869250   
69.300000   2129.947792   6749.024333   821.820444   2716.504230   956.462513   1016.900054   2254.173889   1718.127674   5131.457904   2919.463280   1251.429340   2007.363642   1024.519416   1173.102457   1836.889353   921.761165   5977.433606   1440.625211   1032.728233   1141.210146   2939.493129   583.929413   1127.006389   967.217187   1077.587276   941.667366   947.131106   1216.097215   879.012479   773.001585   744.828332   720.759777   1256.189177   3938.944208   
69.400000   2233.952456   5103.833332   1038.925949   2210.032276   1044.272415   966.581631   2205.594001   1931.189318   4350.550848   2439.458385   1514.862671   1467.648757   1128.360038   1089.050464   2251.069271   1236.261579   4847.305048   1356.491548   907.127568   1171.527808   2506.699999   613.997687   996.986342   965.166673   1334.827094   1008.107173   909.386196   1105.150810   937.047343   797.421871   912.593005   620.899754   1353.573121   4159.483725   
69.500000   1423.424688   5580.637848   803.542964   2495.346174   1073.139795   1364.381561   2327.331924   1517.866564   4840.311176   2341.653518   1111.591052   1680.074885   1022.630934   1012.358534   2235.407403   1464.870066   4686.376826   1549.725217   877.585547   1719.934952   2720.023673   879.220895   1293.683910   1389.008625   1674.078414   958.643424   830.641790   1464.774440   1242.320222   796.797787   719.645654   1084.295763   1653.091931   4002.453731   
69.600000   2091.794292   5074.905094   1001.920384   2200.609900   1361.523429   1017.156731   2302.140387   1580.262861   4276.389500   2831.302087   1875.446293   1415.750156   1012.128151   975.501325   2506.049208   1101.330199   4856.337539   1530.671105   1249.547664   1164.030209   2826.708721   658.549018   959.896318   956.719199   1665.228738   879.347052   888.029587   1161.248515   1030.820044   1034.532743   738.126005   1151.123221   1511.261843   4334.797588   
69.700000   2106.405409   5650.055274   1148.352785   2481.572437   1210.819386   910.453946   2461.038012   1392.440865   3370.264500   2383.192351   1638.740704   2227.210794   1030.103502   1335.902180   1751.822747   1133.906195   5386.787702   1664.848418   1018.614181   1117.452193   2695.003096   652.014572   803.050987   993.196959   1456.543932   925.968319   1218.699734   1071.557468   1101.402883   1177.055798   942.359043   1175.396276   1543.924494   4136.108630   
69.800000   2723.940832   5275.546545   1407.980162   1850.713402   1230.747103   912.352923   2038.290906   1173.410144   3658.308499   2116.226275   1604.589314   1743.980518   1747.868995   1054.732100   1558.859623   1144.974058   7121.815966   1191.071659   998.332871   1344.994249   2582.449282   733.493494   987.877814   1017.129821   1390.801080   1247.312020   990.759391   830.695635   842.777494   1219.837020   1481.397460   1118.566175   1654.715723   4087.357958   
69.900000   2552.663910   6473.918703   1369.146372   2773.421990   888.283423   1454.604665   2139.878574   1567.477497   3894.428028   2242.389305   1891.136460   2445.952244   1456.983512   884.135964   1293.344061   1132.433483   5204.792467   1673.019932   1132.046421   1061.430072   2513.852917   531.001586   1106.113293   905.447738   1217.843811   872.735070   1315.708937   1510.902006   1265.839465   835.825414   1107.969987   1001.745952   1545.048692   4021.436447   
70.000000   1987.349860   4827.166161   1009.718875   2347.922307   1318.762776   1249.036090   2344.967360   1393.129979   4037.132357   2317.304465   1423.550024   1613.468899   1571.065491   1048.627652   1488.121112   1158.188401   4552.640274   1354.668902   1156.273905   927.178839   2355.254538   522.224671   1040.461469   939.858146   1855.832386   1178.423411   977.177580   1397.764834   1172.202657   1104.675543   1393.051635   1230.066304   2215.146216   4071.348979   
70.100000   2255.728262   3807.364445   1328.873456   1972.803454   1048.091987   1271.740790   2142.656631   1467.816703   5033.127457   2660.356132   1563.760386   1622.939795   1549.953237   953.922161   1954.996633   1192.563137   4709.964794   1461.155426   1192.771871   1316.060689   3706.740194   525.653049   1038.684989   1015.961254   1289.622205   1066.655021   973.038305   1163.096697   1113.951431   1149.905907   1237.473772   1023.619891   1454.285763   4786.478901   
70.200000   1446.512494   4787.087866   1242.756523   2221.372071   1127.552633   1033.451610   2207.245620   1277.637993   4236.641389   2228.678938   1832.467806   1631.513417   1263.286694   927.914247   2384.434275   1065.884909   4133.497703   1400.844205   1205.513982   1179.771215   3270.139984   544.659210   874.647105   899.718637   1718.677927   1053.427199   1015.726728   1249.320623   1024.899408   1273.102578   1320.750557   1467.872483   1337.566879   4121.158373   
70.300000   1805.805960   5183.850569   1262.063998   1930.670146   1225.066922   873.995211   3036.870380   1224.612224   4672.558586   2149.916031   1596.808724   1520.996906   971.423994   821.917996   2643.071332   951.760535   5231.440374   1067.477621   1175.992970   1194.740175   3673.374772   612.486497   825.772035   899.153096   1818.302587   1029.960688   887.349276   861.772001   773.158983   1173.005831   1102.132365   1068.355366   1357.057390   4060.168925   
70.400000   2069.927903   5236.722695   1256.182086   2175.498555   1042.243483   906.030943   2513.340708   1359.917722   3493.214525   2369.673980   1318.828394   1650.677672   1187.918078   895.094526   2344.993398   882.986636   5891.458770   1330.524144   1242.381658   1162.717213   2613.277688   656.234338   777.039981   932.429280   1494.375458   1028.522528   762.697269   1031.133811   975.809807   1015.978942   914.777326   1090.571532   1354.329313   3618.890691   
70.500000   1360.442315   3599.498884   819.963767   1626.195903   1000.685006   1041.336342   3211.839246   1200.708371   3209.468887   2298.134815   1151.999533   1519.650198   1059.807834   1186.426517   2375.093564   985.710297   3079.170138   1198.585340   876.440004   1145.211331   2330.195693   593.003531   924.434284   966.299805   1308.057698   956.311114   1041.815961   1104.954284   989.031085   900.285862   861.376469   918.512475   1488.963002   3620.484672   
70.600000   1678.974624   4133.677910   949.529981   1617.159033   1092.390628   887.746738   2506.666811   1102.612342   3500.374252   2231.552363   947.266933   1231.085806   1029.394144   980.021347   1816.789363   943.474130   3776.917736   1063.100662   1002.732645   980.080353   2680.619678   649.053417   881.681549   973.593954   1256.646518   651.634696   659.260813   840.507327   866.716382   748.458818   658.292906   858.407868   1128.683603   3688.287233   
70.700000   1866.122476   4213.782043   1046.079981   1816.111486   941.193281   677.299767   2033.268979   1321.486998   4244.508526   2312.048085   1340.924377   1464.625261   1137.244646   1065.101339   1384.824161   857.105398   3980.107018   1024.733460   928.113411   1134.930375   2996.584653   668.433736   717.936006   740.797849   1274.356059   1045.772113   841.822375   704.457080   686.939262   923.026984   916.764984   858.986635   1680.782692   3855.823470   
70.800000   2200.436075   4777.320502   1318.603085   2033.966526   1347.615216   863.944021   1753.789957   1121.839920   4155.260070   2275.940222   1810.790842   1392.518726   1133.041295   943.828040   1146.070353   791.928165   4127.782022   1248.388959   1269.917680   1079.032991   2516.272715   742.225972   723.887011   887.990756   1532.426995   992.767628   831.049077   1051.558990   891.366211   1286.965823   906.483543   782.347933   1454.821101   4066.913592   
70.900000   1995.886668   4325.250447   1254.724127   1686.936829   1331.091249   891.470784   1998.854214   1358.859634   3278.580417   2698.584040   1259.334011   1209.155813   919.029758   729.347538   1402.670576   722.357510   3666.779814   1160.377067   1252.310845   890.515980   2446.558108   489.359171   843.105182   869.256468   1324.952138   699.055065   735.998151   892.872228   958.607081   1231.880126   825.369540   742.211241   1364.023916   3753.204531   
71.000000   2330.255244   5616.383712   1446.845820   2343.983772   1328.926335   858.091579   2145.600888   1328.752681   3839.732268   2031.198880   1751.376687   1616.457525   1422.587911   731.572072   1510.601418   641.507195   5605.629862   1310.864426   1172.753323   1205.049315   2306.601715   551.222082   942.835324   928.593632   1451.876751   857.969914   983.957383   934.982411   928.210159   1383.547051   1077.951140   1005.109645   1574.219507   4159.928465   
71.100000   1990.867624   3653.820918   1069.985115   1620.990018   1063.535553   913.744769   2424.979846   1628.882487   3887.179372   2647.557896   1404.800948   1623.463276   1254.678991   686.450098   1873.616747   740.233882   4399.413912   1051.229787   1020.134418   1068.818739   3011.905374   737.962447   790.037977   830.472181   1474.723192   868.423027   803.811751   873.002977   849.407357   1074.961241   1011.815958   987.916689   1460.698307   4111.566697   
71.200000   1670.410179   4381.922092   1068.642110   2029.841170   918.388665   1029.430685   3455.512764   1601.212010   3480.645875   2103.685329   1110.963862   1358.710457   934.870608   891.508531   2056.915679   859.215557   4584.452049   1502.209900   1034.018246   1116.527018   2867.527568   689.826506   834.319905   868.744427   1300.454691   852.956269   800.985703   1044.329568   1026.517252   947.916344   831.622831   857.245896   1410.488031   4027.266623   
71.300000   1443.098088   4137.912204   1092.303127   1895.807697   1009.277701   798.647847   2857.094527   1498.487966   2969.060298   2277.916922   1003.620866   1282.434447   942.904464   684.340876   1705.001895   726.871601   3823.439357   1180.044449   1100.615797   1018.102127   3045.585615   595.066061   725.961030   719.251885   1227.952921   1039.148526   774.579968   960.938739   864.520875   1169.903550   1016.145122   1182.606748   1720.644422   3957.598683   
71.400000   1372.891516   3628.313570   806.483698   1520.960271   888.074877   884.368302   2641.273773   1391.382218   3092.100494   1993.545797   973.198151   1513.338240   975.440525   810.931620   1196.729399   928.109306   4011.780742   1025.008589   818.217245   1064.487666   2859.502045   665.472937   815.567316   850.907856   1240.937611   749.511806   781.013365   877.102728   845.908859   926.064144   751.245526   848.950369   1389.107214   3996.166664   
71.500000   1738.691767   4229.683290   960.104069   1837.097167   993.036518   816.342572   1949.873562   1248.731279   4006.081307   2396.080233   1201.932864   1394.937872   1206.195278   926.296446   1278.605357   895.872952   3559.422134   1247.356547   908.429530   942.987060   2431.867449   574.904643   669.061063   724.501335   1345.544023   865.459025   917.984211   808.198178   832.169807   933.210973   982.500488   866.732430   1254.520492   3732.103328   
71.600000   1724.390608   3835.270008   970.358759   1856.455817   690.134403   770.213192   2059.788964   1092.086976   3099.214886   2219.662475   899.637735   1398.762246   921.127700   789.075279   1290.693601   929.618946   3899.553007   1241.290631   841.555274   912.047934   2151.826153   634.796480   676.643487   674.702352   924.021547   915.012991   811.886974   885.311271   830.407650   827.613421   842.406335   758.763005   1289.467781   3460.860677   
71.700000   1824.503872   4993.736230   861.820214   2105.533295   817.642770   727.504038   2185.120432   1141.745093   3410.449484   2337.295206   1277.999172   1469.039989   1127.010422   699.228830   1473.247032   768.459635   5603.691051   1158.990877   885.843636   955.159188   2236.380300   572.300730   720.239824   707.337382   1069.983894   855.492525   790.236993   801.946979   708.640465   756.650398   948.242121   813.913979   1210.140647   3570.545572   
71.800000   1590.341569   4839.752405   1014.898509   2188.282037   919.480114   1183.692718   2049.347274   1163.383982   2790.291284   2373.880839   1213.590248   1481.117861   1442.403676   905.404185   1708.510716   812.827814   4112.982610   1411.371525   927.385381   1201.558315   2494.227658   532.756842   1063.136733   1104.639344   1148.767062   925.056228   1219.370153   1276.231041   1166.319555   964.672971   980.604271   1147.344324   1436.120831   3625.505857   
71.900000   1224.772840   2873.933834   672.238174   1344.496284   816.335909   1012.469262   2045.277451   1345.437615   3191.705642   2289.394723   1040.690024   1063.907010   919.433519   658.607057   1657.523926   702.833229   2982.286297   1034.927460   697.980110   1147.254606   2279.030991   661.290066   1020.268904   929.883350   776.366315   721.806229   675.265191   894.846414   869.605184   653.252819   698.807875   720.861415   1553.526007   3557.170224   
72.000000   1433.645655   3815.585035   814.575759   1577.607289   814.597228   1065.582375   2185.771621   1297.805327   2982.308380   2120.215259   874.404141   1120.293343   987.714844   796.909241   1473.276097   618.970840   3519.062234   1221.410602   897.518407   1334.880354   2251.714450   602.571166   944.349193   1004.696828   1007.017406   891.587050   678.050528   1033.345233   994.736630   929.854831   832.988771   963.240811   1793.959730   3441.648340   
72.100000   1870.339563   3131.332704   1235.435352   1634.016345   1164.175047   1011.299948   1661.192171   1030.876923   3414.230662   1973.620992   1280.939357   1011.668967   932.438404   753.439288   1102.593416   661.778264   3293.964690   1102.759849   1150.949121   1028.850160   2481.745468   658.711606   841.651058   787.971403   1157.390563   774.281846   770.582866   992.028373   843.391811   1122.819996   822.195516   891.760205   1323.467335   3884.103064   
72.200000   1434.249666   4332.181177   1100.280434   2004.249864   1009.211083   940.105209   1899.814031   1192.728489   3236.726478   2231.233958   809.384729   1025.761545   859.445788   519.433296   1151.309909   702.444996   4117.683001   1176.699831   1086.961859   1185.275046   2567.017992   580.711331   887.237921   868.382800   1233.259519   723.833243   848.244632   990.477077   865.374587   1012.275803   771.441388   785.917416   1556.726175   3360.533940   
72.300000   2073.381138   5930.274341   1157.562236   2568.910680   815.400210   808.610158   1851.047301   1125.782439   3021.873868   2158.656088   1002.227345   1662.111545   1081.887580   601.277937   1086.416954   713.882575   5807.573864   1452.896123   823.332857   827.592001   2268.311219   475.418020   668.415545   673.108054   1021.594435   746.823256   844.247506   1063.989338   852.782174   866.845776   868.859957   670.153833   1148.005605   3320.102509   
72.400000   1735.293751   2653.918915   816.559743   1161.386751   753.345586   667.418590   1763.580740   1080.956388   2724.130739   1940.290973   1140.543014   1320.863838   1041.533512   738.841057   995.051798   785.505619   2788.404999   799.175339   779.187268   957.670712   2084.638441   561.125310   696.733532   813.112297   922.570291   780.535927   633.901092   636.754760   671.943400   928.282736   974.665263   881.326724   1113.344450   3277.192927   
72.500000   1330.751008   2902.011032   854.500655   1083.607980   810.102730   695.046001   1241.333975   1182.119762   3203.696780   2138.041015   1086.776000   920.101950   948.268590   601.746915   1513.362027   865.231066   2599.165141   829.044012   861.835304   983.635328   2145.366815   572.885899   731.893789   812.543321   797.994875   626.240613   572.928284   663.082963   697.364064   852.533001   898.534931   769.162801   1400.734102   3550.376034   
72.600000   1528.110157   3192.339935   864.393175   1353.398783   847.497561   732.740399   1322.994899   1158.211157   2665.410360   1807.756670   1034.102731   1052.798400   899.632357   666.437587   1258.207556   714.121471   3407.409668   972.232642   792.635542   1055.476796   2138.474808   596.988810   688.285718   784.417998   778.272815   625.037328   539.453883   655.682194   667.560026   658.518853   729.750552   807.383105   1478.149202   3230.375428   
72.700000   1382.338481   3306.250112   922.797404   1348.842172   790.523430   598.919168   1232.199045   1252.273493   2222.685818   2134.490640   1059.559074   1119.387104   1090.784364   593.399583   1164.449253   722.032964   2671.300744   873.688214   824.106358   882.594753   2677.217910   542.324630   629.337666   633.538581   899.922974   675.980008   669.222636   664.474789   602.237979   736.110292   879.021646   827.391072   1275.428023   3484.121560   
72.800000   1563.895307   2784.201266   960.118426   1290.936172   1043.432617   725.899082   1220.915014   1039.403829   2355.186457   2049.069956   930.801436   932.893430   829.000077   564.934863   948.282585   676.569621   3063.158571   1052.151124   1000.005185   943.128431   2445.049344   512.167726   622.993885   776.220624   1077.162865   561.435862   631.886329   749.409579   810.631494   984.425279   696.734326   665.460430   1327.806704   3218.466945   
72.900000   1474.330250   2905.991468   781.156324   1229.428247   685.534320   557.034045   1520.706202   940.105480   2520.171972   1863.299847   994.772200   749.216031   727.070163   583.781234   956.429658   725.769669   2989.025272   768.390840   690.503521   867.837670   2158.858845   574.505223   649.980467   643.101622   868.265551   565.150586   506.996540   587.725889   583.364086   700.119287   643.795173   639.674137   1254.299261   3170.147590   
73.000000   1410.892772   3313.683763   764.442669   1513.232568   730.627773   740.097469   1532.518437   1118.257125   3040.902201   1966.795097   1033.030268   1168.501549   744.245002   628.675400   972.407191   706.758933   3277.890266   1056.149163   813.697044   970.627100   2326.221680   490.929153   708.509712   816.261410   904.113431   576.232639   696.338535   878.462037   829.796850   647.560113   569.702808   813.574802   1101.600483   3457.245084   
73.100000   1249.785532   2689.161921   840.792324   1265.882778   707.822779   649.033443   1332.268891   1234.491211   2508.141907   1876.313920   844.053659   1022.600977   614.872632   668.252094   873.491182   681.812021   3011.050374   947.271773   763.600857   914.027815   2082.799615   530.671229   587.819115   725.499052   1003.382308   685.950839   656.093317   723.062225   761.279384   677.437742   586.454356   596.232528   1045.834997   3391.282552   
73.200000   1009.096494   2689.908471   633.295905   1259.893131   526.207741   722.811370   1423.124739   1036.316305   2488.762543   1935.411853   673.603552   920.554260   780.478424   742.465606   1065.725939   733.923573   2300.431548   919.965672   634.652988   830.333696   2054.338735   540.842446   693.814994   640.431424   739.136713   527.635286   587.627612   745.639634   689.729386   577.344352   624.368196   509.369546   1074.846223   3408.256454   
73.300000   891.417255   2200.523013   696.644656   1017.050386   762.071747   597.324512   1490.857859   925.422659   2736.427576   1725.212594   778.403960   1022.418097   609.438510   621.508933   1182.974309   643.863387   2265.715390   709.429037   729.642862   793.227572   2080.249563   472.906135   617.023262   587.107590   852.031517   676.698856   580.487877   563.364214   560.682250   705.829620   555.727612   575.655588   1052.369014   3528.397092   
73.400000   847.286902   2166.559815   592.640235   1024.777732   650.233017   592.384035   1288.572946   967.815560   3374.517628   2102.944934   807.707931   882.127756   739.385744   514.667844   1303.126867   729.975429   1888.875099   735.191398   694.600372   868.942881   2396.293512   412.778387   653.650366   643.834302   795.714381   613.553836   489.012677   574.438749   576.882880   689.775957   645.978424   690.589932   1064.406605   3429.026033   
73.500000   840.764973   2229.249150   540.414404   998.706654   648.337894   588.754578   1187.031910   1067.484886   3041.216948   1797.121807   751.531916   686.373056   732.036242   494.318167   1169.150611   694.187990   2219.364803   725.045263   615.331867   956.401606   2304.595535   398.415451   553.828827   707.798965   823.678431   563.313542   495.166063   634.521125   640.571176   643.029231   569.587003   717.631836   1302.020904   3571.065195   
73.600000   1063.489025   2417.499977   557.921852   1014.683629   606.988039   531.693877   1226.789504   938.969505   3012.067220   1712.003330   720.385523   900.028044   656.512890   479.915288   1146.520296   688.132896   2367.620632   784.767893   553.148820   874.751483   2229.830731   415.821484   537.018331   595.370727   802.148041   513.405261   494.666373   549.304770   549.332655   616.246841   625.593826   553.702136   1178.682909   3562.257209   
73.700000   969.823425   3623.196614   558.434409   1628.608145   592.759834   720.849707   1262.238111   831.080236   2761.444352   1699.211019   646.119906   1257.269982   605.715129   602.959331   828.463917   775.307670   3157.315847   1065.972006   551.193932   939.919628   2282.191754   401.486603   677.613406   700.636308   743.609125   578.084781   778.147274   794.432499   753.993213   639.440029   490.438914   698.673490   1170.471548   3634.982526   
73.800000   1238.502513   2653.844663   813.377576   1185.672514   730.047317   483.619260   1254.696471   986.039613   2438.646728   1847.828224   787.395572   961.230252   588.311683   475.576405   728.209749   784.302728   2722.801699   754.705328   747.576782   753.245283   2262.441163   369.425501   490.427093   558.407471   892.409574   569.525653   548.221746   567.530075   573.382884   774.845062   534.582205   583.430257   1038.083082   3575.601274   
73.900000   903.304529   2749.461953   685.617102   1209.320629   602.509201   621.171086   1506.852731   858.175243   2116.838937   1847.830496   650.499262   844.542456   584.596221   543.063806   760.665956   794.618708   1883.853307   829.015426   579.538764   759.371773   2360.701764   394.408609   573.632184   573.941315   695.450575   565.360111   610.118111   671.727108   622.666760   691.181605   617.565508   622.334850   1071.175167   3740.580392   
74.000000   1121.404448   2473.628800   684.808213   1120.951262   669.541277   556.318846   1281.572668   910.218613   2372.593302   1800.565659   662.629862   998.514774   766.295063   389.251985   991.444619   819.539298   2439.196430   724.813790   646.405662   838.260789   2023.211340   437.814581   582.898711   623.140981   870.109506   589.569602   517.733451   573.136044   564.328222   608.247542   648.539145   691.331508   1127.088641   3231.469936   
74.100000   815.364949   1521.547320   494.493997   828.087281   622.445129   559.201836   1384.171233   931.700203   2368.644136   1877.410271   749.584940   518.897333   722.590685   429.144826   981.234034   821.070497   1734.598086   727.116324   560.515401   873.880076   2183.269293   388.353434   604.920508   651.375942   739.374917   575.331015   333.799077   564.327782   577.539550   566.584150   593.970398   648.849346   1204.100238   3227.761981   
74.200000   981.798064   1919.589405   542.547099   828.478834   584.484388   541.856340   1108.054699   1025.115607   2160.148923   2060.763127   748.432807   554.167190   694.916026   484.189881   962.780490   707.668775   1788.604090   597.035206   603.073862   810.022901   1964.725764   375.690389   612.004554   579.574806   754.229266   472.197617   387.648921   478.058888   509.164313   596.072206   535.020925   558.045980   1301.414142   3073.931959   
74.300000   908.257064   2184.021476   538.841118   995.336695   482.088026   654.797064   1149.367157   1029.571110   2250.281067   1882.517811   572.293455   756.305934   737.029745   547.093723   993.729590   643.972453   1877.829374   775.334990   552.194888   841.243595   2187.489261   391.518196   613.810099   623.391826   641.719725   603.096504   470.066350   566.865348   609.302770   580.244365   655.465898   646.835375   1254.469320   3138.213751   
74.400000   858.911176   2814.941325   467.879896   1362.979787   528.905544   679.280862   1114.947127   956.493291   2098.065367   1821.295042   604.578307   915.333362   531.447662   649.503988   810.997389   654.665789   2407.537241   881.174308   550.273886   849.587888   1878.871343   397.146073   607.683306   641.905917   653.535679   512.079984   593.185616   720.476591   688.969046   521.284361   494.678063   658.313206   1651.681144   3185.044766   
74.500000   1126.707539   1933.331026   627.619133   1012.747237   560.527599   615.037339   1327.797960   950.232887   2135.887452   1622.567797   632.076223   740.423822   618.923691   583.756511   715.092164   569.377635   2167.679983   761.832927   581.536433   770.712781   1928.206016   401.798178   577.001455   585.770662   619.180634   460.832641   430.281608   577.173694   560.891575   566.061411   500.362550   474.041529   1218.022041   3056.186964   
74.600000   657.280220   1876.149309   456.028427   747.322325   509.985585   487.360979   1119.194926   836.361985   2083.373173   1623.326808   669.337842   575.678302   528.705079   442.674169   644.367043   523.023248   1302.435067   558.469236   541.924483   716.999637   1840.577824   378.837919   518.316260   520.632687   625.653365   493.550421   365.762130   441.099292   435.745440   489.149815   452.840324   452.208669   961.466474   3057.344863   
74.700000   1022.653644   1542.442555   748.505917   789.960468   735.941344   601.499023   1220.342436   823.085219   2238.454600   1675.602171   807.189053   542.659777   518.821211   425.781400   881.273503   590.375743   1538.181678   749.153499   699.789298   759.972416   1957.647302   388.944432   547.751619   551.749859   705.893440   467.302670   351.933993   518.285230   549.647168   656.825064   484.436358   454.501737   1047.431911   3069.812495   
74.800000   783.185982   1670.512677   538.908911   808.175325   525.101582   606.516520   1174.567121   951.516410   2139.122546   1760.233043   809.472318   480.978144   571.013419   476.999580   662.277592   561.998288   1344.149399   717.264979   539.730573   792.586227   1862.660506   385.304436   568.892302   590.285767   656.907543   557.113014   342.903738   507.811363   507.677643   555.811221   564.347189   641.563527   1024.187353   3063.123378   
74.900000   1562.420406   1280.927960   775.458021   758.428416   1011.537262   571.499664   1292.336969   964.411456   2367.691410   1626.848324   886.551602   745.675616   936.777332   529.293858   916.697783   655.249705   1841.439687   964.267187   769.513846   775.151877   2060.478547   428.864894   475.620131   504.216499   901.005861   697.731196   311.999231   421.641267   445.001489   688.145128   722.714414   762.880295   981.813847   3108.033856   
75.000000   936.579406   1716.955262   780.748799   903.556927   904.876251   511.239389   1222.238844   1063.133975   2067.988138   1647.053419   1129.448919   623.563780   733.311819   515.764913   912.654759   583.825617   1435.646541   770.531185   783.339739   716.344970   2158.285734   438.800468   479.226374   529.916380   841.133536   690.083831   375.824564   479.108211   479.861239   726.683960   709.685872   661.049585   927.937168   3093.711898   
75.100000   1134.396580   2422.626448   1588.117733   1916.265311   1981.503697   1191.716977   1751.584277   1237.796167   3416.046630   1746.492408   3024.243639   988.829564   1328.612818   1272.021274   1750.985000   884.743046   2494.516677   2347.715763   2485.278530   801.068247   2622.907149   467.984616   460.909652   532.924920   1446.137650   1460.009153   429.473992   521.350702   476.548950   1387.539284   1280.860397   1370.076770   1187.453215   3074.132035   
75.200000   807.246926   1999.283591   483.038998   930.385451   509.637014   524.846023   1108.344628   889.052362   2073.552520   1611.514191   634.526099   646.913471   454.745514   444.298999   784.833881   558.823156   1760.915220   687.167482   560.296387   697.532800   1840.951618   350.293110   448.024463   472.804468   629.851914   484.899898   356.994919   479.312427   473.215565   488.955718   429.794181   473.774335   894.231900   3068.968373   
75.300000   651.628941   1840.815959   464.435260   922.787949   508.266264   458.698242   1012.575527   830.758807   1937.170463   1566.238109   548.529016   596.029726   494.809663   335.845759   595.512343   507.729801   1858.039829   618.547405   520.135070   731.186568   1850.699596   321.987756   443.975839   504.977837   669.681705   457.689865   402.495933   462.500122   454.561493   509.493913   446.441309   459.611058   924.412455   3031.950672   
75.400000   612.601540   2246.075998   456.889720   1014.844019   445.131814   421.070837   1117.425061   792.886808   1965.217169   1579.614756   562.840725   729.272739   454.837258   381.317696   579.594130   484.102982   2285.273227   656.479459   458.246879   669.072813   1860.729040   344.581186   409.739902   470.047213   614.032446   409.358416   415.969769   468.921639   444.469779   443.724422   428.950823   369.802714   895.025748   3047.217245   
75.500000   612.411667   1491.147753   440.070194   744.539915   443.944824   455.971651   1040.057749   777.081706   1963.094215   1631.515752   488.254939   513.162259   439.838789   401.745479   619.906561   517.972548   1620.014646   593.050348   461.008626   738.027168   1835.448266   349.002341   462.839697   535.030709   609.822471   394.947563   339.925429   437.873686   456.443292   444.810254   440.963673   413.700148   961.804731   3047.897700   
75.600000   543.105327   1263.028345   397.995782   679.944528   463.937072   432.011145   1117.349889   785.986366   2019.178658   1663.194054   490.031134   450.692941   484.603189   408.983509   634.457030   518.854710   1314.527547   536.769728   445.196206   708.246339   1864.592392   364.132189   445.362460   533.813604   689.874357   428.611619   297.856457   426.437055   443.326557   452.645835   430.093060   415.980551   903.295039   3114.816816   
75.700000   656.244973   1772.952166   427.280427   844.662600   433.936466   427.930389   1011.991240   767.858965   1996.740196   1596.382290   442.574928   535.059515   497.851807   358.752872   582.929994   498.560337   1701.210844   586.881392   445.374472   687.517951   1929.396606   335.248754   417.006236   487.079670   638.474080   402.527805   377.587234   455.344939   459.079909   422.100862   436.733293   397.356219   879.144220   3030.012899   
75.800000   699.964544   1518.357772   496.512580   841.590972   482.163376   492.335521   972.997708   810.690153   2060.808853   1615.057913   640.125972   575.123831   391.878547   396.681612   547.364924   532.604238   1470.542951   641.206520   502.666524   718.768570   1886.538796   347.722565   532.992603   533.694431   642.074452   398.161788   385.383371   493.337610   484.740067   457.924379   375.008362   367.916382   914.142634   3087.632379   
75.900000   585.894162   1023.532064   409.582060   599.895198   424.564534   409.520242   1007.578091   826.081216   1970.716561   1622.528924   573.383525   399.988051   516.634534   344.791276   582.958778   486.432684   1129.394162   485.000256   443.902454   672.609098   1834.005130   333.716469   452.750797   479.118090   585.046847   390.874361   294.718917   395.727300   398.317710   391.617933   378.363872   364.695734   933.601479   3002.145308   
76.000000   547.997009   963.430161   385.845855   592.399650   444.532555   427.747471   963.524689   814.356507   1865.301528   1590.038619   462.058143   346.166014   502.633856   363.150439   565.344157   478.111049   845.633521   529.710321   460.641089   691.263513   1804.819573   325.399587   457.891427   493.248677   565.775592   403.448273   262.342443   430.861182   420.102882   401.610529   391.622629   372.550011   884.153147   3015.135054   
76.100000   554.676330   1084.579851   469.385931   622.246240   448.342454   413.429030   973.773307   798.017091   1889.377313   1568.384985   411.477629   404.227149   483.769254   334.886599   565.975491   477.947295   849.630504   523.210279   495.228239   676.564813   1836.768463   312.865077   449.866618   480.368499   602.467259   381.778187   311.308502   430.153124   433.203933   436.867887   402.932520   426.791568   923.578583   3014.921546   
76.200000   554.117472   1218.708179   435.078578   646.363465   449.679850   435.346939   978.491092   788.224777   1940.847400   1564.444969   384.041884   452.483535   433.508077   335.104125   584.723772   483.904301   1193.754061   517.153871   474.427109   691.592209   1895.388389   344.947853   461.513926   509.369168   620.308992   400.872206   341.456301   442.567507   437.129652   438.073720   387.202096   364.049755   899.652561   3107.053742   
76.300000   531.754207   910.576568   431.527139   528.752283   470.104404   421.864232   954.235873   797.600965   1960.877577   1589.334451   429.295277   324.870636   412.534762   344.623949   657.937997   473.495199   903.364478   476.982509   478.151759   694.037307   1907.965737   330.095128   442.619301   496.793933   633.071594   458.473192   241.530229   382.540239   410.840334   462.238899   420.507035   412.958729   888.402482   3032.014236   
76.400000   507.762831   1222.543593   430.507980   569.904231   439.551095   369.922267   940.440322   796.890437   1888.081395   1564.719055   426.600119   404.235546   423.965589   302.385037   571.531780   481.584446   1099.795719   456.796042   448.963230   652.141014   1849.654362   334.804899   390.345397   443.710780   577.986262   418.978804   314.560990   357.522433   365.973236   439.399238   413.759746   358.055530   865.779242   3044.332116   
76.500000   527.836177   1152.706364   383.230628   573.955394   411.675564   405.459549   965.431161   770.831010   1879.425270   1553.778045   477.683619   426.263333   398.469264   288.946980   574.484739   491.617454   1106.857794   464.352372   425.650836   656.545691   1802.077346   329.635982   399.980641   447.746628   537.127568   400.999927   265.026317   371.383936   373.746517   404.635950   359.345631   319.357402   868.334594   2964.300836   
76.600000   425.009994   1335.963820   356.815216   677.412479   395.148116   409.866100   996.121595   780.283272   1885.628367   1522.587704   419.823535   454.408339   463.334047   296.873524   554.830911   488.211769   923.608145   484.525845   419.954366   661.514394   1778.872310   331.048448   399.235219   457.349373   549.240090   405.615382   281.167067   412.772747   391.685305   365.643606   352.721586   363.697431   892.385998   2996.208268   
76.700000   455.535581   855.743850   352.977439   550.453626   393.246407   395.847213   968.195662   746.386559   1869.482576   1527.125520   419.781228   336.436039   371.978545   352.766021   508.496490   465.103828   801.961566   472.391519   419.831200   635.861707   1754.108162   317.676623   406.925786   451.770940   544.320540   383.617656   259.268340   393.348004   391.235701   369.766083   323.941049   346.044882   842.256760   2954.500976   
76.800000   524.415724   810.718991   351.312459   538.486709   389.055778   397.364729   967.535009   744.737289   1840.979723   1502.780871   430.997641   334.656240   373.914426   276.709237   537.515795   498.134492   1028.381800   460.974420   412.641263   644.875871   1765.553476   319.887164   398.899858   449.505079   551.580414   392.052822   267.816586   375.525796   374.270755   359.804930   363.507317   372.768065   862.325883   2943.118480   
76.900000   484.154566   1015.828484   344.018278   556.375347   373.402327   353.460550   919.311637   743.726680   1837.082706   1492.207036   408.252863   340.018337   356.612075   305.246727   516.737893   472.503526   998.878154   460.388266   386.700966   623.369887   1745.374124   310.542321   375.067484   438.386162   517.872393   378.031676   253.158800   360.454477   368.791752   346.640620   337.680581   313.619274   858.633898   2933.643264   
77.000000   409.776172   934.194979   351.860101   508.412453   378.978988   319.286576   957.630558   747.845076   1893.888049   1496.697354   406.699419   300.607938   382.385985   293.088923   517.677900   463.191319   900.786013   414.694512   391.916980   631.390896   1797.774930   301.990845   377.093426   429.974049   525.137691   358.243734   238.914614   323.717763   338.555139   355.544097   348.024050   321.156134   861.777177   2981.361462   
77.100000   423.591084   688.797212   324.443084   453.607269   352.628703   341.669722   961.666904   748.534237   1840.419525   1489.807065   378.026882   291.288415   347.786069   304.241400   517.512252   470.535534   784.022569   406.711737   383.115985   630.773304   1743.257713   305.714082   380.366151   430.819753   514.090401   347.126548   242.832296   330.922695   339.810207   336.764978   308.737171   297.883720   851.125219   2917.118181   
77.200000   414.835699   787.416089   319.417723   463.555766   344.117780   343.185680   933.216258   742.932359   1835.667735   1501.671016   358.734528   276.203202   343.423585   281.415525   537.444711   474.562822   711.111395   417.952507   372.540550   634.776783   1755.877325   299.587506   383.227147   427.914696   514.088482   342.133566   242.158966   330.594095   344.378334   338.091670   323.854614   287.829794   857.982201   2923.468890   
77.300000   400.569471   842.941529   333.527629   495.802859   364.246537   338.355716   896.556617   734.151571   1815.486320   1460.994432   380.438207   341.190557   390.983488   292.906324   494.821220   467.585565   712.616479   424.427171   382.280488   621.476119   1747.107359   299.294693   375.569286   422.270360   517.585158   366.426095   240.040856   342.524542   350.645444   345.444348   342.553346   313.191611   854.225148   2943.750988   
77.400000   399.739963   645.539686   318.496855   469.552288   361.099362   346.478423   900.970531   731.047079   1806.725869   1464.300693   369.855272   273.831488   335.021936   283.110404   490.277620   466.872372   768.419059   417.011577   379.184644   620.625674   1739.491126   297.930179   381.806707   429.047764   512.005502   330.379472   227.297440   348.043194   347.455206   329.813365   305.446640   296.007912   819.638172   2916.521558   
77.500000   354.459409   637.888571   299.524975   448.077052   349.366382   333.602490   899.918446   748.133388   1796.381496   1457.784773   365.172496   257.875248   345.105782   267.806942   481.499077   457.928997   704.821871   405.227576   374.283827   629.066814   1717.137461   298.482779   383.559280   423.827553   508.487820   340.034077   224.181967   336.149237   336.066371   327.327421   309.693934   281.977904   828.156279   2895.292830   
77.600000   400.455793   851.400134   323.586302   476.197176   353.141492   357.823893   900.624099   731.058593   1807.615864   1458.979292   393.666599   291.664383   339.230646   265.874705   488.148173   452.719559   794.827402   417.632909   383.578681   620.829889   1723.517616   294.993219   381.031111   422.822447   522.061573   332.022652   245.041934   346.440150   345.449178   341.488554   327.678818   315.397971   821.324107   2902.995809   
77.700000   363.524468   768.740036   313.965882   446.882066   346.477203   343.807353   901.950956   735.571307   1843.513558   1470.858245   358.105210   278.913225   338.625786   258.019322   499.755626   450.027310   770.885821   424.471034   373.762193   619.610743   1726.776076   294.487377   378.804374   430.684266   513.638519   338.155929   218.447377   332.099111   339.783929   339.973777   314.547550   303.631818   825.386084   2897.516055   
77.800000   353.744059   729.798780   312.481248   481.498247   364.635289   352.988234   895.378298   722.769481   1815.393085   1469.582269   331.777943   298.676377   318.003361   260.237741   494.730386   445.508218   668.798823   420.529707   377.914333   621.582140   1735.828218   296.548691   386.756908   425.817182   531.480873   333.184386   232.243398   343.644801   352.146932   350.935198   301.489386   292.867271   823.028358   2893.076559   
77.900000   379.881657   856.310896   310.283142   473.179822   365.754295   343.873611   892.948001   727.465619   1791.755417   1465.925683   347.654987   309.514477   353.840521   284.590052   494.608679   454.199260   639.444141   418.703658   386.696928   623.503687   1713.677378   300.144118   385.729372   429.075974   528.225568   328.224881   229.312699   334.912815   345.474717   351.832634   317.711454   303.570759   821.687054   2881.492443   
78.000000   330.957410   651.756173   295.602674   446.664637   346.331256   345.269781   888.118702   741.659665   1790.391689   1460.155115   341.716289   244.559673   313.843215   260.101700   500.377628   451.829451   490.086871   400.256978   370.796542   618.310444   1715.298927   290.717973   382.772721   425.822242   518.156437   329.509341   210.277786   328.395970   340.330480   338.839974   297.090054   297.817775   815.992053   2881.678424   
78.100000   342.987356   530.043402   300.849575   410.678332   340.383742   337.729340   894.855171   722.715975   1775.771172   1450.023870   334.248293   232.114588   319.131443   257.625851   486.536332   446.709347   496.101094   397.723036   368.598611   617.390883   1717.468148   288.546271   386.382860   421.796922   511.618983   330.502161   205.553609   322.437367   333.332460   334.061718   303.035171   305.349192   816.318542   2882.494393   
78.200000   337.899403   534.576738   308.691985   379.610163   338.448216   321.058633   909.480042   724.680193   1800.257216   1450.250127   330.074491   234.498343   304.970007   246.409344   495.348429   444.508575   458.970198   382.926547   362.461213   618.190457   1731.040865   287.639990   371.113959   414.906237   504.099871   329.281558   198.304165   309.015470   326.655784   324.587240   287.721579   284.606129   824.809300   2880.079900   
78.300000   313.643895   381.434849   294.278720   368.172822   339.595799   322.283869   871.870993   721.454997   1804.921541   1447.508651   349.927702   213.932923   306.721204   251.999027   496.846563   444.553346   388.193204   385.155750   361.835562   612.057394   1722.753740   287.585524   364.493305   415.925490   501.940896   325.390560   199.828673   307.126966   327.021955   341.695908   301.381599   287.315336   813.827824   2890.104300   
78.400000   306.640172   369.023731   286.746241   367.465509   347.493951   316.961650   887.106893   718.027330   1799.878878   1446.665120   320.394340   209.870351   293.105014   244.251943   476.557047   448.667099   371.079932   380.630736   362.036133   609.817127   1719.746649   290.553057   360.053542   413.717217   509.951301   323.289920   192.686411   308.816957   322.671276   321.902926   285.819882   280.893318   816.119475   2879.401634   
78.500000   317.847773   429.690082   291.219636   382.939298   332.425061   305.164347   874.875048   715.893433   1782.557248   1451.265233   339.138462   213.170916   328.094770   235.387417   475.150107   450.300436   441.677232   381.983623   360.336663   609.237266   1706.417488   288.095633   357.217051   411.862711   497.569500   326.673444   193.973895   304.906802   323.349962   316.957042   295.951670   277.415941   815.634348   2868.042918   
78.600000   320.559294   402.976285   302.730624   369.325237   342.493959   309.412446   873.604513   715.315410   1797.714075   1439.298523   339.303662   217.883342   316.265013   237.194324   486.700466   446.188333   348.257029   386.007991   365.514243   607.240154   1712.655860   284.744824   358.447282   413.765238   498.287837   332.258314   198.978836   301.377137   320.753577   321.700082   299.806029   284.770163   805.875270   2865.332072   
78.700000   300.633960   429.737749   290.208020   381.594748   336.511812   308.431122   869.990588   711.231677   1780.868677   1437.908781   321.352367   212.431476   303.260151   245.878250   469.879307   442.354861   373.425303   378.972848   364.900538   604.396078   1701.210709   286.902987   356.019511   408.712693   497.148520   328.282726   195.679858   301.942194   321.067900   316.721361   286.974386   270.720556   815.226966   2861.206234   
78.800000   300.018417   433.791804   296.397257   383.096972   335.185735   301.997182   866.257160   711.008648   1777.910342   1434.910791   320.534719   220.719049   300.299358   237.937221   474.947721   441.917331   425.101969   377.117576   366.692451   603.311535   1694.842121   284.726874   352.464568   408.062873   495.886493   320.232038   190.467652   302.674567   320.184154   321.377541   283.238180   272.425438   807.176898   2862.624418   
78.900000   309.242498   412.255852   287.376672   371.773523   331.092685   302.410222   865.578567   715.204226   1766.291406   1432.494097   321.612112   215.534034   301.242514   235.306425   473.417603   441.564779   386.277295   375.083608   360.865849   602.702833   1693.865874   284.019181   350.792291   409.916810   495.427043   318.986722   197.587459   298.503251   317.526555   319.337939   288.402799   271.490956   806.275055   2862.356335   
79.000000   301.853019   411.354684   285.370883   375.090741   327.746938   308.569771   875.954766   715.708464   1764.273787   1423.596576   321.420198   218.123666   300.047466   235.708162   465.435954   440.867579   383.518575   383.762432   357.784670   604.990820   1695.889520   284.402162   353.149671   408.874963   493.593056   317.757656   197.478039   304.775358   319.995374   312.563725   287.285134   275.519307   806.547178   2857.644692   
79.100000   298.792147   411.387352   286.369163   368.650272   329.925582   297.775290   867.624958   710.567399   1754.986676   1421.923020   314.733054   208.164725   292.510378   238.354828   467.436659   435.876967   366.032307   371.357678   358.390093   600.142483   1687.287105   287.004972   348.588697   405.788805   492.502736   314.777464   198.297938   296.350234   317.288186   313.917324   283.732674   263.451751   799.236823   2851.416618   
79.200000   304.384865   398.126465   284.754094   366.741114   332.613315   303.591485   877.952015   714.502963   1763.650756   1419.214403   317.546551   220.854985   297.104760   236.469135   470.391901   435.868025   353.973505   383.898540   356.782101   601.794761   1688.188044   282.516390   349.316604   407.871721   495.112605   315.812349   193.879235   297.624677   319.077323   319.731339   285.236152   271.681747   805.557621   2850.199761   
79.300000   302.955261   360.198777   298.473613   361.597195   333.332520   301.667406   866.553819   707.290898   1751.740878   1419.680616   330.366696   202.521242   310.198983   236.479159   465.635735   435.251977   337.205366   373.580586   360.996746   599.145615   1684.118025   281.523636   349.318916   405.738158   499.601668   319.864867   192.095442   300.544834   320.529540   320.904275   290.953307   268.548199   796.141078   2844.211746   
79.400000   295.149249   346.784363   283.492168   352.707436   329.164024   300.977390   857.311577   707.647102   1749.583903   1420.936527   320.666740   205.914330   292.989086   231.678590   465.838035   435.006560   309.837538   368.405154   359.401727   599.961420   1689.532804   283.989781   348.710656   406.894565   491.775209   318.337758   187.679711   296.241308   315.686995   315.824058   284.556375   268.548258   797.743179   2842.139514   
79.500000   293.889062   369.818235   289.117769   361.655520   334.917262   301.878842   864.037292   704.232555   1747.755859   1417.389395   323.913252   210.992899   296.247764   230.732273   464.273496   434.336980   328.066716   367.915120   360.720178   596.402165   1692.524072   283.915734   350.008401   405.088846   491.818778   317.826099   191.653921   298.412995   315.707958   316.622333   291.144638   269.272529   800.495221   2839.847496   
79.600000   289.823647   339.095801   283.932178   363.148565   327.588597   302.723975   862.228908   702.701433   1748.336185   1416.879164   312.766563   198.650158   288.617995   234.687903   466.997663   434.413016   300.622006   370.015347   355.861253   595.875902   1678.366683   281.747673   347.991927   404.587184   489.229219   318.472955   185.360992   299.437582   315.662506   316.042376   282.284300   262.882331   796.136174   2837.551201   
79.700000   287.113273   375.155422   278.720085   356.764755   325.222307   301.265626   866.284248   703.137901   1744.619209   1415.811390   312.532486   195.718307   288.488864   229.594511   461.080237   433.041480   306.586634   371.538135   354.043432   594.619074   1675.626981   280.839052   349.323324   403.204325   489.087312   314.376605   186.689655   294.549621   314.650733   312.670743   279.625915   260.794191   793.109200   2833.576505   
79.800000   293.520085   340.298755   285.003000   349.660626   323.942315   296.098951   854.561375   704.199030   1741.803599   1412.702344   309.842888   196.632029   292.970706   233.146118   462.872960   433.311391   293.338344   366.563245   353.487827   593.938069   1674.223691   281.626768   350.708454   402.083673   487.757009   312.311420   188.823233   292.134330   311.079904   312.681163   280.221511   262.780112   795.633198   2833.055386   
79.900000   283.841002   368.223964   280.316738   358.029067   323.148837   297.802217   853.486549   702.742622   1744.973780   1413.224923   307.557691   190.811219   286.176055   230.794955   463.180396   432.497359   310.392867   369.248818   352.067155   593.988874   1676.490007   280.685572   351.115296   403.753027   490.729471   313.614189   189.875300   298.614099   315.190301   312.811909   280.750293   261.265547   792.684188   2831.540099   
80.000000   281.970600   355.393291   278.564321   350.356664   323.355672   295.424764   850.669626   699.609922   1738.834695   1408.634365   305.932256   193.644871   286.429859   230.756283   459.130031   432.140758   315.251668   365.947251   352.081145   593.374755   1671.484678   281.255521   347.329717   400.092317   488.172975   315.373557   183.780691   292.979271   312.749990   313.083010   278.953261   262.549048   794.542914   2826.766956   
80.100000   280.111014   298.905073   278.141585   345.778313   323.690071   295.364436   857.126258   700.455785   1737.119394   1407.442939   311.778564   186.083708   291.207999   228.269926   457.199248   431.996866   266.035463   365.511202   351.964995   595.053144   1669.452632   280.391591   347.993640   399.652943   486.153070   314.887620   182.442067   292.442509   310.840904   308.948172   281.583302   258.976625   790.683479   2824.303110   
80.200000   276.901603   294.613370   281.949596   341.338133   324.437521   292.832087   853.226068   698.929752   1736.685729   1406.777275   306.039817   183.898835   285.689236   226.721365   458.413539   431.327660   271.431769   363.920969   353.070521   592.416656   1668.015594   280.551267   345.137349   399.755832   487.194905   312.275887   183.659450   291.320278   310.953748   315.647008   280.322183   263.308887   789.411153   2820.702387   
80.300000   277.622427   312.136084   276.997936   345.663562   322.229838   292.706384   858.200769   697.963221   1731.631126   1404.660156   305.414132   189.378117   286.790165   226.914671   457.415251   430.063737   278.216704   363.375520   350.025507   591.779022   1667.676924   278.903007   343.596401   399.275584   485.113684   312.237972   181.947062   291.693694   308.430255   310.229134   280.156327   261.038411   788.213901   2819.451614   
80.400000   281.526059   317.109340   277.349742   342.579180   323.963645   292.296871   848.805275   697.062704   1731.551046   1404.676478   305.912876   188.049177   287.561935   229.248077   459.469223   431.119221   297.284720   361.980463   352.614403   590.234645   1664.478129   279.531217   343.576030   399.894060   486.953985   312.705581   182.666356   290.164287   310.235161   309.697836   278.692660   262.211707   787.365751   2816.177891   
80.500000   283.199083   295.314893   274.499987   339.209904   320.495101   293.496977   848.540605   697.333329   1729.250335   1402.295972   308.371618   183.310235   286.169010   227.420851   456.654445   430.038762   262.574733   362.221747   349.884343   590.958814   1663.653632   278.400563   345.228067   399.180823   485.603134   312.422601   182.400366   288.030709   309.957375   306.954038   277.798121   258.612767   786.434867   2812.988437   
80.600000   273.938030   297.601353   276.769549   340.031999   320.718119   290.889531   846.190155   695.840973   1728.167101   1401.401565   304.072883   186.358094   283.205722   228.477808   453.963832   428.753554   257.762062   360.550938   348.081186   589.984860   1662.601043   278.574486   343.806328   398.500026   484.244554   310.707939   183.852517   289.039056   309.376376   307.394850   274.872932   255.860794   786.131282   2810.882254   
80.700000   275.422531   283.879505   273.980244   338.148412   320.007775   290.389833   844.666178   695.117830   1726.607348   1400.806696   309.644269   186.337422   285.096941   226.648486   455.246557   429.971661   253.217559   360.546893   348.635919   589.598260   1660.434935   277.803613   343.415088   399.489928   485.323487   311.771720   183.061982   287.434457   308.066161   307.757077   276.612310   256.224357   785.524212   2808.697168   
80.800000   271.108276   274.509201   273.588537   337.521279   321.734078   290.923978   844.542306   695.675836   1725.501193   1398.561877   304.617835   182.177540   282.948786   227.070873   451.629265   427.903417   249.210986   361.520182   346.544239   588.635357   1659.269895   278.180688   342.990473   398.718407   483.033640   309.750060   181.086954   289.387070   308.557664   306.877845   278.949780   255.196729   783.817471   2806.543613   
80.900000   271.778437   269.386388   273.421897   335.782062   320.386143   289.672065   844.080433   693.643646   1723.608473   1398.395374   300.051200   181.040436   283.804985   224.560566   454.717611   428.716259   240.683638   358.982878   349.335391   587.728016   1659.377497   277.184831   342.018415   398.130332   483.519010   310.346516   182.993330   288.374774   308.042887   307.336080   274.446117   256.644610   783.812522   2804.367733   
81.000000   278.861346   269.368027   275.653826   337.607111   318.738466   291.982978   842.341117   693.519943   1722.086469   1396.119855   300.772080   181.976422   284.084155   225.611325   452.120865   428.763232   259.017990   359.379253   348.866610   586.812857   1657.126782   277.026059   341.983287   397.090915   482.473499   309.752892   182.266212   287.872439   307.627144   308.582668   275.838085   255.779772   782.830012   2801.776537   
81.100000   275.471689   270.668213   274.508409   335.097343   317.860456   290.599440   841.545435   692.716810   1720.832243   1395.293976   300.494806   180.106310   282.192273   227.313500   452.442606   428.693282   256.028820   358.880954   345.504287   586.815509   1656.189255   277.538780   343.327187   398.228483   482.263930   309.584715   181.459646   286.391926   306.175017   306.571415   274.132427   256.253531   782.617289   2800.073514   
81.200000   276.939143   273.709033   277.268242   336.573977   321.393794   291.137345   841.703936   692.243252   1719.700634   1394.472106   300.463054   180.699024   282.513874   227.754458   452.509870   427.444481   255.944468   359.630005   349.296764   586.680978   1654.832578   278.776250   343.297749   396.379452   482.838506   307.656932   183.088253   287.192434   307.318655   306.763904   274.126650   256.438143   781.940701   2797.275887   
81.300000   271.681546   266.530278   272.424296   334.986324   317.699940   290.967915   842.153295   691.728581   1717.860201   1392.925999   301.648228   180.002675   282.359737   225.487993   454.601816   426.427019   236.750181   358.323002   345.573476   586.495726   1654.162414   277.416279   341.281347   397.041011   482.766459   308.976867   180.201873   287.308950   306.955378   305.785305   272.816815   253.283836   781.116027   2795.476209   
81.400000   269.088883   272.991012   272.656452   336.309675   318.442990   289.568414   840.740298   691.775449   1716.057136   1391.864981   299.139297   181.567183   279.458352   223.758431   449.770132   427.880965   235.260152   357.275711   343.504392   586.110679   1651.532693   277.376765   340.510478   396.621383   480.449223   306.324294   182.216773   286.536136   306.614906   305.003808   272.485555   252.877667   780.052243   2793.179844   
81.500000   270.041927   266.060181   273.692669   333.675703   319.233153   287.945496   841.453116   690.494842   1714.624846   1390.519724   298.657335   178.980417   285.203567   223.530538   450.684351   425.905997   231.452731   358.209575   344.518623   584.825954   1650.100840   275.741443   339.441490   395.611932   479.099332   308.220447   179.366792   285.665870   305.936776   305.329009   273.422854   254.020909   779.466295   2790.762177   
81.600000   267.689090   257.878995   272.242202   335.850996   315.733620   289.305703   838.059218   690.104698   1714.875756   1389.591624   298.098520   181.888588   281.761369   222.875901   450.351574   425.799735   230.035705   357.221818   342.946183   584.596775   1648.525209   276.462803   340.103783   395.356162   479.041776   307.741016   177.923875   284.739757   304.942225   302.834262   271.629908   252.089750   778.803637   2788.588454   
81.700000   270.376421   266.681781   272.592610   334.021179   319.642586   287.814944   838.865128   689.469042   1712.095508   1388.730949   297.441749   178.864486   281.794507   223.704000   450.809004   424.670604   235.458122   357.622210   345.032075   584.072412   1647.711882   275.609314   339.394394   395.150904   480.012930   311.567624   178.695308   286.688918   306.801976   304.508026   273.454653   253.258899   778.416356   2786.528320   
81.800000   269.691725   260.850042   271.770985   333.710359   316.614266   286.994528   837.171489   688.732419   1710.212241   1387.903427   296.430146   179.643978   278.545116   223.564239   449.604007   424.745692   229.339133   356.894593   344.157048   583.194686   1646.106030   276.063604   340.421216   394.352008   479.388799   306.601835   180.013787   286.100171   305.656830   304.784911   270.882909   253.175936   777.514294   2784.124548   
81.900000   269.715459   260.395891   272.119369   332.400132   316.288051   287.914405   836.259321   688.661527   1709.046505   1386.392008   297.802192   177.952783   279.173047   222.085710   449.181921   425.277083   225.632815   356.262484   343.166133   582.889142   1645.181408   275.195787   339.691396   395.490074   478.729788   307.934889   182.120704   284.839184   304.642101   303.263473   272.280360   252.751545   777.327571   2782.006105   
82.000000   267.525122   259.716144   272.007997   331.685758   317.020554   287.033985   835.092440   688.570616   1708.063021   1385.587383   299.663458   177.440823   280.164353   223.431549   450.128648   424.466899   227.378260   356.006160   344.436520   583.113529   1643.556311   274.583970   340.516810   396.216125   477.516841   307.198935   179.114797   283.764872   304.373736   305.028616   272.546515   252.152304   775.903593   2779.894568   
82.100000   269.600652   258.203837   273.295942   330.790992   316.649592   287.711910   835.703717   688.330487   1707.456548   1383.944151   298.524010   179.569504   285.365560   224.163388   447.481354   425.823889   226.325178   355.796141   343.902027   582.050513   1642.317508   274.518664   338.987045   395.016867   478.149718   306.727903   178.778346   283.732618   303.876679   303.239612   273.179403   252.781497   775.660958   2777.862605   
82.200000   266.394135   256.196701   270.142128   332.011024   315.165727   286.934802   834.056031   686.879198   1705.895132   1383.190270   297.439135   175.710865   280.304144   224.577814   447.611567   423.817761   225.557800   354.906479   343.006474   581.305186   1641.077525   273.814181   339.150117   393.147391   478.005822   307.708833   177.829224   284.563651   303.688760   303.450717   272.413622   251.254494   774.947709   2775.683143   
82.300000   265.798143   255.209987   273.003362   332.899345   315.751107   286.885159   833.150948   686.917153   1703.484194   1381.757408   297.853929   177.393874   279.803313   222.113978   448.348930   423.109854   225.912441   354.639069   342.908610   581.768553   1640.525911   274.249703   338.907648   393.868866   477.898587   306.878440   179.527225   283.678833   303.480649   304.567947   271.674217   253.797334   774.153367   2773.650825   
82.400000   266.902040   254.173326   268.764016   329.726553   315.978212   285.333524   832.295019   685.507828   1702.396356   1380.761369   295.765938   174.563170   278.622893   222.866495   449.763906   423.041950   222.499251   355.659993   342.783829   580.256940   1638.305829   274.321838   338.534701   393.718123   475.933571   306.883050   179.671841   283.224701   304.644768   303.801131   270.989392   251.188674   774.208728   2771.677645   
82.500000   264.264733   250.953713   268.281945   330.798763   316.079091   285.484919   831.748403   684.969319   1701.282233   1379.550565   294.932869   174.428558   276.798565   221.855938   447.186543   423.624851   219.100065   354.359745   341.198148   579.876875   1637.755087   275.127561   337.406141   392.352357   477.387249   304.843292   179.411237   284.337765   303.469137   302.852769   269.938349   250.507922   773.150917   2769.543250   
82.600000   263.160052   252.258305   270.942543   329.616171   315.398479   286.700615   832.150449   684.566749   1699.629385   1378.973317   294.439986   174.631833   278.576690   222.717134   445.595242   423.092814   220.211142   354.116411   340.654706   579.892152   1635.869258   275.423351   337.102956   392.110369   475.534693   304.541260   178.028509   283.454179   303.789032   301.368992   269.636634   249.485597   772.857903   2767.421994   
82.700000   267.630172   252.254835   271.238202   330.404912   314.902083   285.662502   831.489822   684.244408   1698.753199   1377.774722   294.372777   173.802263   277.214069   222.947894   445.884642   422.010036   227.646873   355.250162   340.634486   581.297915   1634.778707   273.538070   336.725059   392.851557   475.463896   305.163105   178.642571   283.082307   303.367708   301.990423   270.248222   250.452181   772.367535   2765.252845   
82.800000   263.113407   250.662651   271.004063   330.703082   313.639804   284.766966   830.098246   683.841532   1697.403214   1377.067216   295.423124   175.032630   276.390850   222.160511   445.162187   421.885733   219.494277   353.844948   340.103841   579.644153   1634.021859   274.676325   336.725173   392.153695   475.675293   304.847435   180.277340   282.079463   303.607132   300.993941   268.936483   249.803686   771.467075   2763.213833   
82.900000   263.584315   249.576267   268.399856   328.087311   312.177947   285.113714   830.057519   683.127005   1695.942630   1375.626985   293.322148   175.261147   276.628356   222.151793   444.049118   421.282285   219.754277   353.642432   339.980859   579.024898   1632.215403   272.629586   336.182194   391.349567   475.168056   304.904148   177.724726   282.796672   303.713855   301.621700   267.941916   249.438014   771.258606   2761.256749   
83.000000   263.758433   249.236013   268.784003   328.566442   312.283974   283.941906   829.556455   682.475918   1694.718991   1374.192471   292.568766   175.006325   275.261431   221.317389   444.596942   421.580267   217.250129   353.119495   339.923114   578.107734   1630.820657   272.958709   336.863817   390.862871   473.763749   306.284091   176.383349   282.892019   303.609810   300.372886   268.375738   248.784303   770.214756   2759.216145   
83.100000   264.447773   249.452402   270.085079   327.838858   316.169978   284.278894   828.458572   682.019951   1693.811141   1373.235073   296.278192   174.362008   278.941784   220.489256   443.668173   420.928009   220.603654   354.028239   340.267513   577.424413   1630.026153   271.994541   336.987474   390.683055   474.496690   303.442643   177.190535   283.249328   302.194943   300.271230   270.085109   251.577465   769.381877   2757.118760   
83.200000   266.311428   248.658304   268.285902   327.498646   312.734228   284.160516   827.433511   682.034905   1692.203375   1372.307716   293.134241   174.349344   278.712037   220.002727   443.330898   420.068569   217.914044   352.332609   339.400992   577.433802   1628.667343   273.136464   335.676764   390.951610   473.217293   305.879003   178.274680   281.162068   301.354454   301.823326   268.722781   249.800565   769.245402   2755.343826   
83.300000   263.396900   247.515777   267.738688   326.961933   312.270794   283.899281   826.639535   681.258108   1690.845772   1371.612178   292.561566   173.623911   275.379651   221.847235   442.400127   420.401454   218.098676   352.053123   339.050393   576.576357   1627.496348   271.738134   335.448110   390.732860   471.988236   301.911335   177.192143   281.057975   301.627038   299.259112   268.387105   248.150655   768.684810   2753.171242   
83.400000   264.228946   247.307324   266.686999   328.619758   311.825425   283.525612   826.930396   680.604315   1689.687878   1370.740601   293.587602   173.486646   279.484429   222.072867   442.692968   421.017034   217.698440   352.470233   337.652031   576.106746   1626.774987   272.186344   335.329867   389.279651   473.224688   302.896387   175.351697   281.165658   301.931338   299.692790   268.947989   249.396338   767.976830   2751.252161   
83.500000   264.192623   247.911683   268.402761   327.153483   312.379399   284.254482   826.099609   680.288096   1688.447964   1369.287698   293.645829   173.959036   276.033250   221.912377   442.608134   420.046242   215.213364   351.536784   337.513180   576.171670   1625.096766   271.936570   335.116222   389.666601   472.502473   303.828864   175.379526   280.294279   300.876267   300.426183   269.611075   248.628716   767.941155   2749.132306   
83.600000   262.170000   247.399345   266.997251   325.673747   312.907974   284.349598   825.330869   679.643614   1687.101178   1368.628143   293.631097   173.957829   276.525283   222.963026   441.964133   419.015416   214.554321   351.183112   338.387661   575.523376   1624.340462   271.233162   335.037468   390.984540   471.490424   302.789282   176.112147   280.931857   301.871741   298.941966   270.532120   249.519289   766.643260   2747.219332   
83.700000   263.097116   246.923548   269.310967   325.447015   312.506286   282.359909   824.564452   679.472250   1685.938647   1367.590547   295.518948   174.331170   276.722193   221.550052   442.483955   418.468083   213.793190   351.101277   338.885486   575.237647   1622.914637   273.131301   335.596748   388.751276   474.122806   303.150315   178.709585   280.277908   300.728542   301.502323   268.574121   250.230660   766.626509   2745.094487   
83.800000   266.988907   245.919191   269.852593   325.313122   316.218415   282.027395   824.326998   679.080347   1684.679069   1366.692540   292.641319   172.817966   275.903671   219.663165   441.655515   418.290479   214.964398   351.074807   340.919953   575.357798   1621.615175   272.329569   333.933005   388.173038   472.355338   305.475310   175.625309   279.747756   300.904139   298.516324   268.227023   248.244052   765.909865   2743.075050   
83.900000   260.220188   245.044702   266.363001   326.839236   311.527364   282.512821   823.510718   677.987103   1683.430020   1365.192088   291.212206   173.727376   273.833580   221.514073   441.034909   418.486357   213.684647   350.376597   337.383853   574.581263   1620.089507   271.535691   333.923152   388.496831   470.636921   301.615364   176.357778   280.247891   300.156517   298.922787   266.287194   246.634438   765.248992   2741.165518   
84.000000   262.087866   244.823369   267.304667   325.555604   310.533833   282.408094   825.933211   677.834624   1682.016121   1364.253287   292.796309   173.398409   276.171166   219.607139   442.599264   418.350696   215.079459   350.845948   339.141101   574.812097   1619.147359   270.721520   333.609626   387.873136   471.906007   303.108614   175.292646   282.242123   299.954155   297.385477   267.671166   248.589312   765.043415   2739.140322   
84.100000   262.033574   244.826037   267.616521   324.356233   310.772153   282.256930   822.211846   677.493740   1681.033082   1363.713677   293.310245   173.505304   273.620727   219.627461   439.703453   417.795055   212.426247   350.311511   336.344351   573.642184   1618.078820   269.836228   333.247847   388.782753   470.041138   300.088684   176.211216   278.763304   298.876427   297.935730   265.682273   247.186404   764.711257   2737.190120   
84.200000   262.652828   244.489313   267.628973   326.441583   310.173895   281.824760   821.565273   677.067390   1679.631771   1362.519615   291.420783   171.453558   273.602794   219.095067   441.015902   417.961609   213.655635   350.679845   337.070684   574.622830   1616.789413   271.578028   332.801958   387.493582   469.756743   300.557332   175.946782   280.262962   299.402367   299.151253   266.989996   247.178966   763.466203   2735.203621   
84.300000   260.420213   243.964388   266.627371   324.419581   310.543230   281.281827   820.715951   676.291355   1678.548936   1361.474878   292.602298   172.729611   276.559125   218.174117   440.654260   418.495210   212.519224   349.696976   337.704775   572.345072   1616.194800   271.451066   333.495405   387.321031   470.902067   301.571172   175.538263   279.186560   300.793025   299.340429   266.220002   247.737946   762.991821   2733.341395   
84.400000   260.006494   243.589832   266.498733   324.096537   309.572407   280.990932   820.300138   675.606447   1677.160643   1360.910485   290.691857   172.668345   274.575863   219.480379   438.987350   416.398306   212.352651   349.666149   334.976938   572.378878   1614.512136   269.850490   333.349247   387.593223   469.171311   302.776903   175.802396   277.849185   299.124631   297.826874   265.635206   246.638703   762.181363   2731.497152   
84.500000   259.537019   242.625911   266.969254   323.848000   308.863714   282.276047   819.746863   675.406098   1675.795155   1359.708340   290.616497   171.643184   273.709940   219.456055   438.633193   416.813074   210.048939   349.126787   334.810643   571.932050   1613.479667   270.273400   333.185817   386.988671   468.266008   300.732777   177.314709   279.109713   298.753857   297.741966   265.870330   246.028164   761.496348   2729.561583   
84.600000   260.309317   241.672302   264.431780   324.307083   310.020706   280.682657   818.682188   674.684904   1674.761533   1358.677367   289.847076   170.831763   272.659930   217.855647   438.617406   417.231747   211.509308   349.276128   334.537853   571.093567   1612.450261   271.171722   332.517558   386.920098   468.449426   302.952661   174.075695   278.999832   298.114301   297.993579   264.177897   245.354324   761.890706   2727.641597   
84.700000   262.767890   241.747891   266.385439   323.931218   309.354773   281.994620   818.482944   674.033532   1673.801955   1358.233915   292.262232   171.689202   275.622459   217.943902   439.379789   415.809956   211.178080   348.189546   335.457463   571.629417   1611.026738   271.037475   331.885054   386.327575   468.542992   300.027499   176.024479   277.857579   297.964714   297.344765   266.699745   246.980979   760.640912   2725.553700   
84.800000   260.060775   241.281315   268.892696   324.294817   312.444806   281.102487   818.570233   673.761241   1672.685299   1356.569171   291.847891   171.407760   274.477670   217.812104   439.376250   415.101137   211.363002   348.715163   337.985715   570.510685   1610.440446   268.890307   332.113111   385.374406   468.845749   300.603516   175.211078   277.830575   299.118124   299.477691   267.765381   247.442227   760.123680   2723.635457   
84.900000   261.438448   241.599211   269.552045   323.677745   310.962315   281.135945   818.652362   673.598347   1672.079231   1355.607151   292.013221   170.125644   274.478511   218.287426   440.120267   415.129989   212.007927   348.009281   337.114320   570.408100   1609.866703   269.408202   331.858203   386.109714   467.702928   301.055116   175.086023   277.958066   298.298913   296.974392   267.853468   248.903126   759.707005   2721.828531   
85.000000   260.359099   241.268213   266.481104   322.236507   309.964970   280.445195   816.474535   673.015525   1670.290859   1354.840578   288.835495   170.532968   271.952407   216.980386   439.491255   415.094451   211.623007   347.929205   335.574257   569.670322   1607.802512   270.051576   332.471851   386.667214   467.535688   299.938720   174.996662   277.104058   297.740503   297.852843   265.811738   246.186247   759.309169   2719.837912   
85.100000   258.767626   240.446426   265.372012   323.759551   308.849298   280.532537   817.014956   672.377397   1668.832623   1353.704957   289.442030   171.141061   274.624845   218.244716   438.459999   414.840083   208.037947   347.645343   335.083157   569.352100   1606.661003   270.693768   331.072941   385.030056   466.262405   299.083710   176.337799   278.480377   296.938772   296.360488   264.607265   244.990844   758.579239   2717.974791   
85.200000   258.124816   240.738791   264.319730   322.884676   307.944731   280.882837   815.369943   672.014609   1667.613795   1353.106469   289.585727   171.375319   273.740720   217.355166   438.751455   413.988235   209.050046   348.068822   335.222093   569.657720   1605.351539   269.404071   331.083825   384.549298   466.319639   297.950403   174.316725   276.438597   298.133329   296.331204   265.654292   245.000047   758.246038   2716.115614   
85.300000   259.821641   241.052066   264.095751   322.949489   309.894879   279.766259   815.848429   671.569918   1666.522156   1351.903671   289.406858   172.607146   273.364946   217.681197   437.476120   413.861321   210.534637   349.273989   334.967343   568.979569   1604.428234   268.423162   330.704439   384.366061   465.636917   300.683462   174.524887   277.162279   297.309515   296.076762   266.342668   245.742519   757.431392   2714.368526   
85.400000   258.326289   239.571558   268.620546   321.479981   308.170322   279.790077   815.089562   671.008346   1665.653139   1350.829826   289.236886   172.899815   272.101022   218.520589   436.876745   414.545087   208.534198   346.694240   334.696815   568.364687   1603.100089   268.284384   330.466565   384.616148   466.147561   300.000021   174.690866   275.925621   296.400592   294.754019   264.175749   245.790213   757.061476   2712.315135   
85.500000   258.725406   240.235474   264.707434   322.006865   306.792254   279.508796   813.338117   670.355095   1664.319219   1350.257258   287.893296   169.326341   271.328842   217.582400   437.160027   413.839023   207.691943   346.560665   333.848593   567.611140   1602.237894   267.886977   330.166037   384.402929   464.828519   297.712373   173.968894   276.499923   297.153842   294.685884   264.999531   244.299509   756.773837   2710.630160   
85.600000   258.847074   239.481564   262.239620   323.450391   307.056737   278.914082   812.762344   670.039982   1662.767168   1349.339274   288.429057   172.153937   271.172498   217.661461   435.267133   412.695364   207.394028   345.715322   334.149040   567.817132   1600.672862   267.756605   329.683678   383.485263   464.794305   297.905062   176.774072   276.451481   296.308137   294.657998   264.309018   243.935087   755.966640   2708.630796   
85.700000   260.296774   238.131241   263.635407   321.277916   306.550177   279.288750   812.509006   669.670737   1661.751839   1348.025849   287.283198   169.676688   270.844055   217.718800   435.278940   413.146293   209.894958   346.668610   332.272436   567.168442   1600.106742   268.933187   329.719996   383.621017   464.778421   299.593145   172.864979   276.210643   295.480226   294.106168   265.351437   243.990415   755.346387   2706.763156   
85.800000   258.971331   238.048288   263.822479   320.954303   306.780646   279.713445   813.182010   668.982498   1660.917735   1347.150071   289.410783   170.680022   271.479053   217.327075   436.201226   413.525972   208.618853   347.068999   332.563525   567.271040   1599.053709   267.505133   330.477208   383.422914   464.538022   298.669426   173.674464   276.215931   295.623523   297.380774   266.291360   244.255600   755.163262   2705.044927   
85.900000   258.184579   238.042950   264.012161   320.308068   305.267546   278.932631   811.412831   669.039086   1660.290507   1346.311938   287.222100   169.615782   272.600205   216.125658   436.272774   412.234606   209.898863   344.661826   331.679188   566.255044   1598.067436   267.966355   329.695930   383.716704   463.762451   297.754373   173.526377   276.060169   295.397628   295.419591   265.930202   243.642272   754.254672   2703.288233   
86.000000   258.870280   238.886450   262.017658   320.598978   309.188448   279.228610   811.518108   667.963996   1658.558912   1346.142163   287.035922   171.255748   270.740760   214.966135   433.503662   411.673526   207.071922   345.108139   332.357528   565.761554   1596.740923   266.287908   329.537812   382.777546   462.775237   296.173977   174.308781   276.107469   295.792201   294.181176   264.224226   243.752058   753.718597   2701.412525   
86.100000   256.119929   237.232623   262.964879   319.897519   307.600393   278.780155   810.725810   667.836829   1657.291402   1344.605014   287.916248   170.929157   269.093211   215.690389   434.459383   412.237751   207.113443   345.167131   332.571587   565.082316   1595.465820   268.850315   329.448408   382.285518   463.081114   296.154336   174.679885   275.418128   295.156088   295.356805   263.535662   243.014961   753.360267   2699.663721   
86.200000   256.346191   237.452603   264.497591   319.252953   306.434062   279.305661   810.613147   667.581374   1656.195871   1343.561190   286.675090   170.122529   270.909495   216.139759   434.782661   411.369589   209.450245   345.158369   334.500843   565.084583   1594.771646   267.497540   328.390737   383.610812   463.365768   298.445602   171.941158   275.869108   294.681540   294.623255   263.091446   243.748761   752.923181   2697.750184   
86.300000   257.727080   237.402845   262.091391   318.839042   306.512697   277.968919   809.535071   667.106369   1655.148203   1342.718653   286.230458   170.015843   270.695959   217.042002   434.282114   412.158947   206.669953   344.147216   332.783241   564.755801   1593.312932   267.965896   328.721125   382.453673   462.500474   296.320681   173.086379   276.047643   294.203011   293.592925   263.857089   243.319395   751.946552   2695.889195   
86.400000   257.187738   237.965936   264.959129   319.591931   306.667951   277.080303   808.317640   667.351069   1654.232357   1341.744568   285.580826   170.446344   269.881746   217.115848   434.309954   411.203362   207.829479   344.258447   331.583459   565.106353   1592.779155   266.873995   327.800559   382.322452   463.497597   297.805492   174.924179   275.405755   294.654411   294.127177   262.697607   243.723663   751.724735   2694.231889   
86.500000   257.017639   236.030423   261.665479   319.150535   306.827993   278.011717   808.272407   666.689638   1652.974942   1340.943015   287.024489   170.110163   270.136116   216.724834   433.869891   410.319011   207.331846   344.529909   331.160219   563.673199   1591.470188   266.135653   327.803963   381.556345   462.883204   297.615154   174.581191   274.355173   296.273638   294.260514   261.504690   243.117718   751.990726   2692.434675   
86.600000   257.128151   237.968196   262.681184   318.368095   305.488113   277.703112   807.620300   665.481224   1652.000363   1340.360109   285.186825   169.048434   270.386824   216.668767   434.720856   410.307749   206.682984   343.211175   332.687656   564.162741   1591.166114   265.840921   328.797055   381.101865   461.681450   296.342894   170.957821   274.365717   295.970547   292.925769   261.096613   243.187460   750.948177   2690.600033   
86.700000   257.673430   237.122613   260.913263   318.582149   304.595395   278.316691   807.574397   665.067945   1650.522358   1339.747125   285.697082   169.866902   268.885534   216.466726   434.527756   409.853013   207.241035   344.459560   330.402921   563.300752   1589.282731   265.434396   328.862262   380.660946   461.808865   297.352284   174.062595   273.487994   295.013609   294.048289   261.279009   242.572392   750.363221   2689.056190   
86.800000   256.313488   235.517334   261.905894   319.075251   305.038346   276.734797   807.300391   664.995467   1649.588305   1338.697717   286.318939   169.222693   269.979798   215.687390   432.631497   410.421979   206.839575   343.354117   331.154869   563.366918   1588.269750   266.499042   329.410307   380.684014   460.896730   295.628729   172.691877   273.756315   293.907809   294.007422   260.693289   242.941060   749.834553   2687.118595   
86.900000   255.997593   235.381924   260.266892   317.957263   303.413606   275.756815   805.735382   664.890867   1648.587185   1338.137358   285.886536   168.612251   269.734806   214.304739   433.100327   409.725774   206.515578   343.607011   331.098844   562.863952   1587.383753   264.642826   327.398094   381.150850   460.359968   295.425173   172.897739   273.746481   294.179990   292.760147   262.200188   242.440053   749.721692   2685.142259   
87.000000   254.663787   234.405817   261.122546   317.988804   308.232847   276.190300   805.418637   663.943648   1647.940226   1337.101338   286.511448   169.074996   270.940639   214.348108   433.335948   410.159125   207.039725   342.880518   329.933695   562.790776   1585.909273   264.619838   326.911215   379.862343   460.395031   296.657414   170.577118   273.412823   294.157000   292.467429   260.878187   242.117794   748.721750   2683.437702   
87.100000   253.753361   235.190420   259.410438   317.456614   303.384440   275.594985   805.099191   663.814875   1646.335166   1335.501080   285.740409   169.034513   267.254420   214.822655   430.768032   409.373444   207.874653   342.818026   331.519587   563.190127   1584.865319   264.853482   327.662695   380.477911   461.011671   295.167986   171.985636   273.749502   293.401992   294.636130   260.810593   242.347350   748.976636   2681.748530   
87.200000   254.337209   234.674448   259.800681   317.597777   303.236371   275.649888   805.028714   662.994765   1645.409532   1334.808894   284.671467   169.031777   269.532764   215.362418   431.627158   408.766476   204.147182   342.949089   330.096513   561.931126   1584.088669   264.541992   326.588046   379.865544   461.528871   295.855409   171.548141   273.766207   293.679520   291.260822   263.319216   242.842384   748.258244   2679.953803   
87.300000   257.337527   234.061778   258.972143   316.663336   305.663281   277.483351   804.232179   662.629014   1644.185291   1334.557899   284.190115   169.525720   271.995274   213.751708   432.796906   408.118651   209.429362   342.089257   331.506341   561.035063   1583.135275   265.045285   326.358273   379.937062   461.317883   296.135851   172.346903   273.542133   292.485055   292.124386   265.941634   243.914007   747.135331   2678.191401   
87.400000   254.967449   234.895865   261.279240   316.575895   304.280307   277.409954   803.572365   661.814821   1643.360760   1332.905230   283.509307   167.507735   272.997722   213.535188   431.300351   407.992471   208.908813   341.802975   330.946369   560.192412   1581.844199   264.686565   325.301799   378.885424   460.719504   295.783068   170.399894   273.489220   292.323755   291.686350   260.897235   242.429878   746.774196   2676.456238   
87.500000   253.800890   234.410069   260.948975   318.569202   303.570428   275.887688   803.108236   661.569576   1642.053775   1331.987667   283.593095   168.054374   269.100622   215.564726   429.845676   408.274981   203.095940   341.297289   328.693507   560.001288   1580.917730   264.609942   326.496079   378.730157   459.380554   293.924942   170.381243   272.804007   293.151470   292.014385   260.349709   241.420073   746.635908   2675.089950   
87.600000   253.562813   234.154290   258.398972   317.959954   303.717005   275.554223   803.200073   661.454123   1641.158715   1331.430144   284.511667   166.973547   268.560976   213.418174   430.955095   407.560300   202.458022   340.892266   329.851597   560.070006   1580.260643   264.045642   326.289038   378.531899   458.635342   293.993266   173.499790   272.919368   293.342633   291.164353   261.859404   240.727588   746.083008   2673.104496   
87.700000   254.334434   233.592007   258.987133   316.397579   304.084655   275.417378   802.292591   660.731471   1640.105161   1330.477449   283.579607   168.157672   268.178210   213.474925   430.184113   408.418989   202.332328   342.739207   328.112587   560.590139   1579.021438   263.544654   325.889269   379.028475   458.153983   294.807649   171.873294   273.536571   292.324310   291.273055   259.812054   241.798445   745.804193   2671.356480   
87.800000   252.792450   234.268082   259.413463   316.222061   302.743641   275.269706   802.331079   660.703503   1639.463991   1329.544879   283.875824   166.755289   267.929269   212.883590   430.237565   407.764118   201.962517   341.411805   328.958170   559.563963   1578.232818   263.904479   325.401511   379.663247   458.584995   294.606280   170.274615   273.111501   292.111469   290.836693   264.557243   241.200582   745.112592   2669.693858   
87.900000   255.856727   233.284110   259.336311   315.748925   302.565192   274.940352   800.452780   660.297831   1637.660110   1328.758845   283.665562   167.107523   267.997429   213.648746   429.475182   406.487248   202.250471   340.490782   328.903806   558.750344   1577.080282   264.889553   326.170182   378.359458   458.095200   292.814528   169.897758   271.789860   291.313001   290.437797   258.653740   240.293368   744.471902   2668.107179   
88.000000   254.735159   233.502924   258.738554   315.246226   301.921822   274.960020   800.758044   659.455300   1637.052649   1328.415038   289.571687   167.401090   266.760727   212.390770   430.184184   407.883684   203.903490   340.827928   327.995052   559.782790   1576.290504   264.504253   324.473133   377.666399   457.381345   293.642382   169.602727   272.975973   290.573527   290.301055   261.634081   241.723732   744.273579   2666.359570   
88.100000   254.656686   232.403112   258.556868   315.492387   303.299936   274.581965   799.362708   659.303291   1635.938947   1327.235751   283.061828   165.927030   268.601981   212.822411   430.155770   406.353300   201.149499   341.196107   328.114562   559.445794   1575.406073   263.585987   324.815169   377.596485   457.556544   293.706327   170.062004   271.636666   292.085921   290.124461   260.106413   240.479458   743.642804   2664.586259   
88.200000   254.217679   232.478320   260.948986   314.418855   304.540049   274.284170   800.692132   658.570177   1635.131266   1326.397954   286.457376   167.569482   268.217042   213.615100   430.331687   405.518541   205.675892   339.691430   329.689601   557.478936   1574.880124   263.009119   325.062393   379.331274   456.465133   292.764158   170.139603   271.161135   292.499756   290.583632   259.305269   242.341642   743.466863   2663.047279   
88.300000   254.083381   232.540704   259.693576   315.336632   301.996858   274.148724   798.363519   658.219806   1633.843106   1325.585765   285.796122   167.991284   267.693687   213.763566   431.695205   406.160661   204.385660   339.859064   326.570067   557.700711   1573.159724   263.337817   323.793048   377.196898   456.933244   292.722056   169.611357   271.243247   291.719002   291.021385   260.461633   241.331353   742.806056   2661.157133   
88.400000   254.079830   231.421697   259.255786   315.419033   304.670423   274.257543   798.300473   657.514465   1632.964896   1324.226011   283.574282   167.185912   265.344290   213.850004   430.522491   406.420209   203.019785   339.760763   327.055063   557.060945   1572.098857   263.358558   323.976450   378.362087   457.795849   294.016342   170.672269   271.779376   290.754567   289.939111   261.129842   241.661459   742.106810   2659.567345   
88.500000   256.049902   230.901781   259.655219   314.365104   305.392747   274.023760   798.120038   657.708733   1632.027310   1323.986696   285.536402   169.544177   269.747503   213.242905   429.162701   406.067426   207.653662   339.875813   327.418786   557.261768   1571.576477   262.109313   323.847948   376.484812   457.364341   296.958815   170.324664   273.503496   290.254362   291.411891   263.187036   243.423628   741.828981   2657.906885   
88.600000   252.929210   230.795545   259.716097   318.138200   302.044272   274.163076   797.767428   657.025477   1631.102086   1322.791956   283.453276   167.461241   266.359340   212.153713   429.031337   404.603447   201.985870   340.175006   327.387480   556.251960   1570.279411   262.473406   323.790277   376.217625   456.093211   293.658348   169.917280   272.199526   291.206219   291.098387   258.691804   241.016011   741.124405   2656.296901   
88.700000   253.439146   230.954755   258.341122   315.197582   303.585619   273.848921   797.029842   657.188135   1629.793280   1322.008959   281.602994   168.772655   267.675099   213.247973   429.206479   404.396227   204.583574   340.266382   327.003046   556.414638   1569.089650   263.967312   323.448659   375.617526   456.149817   293.796404   169.573130   270.892471   291.921430   289.465995   262.140878   240.853459   740.869551   2654.787977   
88.800000   251.962943   231.718341   255.898108   315.803693   299.936345   273.180673   795.912534   656.363245   1628.534863   1321.403965   283.111635   169.205906   265.978814   211.734171   426.237980   404.592228   198.840802   338.591406   326.927277   557.405487   1567.946546   262.406072   323.418084   375.853410   454.817550   291.250087   169.800501   270.909806   290.302931   289.616592   258.453088   237.937138   741.026790   2653.400981   
88.900000   252.234577   230.269519   258.772584   313.884720   301.314401   273.618617   795.659766   655.827697   1627.712721   1320.432546   283.418374   169.439399   266.911848   211.912099   428.985373   404.490463   205.515157   338.176066   327.626601   555.491314   1566.927269   261.949975   322.512642   375.638347   456.666375   291.848282   170.940965   270.096125   289.435796   289.671539   262.774849   240.929008   740.777669   2651.322906   
89.000000   253.181107   230.384064   257.762569   313.622845   301.766251   273.725135   797.425428   655.428968   1626.427795   1319.829791   285.113828   166.620455   265.602912   211.245492   428.224028   404.108066   200.441593   338.454835   327.167981   555.183221   1566.400008   261.793029   322.722881   374.835813   456.589770   292.562477   171.978053   270.316360   289.267483   292.283014   258.658207   242.112354   739.815631   2649.649542   
89.100000   251.690787   230.625295   260.763880   313.951334   301.114639   273.364520   795.485906   654.734575   1626.005906   1318.824913   281.940297   167.051911   264.358602   213.574553   427.130102   403.945847   202.546420   338.466713   326.577579   554.554745   1565.462272   262.478470   322.262410   375.310002   454.344938   294.739537   168.684208   270.905054   289.560619   289.124677   259.245724   240.414465   739.226962   2648.199844   
89.200000   250.277026   229.226511   258.405419   313.650663   298.803306   273.283496   794.258905   654.174248   1624.686646   1318.026058   283.349240   166.672574   264.037566   213.865472   425.968136   403.483867   201.233159   337.885923   325.963344   554.801454   1564.271711   261.042307   323.040633   376.353379   455.217179   290.645863   168.940370   270.325907   289.356503   288.440749   257.884359   238.156631   738.681929   2646.565298   
89.300000   251.371877   229.132479   255.839812   312.820545   300.573128   273.762564   793.477972   653.953528   1623.412851   1317.755663   283.077878   166.081487   265.046533   212.681168   425.832307   403.366093   199.053767   338.273804   325.456514   554.795938   1563.108085   261.236291   323.167215   374.683237   453.898496   292.501810   168.405578   270.652463   290.208413   287.459448   258.834994   238.428108   737.946856   2645.065188   
89.400000   251.386887   230.707483   257.330072   312.970122   299.669765   273.228061   793.488238   654.116803   1622.579106   1316.614790   281.343503   167.933532   265.159830   213.935287   424.932835   405.026365   197.949385   337.598478   325.235122   554.212501   1562.045172   260.816496   322.271645   374.268219   453.332892   290.336377   169.330240   268.691889   289.776003   286.608408   257.790845   237.916218   737.769652   2643.572182   
89.500000   252.177759   229.576562   256.586654   311.607366   300.616623   272.602671   793.232919   653.966343   1622.027868   1315.477528   280.842640   166.938687   264.836835   213.881831   424.711036   404.226222   199.690636   337.682061   325.495253   553.998969   1562.002054   261.755342   321.543176   375.231634   454.141496   292.397851   171.137408   269.093367   288.967108   288.470402   257.661063   238.725129   737.244729   2641.939543   
89.600000   250.899643   229.446707   255.188038   312.112240   299.151306   272.476758   792.595275   653.106902   1620.818024   1314.674396   280.446352   165.130006   263.236214   212.399225   425.766427   402.484412   198.707495   336.422739   324.523869   554.380052   1560.565349   261.056660   321.259995   373.773394   452.431535   290.496935   169.078459   268.938997   289.406115   286.683735   256.596014   237.802984   736.813891   2640.214805   
89.700000   249.528984   229.714144   255.921479   312.789514   299.015992   272.573260   792.273769   653.003477   1619.884014   1314.000268   282.669486   165.453067   264.091633   210.640916   425.408410   402.766795   199.828411   336.283923   325.358296   552.444245   1559.458213   260.930434   321.189130   373.457771   452.133486   290.064261   169.065729   270.153952   289.248680   286.768278   258.711585   238.849838   736.599370   2638.554942   
89.800000   251.310968   228.071664   259.770816   311.346999   301.453853   272.206282   791.415337   652.111845   1618.974805   1313.095518   283.856730   165.160275   263.629514   211.140769   427.397753   401.897512   198.900231   336.204490   327.178464   552.420698   1559.435474   260.749153   321.109389   374.254826   454.244371   292.744992   169.033942   268.882138   288.236817   288.328066   257.389171   239.928626   735.734196   2636.989382   
89.900000   251.265608   228.271446   256.195469   311.162495   298.329019   272.093359   792.843847   651.760416   1617.868848   1312.605877   285.057579   164.604127   265.432165   210.060618   423.986812   402.427324   199.030560   337.526676   325.009827   552.240865   1557.695875   260.247057   320.574213   373.232850   452.957838   294.228440   169.826730   268.515536   287.771434   287.966072   258.828924   238.786987   735.087291   2635.321263   
90.000000   251.754857   227.157620   256.486451   310.514802   299.596442   273.347912   790.543516   651.337522   1617.330927   1311.428883   281.502797   165.169723   264.613862   209.514950   425.331421   401.489432   199.457541   336.195439   325.539774   552.046902   1556.872152   260.383549   321.594292   373.768249   452.933001   293.558810   167.871410   267.709891   288.282209   287.484503   258.660774   239.814904   734.559843   2634.036354   
90.100000   251.261234   227.371780   254.681218   310.236253   299.273927   270.581650   790.320896   651.283750   1615.999272   1310.980728   281.190332   164.667741   262.646433   211.949794   423.811206   401.560647   196.502918   335.479067   324.876993   551.419531   1555.869346   260.980255   321.535837   373.079674   451.035022   289.735445   168.207327   268.520618   288.553061   285.316521   258.293984   237.650946   734.633516   2632.235571   
90.200000   250.503832   228.526264   254.912803   311.257201   297.381226   270.390029   789.330156   650.352682   1614.669021   1309.956435   279.590293   165.167650   263.500387   211.363184   423.013818   402.375718   198.894848   336.496812   324.645177   550.867525   1555.209920   259.841853   320.810207   372.865724   451.067119   289.207731   168.427589   268.266531   287.502760   284.781450   254.950893   237.120429   733.772806   2630.527911   
90.300000   250.833776   227.505054   254.751830   312.250129   299.278666   271.726148   789.059135   650.241986   1613.891923   1309.098206   281.644357   165.485814   264.186685   211.055696   422.514192   401.672922   197.457712   335.608819   322.962984   550.375435   1553.688405   262.315844   319.959388   372.813664   450.568176   290.923993   167.518013   267.571125   287.972943   286.854369   256.049644   237.872168   733.274450   2629.320060   
90.400000   249.903259   226.808670   258.854466   311.227896   299.201068   272.873583   788.702231   649.955076   1612.941905   1308.590686   282.670087   165.103845   265.000673   210.980595   423.733807   400.797646   198.094597   335.601772   324.250949   550.165459   1553.025120   260.020474   321.544184   371.979384   450.730905   290.973074   168.649519   268.176340   288.331216   286.009428   257.121350   237.968665   732.828951   2627.540230   
90.500000   250.308448   228.486134   256.369398   309.980653   298.976598   270.936408   789.374910   649.452442   1612.048571   1308.032887   279.478218   164.461339   263.906951   212.719563   423.727057   401.239946   200.014394   335.860505   323.775779   551.745210   1552.072193   260.652174   320.580075   371.116417   451.376272   290.625549   168.027384   269.181731   287.862061   286.067527   257.877589   237.606601   732.570862   2626.037105   
90.600000   250.825463   226.346617   256.599158   310.536018   298.503769   270.064890   788.401646   648.949721   1611.103078   1307.056870   279.746454   164.088749   263.796111   210.649166   421.645219   399.806465   196.061328   335.832378   322.982788   549.873969   1551.366337   260.630696   320.078189   371.642035   450.136552   290.481055   167.362936   267.653547   287.037694   286.516773   258.300653   237.475760   732.121778   2624.519470   
90.700000   249.585082   225.898779   254.269818   310.218625   298.251406   271.020301   787.138636   648.664603   1610.353768   1305.989352   279.279860   164.099699   262.813250   209.915326   420.972228   400.280166   197.402060   334.553717   323.179691   550.216050   1550.210724   259.283854   318.917425   371.653359   450.610320   288.288986   169.196382   268.013315   286.550046   285.487759   256.156826   236.462483   732.959308   2622.986086   
90.800000   249.191411   227.058157   253.801659   309.451459   297.539081   269.630793   786.819470   648.388957   1609.122178   1305.362743   280.339233   163.619380   262.602122   211.288869   422.508184   400.484573   195.692764   334.665990   322.588256   549.690608   1549.230818   259.825883   320.482467   370.896652   450.207191   288.234078   168.138844   268.555101   287.098429   286.475883   256.750138   236.596589   731.338609   2621.539552   
90.900000   248.270932   226.203572   254.995071   309.663450   297.849417   270.504336   786.435976   648.235598   1608.663911   1304.756502   278.540911   164.371480   262.790083   210.281403   421.479230   399.767973   196.856397   334.567601   323.729860   548.951512   1548.199103   258.806314   319.001058   370.726099   449.233858   289.086439   166.459216   267.400218   286.276550   287.495759   255.679305   237.338571   730.794917   2620.169879   
91.000000   247.553793   226.384433   255.794525   308.978620   297.082037   268.784042   785.702297   647.757510   1607.145755   1303.752653   281.323285   164.828212   262.030662   209.639529   421.733194   399.385433   198.328085   334.389018   321.532379   548.765592   1547.486681   260.563132   319.069221   371.978463   448.860652   289.788044   166.016945   266.960477   287.499806   284.516130   254.406698   236.147272   730.880014   2618.476875   
91.100000   248.673619   226.465090   253.626732   308.603116   296.191282   269.538881   785.499391   647.039021   1606.342041   1303.110999   277.864620   165.581448   261.414149   209.900135   420.525522   399.718136   195.934665   333.995368   321.067937   547.946413   1546.468229   259.413687   318.847043   370.781702   448.649768   287.956175   167.613429   266.709966   286.197301   288.906889   254.786119   234.767355   730.311265   2616.964320   
91.200000   250.871890   226.811928   255.426405   308.997820   299.079723   269.463025   784.784215   647.058667   1605.589966   1302.366603   278.250747   163.958720   264.188134   210.969095   421.219646   399.546875   197.231674   333.420816   322.261629   547.557431   1545.875647   258.472723   318.736484   370.056303   448.954036   288.254947   166.472072   266.688410   286.869904   285.939338   254.384681   237.143153   730.346873   2615.488213   
91.300000   248.811056   225.652486   254.075799   308.990987   296.408560   270.490959   785.738293   646.307871   1604.929734   1301.607959   279.788919   165.944254   264.703168   211.165304   421.093619   399.473819   195.295270   333.846601   323.015389   548.063992   1544.994557   258.513106   320.354290   370.467021   448.708650   288.353493   166.628136   266.437395   284.949078   287.949621   255.295138   237.373615   729.421152   2614.001029   
91.400000   247.640540   225.534049   253.455004   308.210937   297.520832   269.732785   783.815498   646.261284   1603.913919   1301.247219   278.069143   165.549068   264.745164   210.163676   420.539293   397.774509   196.548682   333.978997   321.039590   547.536424   1544.176356   258.702851   318.913443   369.686202   449.243794   287.553218   166.690192   265.877405   286.335230   285.495414   253.153465   235.848939   729.639699   2612.417446   
91.500000   247.798654   225.031551   253.176601   309.036784   295.358308   268.267106   782.972533   645.734788   1602.557370   1300.286808   277.162089   163.351835   261.621859   208.424909   420.145515   398.088562   197.107208   334.236087   321.720043   547.597278   1543.509830   260.019439   318.022981   369.466503   449.437355   287.549294   168.170581   267.058192   286.527164   283.621054   254.291630   235.148089   728.355888   2611.019057   
91.600000   246.707933   225.004076   254.454273   308.903108   295.753697   268.838941   783.314946   645.429413   1601.792182   1300.363108   276.539100   163.271485   262.575528   208.693092   419.580957   397.536809   193.237581   333.172746   321.474542   546.633717   1542.240578   258.421780   317.790716   370.384935   448.746416   287.548783   166.307437   267.460516   285.668651   285.285044   254.471634   235.755161   728.534209   2609.587000   
91.700000   251.072164   224.960687   257.145958   307.793879   295.575366   268.361027   784.464841   645.016413   1601.015951   1299.096205   277.639482   163.826333   262.372285   207.800381   422.400528   397.202536   195.289669   332.544954   322.252482   546.755406   1541.690363   258.693183   318.641240   370.052610   448.418746   287.403482   167.315565   266.979912   284.768359   285.455984   254.982695   236.156718   727.550039   2608.002786   
91.800000   249.334080   223.739234   253.282713   307.730277   295.218940   269.232600   782.743574   644.491264   1600.111861   1298.072433   276.441284   162.409492   262.916895   208.141632   420.685311   397.586001   193.726732   332.021621   322.112001   546.287895   1540.791975   257.983148   316.891751   369.297542   448.297947   286.856610   169.585256   268.049620   286.482059   284.109164   255.976758   235.501490   727.061190   2606.580682   
91.900000   247.947049   223.343072   253.199996   308.576195   294.858324   269.062508   781.480752   644.512787   1599.259769   1297.419771   275.976622   164.687080   261.652994   208.037374   420.556267   397.651596   193.999484   332.930092   321.473751   545.658991   1539.378960   256.843272   317.967964   368.607813   447.554536   290.068656   167.075967   265.914565   284.574191   283.752075   256.432762   234.862400   726.585784   2605.090658   
92.000000   247.494690   223.819480   252.849531   310.053758   294.734440   268.455683   781.526492   644.157394   1598.004077   1296.512241   276.021634   164.732193   261.495111   208.240122   420.993593   398.218765   194.216814   333.001810   322.086696   546.060109   1539.277794   259.899872   317.966080   368.454999   447.103083   286.323496   167.007181   265.579746   285.022484   283.931916   253.384178   234.744815   726.375391   2603.726802   
92.100000   244.953848   225.351521   254.370396   308.652504   296.224193   267.600362   781.174776   644.396211   1597.606140   1295.933654   275.760763   163.408455   262.596052   208.773250   419.717956   396.916921   193.733894   333.580079   320.005320   545.456253   1537.957073   257.984580   317.231471   368.087902   446.132084   285.649613   165.753119   265.029294   284.839089   282.989547   254.140547   234.605137   726.115212   2602.379964   
92.200000   247.974291   223.283555   253.927729   307.798167   296.209779   267.842606   780.172900   643.419371   1596.488254   1295.146497   274.627918   163.703913   260.997097   209.188258   418.455155   397.091628   193.948341   332.853296   319.807904   544.620021   1537.137883   256.763314   317.266040   369.335946   446.090986   284.895680   165.945931   265.105947   284.378067   285.289640   253.615784   234.166326   725.876426   2600.877546   
92.300000   246.353778   223.807797   252.727021   307.983899   294.368104   267.969163   780.012511   643.003324   1595.513826   1294.491818   275.624207   163.382207   259.929047   207.905079   417.827827   398.463712   193.425318   332.054601   319.417043   544.644518   1536.221000   258.125959   316.159896   368.818174   445.376998   284.801800   165.925963   264.630466   284.563980   282.781330   252.153579   233.818911   725.098204   2599.609029   
92.400000   247.000232   223.252709   252.733277   307.685972   293.845530   267.382717   780.597348   642.733002   1594.767443   1293.831439   277.167755   162.521733   263.235292   208.337995   418.942212   396.855557   195.903957   330.972143   319.003302   544.406591   1535.745707   256.770997   316.439473   368.047122   447.090424   285.286919   164.973069   264.488190   283.849768   284.410672   254.676647   235.745162   724.690289   2598.137266   
92.500000   247.535246   222.365734   253.810456   306.021165   294.509666   267.080427   779.779781   642.147246   1593.934726   1293.380636   276.522796   163.399449   260.179912   207.124471   418.025303   396.923488   192.786755   331.762245   319.438459   544.008588   1534.418074   257.756511   316.004367   367.573512   445.707308   286.504604   165.850796   265.860262   284.791333   281.646414   253.837067   234.434161   724.975490   2596.579546   
92.600000   246.780846   223.672793   253.513615   306.145714   295.059130   266.979834   778.943813   641.837021   1592.853923   1292.170003   277.658686   165.038131   260.461071   208.554795   418.644170   395.833364   194.823141   331.509426   320.445783   543.668952   1533.467573   257.120841   316.511255   368.151359   446.848047   287.252847   166.106533   264.160353   284.040329   283.248694   252.398414   234.354334   724.313153   2595.204622   
92.700000   244.931003   222.442825   254.025036   306.969745   299.843552   267.388246   779.267388   642.125576   1592.256930   1291.319514   278.175358   164.419674   260.770843   208.602157   419.591129   395.420286   192.901769   331.961818   321.846873   543.235527   1533.558128   256.540307   316.491402   367.310725   446.139692   286.141415   166.179533   264.831438   284.571714   284.740152   255.423238   236.396822   723.785454   2593.891762   
92.800000   245.987775   222.758320   254.467510   306.342459   295.063085   268.883118   779.932278   640.891452   1591.657393   1290.874944   277.388208   163.973823   259.763718   206.585514   417.330617   395.219287   193.463126   330.878469   321.506233   543.352705   1533.727936   256.573656   316.641475   367.536028   444.726276   288.841536   166.729628   264.002376   283.736983   283.678546   253.466664   234.632772   723.134524   2592.643849   
92.900000   246.941484   224.778632   251.601415   305.125439   292.193404   268.497309   777.814717   640.878243   1590.532162   1290.281413   274.848874   163.126578   259.855709   207.689404   417.527492   395.384278   193.108075   330.496942   321.867911   542.962242   1531.257320   256.605298   317.885573   367.654242   445.151917   288.531748   166.957540   263.495647   284.363012   281.226059   252.594875   233.841181   722.924677   2590.967506   
93.000000   245.529037   225.142745   250.071254   305.593310   293.982625   266.654545   776.771387   640.428093   1589.546186   1289.534326   276.014540   163.155059   259.715743   209.721728   417.761772   394.706535   192.351582   331.170844   318.043901   542.662890   1530.832840   255.690598   315.459640   367.220819   444.502941   285.415900   165.774132   264.479478   282.789607   282.940169   254.118534   233.609647   722.972703   2589.627859   
93.100000   244.843978   222.443788   250.959563   305.006673   292.017069   266.401506   776.738347   640.277733   1588.718832   1288.823694   276.044886   162.399691   260.043510   209.317662   416.014219   394.381054   192.253408   331.221318   319.989034   542.906640   1529.482746   255.692979   315.764368   365.862667   443.859807   285.861476   167.173797   263.665356   282.823263   282.144127   253.833080   233.339138   722.391372   2588.185620   
93.200000   243.884993   222.152402   251.368179   305.559396   294.833040   265.723813   776.358075   639.851524   1587.575041   1287.891425   276.263197   162.391236   259.805318   207.849802   416.591269   394.665978   193.168245   330.635017   318.997066   542.476964   1529.012611   255.867858   316.294346   366.207789   444.226986   286.225755   168.946935   262.508930   281.932833   281.338544   252.331209   233.436413   722.114667   2586.771865   
93.300000   244.558527   222.166391   252.748459   305.699066   295.831616   265.882934   777.390723   639.426950   1587.217430   1288.013097   274.538156   163.890855   260.589994   207.294046   417.279469   394.387563   192.316653   331.833877   318.100329   542.444610   1528.312721   255.708913   314.766576   366.664504   444.009792   284.426431   165.307431   263.705157   283.363834   282.969287   254.643475   233.511741   721.344555   2585.315250   
93.400000   247.531604   221.625876   251.067864   304.909063   293.683274   266.095258   775.757077   639.294218   1586.580272   1286.784428   274.361921   163.298452   258.299388   208.472555   415.100286   393.471878   193.336305   329.769500   317.391351   541.898069   1527.194777   256.932663   314.121346   365.261236   442.987998   282.354762   167.061912   262.607819   282.807781   283.729396   250.835791   232.807018   721.459063   2584.095527   
93.500000   244.422246   224.052306   252.689573   305.796209   297.840853   266.053721   775.623585   639.544184   1585.197227   1286.025647   275.480658   161.833286   261.015239   206.539039   416.054390   393.213153   195.680915   331.033985   318.681250   540.903787   1526.549238   254.943449   315.174479   365.884901   445.830843   284.813825   164.436014   263.459977   282.197254   282.534594   253.141658   235.037827   720.706376   2582.728247   
93.600000   250.747945   221.011087   254.775583   304.991556   293.789345   266.976002   775.650297   638.459324   1584.345915   1286.126898   277.755283   162.690696   258.931790   206.789941   417.074407   394.595740   196.967688   329.687802   320.357671   541.150818   1525.886059   254.992778   315.408052   365.973091   443.628612   284.761741   165.452994   264.071345   281.711506   282.842649   253.844049   235.163219   720.352890   2581.717064   
93.700000   244.873717   220.459487   250.048842   304.473140   290.424090   265.565939   774.871273   638.213829   1583.685951   1284.982058   273.599923   164.722571   257.590220   206.144438   413.962577   394.413475   190.511875   329.200872   317.109799   540.437065   1524.407146   254.777478   314.693143   365.274274   442.797712   281.577586   165.830779   265.054239   281.940760   280.953534   251.274152   231.121511   720.098598   2579.931698   
93.800000   247.831610   220.916162   250.833147   304.265360   292.758004   265.971795   773.984056   638.260583   1582.770386   1284.769611   276.790289   165.085142   258.961398   206.549453   416.072266   393.854557   192.964466   329.358906   317.285917   540.470416   1524.241520   254.737747   314.478722   364.985538   444.878212   283.744793   164.343204   264.620707   283.880815   282.031797   252.194444   233.443238   719.404530   2578.552559   
93.900000   248.332950   219.733756   249.315557   303.996388   292.914834   266.064329   775.055277   637.677256   1581.699997   1283.663584   273.329360   163.312767   258.474454   206.342274   413.724701   393.113821   193.345649   329.623559   316.947521   540.134182   1522.997289   254.977074   315.120560   365.494910   443.510144   283.764456   165.009388   263.722668   282.679204   280.055907   252.057841   233.139034   718.840435   2577.228540   
94.000000   249.268628   221.251638   251.708324   303.406770   294.649996   265.088521   772.987682   637.203449   1580.928290   1283.013204   273.982462   161.096975   257.696448   204.774731   414.284981   392.963989   189.152974   329.179946   317.065084   539.793427   1522.197992   256.292307   314.383654   364.534750   441.781399   283.368987   164.845328   262.970914   281.520415   279.909526   251.611090   232.779668   718.916277   2576.146278   
94.100000   246.315624   221.336665   251.393996   303.728664   293.130860   264.496054   775.483591   637.022411   1580.437458   1282.123189   272.320585   161.147765   259.514847   205.234509   416.867115   392.570423   190.519097   329.129293   317.933324   539.430634   1522.107507   255.204647   314.385807   364.355598   443.522530   283.678838   163.369730   263.272528   280.631715   281.627995   253.923943   232.531287   719.623938   2574.577556   
94.200000   244.393447   221.840717   248.808207   303.869697   291.433126   264.767469   772.764388   636.882309   1579.397078   1281.528917   273.071103   160.125849   256.273756   204.694429   416.271569   392.299088   192.055551   327.816708   317.026567   539.094287   1520.730832   254.558642   314.739268   364.616470   440.880928   284.568409   163.828204   263.833068   281.476831   280.429433   253.413421   231.915892   717.824022   2573.338579   
94.300000   243.978510   219.501774   250.571163   304.092215   290.201759   263.884033   771.852207   636.106099   1578.883568   1280.862331   271.730182   161.218315   257.772917   206.689797   414.458405   392.556166   190.710158   327.622963   316.125923   539.038551   1520.687488   255.446318   312.951055   363.987002   442.455735   282.323757   166.270804   261.689775   281.603547   279.316333   251.682628   232.376730   717.985867   2572.152874   
94.400000   244.756297   219.969427   249.143616   303.557889   292.162566   263.799902   771.950452   635.482127   1578.438844   1280.383301   274.876829   161.109593   259.599233   206.640611   413.837551   392.450507   190.534417   328.623350   318.833825   538.810252   1519.571022   255.792873   314.320433   363.246407   441.303141   283.545736   163.358269   261.806480   281.297225   281.814010   252.579847   234.370720   717.447200   2570.675947   
94.500000   245.733662   219.077549   254.407056   303.186068   292.638324   264.931339   772.550742   635.323533   1577.027574   1279.802363   273.843076   160.702060   259.742395   207.301479   414.107770   393.390762   191.196204   328.442631   319.800085   537.873302   1518.512540   253.584316   313.740340   364.169251   441.443039   283.662835   164.339429   262.745243   281.328181   280.598905   253.337873   233.965355   717.144067   2569.291267   
94.600000   245.540087   218.631364   251.986278   302.725283   292.657129   265.521415   770.269231   635.275380   1576.022344   1278.807098   272.291563   159.841694   257.073257   205.046242   416.475285   391.750248   190.919733   327.916343   316.959658   537.424719   1517.932979   253.799683   312.609922   364.044196   440.792651   282.721012   165.947306   263.984605   280.352038   280.540823   250.754975   231.297147   716.343592   2568.073398   
94.700000   243.455725   219.397738   247.888738   303.214616   291.132683   266.114077   769.805736   634.873980   1575.002655   1278.779904   271.257750   164.849321   258.112518   207.112207   412.398351   391.352020   189.162908   329.668318   315.218902   537.246931   1516.762743   255.343366   312.998236   363.232096   440.127160   281.615930   165.159498   263.198790   281.661959   279.160067   250.065678   230.252719   716.399655   2566.763168   
94.800000   244.046054   219.195539   249.121160   302.698279   291.879618   263.632686   769.215531   634.586732   1574.513899   1277.873807   273.215941   161.794881   255.990911   207.303969   412.251285   392.112807   191.459255   328.002444   314.811870   536.683062   1515.963475   254.752316   311.719244   362.962579   440.078953   283.471250   166.460818   261.732427   280.565154   277.281906   250.588963   230.479932   716.436351   2565.494952   
94.900000   242.905356   219.115271   250.648605   304.843536   288.806718   265.483737   769.808958   634.038111   1573.569605   1276.888901   273.923506   159.297677   259.591303   204.703665   411.166710   391.121395   189.997245   327.827519   315.035453   536.681004   1515.336646   253.931766   312.336920   363.293592   440.609295   281.824554   165.659436   263.028794   281.743335   280.865871   250.954059   230.408325   715.683528   2564.166298   
95.000000   241.867161   218.731528   249.178949   302.768835   290.446030   265.096692   770.192720   634.235238   1572.962420   1276.424920   273.589059   159.472358   255.873069   205.668691   412.425970   390.951303   189.016734   326.285406   314.604460   536.947906   1515.198117   253.474554   311.829221   362.830293   441.165035   284.240308   164.933017   261.079430   280.028240   278.890638   250.922304   231.662577   715.922242   2562.824049   
95.100000   243.950726   219.522558   249.025209   303.082359   292.723799   263.696695   768.747428   633.947647   1572.220040   1276.274620   273.178522   160.758051   257.143006   207.929143   412.418288   391.028994   193.621404   327.413866   315.220914   536.231642   1514.147118   252.880801   312.193300   362.189148   440.512124   282.642905   164.872332   260.273659   281.297675   279.152318   250.949505   232.557086   715.609396   2561.664904   
95.200000   243.990358   218.121781   249.457788   301.784679   290.916308   264.032377   768.850151   633.489511   1571.677875   1275.003880   273.520914   159.402222   255.698840   204.322754   411.283106   390.644136   191.080618   327.979241   315.711001   535.859083   1513.416410   253.087116   312.237434   362.579531   439.663702   281.810777   166.514995   261.432845   279.912327   279.956592   248.603972   230.730736   714.273606   2560.354695   
95.300000   241.803264   220.809343   251.289502   301.615024   293.600660   263.369601   768.311467   632.956174   1571.645738   1274.398402   275.281694   159.021890   256.467373   204.577046   414.960578   390.191972   194.270285   327.155209   319.284073   536.448685   1512.860354   253.478591   311.775643   361.766890   440.123339   283.364765   164.330936   262.107572   279.838724   280.763993   254.152947   234.125251   714.005510   2559.067213   
95.400000   242.521046   217.945119   248.818163   301.909051   292.692315   263.107442   767.314131   633.055353   1569.801973   1273.730210   270.662324   161.844055   258.873307   204.105173   411.242404   391.951206   191.722895   326.548551   314.629042   536.151328   1511.617593   252.110011   312.121005   362.255966   439.142087   284.238071   165.442351   261.651084   280.862267   277.257948   249.279793   231.578803   713.638898   2557.831019   
95.500000   242.552533   217.585797   249.983023   302.960505   292.656919   263.314690   767.387246   632.933119   1569.700267   1273.178017   271.377318   159.712248   255.341141   204.295875   410.748889   390.963199   192.116027   327.057691   316.310139   535.259484   1510.761591   253.635979   312.071729   363.020615   438.972749   280.698185   163.542799   260.684932   280.113619   277.445901   250.764148   229.970354   713.030022   2556.612441   
95.600000   243.121317   217.776567   247.134466   302.318244   289.250340   264.109647   767.803289   632.997890   1568.501798   1272.782342   271.192672   160.367487   255.415144   207.284347   413.177516   390.275842   192.571673   326.546821   315.752597   535.075913   1510.113709   253.338880   312.085441   361.631816   440.683337   282.845768   164.030441   260.339101   279.669533   279.206278   250.064661   231.569440   712.623223   2555.535811   
95.700000   246.239378   217.576000   249.226180   302.341431   290.286945   263.561310   767.266655   632.107894   1567.537275   1272.062114   273.304742   160.418693   255.895181   205.277908   412.205676   389.255110   188.186848   325.157604   315.028193   534.599318   1509.639295   252.289252   310.519527   361.331104   439.718518   281.546840   163.374544   259.708659   280.413207   281.083186   250.950188   232.992914   712.554128   2554.198595   
95.800000   241.091528   217.664963   248.980601   302.019609   287.676187   264.829245   765.950560   631.377400   1566.715867   1271.336805   273.593641   159.646616   255.278335   203.681568   411.084849   389.605413   187.447796   325.418596   314.414365   534.831317   1508.812969   252.963403   310.577149   361.494471   437.784744   281.015173   163.359136   259.552405   278.482112   278.410542   250.357490   229.840979   712.189492   2553.234228   
95.900000   241.448371   218.119951   247.149339   301.755559   288.495222   262.876160   766.723340   631.061163   1565.868123   1270.603213   270.139759   160.357020   255.298959   203.669137   411.719234   389.896483   188.320771   325.590052   313.788398   534.647313   1507.779068   252.896177   312.283636   361.048819   438.707484   281.904696   161.635246   259.674169   278.422558   278.949435   249.329737   229.425868   712.306311   2551.655757   
96.000000   240.947926   217.135565   246.415136   300.622063   290.140879   262.394959   765.729493   630.743251   1565.146554   1270.026927   270.980680   159.385728   255.675856   205.698998   410.456927   390.019362   187.727147   325.662752   313.491079   535.191406   1507.329963   253.131195   310.426130   362.537544   437.762831   280.955681   163.847900   259.566973   278.278941   279.285508   248.396899   229.832341   711.971606   2550.371275   
96.100000   242.887014   216.031176   248.661596   301.017987   290.350044   261.865415   765.823262   630.529791   1564.574145   1269.551510   272.730663   160.249696   256.677775   205.103813   410.028448   389.439452   191.340486   325.569977   314.148435   534.359768   1506.678065   252.701153   310.571085   362.645968   437.556824   283.428014   163.716843   260.219566   278.212751   281.830265   249.273192   229.998407   711.717096   2549.343936   
96.200000   241.441853   217.262692   247.383978   301.630038   288.439042   261.778895   764.357785   630.571557   1564.010555   1269.107852   271.737320   159.861141   255.282774   205.454581   409.869336   389.042833   190.297940   325.600439   312.681591   534.059474   1505.638961   252.191498   309.986958   361.934350   436.866568   281.605466   163.798480   260.230064   279.435395   278.565886   247.727383   229.606873   711.486442   2548.025795   
96.300000   243.955437   218.528866   247.269853   300.831364   289.015772   261.880542   764.174296   629.644852   1562.843104   1268.581190   272.964245   160.082391   255.999180   204.499333   410.472196   389.004227   190.653657   326.693249   313.804535   533.639343   1505.147774   252.300720   309.802472   360.208609   436.903529   281.071879   161.989392   259.528346   279.418622   277.374692   248.634250   231.115556   710.764025   2547.056611   
96.400000   241.021005   218.908732   246.930010   300.232457   287.962550   262.655689   764.024403   629.206409   1562.222691   1267.667397   271.139611   160.763471   255.470443   203.498433   408.682464   388.805159   189.121066   325.091235   313.041235   533.367622   1504.447178   252.440149   310.754330   360.309612   435.763765   280.994313   163.997847   260.637897   278.146565   275.709609   247.700470   228.717682   710.694591   2545.615592   
96.500000   242.769002   216.482459   251.128147   301.408439   290.010131   261.437981   763.488384   629.298611   1561.483797   1267.498740   274.170180   161.085711   258.451824   206.412465   408.954393   389.307279   188.787611   325.867336   314.166109   532.928592   1504.267188   251.251853   311.198351   360.805792   436.468801   279.760069   164.964843   258.938413   279.676480   277.836135   251.316218   230.375215   709.681510   2544.359222   
96.600000   242.262936   216.626323   246.425460   300.604060   287.567336   262.406895   763.770004   628.792782   1560.819901   1266.375036   270.938044   158.366375   255.161588   203.953300   409.764275   387.753489   188.640041   325.431726   312.684953   532.821021   1502.744560   251.218653   310.142525   361.200386   437.002050   280.976409   162.089390   258.918032   277.896471   279.205911   249.480001   229.784561   710.433698   2543.219930   
96.700000   240.868317   216.020230   246.506832   299.646609   287.290828   260.682050   762.651407   628.862793   1559.896220   1266.067378   270.409664   158.810554   253.447128   205.013914   410.036879   387.711747   185.214438   324.108025   312.631758   532.486122   1502.374669   252.429041   309.890197   361.830587   436.011713   279.145803   162.156542   258.701536   278.415298   275.796846   247.069979   227.342609   708.785285   2541.882238   
96.800000   238.610846   216.207315   245.970338   299.069022   288.813515   262.731973   762.331592   628.391703   1559.203150   1265.370658   268.582592   159.631552   253.842677   204.584961   408.103346   388.077608   186.187516   324.465331   313.199554   532.251374   1501.473785   252.164476   309.368480   360.801057   436.225590   279.059399   163.956424   259.695071   279.515424   275.911770   246.544374   228.269388   709.391420   2540.792065   
96.900000   240.825299   219.100715   247.202209   299.783219   286.705933   260.850343   762.258523   627.961036   1558.476324   1264.656205   269.104991   158.820216   253.326278   203.700430   407.706261   387.312458   187.449728   324.641929   311.656480   532.665211   1501.279464   251.449283   308.930057   360.795922   435.836769   279.313757   161.112389   258.588079   277.701066   276.056879   247.025069   228.880833   708.141724   2539.691970   
97.000000   241.456068   215.889466   246.472561   299.820130   289.973753   261.857560   762.573771   627.803943   1557.800847   1264.667019   269.247381   159.765765   254.731685   202.923033   408.057831   388.639691   187.738399   324.340722   313.173015   531.616883   1500.486948   251.203440   308.549279   359.560367   437.033315   279.542567   161.181594   259.378978   277.322387   278.039853   247.601553   229.298336   708.231169   2538.295250   
97.100000   241.993943   216.292836   247.202792   299.519284   288.931726   261.311241   762.073019   627.639096   1557.571551   1263.489529   270.947035   159.415761   255.190275   202.660585   407.209168   386.853994   188.059972   323.881710   314.498180   531.903953   1499.948319   252.888422   309.347354   359.741628   435.434741   281.874459   162.151008   259.284655   277.018452   278.098231   249.059253   230.191639   708.210989   2537.400689   
97.200000   240.457153   215.897148   247.735974   299.165102   287.946080   260.908497   761.973318   627.284502   1556.417185   1262.812292   271.755376   161.462554   253.688193   204.927566   408.002640   387.094278   187.921410   323.268464   312.669104   531.723156   1498.842239   251.341641   310.444338   359.192058   436.015285   278.030128   161.719667   259.096101   278.208806   275.002492   247.137689   229.705640   708.128425   2535.940127   
97.300000   242.237495   215.561715   248.370981   298.788037   287.672511   260.586862   760.822483   626.823574   1555.886238   1262.355896   270.102634   157.954484   255.789338   203.402212   406.490315   386.797440   189.430870   323.057602   312.619162   531.539630   1497.972522   250.855138   308.584811   359.265743   435.385802   281.801499   162.711319   259.391410   277.715007   274.591184   247.367645   228.654418   708.285270   2535.052708   
97.400000   240.292709   215.653175   246.124085   298.958061   287.682325   261.183979   760.283803   626.494233   1554.756911   1261.838676   269.330491   159.524297   254.935756   202.697880   408.707421   387.708620   186.507968   322.774737   311.408652   532.054306   1497.509804   251.159625   308.626178   359.025606   434.441724   279.149716   162.466210   258.176077   277.892186   274.974230   246.326403   227.511840   706.913250   2533.799102   
97.500000   239.614013   215.185155   245.661551   298.379776   286.518828   260.118280   760.064972   626.099245   1554.360396   1261.556474   268.528171   159.907586   252.191210   203.891282   407.330355   386.284620   185.133252   323.185438   312.341882   530.752645   1496.858759   251.462003   309.202408   359.105036   435.211135   277.327409   161.531960   258.579030   276.472664   276.113301   246.625521   228.522417   707.148836   2532.679319   
97.600000   240.386694   215.761172   245.761109   297.729128   288.819581   260.165688   759.538683   625.976491   1553.866653   1260.884855   271.482399   159.956684   252.725453   204.717278   407.657714   386.366131   187.563716   323.073520   312.587499   530.926004   1496.677978   251.259874   308.075559   358.487138   434.330256   279.010411   162.543794   257.547003   276.165843   276.316379   250.867253   228.820518   706.266302   2531.431698   
97.700000   238.766389   215.851004   245.255851   298.850831   285.844955   259.405112   759.180171   626.072269   1552.790961   1260.055071   267.730880   158.210420   252.559327   204.164801   408.809846   386.193900   186.269390   323.129714   311.784082   529.646453   1495.044702   250.753949   308.971741   358.430761   434.117272   279.407191   160.635690   258.040140   276.337298   276.914306   246.281973   227.289148   706.170426   2530.501705   
97.800000   241.386854   215.598371   246.317224   299.540203   285.816291   260.816712   759.569337   625.367039   1552.229391   1259.255237   268.392292   158.790027   253.885879   207.366111   408.093249   385.596599   184.595675   323.543114   310.736894   529.522486   1494.637440   250.651519   307.206039   358.675952   433.941480   278.979269   161.136475   258.041511   276.373466   275.443168   245.728807   227.837298   705.854807   2529.070960   
97.900000   240.643730   217.767707   246.562289   298.221474   285.838573   260.099954   758.793376   625.017823   1551.485264   1258.989467   267.438936   157.949533   252.065572   202.999095   408.015713   386.025422   185.284333   323.039997   311.790641   529.490979   1494.096061   249.446326   308.219245   358.457281   433.527945   277.682988   163.284476   258.030405   277.457571   275.583704   246.421334   227.776251   705.614811   2527.948149   
98.000000   239.686311   214.180493   244.885479   297.439568   286.074630   261.290123   759.221825   625.362527   1550.556561   1258.196439   268.999794   157.661115   253.760445   201.806174   408.611945   385.014593   185.770292   323.139533   311.505910   530.925930   1493.448608   250.525653   308.519575   358.333461   434.882322   279.576229   162.343927   258.240455   277.090180   274.930733   245.996279   227.457009   705.266675   2526.950356   
98.100000   237.264916   214.272365   246.693486   298.436519   285.903416   260.695449   758.436573   624.558359   1550.902177   1257.456973   269.450174   156.715896   253.050081   203.071751   407.570726   385.245048   186.779511   323.697413   310.945904   529.025985   1492.302920   249.657067   308.005149   357.365922   434.014427   282.069787   160.898600   259.200084   275.882629   274.997229   246.497246   228.039918   704.568923   2525.843352   
98.200000   238.562032   213.703774   245.694181   297.564675   286.970026   259.498485   757.531306   624.169252   1549.379278   1257.268105   268.946333   157.415021   253.132540   202.217075   405.510918   385.670004   187.422098   322.297636   310.490553   529.339393   1491.947242   249.372397   308.498906   357.686443   432.788901   281.224006   162.359332   256.872226   275.345870   275.340276   248.541801   227.442161   704.350249   2524.645258   
98.300000   239.509165   214.205145   243.272860   297.603114   287.330663   260.409449   757.633876   624.036780   1548.918990   1256.481089   269.265484   159.072352   252.470100   202.180606   406.914285   386.228643   186.021515   321.932146   309.810238   529.730650   1491.102661   250.729510   308.381765   357.509021   432.443786   277.037208   162.805024   256.983143   275.348025   273.260691   245.040550   227.398287   704.316598   2523.463462   
98.400000   238.343539   214.547002   245.518732   297.823718   288.294417   260.065018   756.712252   623.469279   1548.652966   1256.739917   268.662624   159.430846   252.076259   201.469773   405.676809   386.186203   183.905808   321.068900   311.294932   528.877646   1490.688098   250.269570   307.902376   358.195861   433.513193   278.097376   163.369289   258.346131   276.718935   272.982850   246.308272   228.044673   703.479408   2522.427943   
98.500000   239.304012   215.116074   244.875629   297.702523   286.171506   260.509262   756.965716   623.597179   1547.062205   1255.620292   267.333913   157.316331   254.392410   201.551016   405.180640   384.714356   187.684367   322.604423   311.431778   529.689480   1491.087580   249.289035   307.554189   357.815840   433.070200   276.823914   162.586762   257.506870   276.177659   273.536028   246.289639   227.870589   703.374763   2521.272859   
98.600000   240.554920   214.871801   245.749287   300.630052   286.272190   259.001980   756.121337   623.382100   1546.598379   1254.923813   267.733085   157.982184   255.778442   200.571226   405.077106   384.657702   187.758084   321.914043   313.430517   529.185544   1489.156622   249.295385   307.930589   357.384899   431.898037   279.698058   162.377376   257.677395   276.298246   273.201608   246.069772   227.717793   702.947029   2520.813444   
98.700000   240.576219   214.198772   245.230344   298.084629   287.002716   259.419499   755.711588   622.695201   1545.930343   1254.327713   266.925527   161.425778   253.481460   202.188280   405.438640   384.142314   184.623286   321.054665   310.794266   528.111564   1488.789898   249.031239   306.939766   356.408491   432.979886   276.665817   163.865532   257.886676   276.088231   274.026079   246.242900   228.406617   703.363211   2519.079410   
98.800000   237.339693   213.643009   246.495528   297.454617   286.951532   258.951639   755.515930   622.869766   1545.579841   1253.491326   268.034140   157.385838   253.199619   202.001996   406.156463   384.206107   184.432420   320.934514   310.132912   528.609109   1488.253718   250.035133   307.504244   357.844453   432.882012   278.522162   161.413342   257.222848   275.248132   274.802048   245.429574   227.067140   703.005649   2518.190882   
98.900000   236.887918   214.291773   246.700898   298.766715   287.862063   261.975860   756.278397   622.294419   1544.572047   1253.371824   269.348549   158.486942   252.291427   202.224833   405.369019   383.749757   188.930078   320.631619   311.538971   527.842704   1487.470478   249.134650   306.612892   357.588815   432.616438   277.227093   160.911965   255.973701   274.646331   273.479164   244.433093   227.486033   702.043826   2516.935235   
99.000000   239.070445   214.479656   243.583101   297.401175   284.380091   259.333095   755.084551   622.258364   1543.902824   1253.296236   267.105988   159.677866   252.503974   201.326566   405.863509   384.007553   185.917561   320.395395   310.467867   527.227647   1486.664660   250.549941   306.085541   356.172569   431.235400   275.224853   161.023286   256.840562   274.133911   274.081727   246.263889   227.527958   702.302306   2515.955026   
99.100000   239.160311   214.228546   246.150847   297.284881   286.068281   259.249887   754.377011   622.441252   1543.870086   1252.461035   267.824714   157.011307   253.222691   200.857658   404.907021   384.293388   184.820422   321.730362   308.970883   527.090259   1486.508142   249.718608   305.994374   356.145387   432.908960   275.213195   160.349803   256.611478   274.752163   274.092268   246.289205   226.822669   701.318310   2514.727861   
99.200000   237.948423   214.254871   244.234415   297.162648   285.888271   258.945125   754.340816   621.502179   1543.035758   1251.898816   265.751087   156.963284   251.367982   199.749823   404.179704   383.857009   184.321800   321.113414   308.747878   527.100970   1485.577819   248.594275   305.491866   357.092639   431.131217   275.092141   160.403685   257.336592   274.580559   272.159481   244.097972   226.368918   701.432312   2513.723853   
99.300000   237.919946   215.591663   244.277293   296.937104   284.612012   258.669591   753.831323   621.856802   1541.896894   1250.936238   267.325090   158.421658   251.783369   201.033021   404.250904   383.255240   186.947485   320.036002   309.335863   527.523240   1484.669234   249.388678   308.447489   357.012058   431.563012   276.003862   160.060089   256.196273   273.932733   273.749061   246.762350   226.146416   700.819886   2512.676568   
99.400000   239.098816   214.437973   246.217096   296.016680   285.610723   259.717918   753.708276   621.218472   1541.544559   1250.999445   267.048737   157.118365   250.665985   201.677829   405.580337   382.682539   187.519183   320.583054   310.885360   526.376001   1484.250745   249.257407   305.928679   355.478794   431.432850   277.660926   161.448821   255.989309   274.648523   273.561580   246.075721   226.979565   700.696702   2511.754718   
99.500000   239.541850   214.044969   245.169418   296.910962   285.147486   258.134970   754.854773   620.972584   1541.335196   1250.126922   266.151962   157.752281   251.749258   200.900081   403.633892   382.734304   186.245972   320.502877   309.063627   526.486950   1483.811100   248.695396   305.676775   355.815473   430.522116   278.839497   159.290383   258.376359   275.054127   273.015901   243.639765   226.012170   700.777545   2510.613005   
99.600000   236.794943   215.433524   242.705507   296.134358   284.285181   257.478181   752.824814   620.501214   1540.266282   1249.591770   265.615937   158.359365   250.690525   200.791063   403.473668   383.706773   184.169675   319.324089   308.544064   525.517963   1483.364690   250.501408   306.130751   355.037638   430.860379   276.167137   159.463972   257.497302   274.259144   273.041351   242.984997   225.370287   700.508298   2509.503518   
99.700000   241.510375   214.092768   245.507776   296.135177   284.984778   258.316414   752.307113   620.204934   1539.449706   1249.183921   266.291321   157.356384   250.886532   201.608116   403.693480   381.853518   183.166481   320.341212   310.253560   525.342678   1482.435753   247.886900   305.826552   356.078454   429.551410   276.175154   160.501001   257.150530   274.717837   273.905997   244.135024   226.375017   699.979209   2508.525454   
99.800000   240.869937   212.554097   245.130386   294.999507   284.523019   259.661920   752.482707   620.611125   1538.767057   1248.402701   266.871610   157.318477   253.473184   202.827527   406.318694   382.006794   186.538156   320.112773   309.808191   525.130513   1481.812296   248.334947   305.818984   356.957523   430.240440   275.700690   162.662657   255.149013   273.761283   274.307692   244.184588   227.911508   700.621343   2507.530926   
99.900000   240.369841   213.262697   242.592398   294.980524   285.069400   259.263246   752.780744   619.781615   1538.065379   1248.487382   266.158780   156.300414   250.625409   205.366464   405.169010   382.087235   181.984516   320.476548   309.174721   525.131977   1481.085540   248.324956   306.660424   356.756038   430.339275   274.366082   159.789630   256.612477   274.290050   271.975762   242.810996   225.828593   699.148047   2506.440215   
100.000000   236.811772   215.669911   243.112634   295.949518   284.925590   258.600387   752.375917   619.880482   1537.481140   1248.110107   267.155477   157.320378   251.965509   201.100366   405.345127   382.002196   185.267520   320.320578   309.181688   525.291951   1480.900673   247.900684   304.983002   356.079578   430.316073   275.339545   160.201627   255.571656   274.194627   275.114347   243.541069   227.335023   699.448241   2505.350792   
100.100000   235.010151   212.275249   243.385264   294.897595   283.403851   257.275401   751.035241   619.412855   1536.819159   1246.801211   268.024358   156.168450   250.914727   202.430722   402.276444   381.592222   183.027078   320.546798   307.951219   524.775625   1479.671465   248.604644   304.788383   355.816341   428.774893   275.473721   161.968535   254.650642   274.066349   271.994372   244.189063   224.828603   698.872778   2504.434820   
100.200000   236.320603   212.116706   243.443370   294.898352   284.500366   258.519749   751.232169   619.499642   1536.043576   1246.582811   265.657591   157.826163   251.111598   199.864656   404.230353   381.861489   184.777380   320.313849   307.602281   524.366253   1479.682169   248.563621   305.247268   355.455985   429.458986   276.376093   162.181061   256.302648   274.346831   272.488838   243.505954   225.551275   698.830477   2503.479566   
100.300000   235.573458   213.678143   242.909095   295.797456   284.556721   258.200021   750.308940   619.013527   1535.528389   1245.844731   264.101431   156.119839   251.365713   201.404123   403.271179   381.374337   185.213830   319.596771   307.928184   524.850464   1478.751560   247.558339   304.831905   355.820930   429.141674   276.366522   159.845030   255.648974   272.558182   272.584791   244.698573   225.515669   698.401048   2502.341671   
100.400000   236.172360   212.506026   242.093014   295.473122   283.388956   257.784492   750.276743   618.686193   1534.925813   1245.170029   266.765548   157.850230   251.065400   198.664696   402.962409   381.376509   182.827153   318.786304   307.951252   523.846614   1478.169602   247.160001   305.471687   355.600137   428.349658   273.911797   160.181712   254.834856   273.254191   272.872701   243.012615   224.993270   698.012637   2501.416232   
100.500000   237.333711   212.846171   242.932253   294.630379   283.339723   258.666534   749.960356   618.169593   1534.420768   1244.826097   265.159506   156.104378   253.828726   200.070352   403.242061   382.276457   185.896335   319.524685   308.571763   524.090681   1478.139433   247.653260   305.173260   354.812944   429.401811   277.500575   160.089247   255.553256   274.315516   272.856818   246.044232   225.899139   697.498259   2500.565667   
100.600000   235.717220   211.172064   242.826182   294.270098   283.660079   259.265407   750.448430   617.843031   1533.718316   1244.593279   263.993946   156.135664   250.750015   200.119703   401.714650   382.969480   182.915999   319.863592   306.877197   523.558185   1476.910077   246.507149   305.027217   354.938310   429.052013   274.499542   159.391299   255.201819   272.954345   271.569655   246.025992   224.691840   697.940896   2499.204198   
100.700000   237.661591   210.699530   244.035307   294.242531   283.479865   258.333383   749.762873   617.386919   1533.093027   1244.075246   269.498750   155.282744   250.403411   201.079010   401.721410   381.506418   183.327325   319.174325   308.084943   523.212462   1476.799691   246.648002   305.009921   354.541622   428.180707   276.925359   161.760757   255.306666   274.509978   271.689804   243.883944   225.519917   697.095449   2498.208247   
100.800000   236.794455   212.593475   242.347630   294.186033   285.434144   257.859706   750.190211   617.692847   1532.615453   1244.110156   266.805276   156.304072   251.725616   200.654186   400.686059   381.655833   185.248198   320.226111   308.052222   523.544047   1476.068159   246.431911   304.516217   355.780587   428.425693   276.500064   160.925483   254.096279   272.988554   272.194614   244.328028   225.613409   698.155247   2497.517194   
100.900000   235.081852   212.012720   240.917179   294.045588   283.192226   256.825042   749.597420   617.456163   1531.967832   1243.051375   266.793648   156.744518   250.020023   200.769275   401.204687   380.716173   182.410531   319.130484   310.970450   523.424707   1475.436878   246.698042   304.219403   354.876317   428.297633   278.266483   159.228154   253.711196   272.882674   273.096140   243.648898   225.235533   697.873430   2496.422141   
101.000000   235.404938   210.770525   243.413053   294.187908   284.411490   256.543350   748.429622   617.208532   1531.146679   1242.927943   264.805858   158.923537   249.442044   199.729352   401.103346   381.403849   182.569216   317.604995   308.170443   522.748966   1474.638669   247.684620   304.493131   353.629330   427.711170   276.939371   160.278635   255.252924   273.584050   271.550115   243.212797   225.836259   696.093880   2495.522411   
101.100000   237.913715   212.707462   243.084408   294.024317   284.596118   258.027807   749.701985   617.100371   1530.832060   1242.114629   266.989999   155.319949   250.164198   198.997673   402.895281   380.721604   184.574269   317.657558   308.412058   522.218833   1474.552757   247.975075   303.694883   353.165373   428.070823   275.369919   160.128251   254.862275   272.968244   274.204393   244.188096   225.998551   695.904980   2494.497882   
101.200000   237.130235   211.001892   243.515916   293.612936   284.191270   257.351523   748.294364   617.104398   1530.272133   1241.713311   265.662933   155.676483   249.197066   201.413977   400.666260   380.340619   181.429517   318.012383   306.613094   522.415598   1473.880262   249.147609   303.827146   353.158761   427.372979   276.611665   160.320763   254.077144   273.213454   271.607277   242.272229   225.130152   695.974998   2493.603535   
101.300000   238.328306   210.589261   243.214759   294.702367   285.035814   257.802106   749.616680   616.464506   1529.869980   1241.015265   267.598994   155.800170   249.356019   203.606963   401.879678   380.342324   185.721222   318.433858   308.355827   522.621373   1473.237418   247.540160   303.869144   353.546736   429.168851   276.523779   158.368661   254.802540   272.050776   275.126040   245.078462   226.422535   695.574220   2492.520032   
101.400000   235.624694   210.591885   244.547486   294.973602   283.576219   257.006960   747.521138   615.934182   1528.867850   1240.769134   264.272406   156.877848   250.300484   202.601458   399.671284   381.109398   186.600910   318.014266   306.568783   521.467193   1472.391518   246.638254   303.965718   352.608476   428.214387   274.456826   159.246808   253.183743   272.919941   273.404295   242.616086   224.408166   695.584185   2491.778496   
101.500000   241.807798   210.938609   243.767883   293.136212   283.430745   258.305630   748.491895   615.939486   1528.802096   1240.049504   266.526926   156.607272   249.321957   201.417185   401.905534   380.638041   184.116914   319.992106   307.249577   521.310651   1472.152956   248.482851   303.527534   353.229797   426.850548   273.453308   158.329063   252.854536   273.962434   273.125217   245.062760   225.892656   694.658911   2490.620101   
101.600000   237.190313   209.791973   240.690517   293.196195   282.017784   255.804896   746.945615   616.081627   1527.656395   1239.807557   266.413972   156.121529   249.414628   199.041018   400.058908   381.282720   183.616936   318.285843   305.996244   521.634880   1471.603551   246.527947   303.396375   353.890128   427.500500   274.475431   158.471301   254.054651   273.804972   272.902677   242.623463   225.855681   694.397435   2489.646324   
101.700000   234.926385   211.241743   241.870011   293.558702   282.686064   256.700868   746.893246   615.579686   1527.365241   1239.197985   263.969366   156.069247   249.658501   199.787822   400.274449   380.115358   181.815350   317.007726   305.731530   521.663222   1470.326862   247.092625   304.398395   352.586254   427.058342   274.016914   159.535886   254.647731   271.713629   270.418376   242.775718   224.243181   695.168665   2488.612735   
101.800000   234.633545   209.733542   240.623047   293.037580   282.332666   259.315637   746.304476   615.263537   1526.512503   1238.759835   264.233144   156.402286   248.511840   200.597185   400.565706   379.307147   181.718970   317.412290   305.274109   520.615623   1470.575678   247.117024   303.074734   351.328360   426.790962   274.775075   158.873049   254.433708   272.108513   270.016008   241.872694   223.899453   694.307589   2487.622953   
101.900000   239.032729   211.282993   246.272180   293.666043   284.037708   257.005599   747.086773   615.046289   1526.170614   1238.619458   265.399492   156.109419   251.789610   200.058331   401.222727   380.034909   186.636669   316.652820   309.168511   520.679925   1469.764688   245.717950   304.187224   352.642228   427.555099   277.079112   159.069872   253.520998   272.665369   270.420119   247.898055   226.371679   694.342658   2486.769669   
102.000000   236.400814   210.765683   241.987215   293.029268   282.210978   256.578123   745.935536   614.987677   1525.398407   1237.528271   265.021304   157.656081   249.262362   199.275346   399.678381   379.226898   184.752843   317.389288   306.734524   521.327509   1469.364836   246.504067   302.337344   351.618216   427.291966   273.251947   159.568336   254.090366   271.927883   271.132710   243.514083   224.854857   693.322009   2486.139524   
102.100000   238.322624   209.085384   243.886709   292.433527   284.574822   255.893596   745.775743   614.790731   1525.729805   1237.321377   264.941099   155.220462   251.934889   199.190521   401.716565   380.145416   185.239690   316.595456   306.722036   520.538855   1468.789077   247.254041   302.812869   351.439369   428.915197   274.325069   158.876605   254.540524   272.109901   270.346929   244.373472   226.020543   693.317492   2484.921307   
102.200000   236.818057   210.476735   242.073713   292.770423   281.967626   255.775576   745.679693   614.465235   1524.379927   1237.026829   264.024931   157.731029   248.064544   197.756710   399.486240   379.672113   183.157961   317.643708   306.157360   520.292252   1467.869766   246.005518   302.240084   351.977858   426.835097   272.864234   159.421945   253.566713   271.309024   269.791006   241.662171   223.925974   693.298232   2484.035054   
102.300000   236.514786   209.648438   239.712471   292.369213   282.350825   255.637241   745.278321   613.984537   1523.807144   1236.737503   266.223738   155.079359   249.283310   200.923191   398.457422   378.882458   182.456712   316.742919   305.928069   521.455350   1467.675814   246.067164   302.826564   352.311754   427.542186   273.705160   158.458734   253.824952   271.548232   272.134194   241.633290   223.977464   692.966675   2483.458769   
102.400000   234.201811   210.619669   241.872375   293.604461   279.874614   255.490909   744.492917   613.962737   1522.913211   1235.745270   265.205382   155.684181   248.281552   199.260429   398.727179   378.414767   181.537176   316.349867   305.549612   520.214068   1466.751776   246.134246   302.259904   351.956145   425.996267   272.489548   159.370601   252.451773   270.868200   270.021642   240.803669   223.110557   692.274584   2482.240928   
102.500000   234.624070   209.862819   239.814363   293.486374   280.126204   256.887095   744.471277   613.514356   1522.466246   1235.677509   264.395905   156.267313   247.764114   197.917441   398.998647   378.338471   183.146461   315.907944   305.671123   520.072025   1466.203029   246.819499   302.106650   352.496023   425.814090   272.268527   159.226797   253.599632   271.313354   269.487037   244.391710   222.782667   692.669709   2481.251017   
102.600000   237.254093   209.249803   240.609818   292.759268   281.352313   255.832020   744.488286   613.329564   1521.882623   1235.159055   264.433801   156.298207   250.358652   199.614899   401.058043   379.061614   186.962957   315.693952   306.279421   519.820881   1465.794156   246.088605   302.479853   352.521134   424.415178   274.546469   159.827514   254.046563   271.335550   269.980578   243.135754   223.560820   692.571904   2480.255936   
102.700000   236.736984   208.754774   241.258086   292.577719   280.005231   255.094867   744.612712   613.472701   1521.531159   1234.917130   263.384680   157.930350   247.423488   198.730336   403.125156   377.779068   186.485240   316.073048   307.498637   519.179368   1465.116202   247.610489   302.809308   351.221327   426.209909   272.296624   157.312898   252.546444   271.329327   271.235337   242.632127   223.852875   691.633756   2479.368306   
102.800000   240.157353   209.449896   242.820471   292.138584   280.218730   256.390645   743.935182   613.986899   1520.927423   1234.262099   267.543077   155.361764   250.908425   199.793954   400.899615   377.820491   182.706589   315.570877   307.896029   519.830594   1464.795389   245.629483   301.653442   350.859252   426.550072   272.397510   160.896475   251.807252   271.772477   269.630293   245.302914   224.977405   691.652968   2478.483048   
102.900000   235.002115   209.771861   240.110071   292.058790   281.427252   255.471282   743.961185   612.964839   1520.343095   1233.537442   263.578961   154.375134   249.188921   198.140132   398.541603   378.349844   180.953663   316.382709   305.675513   519.903443   1464.512911   244.626787   302.483691   350.782349   426.022175   273.265167   159.839893   251.452348   270.453641   270.206796   241.995718   224.165831   690.955313   2477.740896   
103.000000   234.313403   209.714717   240.216505   292.730048   279.905203   255.299680   742.822357   612.633640   1520.371960   1234.300344   263.943991   154.483559   249.312445   197.700355   398.872515   378.551728   180.632059   315.751158   305.541387   519.102920   1464.119860   244.775196   301.921293   351.696266   426.418451   271.852780   159.229720   251.158433   272.257477   273.405098   240.942087   223.047291   691.001330   2476.894555   
103.100000   235.690999   209.241446   242.966547   293.070822   282.234922   254.832159   743.765949   612.425279   1519.679109   1232.576097   266.728742   154.127213   250.928017   198.228318   400.457782   378.432023   183.825067   316.636380   306.450627   518.891883   1463.265609   244.779451   301.447149   350.771684   425.118793   272.032555   159.694562   251.978768   272.429786   273.607677   245.796946   226.477004   691.353516   2475.935772   
103.200000   240.071772   209.988678   239.272355   291.793794   284.215203   256.191746   742.444535   612.196083   1518.876857   1232.626457   263.324276   154.048815   248.862439   197.202592   399.558421   377.433505   181.141693   316.441832   306.541211   517.962429   1463.386815   245.586397   301.301807   351.821005   425.194889   271.501555   158.665556   253.816697   270.934910   269.302470   246.094232   224.381198   690.933230   2474.899794   
103.300000   235.828628   208.200152   240.034250   291.989731   281.790373   255.214497   743.495230   612.050164   1518.558859   1231.813623   262.505056   153.751278   247.109583   197.944339   399.340519   378.349516   181.575682   317.029584   304.912506   517.884497   1461.936911   244.648935   301.132201   350.337731   425.370165   273.155023   158.130169   252.179033   271.511657   268.653913   241.574084   223.552723   690.315012   2474.138175   
103.400000   235.957549   209.076542   241.147665   291.705919   280.757461   256.383296   742.405570   611.509460   1517.797089   1231.481787   264.054090   155.689829   246.363890   198.638569   397.806572   377.039261   183.128224   315.442120   303.935300   517.801031   1461.694987   244.545939   301.558334   350.258439   425.098319   272.027099   157.439730   252.403464   269.475616   270.004600   240.436069   222.923563   690.331645   2473.557478   
103.500000   238.254541   207.860638   242.242420   290.990294   280.023056   254.629627   742.190957   611.706773   1517.682006   1231.250757   265.676584   155.636045   249.223077   199.505132   397.726980   377.198452   181.879846   316.325358   303.703399   517.812000   1461.011627   243.935291   301.158031   349.769003   424.515334   275.156527   157.980288   252.103307   270.335218   272.099178   245.893175   225.238813   690.006195   2472.328452   
103.600000   234.275448   209.241669   239.142441   292.613253   281.481180   253.981333   741.640281   611.750460   1516.953636   1230.876850   263.561141   156.149293   248.092651   199.623026   397.230875   379.398918   181.823151   315.991170   305.038300   518.669147   1460.752942   243.945007   300.871452   350.503909   423.868831   272.790511   157.643954   252.688483   271.328818   269.784093   243.896563   224.088085   689.342741   2471.506537   
103.700000   236.696907   208.607075   240.159848   291.210283   280.855002   255.160441   741.574149   610.867528   1516.014634   1230.075578   264.087904   155.739562   247.372552   197.190246   397.607002   377.247136   181.627069   315.118939   305.454336   517.571354   1459.767964   244.718445   301.143694   351.536322   424.243030   272.499894   157.894751   251.859771   271.077801   270.886034   243.760267   223.378782   689.387264   2470.614767   
103.800000   233.783763   207.921138   239.647740   290.533171   280.206547   253.898647   740.684632   610.724886   1515.282674   1229.778546   263.158156   155.308158   248.020823   197.854530   396.860024   377.236266   179.921240   314.606618   304.945167   517.352388   1459.738472   244.446776   301.364120   350.126328   423.158774   271.820920   158.638172   253.236087   269.267185   269.630317   240.212775   222.568633   689.459964   2469.838361   
103.900000   233.994660   207.303435   240.895132   290.623555   280.138827   254.366579   741.369044   610.264563   1514.883395   1229.288695   263.722611   155.701851   247.223475   197.456306   398.763070   376.469512   179.861052   316.416711   303.216396   517.040732   1459.312950   244.939045   300.743833   349.722154   422.936525   271.640213   157.744804   251.502160   269.125266   271.630928   240.323543   222.581631   688.595285   2469.375790   
104.000000   238.377515   207.566346   239.889182   291.867082   281.076471   253.615385   740.744329   610.178672   1514.420598   1229.231344   261.928507   153.902875   248.497533   199.752439   397.979722   376.647279   179.162596   315.881283   304.770135   516.704856   1458.557622   245.623679   301.367621   352.130619   423.698759   271.516179   158.392894   250.830018   270.749856   271.549232   241.681960   223.041357   688.101004   2468.291252   
104.100000   232.448585   208.639278   241.464947   290.933026   279.564239   256.304213   740.764202   609.856173   1513.832706   1228.546027   263.546253   155.963467   247.425916   197.728106   396.118608   376.712321   179.479065   314.770169   303.784836   516.110277   1457.797736   246.548993   300.547295   349.711669   423.074488   273.767804   157.609624   251.050154   270.850310   267.953305   239.625916   222.015059   687.988131   2467.846376   
104.200000   232.322738   208.677814   240.687539   291.452905   280.341221   255.378105   740.124181   609.756691   1513.381298   1228.478313   263.078146   155.154670   246.958473   197.875528   398.557850   378.027769   182.617574   314.621549   304.916379   516.790440   1457.883188   244.034122   301.393637   349.219136   422.747045   270.466284   159.699261   252.346722   270.353350   269.490784   242.226393   222.749221   687.810943   2466.565916   
104.300000   231.816827   208.294903   239.010135   291.501559   279.742923   253.840805   739.282065   609.821934   1512.814406   1227.832501   265.604201   154.249041   246.322707   197.382897   395.820855   377.539949   181.949850   314.380296   302.153070   516.320795   1457.833641   244.538259   300.992328   349.851620   423.235324   275.926676   158.222874   251.209400   269.496567   268.353331   242.797618   222.307408   687.749362   2465.676466   
104.400000   233.000256   208.203629   240.493301   290.683043   280.005062   254.638338   739.803836   609.672504   1512.571675   1227.541911   262.421677   153.775691   246.680727   198.343334   395.923053   376.055175   178.644946   314.280711   302.241751   516.821564   1456.697157   243.872702   300.911034   349.356095   424.194057   270.724304   159.322419   251.364076   269.252153   268.360953   239.257159   221.957332   687.732090   2465.015310   
104.500000   233.996751   209.042900   242.742142   290.497222   281.015165   252.856698   740.210794   610.189813   1512.553175   1227.240772   262.642059   154.102884   248.238853   198.668199   397.247442   375.312222   182.630615   315.487768   301.763920   516.362706   1456.377573   247.479949   300.042161   350.281656   422.697543   271.993288   158.884975   252.189626   269.251242   270.146926   245.235793   223.422180   688.000176   2464.388104   
104.600000   233.586854   207.403716   240.691571   290.540440   280.026663   253.333104   739.900168   609.593582   1511.834030   1227.113572   261.202177   155.798957   245.866715   197.086791   396.081674   375.047666   180.316630   315.593038   302.354887   517.022213   1455.494553   244.131760   300.123189   349.228865   423.639031   271.344227   157.740783   252.954048   269.323580   268.300093   242.659822   222.758113   687.895743   2463.112683   
104.700000   234.610377   209.068785   239.796913   290.581645   279.010925   253.908856   739.250051   609.713072   1511.448139   1226.459298   261.476366   154.458019   248.495678   197.965556   397.836854   376.417718   179.064994   313.714527   302.919997   516.178696   1455.811901   242.550602   299.595888   348.578577   424.540153   272.645220   157.008566   250.829391   270.139333   270.772211   244.446160   224.054963   687.105231   2462.472799   
104.800000   234.295537   207.487263   240.418678   289.565143   279.319790   253.949182   739.188137   608.690252   1510.585966   1225.722933   261.719493   153.950107   246.101748   199.196564   395.471461   375.073220   181.643913   315.798744   302.415996   516.528755   1455.032204   243.687973   299.835714   349.056907   423.827667   271.830225   157.647568   251.734976   268.816515   269.999119   242.314047   222.423766   686.681088   2461.495003   
104.900000   232.366653   206.786517   240.548541   290.341258   279.483948   253.410230   738.673306   608.371976   1510.435704   1225.468293   262.151951   153.213901   247.598241   196.968097   397.405965   375.078202   181.132209   314.311298   302.937074   517.346005   1454.709591   244.031462   300.171022   348.252900   423.694501   274.239256   157.232779   251.584592   270.294633   270.639324   241.728696   223.061201   687.248851   2460.929165   
105.000000   231.209691   209.570166   239.285542   291.430524   280.119043   253.454622   738.454170   608.187061   1509.524190   1224.890582   260.773343   152.945607   250.077372   196.731158   395.291962   375.396780   185.137141   314.709772   302.790117   514.881310   1453.664577   244.219625   300.846628   347.743323   421.648939   271.744120   156.671048   251.497084   269.638356   267.361979   241.152471   222.269442   686.301078   2459.826164   
105.100000   233.530534   207.644044   240.783172   291.014144   279.811363   253.084278   738.252425   607.917384   1509.823881   1224.563520   261.881717   153.699903   247.832749   199.263459   395.724380   375.687030   180.410811   315.400610   305.403628   515.268140   1453.104356   244.437049   299.544985   348.231677   422.988797   273.298972   158.789058   252.547981   269.960665   268.929858   241.130711   223.767849   686.637813   2459.227859   
105.200000   233.623741   207.033479   239.545151   290.195951   278.403443   252.978200   737.654732   608.008584   1508.509183   1224.031899   260.860807   153.279502   246.786490   199.803080   395.790017   374.675582   181.587304   313.216521   304.174140   515.002114   1452.923273   243.224732   299.710609   348.061466   424.194299   269.976188   157.338320   251.862656   270.030016   268.249689   241.002802   222.279650   685.730328   2458.403436   
105.300000   235.540879   207.231500   239.719195   289.324809   278.881809   253.261850   738.612816   607.971221   1507.988211   1223.466356   262.499311   154.055032   247.447539   197.845432   395.763691   375.338596   180.820131   313.695550   304.004759   515.029536   1452.754989   244.580824   299.651457   348.311019   421.887530   271.531469   157.155835   250.693770   269.444080   267.816784   244.994630   222.124335   685.597512   2457.568833   
105.400000   232.496472   206.169722   238.095300   289.585365   280.757990   252.567990   737.529601   607.840813   1507.987942   1223.492083   263.284426   153.342663   246.471401   198.854995   395.506911   374.831314   183.929551   313.874848   305.061199   514.163895   1452.092390   244.083729   299.836888   347.914523   423.857940   271.762272   156.179127   251.306723   268.577990   268.170016   239.728375   223.125061   685.290804   2456.838908   
105.500000   232.880987   209.333080   239.247259   290.329559   279.688760   252.312452   737.340643   607.364051   1507.292801   1223.123286   261.976820   153.628016   249.092041   199.881214   397.329767   375.274805   186.633830   313.897237   303.053555   514.336151   1451.516870   243.130504   300.247660   347.455494   422.224110   273.353915   157.358038   249.752193   267.879714   267.297121   240.960948   223.696436   685.163084   2455.876637   
105.600000   231.603520   206.780541   244.420876   289.127922   277.193653   252.955428   736.637779   607.067902   1506.542292   1222.645056   261.880483   153.511005   247.220028   196.156995   398.034255   374.474791   183.209592   312.762544   304.747987   515.939076   1451.087078   243.959126   299.751353   349.369947   421.480358   270.908281   159.971551   251.538234   268.039401   267.807372   239.866394   222.004889   685.088263   2455.338645   
105.700000   234.424213   206.550551   241.091498   290.896805   276.410120   252.055852   736.366784   607.196515   1506.078425   1222.767550   261.331654   152.354634   244.947870   197.518192   396.193666   373.924145   179.857142   312.670279   302.654694   514.758827   1450.652596   243.116523   298.763166   347.997535   422.017237   270.415320   157.963817   251.845423   268.387899   266.324187   238.512467   222.256549   685.006584   2454.363614   
105.800000   232.556734   206.123155   240.649289   288.826892   278.002353   253.306685   735.938531   606.752026   1505.596028   1221.986376   260.834581   153.262929   245.666227   195.969705   394.436709   374.932044   179.490788   312.880749   304.252187   514.387273   1449.982610   242.185651   298.705729   348.764419   420.118861   269.062619   158.133538   251.887479   267.990144   267.181374   238.196921   221.112174   684.817256   2453.739896   
105.900000   232.715716   205.867423   236.580579   288.752580   279.993382   253.827067   736.206393   606.938483   1505.206340   1221.937023   262.071227   152.909630   245.414717   197.348482   394.070731   374.639947   180.031590   312.985253   301.842660   514.619154   1449.697061   242.178782   298.928764   347.658524   420.097003   269.205404   156.951759   251.370596   268.856048   267.968706   237.150937   220.437754   684.314150   2452.955335   
106.000000   235.284853   206.021809   246.272743   288.952225   279.512880   254.557420   736.730676   607.083349   1504.993441   1221.889240   262.944187   152.467688   251.054212   196.832195   395.190673   374.903435   186.442604   313.124219   304.261557   513.848040   1450.911407   242.556674   299.683590   346.915720   422.899881   272.156986   159.799463   250.227384   268.862041   268.343983   242.000924   224.443433   684.482266   2452.238486   
106.100000   232.587543   206.600550   239.792329   289.773282   277.868602   252.526744   735.067141   606.586728   1504.341043   1220.826011   260.462298   155.402220   246.478505   198.174886   394.455898   374.230028   178.719337   314.181990   302.415308   513.100714   1448.589369   241.473111   298.678840   347.028416   421.205277   270.960623   157.677004   250.626805   267.889314   268.066656   237.838036   221.784559   684.251634   2451.551149   
106.200000   231.875417   208.057015   239.129684   289.534491   278.083052   252.375513   734.957782   606.597559   1503.803099   1220.154113   259.516612   152.878730   245.618138   198.065998   394.620764   373.820976   181.401672   314.045576   304.265156   513.897223   1448.088912   242.313913   299.385781   346.848868   420.810506   270.692060   155.931844   249.884834   268.045385   266.813665   240.125483   221.630976   683.580718   2450.765873   
106.300000   232.515928   207.876437   238.632728   287.828991   277.496659   251.841143   735.196377   606.166396   1503.381720   1220.736081   260.585481   152.124752   247.284345   195.025125   394.580583   373.908413   180.919481   313.701362   302.899149   513.880111   1447.896382   242.855904   298.060917   346.590627   419.699912   269.160830   157.743903   249.388425   268.972070   266.351667   238.905592   220.934685   683.323697   2449.933862   
106.400000   233.587764   207.140123   238.500127   287.873456   277.349455   251.700926   735.736044   605.996758   1503.412061   1219.622890   258.933365   154.203447   246.723005   194.690293   395.667993   374.393522   180.906396   312.379196   300.792100   513.036771   1447.408840   241.932085   298.879426   347.416059   420.510599   269.236047   157.229872   249.195150   267.158480   266.922893   239.585599   221.554450   682.991938   2449.198230   
106.500000   233.605163   206.476944   240.967812   287.771603   279.695705   251.675429   735.390129   605.948081   1502.769491   1219.132865   259.644737   153.652772   245.434400   196.035647   394.955848   374.581911   185.043491   312.598814   302.711310   513.133809   1447.620416   242.836002   298.387715   347.898093   420.635552   272.402135   157.650539   250.052515   267.624453   268.808910   241.141981   222.352707   682.922231   2448.459500   
106.600000   234.758772   206.016962   242.013811   287.681263   279.543025   252.114495   735.165302   605.807369   1502.588603   1218.691180   262.824326   153.503279   250.067705   195.850175   394.873249   373.687795   179.542707   312.952873   302.625500   513.402225   1446.910295   242.534948   298.770983   347.774738   420.867866   271.301118   155.892981   248.591999   268.141794   267.149301   241.398398   223.919492   682.517688   2447.737237   
106.700000   238.092574   206.834175   238.929719   288.198950   280.276944   250.980099   734.418572   605.023486   1501.719124   1218.896464   264.726484   153.672362   248.115247   196.192561   393.751707   373.399386   181.585754   311.338312   305.180645   512.771202   1446.913746   243.173723   299.029955   346.695591   421.542857   271.988067   157.807891   250.431011   266.215112   270.544786   238.798880   223.805156   682.952702   2447.050369   
106.800000   232.928013   205.604243   239.839319   287.310182   277.679859   252.983122   734.007298   605.038676   1501.570838   1218.328019   260.234025   154.837545   245.443155   196.845227   394.657152   373.454409   179.490038   311.136317   301.445237   512.007654   1446.607482   242.623520   298.359774   345.903882   419.706370   271.297771   158.832606   250.182673   268.199509   267.189203   239.438188   221.600635   682.187920   2446.196380   
106.900000   230.925111   206.028313   236.447088   287.689649   277.002809   252.256221   734.820712   604.523278   1501.110613   1217.636443   260.501435   153.255493   245.589139   195.170498   393.396597   373.213796   178.995534   311.229677   301.929295   512.288536   1445.376698   242.310777   300.401647   345.918623   419.319313   269.998418   155.216077   250.488065   266.653115   266.390162   239.532942   221.650926   682.582825   2445.720096   
107.000000   232.067617   205.720350   239.076306   288.752956   277.549637   252.886070   733.059299   604.777448   1500.519046   1217.272957   261.223260   152.263775   246.528065   195.326355   393.666901   372.544516   185.406318   311.408365   303.567130   512.072168   1444.738023   245.608502   298.182558   345.512679   420.202500   270.699131   157.305736   250.675325   267.033241   268.357476   239.725556   221.886776   682.178182   2444.927391   
107.100000   232.444159   204.562273   238.328813   287.078963   280.128564   251.466127   734.305751   604.544243   1500.023218   1217.084110   263.407558   151.781745   244.890194   196.370405   395.158730   372.389046   183.173543   312.030054   301.885609   512.725585   1444.173817   241.737690   298.894235   346.668970   419.334641   270.320340   157.278896   247.942108   267.118541   266.264856   238.529502   221.752997   682.481827   2444.176463   
107.200000   236.735995   205.928369   237.688344   287.922549   277.994454   251.195264   733.252505   604.419808   1499.565203   1216.413943   260.930207   153.573111   247.491606   195.797676   393.170226   372.766867   178.706048   311.818323   302.321625   511.477722   1444.139742   242.139978   298.057687   345.893569   418.932939   270.200687   156.071926   249.034524   267.227393   265.726810   238.884001   222.824127   681.990160   2443.640591   
107.300000   231.774363   206.076754   237.871867   288.521190   276.004108   251.184261   733.795676   604.219179   1498.853744   1216.622251   261.310291   152.768106   244.860341   197.047827   394.816219   372.349429   181.155683   312.422699   300.571834   513.019623   1444.149452   244.207987   298.804252   346.093907   419.128579   269.953261   156.500331   249.370410   267.037305   266.809304   239.229714   219.966787   681.495011   2442.818525   
107.400000   234.983942   209.392013   237.447830   287.402122   276.241571   251.037472   732.825521   604.342709   1498.910922   1216.257464   261.095206   152.118725   245.363893   195.375607   393.473718   373.198285   178.244080   311.276015   300.919295   511.497454   1443.291192   242.378137   297.702028   345.355405   419.638855   270.755230   158.003104   250.454515   266.130169   267.151926   240.249907   221.173816   681.679624   2442.028805   
107.500000   231.602169   208.286337   238.129824   287.232104   276.643902   250.890285   732.617304   603.744641   1498.164779   1215.784203   262.381787   151.710148   244.442178   195.356508   392.666709   372.847458   178.055907   311.955662   301.770859   511.984011   1442.668166   242.188596   296.707474   345.161503   418.959790   267.883857   156.768153   249.906375   267.101208   265.786756   240.304076   220.873185   681.559760   2441.348447   
107.600000   236.855478   206.689892   237.772204   288.125111   279.089711   250.719840   732.204097   603.987232   1498.708257   1215.239651   258.872069   151.914815   245.667485   194.497078   392.700378   372.683047   178.271628   311.263503   301.363041   510.967937   1443.005441   242.228033   297.934532   345.654027   418.413998   268.267253   156.855610   250.552312   266.622311   267.636493   240.685703   222.354939   680.918013   2440.604478   
107.700000   234.956499   205.573846   240.184693   288.309360   276.436159   251.225169   732.270200   603.356947   1497.270656   1215.093992   260.118747   153.914332   245.488408   193.635564   394.595767   372.630200   178.032037   310.866732   303.452416   511.104415   1442.344135   241.188536   297.471207   345.239945   420.281735   269.309671   155.230824   249.885998   267.632032   266.861861   239.520624   220.045622   681.369288   2440.006578   
107.800000   231.349301   204.258524   236.233782   286.773388   275.001375   253.049357   731.917752   603.463847   1496.924522   1215.221894   260.645389   154.733542   243.936408   194.283578   392.807416   372.608415   177.052152   311.074466   299.225124   511.590508   1441.535796   241.019824   296.848625   345.602143   419.312731   267.624125   158.226559   248.822051   266.283200   264.258035   238.432375   219.319145   680.793380   2439.386299   
107.900000   231.368546   204.615941   237.279641   287.163543   278.741979   251.240545   733.093930   603.127523   1496.732167   1214.337085   263.480975   153.192751   247.621404   195.906181   393.517309   372.037640   182.279939   311.444636   302.576419   510.369297   1441.830229   243.482326   296.923729   344.856956   418.840197   269.462116   158.198033   248.812011   266.486280   265.200945   240.195008   222.540195   680.712260   2438.604900   
108.000000   231.521299   205.241677   234.738538   288.200504   275.224634   251.847669   731.476538   603.102046   1495.847093   1213.737941   258.583355   152.482289   246.587255   195.768682   391.668293   372.512439   180.617938   311.208637   301.550342   510.191690   1440.908437   242.291066   296.951927   345.414217   417.978540   269.464928   156.014430   247.939566   268.304839   264.916531   236.172434   218.981244   680.876375   2437.936058   
108.100000   231.552809   204.672487   235.876413   288.816007   276.723724   251.725769   733.571463   603.046288   1495.880183   1213.516331   258.978974   155.116329   245.354036   196.256209   394.196264   372.327747   179.744305   310.209985   300.171153   510.335267   1440.379632   240.971924   296.731756   345.834341   418.193359   269.888226   154.580560   248.549678   266.943809   266.158082   239.368512   220.066480   680.043700   2437.297609   
108.200000   236.667028   204.913999   236.894959   288.240345   276.266684   250.618136   731.670844   602.744228   1495.759442   1213.860914   258.947871   151.786311   243.581292   195.399428   392.135471   371.880365   179.231930   310.964076   300.355795   510.486301   1440.125441   240.541489   297.392054   345.901862   419.281452   268.214045   156.687987   249.266585   265.744822   264.876114   239.605206   219.910198   679.795060   2436.729787   
108.300000   236.148075   205.776903   236.652353   286.956487   277.773923   250.219134   730.539922   603.200686   1494.875552   1213.080664   258.088763   152.720566   245.086553   195.414929   391.325268   372.017958   180.394223   310.411537   299.157776   511.531154   1440.204487   240.151782   296.749960   345.671802   418.862479   268.920396   154.783799   251.416708   266.090261   263.889697   239.229460   219.541017   679.494275   2435.908522   
108.400000   233.835368   204.962670   237.692421   286.812455   275.860404   251.740777   730.797467   602.439503   1494.456847   1212.600112   259.267302   153.516997   249.291145   195.715720   392.703907   371.593786   177.782234   310.267154   299.899744   511.180419   1439.494532   240.153724   296.593858   345.828590   418.821235   268.549975   156.988436   248.995478   266.251817   267.041886   238.874515   220.635172   680.403243   2435.589544   
108.500000   233.022769   204.532833   237.839378   286.903224   276.386771   251.585084   730.773808   602.271890   1494.306238   1212.447156   259.085890   155.554539   245.877299   194.357430   390.982536   371.130388   179.746387   312.129136   299.106312   510.002191   1438.974118   241.466888   297.308721   345.340243   418.737754   268.686852   157.236527   248.164886   267.205636   265.663814   243.203676   221.323542   679.017835   2434.886975   
108.600000   234.915774   206.733968   236.416922   286.957448   274.575199   252.283450   730.369748   602.141951   1493.475140   1212.017566   258.736446   153.186139   243.145372   197.523686   391.678317   371.377908   176.499027   310.552698   299.475361   509.935813   1438.225564   242.573259   296.967159   344.814267   418.441931   267.425487   156.089968   248.190057   265.886751   264.156909   239.536920   218.814733   678.991653   2434.137065   
108.700000   229.419366   205.364600   237.178889   286.827158   276.224530   250.806947   729.988484   601.573489   1493.566367   1211.859784   259.216122   151.903481   243.983917   195.468332   392.649679   372.286838   177.452376   309.919854   300.326415   509.970935   1438.085019   241.747798   297.053198   344.356784   417.794253   267.160619   158.346285   247.690854   266.217717   265.158932   238.048142   220.530157   679.599446   2433.308070   
108.800000   229.892816   206.299495   236.634482   285.816696   276.296938   250.478793   730.260278   601.911525   1493.213983   1211.447539   258.971645   153.139581   242.997224   195.199756   390.514469   370.686815   176.753523   310.653132   298.694193   509.906776   1437.659998   241.585355   298.016931   345.803033   416.598487   267.981095   155.834910   250.571463   265.589927   265.414101   239.007525   220.204676   679.299654   2432.790054   
108.900000   231.078675   203.895028   236.105382   287.697243   275.628181   251.735150   729.847787   601.297271   1492.992404   1211.803332   258.669833   152.031757   243.852529   195.091378   392.435262   371.651129   177.186262   310.623775   300.413514   509.823757   1437.235614   241.766711   297.267370   344.380115   416.209143   267.109239   154.488164   247.696430   265.826154   265.478479   236.891588   219.311429   678.230347   2432.247807   
109.000000   233.916476   204.744420   236.489860   286.114691   277.484493   250.364369   729.853299   601.468885   1493.011306   1210.718730   259.411924   152.425214   243.923648   196.011758   391.878437   370.980559   179.104232   310.455687   300.709787   510.080913   1436.889928   242.329845   296.460886   343.906042   417.699524   267.269369   155.906996   247.222569   265.805827   266.499713   237.109365   220.030466   678.385977   2431.427965   
109.100000   232.150459   204.378293   235.890998   287.285799   277.751889   250.626781   729.650975   600.895098   1491.824320   1210.980698   259.661050   152.507633   242.972014   196.906494   392.465501   370.699970   177.822160   310.541116   298.907949   509.270670   1436.754064   241.161104   296.151314   346.352807   417.174579   267.064694   156.464817   246.917228   266.494740   265.263334   236.965134   219.742935   677.844683   2430.790108   
109.200000   231.294818   204.801109   236.995568   285.616337   277.189936   250.649741   730.027122   600.847753   1491.489369   1210.426795   259.830770   152.078625   246.460013   196.214650   391.965624   370.787248   177.130733   311.578730   300.649490   508.957768   1436.301034   239.915865   296.595960   343.853951   416.804569   268.802487   155.464293   248.391110   266.063069   263.691454   238.188571   220.277733   678.130003   2430.215669   
109.300000   232.075229   203.958104   236.826655   285.657927   277.257210   249.950241   729.674440   600.887709   1492.108706   1210.149164   258.025134   152.698200   244.370854   194.814932   394.415189   371.467025   180.324779   309.937117   298.555482   509.401782   1436.096703   241.867433   295.936055   344.372557   417.407377   270.435011   157.293715   246.786633   265.850900   264.416414   242.874017   220.727871   677.743568   2429.650217   
109.400000   233.842000   205.360562   236.674407   286.351917   276.006315   250.222976   728.844177   600.648992   1490.457188   1209.526667   259.858453   153.900151   247.832124   194.717075   390.507743   370.814550   179.595804   309.532921   299.686480   509.239880   1435.581685   241.089461   295.594371   344.163197   415.934569   267.631885   154.403199   248.609089   265.017881   263.746706   239.565005   219.049220   678.139450   2429.066361   
109.500000   230.755409   203.997877   238.229254   286.021354   274.759889   250.021477   729.140446   601.000330   1490.526248   1209.502297   260.132935   153.424377   244.821687   195.630393   391.191916   370.288119   177.162495   310.451091   300.562944   508.860070   1435.213207   240.686520   296.406268   343.959035   416.941346   266.956738   156.033429   248.552401   264.616169   264.907745   238.791134   220.964011   678.029979   2428.433707   
109.600000   231.770833   204.538358   236.056521   286.104652   277.093398   251.516812   729.203251   601.255370   1490.207885   1208.546151   258.006488   151.927841   244.775231   197.057755   393.072983   370.772404   178.525710   310.255159   299.909458   508.783601   1435.115769   240.875679   297.179819   343.944140   417.058317   271.175234   155.618488   247.958423   265.897134   267.633616   238.637592   220.928000   677.517921   2428.013263   
109.700000   231.430685   203.792368   235.433705   286.026370   275.442799   250.787435   729.409490   600.212959   1489.939179   1208.527796   258.855975   153.701391   246.805133   195.124166   392.585306   370.402084   178.996381   309.533961   298.075383   508.449937   1434.687413   241.456941   296.657124   344.370323   416.388841   268.843389   154.838654   248.597951   265.435059   264.280914   237.096537   219.250013   677.857425   2427.204756   
109.800000   231.558816   204.174137   236.863141   286.274675   278.852133   250.851101   729.082037   600.611913   1489.400706   1208.203156   259.003894   151.923133   242.289273   194.332738   391.287306   370.091304   178.634690   309.758427   300.241273   508.789013   1434.411518   239.226945   295.857722   343.685310   417.923887   274.461076   155.042749   247.566472   266.063320   265.501519   236.664483   220.334641   677.434738   2426.718921   
109.900000   231.554901   203.221107   236.469714   285.801585   273.496475   250.613460   728.653016   600.206619   1488.716591   1208.466577   260.038364   151.538902   242.161247   194.059579   391.247890   371.024809   177.678351   310.263001   300.524327   508.553462   1433.735560   241.057908   295.143547   343.432611   417.658285   268.050573   155.248348   247.734719   265.312919   267.455475   236.536766   219.218014   677.097569   2426.035729   
110.000000   228.717007   204.007358   235.424893   286.652445   274.977191   249.910127   728.023980   599.969060   1488.370548   1207.941838   259.043057   153.134221   244.082267   193.146172   391.387921   370.648366   179.121482   309.513255   298.463153   508.350491   1433.021371   240.657406   295.546042   343.299487   416.119224   270.888728   157.597470   247.846034   264.569265   266.728415   236.685345   218.942208   676.933804   2425.474589   
110.100000   228.574675   204.684956   235.551410   285.915140   275.986116   249.559874   727.911262   599.807796   1488.162565   1207.576118   258.719099   152.336030   243.521130   195.846166   392.192402   369.757824   177.710188   309.049661   299.879846   507.779906   1432.884465   240.416503   296.533180   343.199299   416.103760   267.505307   154.626467   246.925805   264.737531   262.685005   235.267346   219.754725   677.059387   2424.993305   
110.200000   229.059649   203.421112   236.125447   284.836551   275.369693   250.199921   727.138607   599.551013   1487.621344   1207.222553   257.593813   150.963403   241.788665   195.206213   389.099452   369.616799   176.014267   308.513754   298.763006   507.972400   1432.210830   240.225574   296.815384   343.305769   415.097778   266.339372   154.521097   247.800443   264.670845   265.220110   234.248010   217.676051   676.954138   2424.483436   
110.300000   229.578003   204.063924   236.981138   285.775590   276.052953   249.463421   727.502408   599.509387   1487.681740   1206.815780   259.123541   151.265970   244.303595   197.086562   389.712555   370.341255   177.072212   309.246139   301.219384   508.125030   1432.428663   239.431617   295.551471   342.832553   415.758624   267.450565   156.986409   248.070084   264.978120   268.022189   237.811686   220.045599   676.775290   2423.942172   
110.400000   230.206924   203.290309   237.464664   286.078824   276.608576   250.017247   727.327923   599.079991   1486.881070   1206.978146   257.930681   151.795207   243.501779   194.271109   391.156731   369.375488   176.944199   308.737982   297.860494   507.847389   1432.048369   238.733558   295.423602   343.771889   416.103506   267.688948   154.393973   248.563454   265.521267   265.355326   237.400914   218.198278   676.494798   2423.292360   
110.500000   229.505372   204.383154   235.800644   285.162600   279.728057   250.215638   728.007037   599.423060   1486.999823   1206.846963   258.398628   151.616774   243.922618   193.925882   389.864960   370.963376   180.346582   309.341860   298.251857   507.663232   1432.528006   238.640947   295.922954   343.245602   416.704887   266.366197   157.954067   247.556411   265.339732   264.879491   236.871489   219.294253   676.269434   2422.622165   
110.600000   229.842002   203.211110   236.340444   285.413136   275.192758   250.902143   727.463338   599.131428   1486.319909   1205.877283   262.224227   150.863246   246.401479   195.626781   391.235786   370.216429   179.066951   309.050624   300.143486   508.435884   1431.279240   240.144032   295.604858   342.895422   416.092903   267.383003   155.363947   247.484851   264.783633   263.356988   238.977597   219.734230   676.614142   2422.065783   
110.700000   234.371151   203.953680   238.275447   284.811291   274.963955   249.870477   727.052469   599.070732   1486.488866   1205.715504   259.275499   152.739860   244.185092   192.924183   390.218189   369.238604   178.154769   309.363876   299.019155   507.051893   1431.335459   239.441187   296.242653   343.924561   416.252338   270.205311   154.930146   247.518329   264.853571   266.038578   237.342615   220.581470   675.732526   2421.483531   
110.800000   228.150657   202.877275   233.766977   284.826177   273.018318   249.300953   727.154387   598.419435   1485.485586   1205.634569   257.426534   150.901244   242.070924   192.782897   389.842853   370.677728   177.523285   308.135639   298.667784   507.061026   1431.225097   239.632911   297.601421   343.143631   414.775589   267.720080   156.288241   246.789583   264.722272   264.541748   236.532326   217.888307   675.930181   2421.005585   
110.900000   229.886156   202.520538   234.529971   285.246971   276.035794   249.198720   727.004662   598.438535   1485.354374   1205.261170   259.979852   151.403536   242.139935   194.141605   391.095116   369.681869   178.906925   309.011079   300.550629   506.523429   1430.421995   240.262936   295.964753   342.335236   414.490042   269.102480   155.389529   245.867680   264.421505   262.383270   236.929476   219.738789   675.350488   2420.522794   
111.000000   227.828490   203.443762   234.286089   285.142697   274.467293   251.033368   725.712466   598.371355   1485.530845   1205.254458   259.638710   152.479705   243.203784   193.477010   390.268672   369.937566   177.576597   308.466569   298.316240   507.901757   1430.255907   240.549909   294.584165   344.991601   414.818395   267.903139   154.873578   246.107930   264.697043   262.377132   237.633915   219.251910   675.640646   2419.922736   
111.100000   229.626449   202.966353   233.564484   284.988315   274.737796   249.422828   725.876648   597.936544   1484.743232   1204.644917   259.242786   151.209294   242.300687   192.473944   390.457324   369.834946   178.133867   307.991814   298.660390   507.140769   1430.123014   239.697856   294.511843   342.503530   414.757841   265.502915   154.404228   245.646948   263.816386   264.004748   235.555561   218.552934   674.846869   2419.285678   
111.200000   230.125985   203.789977   234.380186   285.219012   274.186074   250.276469   726.234056   598.285105   1484.548279   1204.627804   256.473532   151.651897   244.153304   194.764654   389.368562   370.200467   176.960544   308.760164   299.065316   506.500013   1429.502459   239.981208   294.557185   342.459852   414.633668   267.232787   154.257814   247.392028   263.969278   264.743645   237.309133   219.554281   675.207221   2419.027061   
111.300000   231.603080   202.398972   234.791872   285.233455   276.735083   250.233305   727.046683   597.815798   1483.935438   1204.335554   258.270014   150.227069   243.420984   194.397307   389.251265   368.498541   176.635864   308.335647   298.954666   507.184432   1429.393332   239.061419   295.518481   342.260149   414.638637   265.144924   156.070167   245.645192   263.980863   265.860219   240.084219   220.956201   675.090674   2418.316764   
111.400000   228.872761   203.204042   234.687770   285.039997   272.874111   250.079524   725.782390   598.284988   1483.528200   1203.748233   256.208306   153.914045   243.702698   195.767189   388.143371   370.124634   177.097792   308.640809   297.439492   506.934533   1429.048321   239.082543   293.967635   342.132528   414.720878   264.769623   156.449915   245.613421   263.596043   263.748303   235.311002   217.192846   674.731998   2417.813719   
111.500000   229.537214   203.593217   236.331996   284.415085   274.514594   249.089597   725.788149   598.441104   1483.319635   1203.889865   257.465806   150.357415   245.372085   193.792634   390.311448   369.489164   180.226352   308.488038   299.643213   508.357329   1429.022558   239.609120   294.579906   342.078063   415.090550   266.986393   155.514158   245.836349   263.325190   263.390448   236.501551   219.585756   675.019670   2417.234781   
111.600000   231.003475   202.894672   236.724189   284.295537   274.174267   250.008069   725.800558   597.884185   1482.805071   1203.637460   257.215922   151.985646   243.437333   193.918126   390.320834   368.833112   175.045085   307.628049   298.980347   506.083410   1428.521093   238.494268   294.680179   343.200550   414.256299   264.845188   155.151852   246.508818   264.771107   263.109459   236.975600   218.964486   674.677966   2416.641623   
111.700000   229.788846   203.101966   235.705427   284.276174   274.442943   250.869070   725.545583   598.057480   1483.094787   1203.352865   259.926040   152.476941   244.364597   193.635915   389.774149   369.565014   177.992337   308.902295   297.723916   506.010054   1427.825757   239.354628   294.697011   342.641995   414.580306   265.952104   157.504919   249.626166   264.521339   262.253272   236.322923   218.499501   674.559967   2416.058989   
111.800000   228.528007   202.968152   233.565038   283.625781   274.427479   251.680520   724.288338   597.146088   1482.300063   1202.594092   256.610393   151.985384   241.307368   192.454336   387.672630   369.121984   175.030634   307.966564   297.528970   507.292445   1427.567148   240.279480   294.975631   341.957841   413.862058   264.369722   158.214660   246.083398   264.131810   262.684586   235.413600   216.974499   674.039092   2415.603996   
111.900000   229.179109   203.547091   233.830087   284.024717   273.176343   249.322608   724.298487   597.376417   1481.988219   1202.645726   255.587139   151.528457   243.486570   192.896735   388.608248   370.423198   175.653284   307.601098   297.033543   506.035583   1427.375934   238.892751   293.850535   342.678907   414.594186   264.754706   156.931114   245.745810   262.673682   263.041102   235.880046   217.901719   673.965777   2415.240535   
112.000000   234.260025   202.837736   240.238612   284.494675   276.181613   250.841483   724.835075   597.113605   1482.459225   1202.182148   262.038499   150.490811   246.799165   194.439336   389.964703   368.432027   177.468652   308.083023   298.563382   505.508165   1428.010704   238.437312   293.881891   342.920054   415.020889   266.729837   155.547766   247.297557   262.962508   266.543589   240.247404   222.233668   673.513496   2414.680520   
112.100000   229.687488   204.430787   234.605269   285.469820   275.190855   248.845822   724.221833   597.468154   1481.609435   1202.628293   256.703045   152.372402   243.678053   191.716144   389.189176   368.742990   177.728711   307.368070   296.378753   505.687309   1427.118346   239.171882   293.930068   342.594826   415.406504   265.842932   155.575852   245.843568   262.835636   264.851788   236.904557   218.476434   673.314119   2414.229166   
112.200000   234.263424   203.185254   234.014667   284.783748   276.165071   247.921382   725.077176   597.489885   1481.051320   1201.893187   257.580045   150.653229   243.302779   193.567869   390.582678   368.046568   178.997507   307.263707   298.396906   506.116490   1427.354350   238.935026   294.798494   342.072986   415.843922   266.902496   154.477151   248.369126   263.138012   265.818757   236.763602   219.485460   673.471364   2413.596626   
112.300000   229.373693   205.139616   234.797160   284.553342   273.370158   248.783154   724.641387   597.588229   1480.726933   1201.246845   255.626660   153.108320   240.717364   193.167809   388.190073   368.243088   174.897578   308.446698   300.272237   505.337456   1426.158034   239.229421   294.607377   342.104444   415.023999   265.250537   154.728837   246.765399   262.822696   262.789271   236.936942   217.761331   673.989146   2413.161998   
112.400000   227.035616   202.617080   234.460825   283.647126   272.861173   248.866404   724.042934   597.011678   1480.365340   1201.689286   255.976565   152.244001   244.231485   194.813604   387.762385   368.910630   176.242628   308.928236   298.230132   505.728056   1425.731333   239.097389   293.223844   343.358308   413.243137   264.149065   154.060817   246.197959   262.922996   263.234094   236.977460   217.211795   673.126234   2412.698249   
112.500000   226.331259   201.890901   233.828316   283.929556   272.455692   248.503362   724.169040   596.672298   1479.865165   1201.409130   256.142056   150.585442   240.492970   193.849781   388.245108   368.352870   175.272504   308.877389   298.942439   506.048608   1425.290110   239.014231   293.720539   342.418237   413.065912   265.749002   153.811606   246.544956   262.673332   263.776003   233.983823   216.939391   673.254740   2412.246644   
112.600000   227.446767   203.820945   234.330015   283.937097   275.184733   247.769970   723.971988   596.537220   1479.562627   1200.603269   255.474181   152.289589   243.016228   192.080735   388.848627   367.745077   174.127632   307.488324   296.711188   505.496186   1425.151812   238.807740   292.825890   342.023098   412.623501   265.482310   155.041874   246.421038   263.043583   262.680011   237.378313   216.322788   673.233652   2411.736904   
112.700000   227.610522   204.461759   233.135720   283.580152   274.384440   247.421150   724.238263   596.617513   1479.233676   1200.500676   256.536094   152.543079   240.393298   192.944947   388.486533   368.761033   174.843286   307.235443   297.800347   505.026485   1424.774513   238.563914   294.128010   340.997235   413.676651   265.032135   153.200510   246.069713   264.183763   262.803220   234.382926   216.844025   673.360019   2411.348844   
112.800000   228.636849   201.957156   236.609391   283.620302   272.908408   248.699076   724.239213   596.189658   1479.545022   1200.223447   258.125336   150.214977   242.467445   193.445790   388.885621   368.313740   175.886738   307.389331   299.012869   506.779217   1424.678875   237.392319   293.886884   341.067532   415.410192   265.794360   153.964897   246.050582   264.412949   264.452634   235.313168   219.417398   672.875225   2410.848563   
112.900000   226.543649   204.734780   234.979273   283.064231   274.295482   248.932079   723.137887   596.167608   1479.269055   1200.418494   255.576886   150.387140   242.017326   192.716808   389.368611   367.164996   176.684814   307.402781   297.336838   505.610224   1424.952636   238.056647   293.608996   341.169415   413.878887   266.589634   155.593733   247.241034   265.316431   263.017716   237.097088   218.842075   672.827936   2410.288518   
113.000000   229.076561   203.699702   233.753964   283.941214   273.018316   249.052830   723.739502   596.212561   1478.455750   1200.033587   256.360414   149.917381   241.387992   194.315503   389.488164   367.499080   175.366933   307.602499   296.109997   506.875180   1424.027642   240.171543   293.524575   340.790610   413.369135   265.023528   154.660291   246.067739   264.159750   261.710856   238.410208   217.390818   672.214632   2410.108863   
113.100000   229.083676   201.429527   236.963172   284.963787   274.431970   248.527789   722.666663   596.197503   1478.433502   1199.641644   255.027258   150.630029   241.698620   194.603332   387.231817   367.316429   176.778623   307.753723   296.241417   504.849856   1423.949723   238.749745   293.961943   340.966862   413.600701   265.387742   156.042384   245.716092   263.963640   262.032884   236.590820   217.380573   673.031477   2409.416196   
113.200000   229.061836   205.856216   233.563860   285.265261   271.025066   249.673690   722.622160   595.585022   1477.859531   1199.317495   253.886407   149.964263   242.307777   195.039296   387.561093   367.359819   173.917815   307.492028   295.573319   504.774874   1423.304402   238.970441   292.708110   341.045780   413.443978   264.427302   153.190254   245.201024   263.264485   261.682536   235.325966   215.968765   672.320777   2408.949479   
113.300000   228.846784   202.914762   233.544934   286.835517   271.298269   248.266256   722.484461   595.865136   1477.610620   1200.023657   256.200965   150.298971   241.289770   195.231049   387.605598   367.537287   175.403312   307.608111   294.831997   504.222639   1423.985146   238.198821   293.356452   341.092517   414.076943   264.883174   156.448751   245.335841   263.778836   263.538607   235.460919   217.165333   671.665307   2408.550620   
113.400000   226.784179   202.290203   233.143235   284.382486   273.139617   249.672035   722.543151   595.408834   1477.571754   1198.908141   257.150154   149.767013   243.312041   194.132367   388.662305   368.898729   175.686270   307.683522   296.951223   504.371767   1423.004891   237.987046   293.888645   341.879574   413.504116   264.949334   155.085423   247.993934   262.957125   264.074861   234.696520   217.825438   672.293092   2408.226402   
113.500000   228.207010   201.868679   232.918969   284.933618   273.950590   247.507428   722.172722   595.654823   1477.206677   1199.065092   255.184939   150.693186   242.701773   196.447990   386.752627   366.801171   173.563692   307.726670   295.319976   506.578906   1422.695780   238.518607   294.606391   340.112179   412.435659   264.317177   155.315042   245.907222   264.150239   262.573933   235.299982   216.148278   672.197857   2407.520754   
113.600000   226.128510   201.576569   232.228040   283.953283   271.930012   248.030669   722.206687   595.158327   1477.067881   1199.229249   255.150637   149.655827   241.579464   192.754594   386.641483   367.024498   176.374115   306.519782   295.162588   505.280588   1422.266810   239.318605   293.121138   340.010598   412.951740   263.392918   153.545783   244.436853   262.423094   261.103204   235.311596   216.067803   672.072804   2407.105382   
113.700000   229.846781   202.467793   234.313529   282.887562   274.132870   249.596599   722.694955   595.119932   1477.075699   1198.803504   257.223879   148.875030   240.810429   193.364119   387.237182   366.773195   176.557154   307.268169   297.704594   504.940005   1422.151566   238.321911   293.375745   340.891907   412.868161   267.298540   153.603450   246.078830   262.826934   263.633806   233.591719   218.057982   671.618702   2406.683996   
113.800000   226.784342   201.932252   234.287408   283.389092   273.185637   248.311237   722.814181   594.962872   1476.723349   1198.034567   258.371925   151.382677   241.636085   192.343842   388.099323   366.724209   173.925205   306.849439   295.614119   505.111450   1421.815338   241.206860   294.150075   340.525984   413.145976   263.028957   155.948058   246.585013   263.608155   262.826599   234.789647   216.869728   671.305207   2406.406034   
113.900000   227.580345   201.617572   232.212410   284.730024   276.128034   248.780039   722.657968   595.321920   1477.060532   1198.852350   254.832662   151.057520   243.148526   192.904237   388.724390   367.271164   175.701601   306.969068   298.343350   504.350236   1421.916191   239.487589   292.787330   340.019392   414.224456   264.329021   157.035142   244.887179   262.589570   261.732755   235.240518   217.611066   671.215491   2405.811185   
114.000000   229.297447   202.611166   237.431892   284.177008   272.349462   249.124584   722.106646   594.919067   1476.185443   1197.643301   256.720354   150.362535   240.356546   199.201058   386.966638   367.235223   177.248751   307.411182   297.300355   503.751302   1421.585647   240.820954   293.691848   341.248986   414.160932   263.557871   155.332785   245.639494   262.355802   261.886646   235.064592   217.584192   671.132788   2405.675540   
114.100000   226.891978   200.676097   233.575128   284.163974   274.264940   248.243131   721.638579   594.611089   1475.658011   1197.401190   257.239965   150.287721   241.397926   193.902744   388.290858   367.749124   181.222257   306.827169   296.739130   503.934210   1420.939786   237.820874   293.906386   340.102922   414.591693   263.188879   155.312912   244.377825   264.197907   264.555402   235.772812   216.701574   671.593973   2405.009002   
114.200000   228.625047   201.571670   234.067664   283.577694   272.471438   248.660603   721.323188   594.452690   1475.782850   1197.405640   254.676112   151.534142   242.636300   192.043788   388.407165   366.838226   177.158272   306.406872   296.592638   503.342738   1421.318860   239.826574   294.539319   340.623790   412.638169   265.469255   153.801314   243.898507   263.942692   265.430604   234.279591   217.727813   671.490667   2404.506664   
114.300000   226.514428   201.917895   232.775974   283.970704   273.156213   248.497902   721.221235   594.181603   1475.579334   1196.967884   255.534103   151.414711   240.613859   191.841697   386.873664   366.570717   178.041458   306.577720   297.959929   503.618671   1420.564518   238.340823   294.350795   341.736174   411.932684   263.309247   153.436041   244.508132   263.404753   261.077498   234.610544   216.755980   670.671878   2404.021780   
114.400000   226.958499   202.485618   233.075105   282.899111   271.675220   247.388524   721.436173   594.889525   1475.305500   1196.755689   257.804133   151.646356   239.997460   193.375942   385.815776   366.913397   180.853541   305.585916   297.643044   504.813596   1421.313504   238.110526   292.458035   340.950488   412.322450   263.570555   156.569586   246.590013   264.378420   262.904239   235.374772   217.287522   670.789670   2403.758025   
114.500000   229.919205   202.353404   233.282829   283.393423   271.557255   247.616073   721.657270   594.698133   1474.966470   1196.895860   256.160709   150.358498   241.278939   191.919578   387.929949   366.662005   175.487747   306.486159   296.445530   503.388780   1420.387745   238.176439   294.019548   341.522370   412.037388   264.291371   156.791424   246.122296   264.743102   263.946594   235.655553   216.460982   671.019982   2403.156314   
114.600000   227.319074   201.242280   234.730906   282.789430   272.483640   247.826720   720.470487   594.961622   1474.840734   1196.604190   257.037232   151.285476   241.420299   193.068742   389.086240   365.812673   175.422372   306.938592   296.780191   503.142901   1419.998300   237.474173   294.319912   342.000338   411.549919   263.870492   155.695277   245.561579   263.106763   260.444348   234.782540   215.856860   670.651921   2402.819735   
114.700000   230.240024   201.563546   232.891536   282.947568   274.212755   247.121472   720.707933   594.493354   1474.581524   1195.966678   255.502520   150.925679   241.212155   192.311036   388.427704   367.153990   178.425081   306.257121   294.439950   503.954050   1419.908352   238.430185   292.113351   339.934661   412.224363   263.494248   153.904935   245.809759   263.532539   260.942292   233.375815   216.612736   670.344832   2402.447843   
114.800000   230.497206   201.398994   232.906101   282.554319   271.705067   247.425401   721.059006   594.273019   1474.095337   1195.976691   255.749509   150.194613   241.515538   192.832272   386.465885   367.627447   176.192611   305.744967   294.254491   502.931074   1419.334434   239.248792   291.982169   340.067275   411.496354   267.091155   154.637299   245.074428   261.831103   263.671322   235.545831   216.292090   670.703254   2402.148230   
114.900000   227.057140   199.874159   234.528467   282.985425   274.362917   248.402618   721.025383   594.635738   1474.055383   1195.509397   254.496470   150.981843   242.906205   191.868288   387.350790   367.208713   175.279942   305.450977   295.842928   503.313974   1419.397167   238.766215   292.587046   339.725618   414.830626   270.721348   152.131516   245.690946   261.626588   261.314591   236.849225   218.219414   670.289733   2401.691870   
115.000000   225.724926   202.674460   233.968528   283.795206   271.871057   247.113153   720.354461   593.780691   1473.765212   1195.668527   255.312079   149.899360   242.150264   192.432317   385.687264   366.696805   181.688202   305.894150   294.658424   503.093474   1419.013714   241.052217   292.926379   340.015078   411.478245   265.010163   154.129568   245.450544   262.953242   260.056745   234.614231   215.895561   670.248214   2401.291676   
115.100000   226.593752   201.854124   233.028181   283.141089   272.393210   247.309992   721.238282   593.601208   1473.470457   1195.412659   255.685280   148.712994   239.957936   192.245017   388.577123   367.751387   175.844374   306.063125   295.167809   503.301942   1418.839507   237.319186   293.007577   339.427542   413.824841   263.365374   153.828462   246.031091   262.790639   261.141388   234.627039   216.695984   669.999216   2400.978218   
115.200000   228.467072   201.352292   231.685439   282.172160   271.827791   248.454701   720.733449   593.805566   1472.968570   1195.075455   259.588049   152.315852   242.060573   193.641152   386.992607   366.234969   175.136077   307.092685   294.689628   503.104699   1418.632042   237.829764   292.858894   340.425997   411.851447   263.776041   152.554732   245.061867   261.859882   262.456740   233.936248   217.351272   669.966276   2400.578602   
115.300000   228.309684   201.072936   232.832827   283.452961   274.264683   247.428675   720.524478   594.165671   1473.146320   1195.521365   255.887447   155.722083   243.831911   191.225136   385.640398   365.827503   176.044695   307.199363   296.350090   502.691812   1418.077229   237.705623   292.859952   340.451893   411.620004   263.884588   153.349947   244.164069   263.225132   261.268585   234.461107   216.483241   670.340383   2400.167270   
115.400000   225.371685   202.994915   233.795641   283.137898   270.349099   247.683638   720.332951   594.020411   1472.517892   1195.122961   255.665476   150.261550   240.861636   191.429730   385.959444   365.978410   173.166622   305.598920   296.437295   503.130210   1418.372288   238.642308   292.208716   341.038051   413.436077   263.452626   152.518370   243.575800   261.494472   260.568122   232.634844   215.762320   669.542731   2399.894913   
115.500000   227.861873   201.005807   234.470678   283.426281   272.131601   247.716757   720.736210   593.571772   1473.432825   1194.619125   256.703934   151.670292   240.915129   194.917012   387.429422   365.487862   181.742281   305.625834   296.350081   503.474582   1418.996077   237.642725   292.484878   340.970441   412.856044   267.364020   155.183476   245.251060   262.249738   261.247338   234.341091   219.612254   669.606986   2399.529231   
115.600000   231.328421   201.238962   234.891099   282.709878   274.332421   247.725819   721.498082   593.624664   1472.512257   1195.255269   256.892681   149.343113   246.805731   195.293556   386.565405   365.866464   179.291074   305.343807   298.023398   502.912337   1418.253421   239.344213   291.899872   340.376504   412.832305   265.499906   152.332116   245.997937   261.639702   262.787269   235.374556   219.455865   669.575583   2399.204656   
115.700000   229.105095   201.301490   233.600673   283.615410   271.150448   248.097675   719.483899   593.669203   1471.737913   1194.566615   257.206868   151.757014   238.472004   191.500881   385.655335   366.349605   174.531751   305.644524   294.661534   502.678167   1417.946379   238.566517   291.764986   340.278659   412.018649   263.310351   151.850546   244.671701   262.937117   262.984407   235.949974   217.045536   669.731933   2399.022900   
115.800000   225.508490   200.059595   232.883740   283.802592   271.814687   247.561328   719.403010   593.541115   1471.331196   1194.961949   254.511954   149.641396   238.903725   192.302670   385.221609   366.711625   174.166680   305.169958   295.622420   502.122523   1417.988158   238.632460   292.310122   339.605268   410.722452   263.520708   154.649659   245.878197   262.237881   261.054010   233.293437   215.171843   668.870241   2398.421620   
115.900000   228.812693   200.476109   232.396310   282.269226   272.301724   246.282463   719.906969   593.210524   1471.758877   1194.569294   254.129259   149.941871   239.880434   190.637885   386.364567   366.091310   174.998156   305.262105   295.428705   502.098507   1417.613222   236.676079   291.806793   339.936451   410.487165   265.592674   155.260919   245.771886   263.880385   261.463694   233.877464   216.814813   669.713856   2398.048336   
116.000000   226.716880   201.973720   233.053243   282.251133   272.757358   246.920201   720.246963   592.969767   1471.122839   1194.588605   253.091377   151.326150   238.298975   192.036642   386.410735   365.063732   174.083724   305.725506   295.454498   501.888933   1417.378358   236.107076   292.499234   339.203110   410.858938   263.996309   152.710144   244.565272   261.421518   260.371583   235.305015   215.933016   670.026824   2397.833887   
116.100000   228.228539   201.706927   234.269164   281.791998   271.296933   246.276497   719.921798   593.710550   1471.046183   1193.686464   255.804252   150.953229   240.861571   191.738623   388.561040   365.900704   176.418717   306.235821   294.951429   502.346561   1417.273544   237.990822   291.748206   340.094602   412.323449   266.221459   153.807793   244.064791   262.379112   260.522990   234.259236   217.820278   669.484299   2397.458118   
116.200000   231.965212   202.206041   232.694610   282.137407   273.921503   246.689509   719.827388   593.100869   1471.030891   1193.771596   254.844541   150.912302   239.951411   193.473737   386.724529   366.761866   174.560979   305.790217   294.354931   502.260676   1417.306814   237.389024   291.482439   338.827473   412.269004   264.009111   152.295019   245.338091   261.553444   261.379002   233.862621   217.384617   669.598271   2397.067558   
116.300000   229.955131   200.754700   234.568219   281.300902   272.706667   246.503456   721.344822   592.957780   1470.691937   1193.552480   257.175736   150.365449   241.613415   191.170041   388.319324   365.982912   177.168642   305.816332   295.941663   502.312406   1416.581696   238.054091   291.541846   340.228585   410.576919   267.325220   153.298955   246.931092   263.508593   261.742456   232.673329   218.174077   669.082315   2396.649528   
116.400000   229.887220   201.078307   233.006439   282.846226   274.690951   247.949247   718.537036   592.722793   1470.706540   1193.485824   257.306337   153.017884   241.194226   192.241429   385.475300   365.336905   177.855935   305.880397   297.061578   502.321281   1416.238188   236.801811   292.826597   339.779373   410.569491   264.492129   154.445561   244.770244   261.707013   261.039115   235.119968   217.498075   668.788535   2396.409476   
116.500000   226.282694   200.732370   231.843306   283.225978   272.570666   246.796891   718.451309   592.950115   1470.204272   1193.077699   256.250534   150.240614   240.676461   192.154659   385.894418   365.618515   175.462701   306.522012   294.617858   502.079076   1415.997357   236.796976   292.499739   339.625942   410.521670   262.904495   153.261467   243.718542   260.874659   260.881130   234.094574   215.858907   668.808603   2396.266662   
116.600000   225.141820   202.238244   231.997320   281.619808   273.221108   245.918629   718.575126   592.998488   1470.294144   1193.028717   253.522255   148.715773   243.118914   190.495550   385.555430   367.046867   174.358287   305.082416   296.928368   502.653736   1416.028997   237.143500   291.176592   338.526991   411.376998   265.298359   152.798597   243.477912   261.956397   260.029483   235.173438   215.984592   668.442922   2395.710140   
116.700000   226.573570   200.258370   231.707475   282.416570   271.450513   245.945127   719.055995   592.134127   1469.844797   1192.626548   255.009489   150.258250   240.268731   190.974873   387.886748   366.317143   174.847011   305.079210   294.530990   502.836832   1415.523631   238.638747   291.821445   339.642841   410.419583   264.397065   153.140006   244.610042   261.847116   260.933906   233.134276   215.201548   667.910580   2395.480738   
116.800000   228.823615   201.367396   231.850279   281.843694   272.656186   246.147910   718.483133   592.179867   1469.608412   1192.491084   254.581328   149.437705   240.661433   192.171319   385.936174   364.994875   174.288654   306.421811   294.364738   502.467771   1415.273983   237.100171   292.351571   339.523624   411.117741   263.898319   151.884482   243.545431   260.715418   260.806809   232.938532   215.908703   668.153795   2395.179328   
116.900000   227.824687   201.220714   234.578437   281.212495   274.347939   246.473327   720.458994   592.281878   1469.911146   1192.456769   255.708740   148.910214   241.759900   192.179950   387.065245   365.131790   177.544548   305.314914   296.188068   501.456874   1415.128696   238.053434   291.934962   339.048618   411.739267   264.222625   152.381856   243.926409   262.590083   262.905065   237.771754   217.063442   668.280776   2394.700170   
117.000000   224.945696   201.193436   231.287438   281.848963   271.964437   247.261891   719.279567   592.249104   1469.441188   1192.833990   253.523496   148.991351   239.757813   191.325100   385.047829   366.241837   174.118406   306.667614   293.409969   501.926685   1415.186129   237.695954   292.253578   339.403839   410.653679   262.944831   153.170499   244.654568   262.719561   259.975237   234.599313   215.805534   668.352914   2394.609602   
117.100000   227.139721   202.226127   233.069746   281.220154   274.489217   246.383010   718.082241   592.286145   1469.547071   1191.901778   253.007867   149.334657   241.140635   193.592894   385.456910   365.960508   180.507038   305.075266   295.028419   502.513569   1414.891431   239.614277   292.597358   339.105467   411.517221   264.815872   152.102439   245.891251   260.785254   261.143649   233.526749   217.682425   668.995142   2394.168097   
117.200000   225.745960   202.289797   233.941529   281.103593   271.717403   246.686252   718.118135   592.075786   1469.519575   1191.752798   255.469926   149.501431   239.071824   192.649732   384.419905   364.720779   175.260594   305.279302   294.338308   501.625825   1414.762445   236.943601   292.314017   338.994765   411.009404   265.865055   153.281808   243.540742   261.939956   260.608228   232.566216   216.923795   667.916250   2393.902609   
117.300000   225.484634   200.216393   230.502786   281.138187   270.832219   246.348805   718.076267   591.768551   1468.808686   1191.609099   253.947111   148.493952   240.980693   193.367018   384.343019   365.473652   175.241509   305.857125   293.947253   501.882070   1414.221242   238.245284   291.494536   338.422662   410.963785   263.563674   153.371314   243.180834   260.966162   261.297645   237.372915   214.980678   668.274557   2393.692691   
117.400000   225.700226   200.139046   232.194605   282.327459   270.838863   245.650092   717.853299   591.716659   1468.399505   1191.420170   253.984360   150.463627   240.787154   191.618407   386.244457   364.418439   174.792112   306.029097   296.102044   501.610805   1414.233475   236.652881   291.791879   340.356560   410.015123   265.665538   154.198690   243.757561   262.299639   260.947479   234.153492   215.423707   667.523613   2393.288561   
117.500000   225.853743   201.117519   233.490365   281.862441   271.539561   246.512544   718.983365   591.960536   1468.474405   1191.475944   254.023191   149.488073   240.230675   192.831810   385.124422   364.858583   173.403433   305.485363   294.472975   501.763110   1414.380131   239.118738   291.406695   338.941491   411.197145   265.531771   153.146942   243.170324   261.538495   260.082753   235.593477   216.203746   668.153621   2393.217900   
117.600000   227.158861   200.588692   231.203023   282.214501   270.022464   246.403699   717.287160   591.396666   1468.258837   1191.731063   252.601550   150.756127   238.561313   192.398582   385.557433   365.230154   172.934982   304.242922   294.165981   500.819245   1414.124293   239.828956   290.926675   338.772506   410.647422   263.892714   151.866176   244.605113   260.807129   259.431174   233.450112   214.995878   667.783069   2392.631636   
117.700000   229.648354   200.553988   232.979651   281.040390   273.494447   246.163489   718.386133   591.399288   1468.209095   1191.515945   254.743059   151.233006   240.118852   191.913875   386.886843   364.859002   175.516569   305.614477   295.231170   501.670581   1414.117870   237.670301   293.345876   339.041709   411.043385   263.445979   154.181069   242.948187   261.624023   261.449168   236.504935   216.574946   668.429210   2392.554759   
117.800000   230.625466   200.593906   234.135100   281.560413   273.158325   246.012768   718.227002   591.484216   1468.404435   1190.964692   255.867924   149.336768   242.526450   191.708250   385.384738   364.292310   177.401948   305.916226   294.854611   501.002384   1413.830465   237.047574   293.149451   339.645254   410.645682   264.852991   155.397940   243.017969   261.627272   259.530107   236.174348   216.365825   668.484817   2392.276541   
117.900000   226.663638   201.396916   232.168941   280.757698   270.194370   246.511001   717.657583   591.761950   1467.537061   1190.888854   254.008746   151.043462   240.941420   193.557369   384.616869   365.093109   176.398041   305.099200   293.860568   502.973506   1413.492086   236.901737   291.877206   339.789452   410.384388   264.822499   153.484656   244.979368   261.188092   260.057790   232.761806   216.367580   667.541739   2391.803384   
118.000000   226.181340   201.252371   233.300086   281.281074   270.903183   245.898157   717.571657   591.631283   1467.769199   1191.498415   253.906682   150.178652   240.233259   191.737181   385.600571   366.267441   172.873683   304.862906   294.482139   500.857499   1413.516798   235.548013   293.299021   338.963119   410.036444   263.906983   154.601088   243.434304   261.607052   260.398493   234.901369   215.645774   667.953084   2391.560786   
118.100000   225.590717   202.273111   233.755257   281.421610   271.139772   246.776973   717.331916   591.355627   1467.712051   1191.278402   254.323935   151.212246   239.059679   192.161596   384.672720   364.987891   176.938389   304.548295   295.969205   501.650938   1413.863765   236.690086   291.881161   339.088168   410.751635   264.065363   154.239269   244.900748   260.886658   260.741669   232.224879   214.950163   667.803620   2391.276437   
118.200000   226.204001   201.026544   231.591384   282.455259   269.475061   246.079764   717.089882   591.308117   1467.506359   1190.964837   254.172027   149.728644   240.199562   191.984358   385.932203   364.840730   174.277468   304.778908   295.397040   500.955891   1413.570638   236.157577   291.775896   338.922039   409.680382   265.234624   154.037726   244.470943   261.215232   260.155742   233.151520   215.000568   667.586357   2391.189439   
118.300000   225.676737   200.731824   233.847717   280.667283   272.590209   247.319574   717.788391   591.325495   1467.107907   1191.396804   254.422918   150.621034   244.767126   190.285969   386.364581   365.513245   177.456467   304.870698   295.516017   501.879101   1413.659719   236.538811   292.850552   337.930943   410.124316   265.807742   153.774709   243.891470   261.150697   260.453687   233.849971   217.164513   667.074777   2390.756872   
118.400000   228.509306   202.880306   231.789446   281.759161   271.600019   246.523675   717.515633   591.431354   1466.566279   1190.622970   254.264458   150.044140   239.347785   190.965027   384.961097   364.050527   176.580308   304.673005   295.873351   501.281580   1412.719949   236.018830   293.752544   338.783193   410.591872   262.254806   152.050969   243.690518   260.709500   260.245685   234.825217   216.028492   666.653148   2390.593908   
118.500000   227.537488   201.797279   234.351209   280.695426   271.891618   246.498732   717.763008   591.413771   1466.825819   1190.497484   254.475004   148.932309   239.079820   193.028958   383.822307   365.814314   175.546636   304.749463   296.378028   501.521487   1412.554990   237.802474   292.903665   338.980942   410.102507   262.934372   151.638994   243.137934   261.273425   260.880275   233.740543   215.471070   667.031717   2390.339414   
118.600000   226.305084   200.785269   232.938412   282.184944   271.802970   245.475565   717.376647   591.337162   1466.755101   1190.596928   255.000177   149.642351   238.310875   191.546966   383.737184   364.895564   176.300617   304.612762   297.091418   500.780053   1412.466770   235.800413   291.747106   338.719191   410.927952   263.075597   152.145754   245.200891   262.424643   260.823179   233.761039   216.084528   666.786002   2390.118916   
118.700000   226.702918   199.720272   232.716113   281.651152   271.600736   246.061309   716.981132   591.253828   1466.641003   1190.011697   255.550248   149.502202   240.172262   192.761794   385.089329   364.888495   172.451463   304.734180   295.658650   500.555964   1412.404298   236.410113   291.498348   338.257062   409.883087   265.787605   153.138227   244.779596   260.887070   262.981516   235.100688   216.379389   666.391826   2389.821387   
118.800000   230.062377   200.484217   233.423405   282.231977   271.214999   245.787681   717.159681   590.975311   1466.415791   1189.927824   256.656348   148.575851   240.811591   190.328491   385.603337   365.132289   177.372762   303.908411   295.388764   501.004683   1412.474505   237.187165   291.925908   338.349932   412.504368   263.552776   153.131137   244.128635   261.907682   261.591359   235.825488   218.064978   666.554529   2389.835547   
118.900000   228.473918   199.675854   231.899547   282.036831   269.173490   245.495557   716.736145   590.760471   1466.231785   1190.087919   254.667866   150.315159   239.281231   191.427468   384.747771   364.874253   173.135961   304.136231   295.789218   500.078684   1411.743618   236.305209   291.130930   339.223743   411.088159   263.323103   152.937974   243.112731   260.762687   262.667410   232.457153   216.081646   666.633761   2389.536634   
119.000000   227.935722   202.109891   231.999104   282.955671   270.124955   245.334542   716.994078   590.761806   1466.032942   1189.478916   257.673867   148.865808   242.369320   191.222779   387.835843   364.428649   175.318223   305.509176   295.445057   500.970485   1411.832549   236.107574   291.324650   337.632669   409.711435   262.930644   154.437291   242.763945   260.587146   260.004702   233.195362   216.570283   666.146205   2389.086666   
119.100000   226.571468   200.726216   231.827026   282.139771   269.719763   246.886023   716.646758   590.915413   1466.018436   1189.313957   257.255782   150.830607   242.120974   194.019958   383.950942   364.531574   176.771086   306.887227   293.967550   501.143013   1412.171359   236.548022   292.229393   337.803202   409.202746   263.787890   153.805001   243.015026   261.100938   261.078032   235.343640   215.543084   666.474222   2389.057975   
119.200000   225.882910   200.270605   233.010928   281.860035   273.321360   246.337850   716.393103   590.764422   1466.177942   1189.777641   252.751778   149.806695   239.313605   192.296455   384.165959   364.797753   173.433242   305.849542   294.595742   500.512071   1411.983318   236.820838   292.090663   338.314693   409.677297   264.161694   152.902055   243.233099   263.191530   261.172172   232.129672   215.780911   666.782267   2388.655053   
119.300000   226.460299   199.984076   233.576186   281.682715   270.546699   246.315548   716.810486   590.814772   1465.781946   1189.520113   253.731473   150.779520   237.186147   192.596389   384.077225   365.599573   175.814805   304.655306   293.603693   500.837349   1411.559386   237.169048   291.053398   338.922856   410.225319   262.691349   154.687849   243.431135   261.376889   259.043791   231.997231   214.321056   666.463950   2388.476143   
119.400000   227.901569   201.068940   233.444241   281.449319   272.901999   245.229775   716.384464   590.905993   1465.571408   1189.166017   253.488520   148.994999   238.467647   191.536801   385.673317   364.299228   175.901071   304.442679   294.559272   501.004285   1411.075388   237.219403   291.667204   338.924226   411.213478   261.394913   152.858350   243.208679   261.195283   260.067558   232.022984   214.873589   666.457028   2388.249429   
119.500000   224.624424   201.282779   231.962529   282.442332   270.543744   245.769894   716.871180   590.523345   1465.294280   1189.056124   253.313286   148.419666   239.227072   190.656086   385.058917   364.054192   172.003457   304.870148   295.148012   500.509727   1411.542105   237.371924   290.607112   338.372684   410.138294   262.914084   153.074379   243.983767   261.468719   260.691870   232.447126   213.987018   666.336596   2388.251213   
119.600000   225.851511   200.491010   231.251360   280.656751   270.074838   246.331836   716.700990   590.974825   1465.202321   1189.520180   254.251353   148.929821   239.732861   191.654273   383.607314   364.516582   175.435662   304.800125   294.032656   500.318233   1411.022371   237.092073   291.045801   337.714588   411.230967   262.903663   155.419277   245.492841   261.027333   259.681516   232.589147   216.319383   666.373166   2387.951648   
119.700000   225.284196   200.350538   232.546939   280.843871   272.289485   245.437353   717.018475   590.931254   1465.415802   1189.255149   253.787259   150.182383   238.718170   190.352574   384.122513   364.528583   172.880245   304.674859   293.485257   500.549254   1411.060598   236.700653   290.650080   338.029475   409.733742   261.915333   153.008555   243.885713   261.356844   259.509242   233.284330   214.892625   666.392118   2387.847040   
119.800000   225.431949   201.328351   232.025409   280.704154   271.244065   245.449381   716.643160   590.482718   1465.107627   1188.782912   255.304168   150.362647   241.629068   191.658355   384.603598   364.421322   173.548219   304.394293   296.219209   499.827683   1411.018592   236.252781   290.554021   339.301826   410.965311   266.274351   154.579388   243.721057   261.821766   261.875204   232.525719   216.166670   666.547934   2387.463442   
119.900000   228.018530   201.619124   232.486477   281.845815   273.363413   245.208094   717.481368   590.365054   1464.829813   1188.855490   254.796502   150.922656   240.384354   191.064950   384.108240   364.781951   174.778969   304.540279   293.996336   499.951999   1411.547376   235.569836   290.597428   338.902681   409.473757   264.404200   152.215153   244.233231   260.269987   259.864144   235.397498   217.029991   666.120319   2387.360636   
120.000000   225.601231   198.683419   231.314174   280.602663   271.877347   245.061909   716.673505   590.583370   1464.905447   1189.082686   253.901473   151.417165   240.082426   190.518478   383.468916   364.891854   178.069374   305.238995   293.180332   500.275213   1410.511358   237.668653   292.012907   338.149476   409.121440   262.953040   154.566462   244.690062   261.374177   260.159774   233.108236   215.404699   665.973657   2387.043648   
120.100000   225.660868   198.719490   229.798010   283.655607   272.825515   244.882159   715.915454   590.098454   1464.838406   1188.719988   254.732512   150.862598   239.222453   191.587360   387.449826   365.042908   173.026453   305.861017   294.544874   500.947558   1411.060522   238.964970   290.604630   337.674465   410.052450   262.014207   152.205691   243.609864   261.817553   259.735684   232.246201   215.333275   666.402350   2386.821111   
120.200000   226.703000   199.543796   232.030780   283.281052   271.065426   246.947918   716.808472   590.039472   1464.414906   1188.539860   255.052530   151.590312   238.862158   190.655720   384.252886   364.921155   175.528868   304.190309   293.826845   500.061067   1410.551550   235.836606   290.833313   338.617470   411.109662   264.346500   154.131679   243.601930   263.098889   258.776502   233.699475   215.508337   666.084192   2386.573767   
120.300000   228.868887   201.183905   233.875393   282.142107   272.852922   247.001700   717.780632   590.037288   1464.971949   1188.962600   254.686039   149.009835   238.549028   191.480811   385.055441   364.052091   175.347374   304.835349   297.507265   500.816775   1410.858482   235.711840   290.252021   337.992119   410.938807   263.245765   153.544658   242.535745   262.294136   263.459161   234.002278   217.004280   665.383302   2386.532267   
120.400000   227.110586   202.839622   234.669163   281.324684   269.766457   245.189496   716.011755   590.262412   1464.575819   1188.259684   256.111630   150.962651   240.279083   190.447880   383.905691   364.151698   172.687898   303.845994   293.580941   499.699136   1410.416829   236.239095   290.660520   337.729331   408.861820   262.170785   153.306880   243.934698   260.432129   261.878923   231.788421   215.293601   666.042142   2386.470594   
120.500000   226.614307   200.427740   230.299095   280.759345   270.318555   246.479577   715.997682   590.668151   1464.026941   1188.510204   252.699038   150.820457   239.692713   190.956846   384.120860   364.942333   173.350765   304.821193   293.209841   501.432300   1409.876231   236.341632   290.562728   339.041700   409.871346   261.935947   151.742989   243.916453   260.305323   262.013951   233.109645   215.455222   666.747605   2386.109088   
120.600000   225.587097   199.055200   232.051762   280.151883   270.948364   246.747255   715.951278   590.464947   1464.475772   1188.640922   259.251604   149.637603   241.419491   190.824633   384.642500   364.121740   172.814258   303.891984   294.943018   500.250250   1410.603691   237.762605   291.739453   337.554963   409.885592   264.109984   152.740535   242.871912   260.341838   261.081996   232.226789   216.631679   666.220764   2385.982298   
120.700000   226.025171   200.228227   229.885877   280.344030   269.276319   246.513384   716.152431   590.084584   1464.142065   1188.021652   252.919540   149.961821   238.827418   190.072991   385.453953   364.744937   174.363982   304.535486   293.135910   500.402497   1409.761846   236.847870   290.412484   337.702380   408.815697   262.153027   152.243167   243.239355   261.406950   260.094160   231.800692   214.771026   666.554199   2385.786531   
120.800000   225.800018   200.038586   233.893897   280.469423   272.526938   247.521130   717.148748   590.160813   1464.157365   1187.625240   256.036112   149.960521   241.695776   190.653490   384.006738   364.142134   177.187204   303.934774   295.484324   499.872859   1410.125015   240.550859   291.628960   337.539183   411.220141   262.965763   153.268145   242.774935   260.858570   260.014836   233.565077   218.171939   665.469832   2385.577641   
120.900000   226.776868   199.761191   231.964860   282.091348   271.646086   247.154596   715.319528   590.052133   1463.698307   1187.566365   253.176619   152.251157   238.966468   192.456782   382.549568   363.904495   175.052728   303.771933   293.553359   500.897332   1409.968149   236.262453   292.383745   336.922273   410.074565   261.928388   154.783812   243.404720   260.687642   258.698710   232.581008   214.812569   666.099940   2385.628674   
121.000000   226.730541   198.813677   237.921921   280.299952   272.670043   244.633776   716.276959   589.767670   1463.762734   1187.812777   256.100027   148.782688   240.670824   190.913563   385.799249   363.767233   174.893259   304.566258   293.855032   500.486480   1409.813530   236.380513   290.928912   337.738733   409.730433   263.730407   154.823497   243.038495   261.050804   261.635540   236.453227   217.294309   665.631779   2385.290388   
121.100000   226.697114   200.516130   230.381928   280.515852   271.577022   244.664466   715.304910   589.775651   1463.727522   1187.950914   253.059715   151.922656   238.876488   191.888750   385.800885   364.493074   175.798289   304.526015   293.355698   499.633027   1409.961658   237.031973   291.663679   337.540913   409.150501   261.727840   154.517143   244.003732   260.683237   260.536676   234.377900   215.322277   665.566981   2385.200973   
121.200000   224.846274   198.934487   230.916509   282.036447   273.000227   245.386819   715.477095   589.680155   1463.570131   1187.265426   252.029070   149.806876   240.928668   190.621164   383.552142   363.486162   174.995152   304.669563   292.165921   499.627625   1409.445137   236.801562   290.997497   337.400264   409.455317   261.853469   152.783180   243.070142   262.103608   260.423319   232.454635   215.430151   665.599141   2385.451500   
121.300000   226.782303   199.964896   231.722092   280.752032   273.644133   245.990718   715.504634   590.473361   1464.156115   1187.580906   252.825221   149.527883   239.271281   191.137615   383.862965   362.938674   174.424560   306.178213   294.700205   499.555179   1409.649377   235.096548   289.944794   338.870665   409.086378   261.945631   152.298918   243.146948   261.402231   262.995557   233.501215   215.591746   665.616101   2384.954472   
121.400000   226.594971   200.705345   230.624177   281.503239   270.139143   245.188481   716.616116   589.736301   1463.736705   1187.244026   256.250480   148.135003   238.705380   190.186393   384.440550   363.479624   174.091792   304.144228   294.010537   499.207006   1409.166734   236.213529   290.145650   337.468517   410.313109   262.113090   153.002201   242.590982   260.830064   260.683791   232.630922   216.073165   665.893430   2384.945835   
121.500000   225.598141   199.395566   231.834265   280.883232   270.348716   246.869837   716.775674   590.213325   1463.143800   1187.169274   255.251379   150.299589   241.836353   189.315184   385.045787   364.039820   172.818558   303.680083   294.793160   499.845551   1409.457511   238.215352   290.010098   337.849476   409.302011   261.387975   153.104249   243.449605   262.360928   258.631366   234.958779   215.425938   665.362672   2384.669924   
121.600000   226.008664   198.507951   232.571414   281.224055   270.658676   245.301563   715.398996   589.898697   1463.179675   1187.388888   253.922884   148.683673   238.528864   189.793347   383.939978   363.844911   175.799718   303.756845   292.840795   499.638031   1408.923137   237.439457   290.684076   337.350939   408.773085   263.802495   154.632619   242.530588   260.916768   259.769395   233.695443   215.575679   665.353314   2384.717653   
121.700000   224.442849   198.108665   231.725304   281.709330   271.704335   246.194457   714.999512   590.105812   1463.233016   1187.878827   256.002436   148.803908   238.902606   190.405436   383.757598   364.484896   174.599921   304.189445   293.865468   499.547434   1408.879667   237.622194   290.479477   338.221447   409.039201   262.266261   154.861853   243.212584   259.574748   258.968485   231.901341   215.299775   665.205785   2384.354230   
121.800000   226.420290   198.679202   232.021514   281.321454   270.019628   245.813026   715.240933   589.658856   1463.620801   1187.666737   254.279185   149.749089   237.312433   192.597558   384.425507   365.299599   172.838973   305.570949   294.755201   500.750653   1409.136005   235.522727   291.218030   337.599308   409.178392   262.338900   152.973065   242.863962   260.579592   262.017174   234.070917   215.095805   665.324701   2384.125818   
121.900000   225.603168   199.240364   232.070132   280.709564   271.642711   246.087366   716.417613   589.580449   1463.157707   1187.585404   253.899949   150.473153   238.137777   190.853699   382.782352   363.883171   173.551061   303.904971   294.425831   500.428138   1409.048824   235.754085   290.614426   338.509731   409.089057   264.010131   152.979275   243.199108   260.903954   260.689907   234.241139   215.698402   665.162244   2384.164755   
122.000000   226.932977   199.844815   232.757979   281.596768   273.644810   244.959611   715.494778   590.144822   1463.075673   1187.580654   256.799912   148.734443   237.656096   191.516502   383.971014   363.867319   174.869344   303.384776   297.242434   500.255929   1409.717556   236.633012   291.242321   337.254287   409.600882   263.225967   151.504286   242.182367   259.995538   258.972261   235.876752   216.177282   665.617183   2384.075277   
122.100000   226.792177   199.036687   231.518086   282.026403   270.740925   245.266087   714.952271   589.663918   1463.223259   1186.983637   254.129556   150.598333   238.419792   192.151137   383.937331   363.666234   174.548961   303.850755   295.377483   498.836822   1408.960553   235.868504   292.991662   338.722418   409.304357   263.116946   153.049780   243.156944   262.445989   260.515679   231.880584   215.170621   665.312752   2383.786675   
122.200000   223.922187   199.686885   230.525142   279.895339   270.559847   246.735256   714.942244   589.837264   1462.778314   1187.105961   252.891008   150.702947   238.006451   190.619211   383.639309   363.461484   172.892048   304.220871   294.767045   499.063894   1408.307048   236.663949   291.559835   338.399633   408.577009   263.097398   154.670233   243.204330   262.282287   261.322476   232.478957   214.652564   665.797083   2384.221433   
122.300000   230.785128   201.134857   233.424693   280.924313   270.526710   245.863924   715.792053   589.986715   1462.456762   1186.929577   253.668893   151.121526   240.559393   191.492545   384.356891   364.439751   173.604885   305.074845   294.459163   498.965470   1408.810254   236.242618   290.312271   339.006448   410.051297   263.571373   152.059559   242.267294   261.005380   259.574559   233.810920   216.118325   665.486479   2384.092746   
122.400000   230.019422   199.587001   230.015346   280.502111   269.771656   244.680194   714.839732   589.424810   1462.786733   1186.796761   253.118585   150.247215   238.854583   192.075781   383.260104   364.766484   171.526976   305.293760   293.050668   500.317491   1408.803167   236.086020   290.683471   337.959463   408.726687   262.397029   153.001628   243.825004   261.413051   258.808455   232.789354   215.528002   665.338410   2383.564329   
122.500000   229.731471   201.209211   232.959445   279.839196   272.163695   244.804301   715.628544   589.569988   1462.969301   1187.374102   254.721711   149.594036   240.693518   191.081487   384.200028   363.956655   176.721638   304.780056   297.558153   499.308574   1409.365110   235.598949   290.337820   338.540657   409.597306   262.951818   154.217743   242.805783   260.013939   263.496415   234.193323   216.700527   664.990393   2383.553076   
122.600000   226.320613   198.918497   230.635641   279.486129   269.530628   245.610815   716.115192   589.102592   1462.374065   1186.582208   253.072852   148.840601   238.818875   191.654363   382.578758   362.864095   172.969371   303.644556   293.368823   499.611462   1408.673933   235.175889   291.162206   338.728754   408.645432   262.546553   152.195092   242.589769   261.110129   258.492170   232.373880   214.929982   665.550318   2383.403560   
122.700000   225.385656   199.370366   231.110106   280.437854   270.629775   246.143449   714.858330   589.205755   1462.496639   1187.355125   252.931232   149.124708   239.365499   190.024469   383.183601   363.583513   175.531803   304.741780   294.495470   499.886125   1408.121440   235.709542   290.079546   338.308680   408.811989   261.402210   151.383411   241.565973   259.454347   260.022552   232.200246   214.571413   665.437992   2383.248211   
122.800000   226.750483   198.613650   233.553182   280.278498   272.883989   245.413369   715.367770   589.599553   1462.819112   1186.886440   253.209019   151.973786   237.920694   194.076391   386.335930   364.181982   175.379726   304.762217   295.304124   499.052650   1409.197526   236.346446   291.050988   337.337778   410.108172   264.167469   151.742132   242.528280   260.807360   261.133328   234.936068   216.248314   665.348983   2383.312843   
122.900000   225.506059   199.784915   233.109429   280.710472   271.194227   244.670568   715.924203   590.038041   1462.241218   1187.052905   257.177456   149.130195   240.466441   191.953541   382.768398   363.559409   172.846890   304.158734   294.766946   500.501802   1408.296702   235.909331   290.548324   337.402365   408.585567   265.309324   153.250824   241.946834   261.271105   261.387948   233.312764   215.520448   664.597782   2383.482481   
123.000000   226.141337   200.651077   231.296089   280.097886   271.050896   245.530867   715.940246   589.298412   1462.508471   1186.490632   255.580190   149.450473   239.363681   191.548874   385.832228   364.194231   173.014456   304.673319   294.283005   499.301719   1408.594014   237.995653   290.045267   339.140916   407.865410   265.363880   155.097191   243.106618   260.176658   258.697350   236.545110   216.460133   665.084031   2383.039281   
123.100000   227.748615   200.109218   232.306878   282.587432   273.114759   245.001957   715.438112   589.165662   1462.431818   1186.648614   253.801313   151.310586   241.267950   191.218961   382.925255   364.544598   172.511130   303.505790   293.278973   499.552806   1408.071570   234.956794   290.552138   338.597677   408.507021   261.736523   153.473421   244.827110   261.683698   262.278322   233.189352   215.458392   665.610915   2382.894262   
123.200000   226.977957   202.990847   233.809545   282.228903   272.077897   245.690676   716.078098   589.211612   1462.863593   1187.227818   253.174484   151.851712   241.862187   190.586205   383.645494   363.952148   171.777804   303.892790   297.556728   500.201073   1408.137442   235.506447   291.190488   337.381371   408.477635   263.168502   152.154843   243.270972   260.963715   261.691441   232.899167   216.345791   665.180654   2383.146503   
123.300000   225.641715   201.963413   231.176003   280.876870   271.968126   246.902360   715.176638   589.191510   1462.002866   1186.512779   256.447741   149.494097   239.743487   193.000840   383.578005   363.923610   171.272962   302.796628   293.189308   500.250859   1408.161885   236.652371   290.261074   337.457705   408.444808   262.794058   151.769900   242.564945   262.464644   258.962002   232.591528   215.536603   665.209149   2382.841987   
123.400000   225.177165   198.718574   230.986000   280.708602   269.251976   246.195574   714.881370   588.929204   1462.104791   1186.696252   254.011971   148.676398   239.951394   190.109099   382.874205   363.923627   171.881208   304.095168   293.722923   499.507748   1408.018703   236.849691   291.201714   337.385465   408.006920   262.150527   152.414609   243.924949   259.357797   259.379737   233.420087   213.300505   665.194506   2382.856270   
123.500000   225.867303   200.666824   233.796774   280.978610   270.453585   245.565509   715.733696   589.149094   1462.457894   1186.570027   256.176288   147.417751   240.045083   191.641300   384.122449   363.436378   178.732191   303.621340   293.857148   500.086084   1408.457754   235.123839   290.741816   336.939350   410.665390   262.612167   154.873229   241.941550   259.635429   261.356901   232.683791   216.697918   664.855832   2382.812750   
123.600000   227.265079   199.254642   233.486602   281.910304   273.612170   245.944026   715.685698   589.331043   1462.028355   1186.404253   255.179040   148.442646   242.671140   190.711875   385.463141   363.769598   178.594919   304.773270   296.177275   499.939348   1408.313722   235.254698   289.810667   338.234358   411.346430   266.473992   152.959544   242.264568   260.455093   261.648492   234.832321   218.167517   665.149460   2382.709108   
123.700000   228.695660   199.138125   233.849910   281.484983   270.567604   245.837390   716.156916   589.504220   1462.735693   1186.299681   254.250609   148.792324   241.292398   191.185368   382.760004   363.781135   176.313862   303.826447   293.867314   498.758881   1407.891189   236.847597   291.146896   338.316093   408.763573   262.340074   155.103182   242.921824   259.613602   260.453214   235.463866   215.152284   664.319377   2382.641845   
123.800000   224.690365   198.915238   230.440387   279.464761   271.424954   246.579191   715.404808   589.670600   1462.411815   1186.401594   253.307906   149.217945   237.458434   190.648865   384.191660   363.694942   173.122542   304.028849   292.553735   499.264671   1408.651603   235.941232   291.680827   336.968804   409.217521   260.779049   151.845163   244.135955   260.806175   260.848971   232.042055   214.556261   664.644555   2382.688355   
123.900000   223.636976   200.392001   231.307271   279.986718   269.321285   246.276208   715.555937   589.257193   1462.595381   1186.160089   252.828160   148.289332   238.550982   191.551152   383.973060   363.502544   172.428744   303.935631   293.576816   499.197084   1407.765027   237.755593   289.680404   338.896679   408.582958   262.971107   151.897521   244.414700   259.959511   260.979495   232.957281   214.374214   664.878443   2382.639601   
124.000000   224.046045   199.878922   233.871590   281.696584   270.713040   246.028120   716.033707   589.799261   1461.967536   1186.095351   254.761779   150.684793   238.582360   191.433506   384.627511   363.403630   174.409893   305.609517   295.237254   498.794887   1408.050081   235.525299   289.637264   337.133437   408.087665   261.719260   152.478610   244.690193   261.019402   261.279640   237.411930   215.570492   665.160204   2382.507134   
124.100000   225.553432   199.732209   234.180152   280.495005   270.580809   245.123073   714.751578   589.256901   1462.186226   1186.145671   252.919208   148.816309   240.304158   190.373638   384.530541   363.228106   178.450222   304.164152   292.840516   499.327811   1408.235207   236.643949   291.177263   337.979440   409.507957   265.485002   153.550128   243.616230   260.528553   262.557488   233.432263   215.916808   664.897149   2382.485117   
124.200000   225.882043   199.276225   232.959264   281.467775   271.260846   245.220396   715.305312   589.453930   1462.057607   1186.618817   256.478140   148.697402   240.225772   191.356489   387.323283   363.133916   174.379731   303.616869   295.306676   500.073012   1408.135295   236.779734   290.085135   338.555550   409.274426   266.179608   151.272879   242.589394   262.132552   260.192420   235.481080   216.240149   664.710999   2382.395975   
124.300000   225.808332   200.306452   233.118513   282.013151   272.143766   245.313415   715.257864   589.582819   1462.393459   1186.120298   254.746545   149.289168   240.828537   191.291274   384.634524   363.872083   172.904510   303.959737   292.611957   498.552792   1408.215543   236.851313   290.295105   337.202126   408.502222   265.149414   151.724015   244.651637   261.893292   264.143254   232.823594   215.838918   665.136578   2382.555805   
124.400000   226.163578   199.135294   235.012513   282.636466   271.709702   246.363762   716.150990   589.049889   1462.360569   1186.448349   254.971041   148.747649   239.026964   191.235850   385.750375   363.343737   176.169902   303.554580   294.552964   499.380204   1408.439224   235.599679   290.269141   336.980825   409.555356   265.388183   151.469712   243.552329   260.840032   261.609403   235.012505   217.536853   664.772935   2382.351608   
124.500000   226.539937   199.719368   230.730021   280.763851   269.030121   246.395966   714.924119   589.176399   1461.659076   1186.471486   252.139302   148.718393   240.187975   190.443764   382.715151   363.279145   175.216359   303.797451   293.679346   499.017001   1407.762267   237.684904   289.885429   336.844129   409.567484   263.093041   154.302771   243.107902   260.087581   260.221986   233.882748   215.592950   664.913990   2382.307063   
124.600000   226.347782   198.617749   229.878746   280.831183   269.432308   245.530484   715.119388   589.258295   1461.861280   1185.965964   256.281297   149.338912   241.104881   190.386269   384.888356   363.422991   173.894829   303.409937   293.525869   500.191343   1407.751701   235.561195   289.877916   337.008079   408.032812   262.264385   151.715825   243.409160   260.884490   258.683515   233.839694   214.295524   665.118338   2382.236393   
124.700000   228.486023   200.386167   235.093329   281.015234   271.761306   246.075974   715.259580   589.653603   1461.877997   1186.186565   253.525632   152.702121   242.191456   191.929410   383.718742   363.281186   172.752317   304.391801   293.941403   499.031744   1408.420359   235.014982   290.598089   338.350178   410.072987   261.894499   154.405495   242.809928   260.929135   258.758015   234.391066   217.051985   664.563873   2382.201536   
124.800000   225.528526   199.159611   231.983221   280.801038   269.289441   246.359048   714.693275   588.897521   1461.805846   1186.306835   252.642548   148.554929   238.505541   191.090115   382.966753   363.350587   173.207806   305.073644   294.258014   499.035573   1407.519469   237.369494   290.691494   337.345440   408.810574   261.715808   152.301115   242.340889   260.272975   258.691759   231.943132   213.757530   664.968175   2382.424196   
124.900000   225.067877   199.524871   232.124682   281.237336   269.796682   244.995457   715.078281   588.855484   1462.112020   1186.373831   252.557171   149.177338   240.338575   190.929483   382.791616   363.654437   174.390189   304.587783   294.867729   498.648477   1408.325433   236.279847   290.327176   337.317739   408.397643   263.050704   152.547845   242.549600   261.869953   258.698238   232.668083   214.449504   664.710865   2382.136388   
