0.000000   224254.984473   151902.810569   177149.795553   443360.924991   283297.752825   197452.510628   294762.847888   289497.425171   341762.506214   647672.422056   160411.973199   497679.442041   316577.505320   123614.213694   288668.579632   311867.463440   187282.866249   224550.015309   208708.794911   231790.727693   623141.322261   487188.966093   191541.747398   134466.109221   140064.122392   174541.321120   80749.678443   140769.604029   160157.780599   268295.476030   206592.045464   115216.090468   350864.950766   1291575.264042   
0.100000   150542.232200   130515.197315   207267.420832   211780.798864   233728.947588   267636.583424   266779.549566   334857.690210   521687.087191   604342.676530   126256.848726   203417.981292   148228.225876   128100.747258   175137.794844   323551.438943   195443.785119   271383.252691   248535.760380   321683.244611   625089.457097   247229.473212   267033.420547   326094.496024   255683.697006   142546.861473   140969.752116   243095.302991   282613.253977   197736.499390   140263.908174   194403.188166   382886.183134   1219649.372533   
0.200000   115902.712686   109465.507602   169011.138726   213523.610087   215641.880876   210702.706981   302331.116999   303534.816969   551579.385500   495702.567213   53937.503715   109496.867389   113890.966561   114895.586799   185064.163104   191329.500215   115464.569933   194051.602163   197333.529606   294923.286165   567955.765919   101802.717107   246456.109168   249154.242285   251317.546670   109959.513944   115408.143924   187911.822015   208863.723234   175680.174654   89621.437445   91777.711732   378946.694759   1696504.814064   
0.300000   99444.652149   92385.155251   135878.603101   145096.405763   172175.710557   189488.025958   230587.755818   247449.035244   441124.884320   382769.557837   50823.180677   74383.448622   97399.031273   91621.303849   146348.303818   152848.051615   99735.747778   159647.155805   174768.605195   250944.439055   433743.534251   83974.335569   220359.718938   211534.652318   193477.322605   91228.829711   77471.720364   159929.597264   181996.044495   147394.202676   81089.028005   58318.483328   305137.588032   1285892.747457   
0.400000   51705.027186   61291.691931   80792.121984   112046.725295   108967.651602   128180.038914   149463.750041   153678.622977   284540.784710   246940.088565   33293.963918   48277.531406   58874.625935   60732.441445   95119.405926   101366.881883   54594.299890   111168.481592   111826.130475   161866.202524   271242.776682   64616.786986   145644.879071   143969.990874   127858.462917   64115.717707   56440.582908   110563.905527   114385.953969   90598.559190   43833.333688   59699.292158   192241.746583   808195.093991   
0.500000   52957.797322   50038.085439   72357.272559   73988.563401   83028.250718   87605.131176   103069.842085   109314.793369   195919.796971   169055.562419   29892.766609   44232.259106   53363.965775   56125.886368   69455.144990   82417.329047   53826.525517   79601.479602   91148.514666   103613.566722   183761.318099   56119.705586   102244.147155   92216.950639   86492.129400   46746.929017   49843.052876   77608.968678   81758.842235   78195.777054   43442.563529   41042.175701   129412.600778   703676.648075   
0.600000   51592.693313   33173.713944   65921.305168   56575.635451   72450.517435   71046.522502   98107.005730   94084.081467   194026.900395   182461.075854   30547.025605   35905.326353   39068.331347   41606.389358   56238.152775   83981.768383   54834.972028   59653.614473   78596.955644   87826.584244   191229.969605   45562.595851   74960.844885   75709.267974   77990.463167   36448.812820   28804.363970   58391.419296   61780.693544   65792.760786   40333.594156   46897.342855   115842.502538   508098.692905   
0.700000   43382.034334   41046.062497   60728.300217   79194.344850   76185.025902   84036.182072   117865.222054   116400.836020   239470.504795   203138.156172   20528.875840   35803.508594   42648.458324   54659.854823   71253.164483   82155.934097   47588.760122   77656.403256   79649.823135   115436.378113   225647.180351   43788.535780   98442.898966   89860.343345   92624.407872   42549.590966   41460.231513   79003.291591   78306.070750   70660.401151   36078.145705   30861.398887   151248.773833   475853.203473   
0.800000   36193.164386   32375.029795   46419.057164   56927.636596   59710.325540   62885.042536   90238.372223   84529.267499   181712.296202   164502.942919   18022.335739   25550.370813   31953.626228   37011.589317   51320.780518   64399.806144   37567.975479   58845.159173   65557.670969   83760.041991   181045.131081   32344.518799   69203.854345   70911.976965   73266.368614   28106.355925   29786.293913   54019.121326   58768.570174   50599.199587   28355.758251   33673.103766   110120.559410   415030.169146   
0.900000   29866.635319   31888.171791   39143.479865   44924.377688   48435.089149   50077.344200   82294.065149   77952.149326   193300.134620   163427.941363   15251.719005   25748.286042   29487.212930   29527.169924   48608.564925   51113.807091   26641.417942   53292.679940   50236.672088   77266.506788   177858.423122   33604.743905   63744.627986   59074.830315   58734.450649   32768.148167   27187.039675   46467.851722   49791.560425   43070.656349   23008.813900   31935.551275   105379.696842   385289.908042   
1.000000   29696.574473   23223.861610   33892.160041   42577.606446   44055.878227   51537.087912   67579.513225   70221.923017   122116.193879   119379.139560   16636.638071   19301.530666   23842.768150   31069.182076   39244.030345   52413.001502   29893.920282   46424.676703   49182.191924   70945.435154   121981.641268   32462.879498   59023.880012   59346.729055   55029.595346   24744.436330   22161.965420   45674.176144   45680.116625   36228.445136   23722.545784   24338.704541   85106.998509   315638.624494   
1.100000   35432.069429   26884.209180   48445.125602   58911.649704   67012.784050   72890.559325   105172.497166   96453.570525   189942.389959   162417.828254   23731.097080   21565.149857   34930.841660   39810.340595   65065.165231   72034.301620   41068.772661   61740.412473   69492.304173   98590.022069   180298.699480   44493.205140   79154.715646   82913.216879   84383.791542   39778.317447   29812.183157   63007.866103   63886.949854   59037.738529   25955.377243   37791.823115   121701.484105   317586.114441   
1.200000   26830.691221   25207.866857   35139.557895   40994.363257   45999.550185   43706.172659   77242.679901   69868.265327   169849.756598   155955.909994   13685.078178   19187.616173   22549.240453   28810.144483   45454.676169   60305.275282   29747.716203   44699.624234   42781.937962   66442.291015   163848.027588   35443.413422   53802.812964   49259.497412   60101.917801   26036.823236   21324.822810   39188.945568   42643.980558   38170.494593   18943.146306   17817.271492   96439.353050   296974.864154   
1.300000   20647.036006   17730.039014   27791.821199   30415.451364   38740.409882   37969.054918   64466.009361   58125.948899   136256.847335   118571.677877   11351.614783   15810.661103   22238.044997   25858.926897   39496.156366   37803.428927   17979.836950   31214.918100   37824.337757   56548.764545   126482.008592   23912.617336   47849.346790   43541.222483   49272.432817   24672.411821   21683.847483   31383.783363   31612.957260   30030.571653   17933.835215   15922.434558   77901.949570   255736.030321   
1.400000   19494.047820   19514.186301   25690.212162   27317.454332   33667.016308   32464.654518   56464.099209   52525.528406   136706.239191   122556.370211   10365.218824   14517.528487   18871.896185   21671.997100   32166.719481   36718.369231   18513.417474   25251.583475   33785.755497   51781.553816   123782.068630   24413.757555   42988.081016   41622.978144   42010.656225   19501.397824   22440.411581   27619.762177   30179.848812   28362.641096   15351.808751   14854.622280   74866.589970   232904.132569   
1.500000   24901.727693   20324.876231   39584.900061   42662.541781   48155.298284   46448.935684   62667.986568   57033.858516   126770.105985   115202.627017   11812.807652   13657.050951   23374.321950   30767.504771   38076.420540   42003.442163   24620.581083   45276.071241   50186.738791   56579.274195   121794.551882   22949.865121   49863.112549   49211.517737   51447.988618   24512.246727   22568.352398   45047.053011   47273.547628   45445.789121   18212.413520   12602.942293   72292.942701   295328.212406   
1.600000   20686.703793   23113.718676   34805.145954   40881.090721   46726.711365   47958.116609   64784.683311   63529.162589   127020.508092   116509.450051   9926.758377   14465.974999   26417.798874   35135.887634   37896.381468   45635.895853   24235.343632   41643.151382   46621.508764   63217.665321   122366.235123   27905.024368   55500.691173   50613.167696   52934.693423   23915.105945   25904.915645   41723.635008   42196.245543   38387.505130   20325.105672   13813.368191   79483.283244   245917.153982   
1.700000   17661.441045   18220.924496   27026.605239   30553.302890   36600.220978   38568.416305   52234.435884   52522.633914   108941.779581   100541.986918   7873.617584   12829.816260   21506.715308   22888.965663   29720.963847   37146.096196   16477.290988   33641.764845   38430.939473   51546.881255   102850.197710   23548.989741   43935.090021   43389.594381   42814.464795   18721.210389   18406.769825   32630.876951   35360.016683   31019.681279   18449.189634   11889.844969   67132.620884   190636.476548   
1.800000   15381.517761   16271.415319   28482.599139   31663.612402   36461.516666   35955.365924   51807.168755   46854.534519   112523.881964   99349.434860   7784.862253   13377.768809   18912.477264   19682.964747   30517.807192   31055.578764   17611.625373   31282.126261   36905.101183   48095.379661   100267.229370   20398.974603   39454.786311   41613.411808   42806.816114   18999.125062   17349.315990   33479.819363   36246.343666   32596.501063   14085.778624   11348.921459   63557.313083   240916.125201   
1.900000   15581.916560   15682.508105   24674.089364   29040.147325   30554.059287   30131.978140   37845.200151   39735.374657   72568.362328   68673.223107   6478.965180   13719.317336   15314.593319   16747.754485   21975.361977   27412.833819   18628.941027   34883.135167   32545.614057   39464.141519   67486.083761   17489.955443   34269.726433   34369.743642   32826.953045   12244.336899   15392.616407   27609.490282   32676.336177   29153.386634   13786.069830   12660.828786   47077.848058   153345.002549   
2.000000   17406.787973   15014.395590   24057.959686   26099.752485   29458.134614   30659.139152   47825.821113   45102.738852   114283.477992   100843.485552   7974.510282   11172.521966   19000.641309   22622.807949   30636.355549   33095.476099   17781.952817   28532.866514   29211.426159   42565.099416   105939.596572   20740.678965   36094.572755   30925.952570   36497.317601   19078.470376   17693.210236   28080.892133   27002.057243   25716.251357   14991.313318   13112.296495   62258.443831   193832.840425   
2.100000   20107.193311   14543.802474   28341.332369   26193.088772   38431.300484   37075.372353   55276.872743   53975.319182   106224.582941   98652.218902   8406.612694   14285.342675   21240.883124   17488.008849   32879.750420   39393.236493   18829.720023   28907.899246   37283.967732   52974.076628   102472.373635   22392.778610   46197.739551   44533.476963   45725.004566   20692.237559   13271.773784   29171.677371   30990.496106   30616.529981   16716.857223   15155.805531   68033.780923   194721.271808   
2.200000   14565.210554   14804.719162   19522.973713   27432.309771   26055.976022   33741.012474   38361.901202   41330.379011   70654.725212   64101.233800   6870.674673   12946.878792   14006.676294   17344.531385   22324.306911   23394.967214   13354.819196   31675.880339   27224.884630   43441.764748   66231.197811   13977.033849   36535.290346   39480.500805   32494.102656   15005.483550   15469.692394   28781.808577   31039.939257   21843.479834   11062.225094   15518.304834   51777.056749   161355.990393   
2.300000   14407.974654   14953.805951   25536.804838   24928.420630   28999.580953   27295.475341   45499.649723   41279.415498   101660.728629   94828.280955   5979.134593   11250.835401   19989.906941   17935.053759   30930.469967   31742.502684   14704.806212   29026.843331   26521.614065   40947.918109   94850.551352   17626.263412   32115.105133   31559.007349   34348.597529   20871.337450   13957.971613   24770.679119   28413.663078   27973.455759   12188.693472   11474.818288   57286.169311   169714.884313   
2.400000   17085.747741   16108.242498   18803.775020   23492.584304   20299.655323   24546.187608   29641.877437   29521.942480   62557.544912   62680.404450   7787.868695   10686.473903   15393.905288   16155.731126   16081.414183   25535.729130   15258.414711   26040.257408   22901.127098   27693.984903   62602.042078   17775.461801   24368.001847   24487.799822   22773.476958   11865.498962   14603.754671   22618.308419   23886.215040   19361.840671   15454.157961   13354.115370   37057.196461   125881.165983   
2.500000   16031.714763   13309.181840   23635.221341   25178.768127   27303.035262   28222.119551   42710.080204   40996.191383   94461.406212   88835.870648   6033.324588   10060.796021   14915.875072   14966.796149   23620.012675   30402.451209   15398.319783   26413.114083   26322.833224   40089.847230   89766.367111   18155.744056   32264.911874   31334.304802   33808.801200   14444.423104   11815.936298   26509.188833   25974.145921   24998.781386   13490.849065   11995.954385   55675.521615   158033.191798   
2.600000   12782.805539   11118.584043   20002.656789   21753.402441   26025.525408   28349.560925   37441.624848   36357.309452   73604.438916   65689.908451   5241.973291   9105.982077   13392.646210   12358.737105   20766.875324   24318.198630   11808.738973   25830.689295   27721.175102   35644.428560   70562.145876   14702.609617   30842.482785   30503.341853   31287.579903   13188.110894   9930.997793   24158.479836   27333.512215   21340.815070   11980.217905   9441.211830   44512.969273   145425.915682   
2.700000   9570.296237   12274.199267   14349.873260   18518.978916   18460.408448   23825.675805   33552.783229   33840.995753   79037.661518   69660.469104   5092.094825   10730.848983   10479.443394   13280.414157   20155.994104   21968.857022   9295.103805   20231.999926   17826.614369   33744.783575   73078.933249   12665.549810   28060.400158   26398.012183   24000.533346   12818.199294   11878.416224   19479.686251   21040.132260   15573.598902   7761.066354   14428.172587   46141.460858   125130.542671   
2.800000   12625.303336   12692.218510   19989.432922   22795.672098   26091.025206   27823.935731   36889.528391   35251.798646   68037.552900   63048.592823   4841.927106   8521.006218   13252.071842   12305.405277   21057.751617   22553.634755   12673.400905   25699.040353   27536.044072   36788.702468   64738.227000   13336.289122   31073.442073   32003.409630   30246.864803   11852.068782   11923.646931   24231.387959   25437.615152   22369.053292   10818.666639   9704.400819   44533.983420   114503.379105   
2.900000   13481.299090   10072.494681   19811.062841   21228.708540   26649.496444   26013.591669   40661.455880   40017.872537   76783.307465   77215.659348   6153.010663   7506.615304   14817.836428   16234.471873   23299.081690   32370.916142   12142.628387   22011.871998   26919.598609   39243.704016   74237.134492   20530.094721   32769.758371   31029.979739   32166.437876   14456.208988   10299.610589   21426.507826   22971.289932   23085.174776   11389.117661   10435.000798   48938.875738   126231.977827   
3.000000   11565.951091   8954.024752   16161.312987   14573.517435   21224.843845   20465.474997   32334.699277   29873.579006   66699.022561   57700.979829   6226.674733   10098.013213   15155.276646   12198.025401   19797.223742   20347.190788   11439.001389   17745.156828   21660.122258   29778.802593   63197.323661   14018.810814   24343.796255   24587.564655   25958.991231   13750.929834   8748.603508   16273.201126   19038.617744   18387.311333   12299.959930   12068.921749   39018.086186   126089.415420   
3.100000   13874.694785   11551.922521   15411.060073   18718.836139   19638.935072   19924.783586   29937.111562   29092.000542   54529.226476   50601.909659   5480.884315   8929.341870   10793.433178   14115.058908   18941.212426   20896.334748   13978.276217   20752.913569   18643.645663   31500.415555   52716.397719   16291.697690   25489.948349   25811.166048   25502.406398   11057.166999   12902.090063   18018.131977   19233.548573   15668.903865   10511.810462   10798.792158   37386.878082   104578.992574   
3.200000   12873.128847   11479.726006   16138.949384   19002.366813   18554.697856   18363.355935   29446.227568   30478.500734   72364.239646   58565.356439   5534.345858   11894.140517   11792.077251   13293.681688   18949.868236   17985.377577   13941.837316   22197.855578   18222.235414   28648.972098   63955.113793   11779.914416   23263.834555   21269.851660   22495.672867   12408.769202   13518.071186   17107.714040   18296.893744   16016.568688   9937.434990   11088.640089   40919.921435   142073.763740   
3.300000   17081.240024   12471.210078   21353.882904   24845.158134   26116.079663   28836.250817   31690.330694   32965.839547   51741.664194   45263.157588   6209.654004   10720.703030   14114.597449   13029.132178   19179.445725   19165.961632   16671.721689   28445.324716   26839.645470   35646.338610   48204.952214   11026.035501   31924.692637   33629.391594   28231.471506   12717.359811   11912.470875   25126.664849   27815.636060   23068.112486   12449.848611   17127.303103   39564.999564   93662.964090   
3.400000   10263.506461   7473.574239   13433.007198   14754.815264   19074.499277   18731.937538   29719.500161   30488.767653   68990.795715   65773.854149   4818.420447   7304.119982   8834.597883   10903.682681   18062.914568   23421.776294   9791.910072   17060.574090   18655.490113   29611.352802   63616.717860   14844.494969   24445.306121   23005.350710   22712.643024   10435.581654   8426.083318   15011.803848   17157.126378   14939.453392   7927.910450   9254.278732   40629.302483   111575.354823   
3.500000   8241.452825   12141.355091   15561.593261   20448.162529   19825.874263   22698.985659   27988.032379   26915.363321   48712.215824   43131.675268   4564.938244   6792.014245   11510.926724   15158.397614   16234.175502   16342.896160   9184.046309   23349.578549   20750.740045   28542.705668   46479.746395   12446.489596   24301.033735   25073.786285   24347.714953   11075.723771   14180.546924   21187.255796   21319.225802   17948.419392   8693.107385   8898.209685   33033.542081   89597.436156   
3.600000   10225.100662   9038.827483   13985.293995   14429.442152   15468.408675   15209.453051   20134.456238   18952.320386   42682.289491   36927.900473   5871.961730   6550.676897   8057.264556   9970.765823   13203.050941   14689.601871   12015.984172   20524.405642   15870.110511   18693.771676   38892.868544   10171.622882   15604.932706   17035.316319   16381.950883   8625.698420   8786.578503   13939.704803   18103.893040   14985.586899   7247.121565   8032.734800   24731.812329   87718.809932   
3.700000   9853.556677   8850.900633   14300.660716   17162.184280   16751.791372   18430.097167   20093.326199   19423.245902   51240.687100   40133.203507   7006.877733   8214.260050   8354.803662   8021.640208   15411.285664   14923.175763   10205.662653   21241.008094   18959.774290   22358.586372   43511.740451   9625.115607   18507.879972   21689.133751   17717.594232   9488.632064   6980.720204   17442.979822   20947.029232   16094.358127   7798.158294   11650.843665   28751.776097   99861.879212   
3.800000   12447.095985   12471.908037   18796.840402   24269.538230   23111.239869   25904.474958   27614.485541   28073.125497   51982.972665   45799.567670   5449.403175   8509.757398   11841.287731   13150.235242   17375.432589   18053.889576   13573.350125   23694.241174   27857.976824   28397.948506   47059.923273   9976.721903   27242.204451   27780.845482   23874.543178   11864.011735   12067.771880   23680.508138   24328.332185   21680.399339   10538.492721   9682.199214   33525.917334   92519.661711   
3.900000   11682.371719   8138.936675   19681.213515   19337.869424   21962.251517   21929.020363   28050.334251   26457.320228   54009.622103   53905.139915   5398.978996   6992.291476   12634.545880   8142.173474   17333.014799   22990.189253   12041.079943   22169.752175   22258.134001   24530.945788   52463.017938   13556.817605   22645.792356   22019.996165   22764.177690   11561.156256   7266.036517   20208.608941   21723.666511   21248.529013   9473.516798   8666.645801   32289.780226   116459.056065   
4.000000   14976.122506   13754.529112   22517.426607   19649.238409   24400.190479   18806.815916   23543.526087   20555.527390   32552.978242   31932.585670   7301.315207   8242.309027   11239.218236   10847.021975   15029.760163   17422.301902   14793.815771   22794.428941   26220.113287   23904.884061   33183.179644   11480.658422   19652.513769   25408.045099   23825.075826   10479.512239   10801.787360   18206.165694   22283.566738   23595.550152   9661.458286   9681.672424   24942.684218   68743.369997   
4.100000   9431.200346   10460.400876   14467.094630   17917.644925   17799.784646   15919.467406   26098.863983   23628.890614   53235.850702   45552.745917   7218.187718   7474.819161   9967.860406   10189.041451   16755.541005   15753.963085   11067.704625   19805.592676   18730.007185   25923.857516   47832.390912   10334.388177   19538.286840   21066.510801   21195.568339   10572.828258   8992.448639   15993.987063   17994.612728   15846.605624   7210.884136   10071.496587   33549.727339   96751.870745   
4.200000   10180.612382   8764.896365   11795.941764   16892.715419   14461.868696   16766.882878   17615.537780   19413.279870   34286.885882   29061.401550   7024.832839   8074.625446   12527.747927   11781.051264   11936.563017   13579.287603   9888.239732   18349.573054   18508.612094   19207.865655   30299.138255   11757.624112   17563.873109   18508.892571   15190.332830   9875.394717   9514.473777   15929.593611   16408.798953   13295.198294   10850.887533   10371.194743   22157.926724   82471.767843   
4.300000   9149.851993   12943.889551   18856.290237   25377.044564   25896.743734   30181.650171   31872.810368   32068.779018   55133.983247   47497.055309   5549.240747   9505.530644   11046.973716   11359.966167   21564.207881   19935.239227   12672.310045   31049.448865   28438.686598   32543.240282   48430.821796   10898.420273   29503.961984   31313.096325   29036.641064   13417.824466   11185.869333   28198.843306   30926.365635   22800.839095   7553.823854   7872.217363   37624.995535   113641.351841   
4.400000   10505.684574   9143.825432   15070.213700   13703.063646   18102.326904   20155.442630   20228.150409   21881.030860   32026.186532   32579.657093   5320.653329   7883.646966   8496.016627   8683.776195   13431.456766   12734.247682   9478.141057   17869.955697   21011.313401   22442.234526   31727.104778   10044.772740   21719.704896   23534.281688   19115.508490   7557.189672   7814.871501   16262.715436   19962.745846   17064.384780   8788.091341   7980.580463   23640.937483   67548.824926   
4.500000   9704.747153   8950.157894   11576.088791   15582.897582   17256.866165   18088.130355   17824.782109   19652.999798   25892.873744   24507.106085   4698.400226   6887.246164   6896.427791   8762.940746   10903.298637   12794.860470   10517.020174   18867.155202   20672.533509   19913.653522   26430.595061   9324.698100   18226.420958   20880.102955   18317.529923   6841.789297   7348.469439   17242.081580   19606.104926   14385.709955   5774.843978   7239.712179   20771.182609   55163.711444   
4.600000   9480.309559   8674.725154   13542.170288   17536.253073   21061.322653   23705.755018   27741.321237   28135.356137   44941.195545   41642.758594   5623.220439   6064.278134   8490.544789   8831.935843   15149.882431   21051.544380   9243.058927   19025.893665   23481.113771   28291.978346   43128.134766   12265.651115   27161.919243   27291.677813   24327.068302   8923.124706   6304.732054   19774.396406   20767.096856   16033.977223   7124.502321   7771.825852   30442.157433   90551.133239   
4.700000   8307.920039   8878.332596   11802.094554   16422.989554   15855.839591   20115.896142   19248.338981   23470.154571   28671.434208   28041.089492   5093.021046   6636.122856   7996.053537   10951.901805   11780.491294   14002.418603   9401.152663   17643.261650   17210.517592   24578.354064   27455.396057   8496.128934   23941.440752   22829.891622   18760.167927   8699.441015   8589.905904   17075.350533   17485.773541   13040.209990   5455.676490   9515.977337   24681.282568   62691.753060   
4.800000   11583.537578   9588.098679   12836.308930   16239.659287   18253.247034   20917.911001   22354.861313   22406.259195   36604.409590   31576.445970   5675.074380   7201.710864   7827.141121   9010.145652   11907.623970   13780.708494   10447.155222   17393.573131   21307.626821   23056.085138   34536.723219   10398.839251   23693.729132   23951.216047   19770.256487   7298.755677   7321.248970   18295.116486   17918.260549   15252.770317   8677.148154   9960.461504   24200.524302   70841.190082   
4.900000   10946.272516   7785.607648   12207.121848   18571.320645   17409.763640   21023.562813   20974.658386   19252.545021   30080.309511   27192.514204   3668.705567   4860.785152   6318.105098   10975.675587   9335.130885   14969.970176   9090.428631   17928.288409   22955.350348   22101.167932   29618.609081   10549.379823   21091.373548   22934.606186   19087.246951   5901.226279   8453.146552   20297.166132   19243.491993   15459.181263   7837.482904   7526.786967   22042.000661   63457.086855   
5.000000   9888.452830   7231.410371   11507.461257   14532.685945   12606.075310   14920.976468   14785.360306   15380.199717   24949.360634   25360.475537   4117.435383   5433.569226   7570.286400   7223.658074   8264.531417   12813.722831   7558.019906   16806.086666   14550.621545   16455.088521   25029.814077   9953.360591   14661.003861   17284.933280   13477.206752   6600.439459   6645.448900   14635.952463   15741.847239   12339.518040   7574.729656   6246.802779   17528.357893   70227.191097   
5.100000   8105.751290   9031.528420   15980.134976   21639.027635   19222.631391   20998.175043   19044.339943   19540.903994   29207.546783   29893.706799   3309.889971   6160.733916   7890.153102   8020.334383   13170.642297   11598.100381   10138.815662   24400.336633   20290.194928   21067.284272   27835.473857   8997.253740   20071.804500   22053.338851   19043.377599   8256.555576   7754.704461   20664.122977   24308.730887   18648.722941   6289.704255   6680.816836   21466.266839   70634.148463   
5.200000   7699.551554   10487.307473   12932.246263   16440.095738   16344.144693   15847.864901   18160.779669   14892.069497   29471.211870   24076.187059   3840.190988   5969.926712   6746.698861   7409.121476   11463.272740   11199.854414   10023.325053   19450.123515   18437.131261   18678.557442   25716.273075   7208.841133   16044.095748   19146.021797   18058.401581   5943.836916   9365.270497   15614.222195   18372.825559   15825.331014   7096.416494   6666.188130   19140.813580   62868.555685   
5.300000   11234.812254   7421.218429   12936.389478   13741.292957   15232.845646   12770.260004   17276.015172   15499.600807   26838.526685   24175.891252   5316.365501   4917.943419   8955.277438   8791.683183   9061.406133   12560.737895   9166.909553   16008.401262   15894.727884   15593.354524   26907.986270   10626.967941   15031.106962   14589.341732   16428.069832   6612.850979   6807.598128   13072.634116   15074.292421   13783.831915   8726.994413   7563.602811   17861.327237   52150.794092   
5.400000   8132.787367   6663.717974   13753.924842   14310.244511   15282.681682   16386.531035   14483.343208   16225.271638   20299.071763   19407.979610   3677.685882   4777.052264   6023.172158   8253.358443   8404.719188   8753.205039   8233.088092   15973.381534   17439.002722   17173.884139   20331.035973   7223.619814   17071.603374   18205.735777   15412.814261   6004.529737   6265.465266   15398.930671   16671.293441   13866.339361   6503.613145   6966.141216   15523.015202   43367.023202   
5.500000   8451.156089   7811.363981   8798.476730   12863.117604   13933.839421   20085.528544   16143.919435   19237.787482   29754.670275   27930.858931   4061.829917   5312.412678   5827.216174   8785.624322   8553.835388   12816.834212   8813.892005   12428.357157   20415.842104   19766.844881   28687.201485   8493.134791   20271.902129   20576.230862   15455.478088   6355.177169   8149.630131   15935.102997   14776.212104   11139.194778   6199.939646   5826.924580   20759.507083   55257.617732   
5.600000   11208.192964   9066.887552   10104.381597   12956.002219   11584.302308   14251.563707   14429.000906   17139.232752   20820.624502   22830.762522   4595.724692   5283.997024   7400.107301   9944.791242   7972.779723   13405.979531   9174.607089   12996.165109   14855.183184   16717.961095   23857.991578   8410.309363   16607.812192   15397.325411   12826.295189   6083.722057   8752.826985   12642.833581   12615.989865   10559.613654   10742.885656   8988.550977   17171.704074   39733.753646   
5.700000   10912.882979   7790.119830   11963.703814   14775.958403   13343.892046   16456.893975   17679.088269   21111.334931   31240.780706   29352.837825   3120.185869   4832.159720   8383.417860   8165.417221   9676.158046   11884.574916   8562.156017   17892.067293   15217.158173   21446.392916   30580.972585   6289.036672   18909.514077   18865.197202   15309.966999   7788.828524   8348.010970   14619.645680   16039.309425   12505.539572   8272.049799   6448.716047   22929.742704   62942.060895   
5.800000   8596.031078   6569.576399   8726.043264   11104.006119   12968.671196   15811.431512   13882.144997   17085.583025   19004.493248   18287.912914   3017.935156   4856.073258   6757.761439   8450.910993   8493.168720   10887.722651   7539.164408   13303.900670   16220.146370   16908.220674   18035.352827   6290.501003   17168.381361   17472.575279   14511.277868   5526.711622   7699.524037   12285.725799   12823.728782   10161.624081   6372.179695   5400.725113   15498.179873   38606.234501   
5.900000   10582.011996   8344.850723   14512.639908   13868.918943   13693.848585   15020.646816   16184.094912   15993.298929   22080.633842   23906.905898   3397.886134   5251.402224   8413.151499   9359.705538   8646.033617   12103.286503   10615.266712   18894.462073   16622.995067   17577.666330   23194.254279   9137.929758   15560.134282   17482.825937   15272.102408   6616.152877   8768.801342   14121.890245   16854.139349   14695.365774   8292.606195   6970.961373   17821.645765   34776.610749   
6.000000   10143.853897   7787.500646   12964.099875   13237.579939   15189.590501   17467.781628   16987.882539   18619.578941   27079.534432   25785.649947   4634.572114   5262.896734   6792.411795   9220.215353   7216.421609   11317.303950   11505.616522   15544.094858   19979.155377   19198.721609   28271.752807   7776.857179   18958.734909   19584.428142   16224.968439   5563.151912   8885.894460   14692.707224   15538.539875   13743.816865   7287.433840   6763.412946   18868.170585   46023.963737   
6.100000   9995.380668   9200.983668   12925.127868   14580.797533   12709.024224   15171.081685   14758.159459   18366.723419   19947.996675   23440.603077   4670.392342   5918.298050   8168.972045   9532.499511   8273.334918   12794.215292   9345.876794   15381.733935   14044.746572   17758.911456   20701.840643   8359.095704   17599.661887   15283.606025   13404.148419   7371.793263   7846.837648   13794.545437   13263.510427   12576.828776   6899.276528   6431.601613   18366.629389   50918.762335   
6.200000   9900.924112   7317.902749   10771.057749   10298.448219   11962.297649   12248.430310   14096.457596   14726.308659   20923.843093   19694.724734   4786.438745   7165.689965   8485.501381   8480.233839   8916.392301   12236.516584   6870.165501   11237.248081   12800.683488   16957.868192   20465.541162   10104.553421   14100.467681   15130.357948   12925.120428   7099.154091   6248.015924   10583.681013   11525.460126   11524.098336   7930.890702   6164.369209   17410.687893   41714.053791   
6.300000   9158.905486   7261.383505   10122.447206   11450.657190   12740.137206   17090.913037   14020.950032   17019.415850   18648.137027   17321.194930   3919.240763   6113.287978   6087.062006   7731.929693   8757.678402   10145.192658   7137.321940   14360.066760   17381.109621   18320.397640   20002.197665   7609.457562   18825.827453   19372.470854   13415.290394   6363.082795   6896.193343   13503.006216   14795.018689   10820.948092   6577.976511   5426.380503   17088.522883   40528.208650   
6.400000   9533.000720   9455.062110   10800.157877   12346.805668   9877.867957   13393.182922   11277.100521   12871.995120   20816.521637   19877.219590   4518.025988   7008.508872   6302.349215   6434.179928   6825.998765   10560.326938   10089.198101   14671.316621   13029.832123   13994.082274   21154.298731   8276.205929   12929.704198   13277.413689   10288.260253   4097.253527   6815.067151   12940.936848   13886.555051   10447.729162   7800.783922   5237.051770   14327.727730   40877.246735   
6.500000   8649.690495   9338.894728   10131.152750   16689.677811   14192.132445   18639.855084   15776.301372   19369.089852   23885.393853   20637.125972   3108.740833   6736.659281   6737.109961   7212.883342   9734.313814   10803.028522   10429.888056   18564.232972   16575.659321   20357.235755   23122.576520   5986.636985   19181.031790   19722.583484   14940.520954   6513.530713   8256.940001   17540.827562   18950.189555   12136.470591   6301.665274   6351.575876   20714.933843   37345.169695   
6.600000   10408.932404   9207.337200   11623.169740   15916.624921   16993.351945   18906.324619   20201.456045   20733.305161   26211.581496   21276.995992   3288.009004   6176.470374   5935.187629   8276.771258   12452.411731   10879.634512   9716.152915   15667.626579   19511.304497   23143.011203   25478.037874   7468.331438   21014.532038   21655.222545   18704.363693   6719.090664   8614.281490   16875.878507   16568.654081   14146.019990   6717.948615   5902.088853   23826.421173   43765.053993   
6.700000   13282.618542   10947.683529   17474.397300   21954.586288   18850.530220   22064.975332   17188.138135   21537.884421   16595.096713   18093.194566   3635.198244   6171.944890   9025.674818   10457.403577   10422.793645   12274.598556   14614.372691   23822.831704   23078.610152   22452.843513   16306.415667   6985.207623   22752.962761   24867.667136   18471.671374   6732.767293   10202.144243   21656.860926   23222.419941   19295.544580   7780.825533   5780.872419   20149.722129   33991.898959   
6.800000   10034.101561   7932.973343   12717.755929   12932.929565   11698.868160   12127.550316   10710.964608   12816.365744   14937.710670   15413.590146   3708.101282   6183.590220   6087.009079   7576.503587   6569.403185   6886.717960   10268.344037   15149.853711   12696.591744   14751.297319   15994.699936   6536.096751   12782.936053   14655.506296   11334.772321   4361.346233   7693.726123   12236.013424   15201.590464   13453.518400   7114.578547   8256.968819   14594.503133   35318.329720   
6.900000   11104.462131   9494.536317   12345.886288   15460.880236   13623.923780   16390.011332   14839.074995   18494.993317   20370.188054   21666.295615   4126.027241   5607.927522   7482.247186   8526.915161   8940.788304   11228.649042   9862.008811   17973.632358   14177.535138   18611.040497   19421.306863   6968.197442   18577.887914   18691.551621   15518.258316   5222.090556   8696.608184   15462.471176   17360.259673   13523.880191   8734.124627   6409.030094   18251.457971   42783.403878   
7.000000   12653.445987   12455.773287   15556.168661   16757.252894   12632.466447   14427.268207   13137.743064   14759.982191   16508.046798   14079.425024   4925.568898   6837.920660   6780.062097   9124.323109   8112.089635   7426.831362   12891.616865   18838.927689   14186.313144   16242.613809   14754.051338   5252.861945   15208.606768   16295.299858   12898.973929   4314.914710   12150.924051   14596.993897   15727.973670   14065.918383   8312.989891   6313.513267   15436.946090   41708.710571   
7.100000   13032.986296   9270.346220   13681.510882   14082.276471   12328.714841   13316.383770   10784.300269   13797.188048   18385.810658   16360.157445   5651.849027   4927.368187   7552.994585   8783.662112   6792.741050   10438.673495   12210.010637   14401.995972   14239.379021   15092.395616   17087.173050   6366.964880   14939.628566   15563.422895   11915.394354   5454.327895   8906.890329   12452.088266   13228.124730   13601.435400   9192.376875   7129.715368   14034.479028   41203.417499   
7.200000   11153.698989   9153.567647   12832.636846   12382.291015   13239.841898   12344.527693   15041.408858   14952.918527   15404.905359   14268.736800   4904.867052   5411.368479   10431.968465   8163.940248   9516.107811   8457.171187   11139.670960   14501.558414   14485.201171   16525.429572   16314.783407   5372.469789   14838.628683   15368.423865   15272.391271   7992.800663   7772.415629   11382.032914   12805.718542   13834.589726   9534.660849   8355.685308   15304.339547   31007.437656   
7.300000   12618.186913   12401.607633   16389.494220   17379.018422   14487.209626   17320.767447   13040.464834   16338.938950   15023.265054   14874.863396   6132.935819   7437.061565   9318.813624   8263.886031   8883.108698   9358.787807   12835.231470   21677.577234   15689.613771   18859.475404   14431.409568   8097.281545   16959.909514   19730.524154   13782.996930   6051.519622   10075.278120   17228.898221   20468.812393   16585.069765   9984.258018   8384.387596   17891.612588   33038.903903   
7.400000   9806.301711   11401.690652   11148.346138   14917.035611   15217.720584   17271.386424   14332.893801   16039.675819   14761.038532   15097.250459   3445.658269   6080.211690   7719.537939   10309.643540   7061.654421   9200.693945   10480.871233   15280.538634   18043.327955   15888.342597   16622.270178   8024.725815   17569.108951   17347.692614   15589.669128   5241.651641   11111.927564   15692.820951   15663.679252   13836.246879   7940.044767   6486.769931   14402.223664   28091.728130   
7.500000   13371.549282   9943.640402   12290.616916   15234.341600   10428.434340   13259.239384   10784.072254   13913.858876   17353.170291   18487.017122   5191.412227   7512.899989   6950.674589   7765.452740   6635.115914   10649.092412   14738.863590   17370.526104   12013.780271   14173.503196   17362.038757   8551.743070   13622.100631   12620.204271   9996.218309   5204.597820   8628.205510   14089.767892   16459.070400   13005.326508   8918.171282   6765.072450   16047.055325   36290.027723   
7.600000   10506.885414   7228.203162   13898.514855   16113.122299   12335.138806   12153.877359   13042.338584   12551.093991   17685.929022   15297.140948   4171.391636   5556.136062   8094.550691   8081.687178   7550.116200   9306.220535   10400.572834   19230.764627   13131.588834   13610.690127   18065.062035   6494.112116   12439.381723   12890.204788   12336.987207   6541.794951   6706.139154   14199.157137   17097.766551   14479.470320   7782.006111   7961.823467   14337.830506   26788.616813   
7.700000   9630.347526   7526.196145   12104.030621   13504.366939   15532.679137   14988.238731   14055.958134   14813.919699   17642.345093   16890.636906   4420.289066   4461.320117   9276.680251   7727.074004   9730.051889   10532.376019   10476.048239   16272.574861   17465.574371   16095.491432   17360.398055   7692.699030   15596.504007   16392.200752   14832.732416   7447.624752   7030.727367   13442.199086   15249.765807   14018.676791   7632.416218   10514.680441   15841.419828   32589.884486   
7.800000   8626.082070   7368.623022   9349.511121   14019.899329   11467.811074   12893.270036   15907.662221   15467.363357   18701.742034   18821.929482   3600.633322   4606.641902   7584.446308   6944.666136   8056.840397   10800.140345   10141.018573   17369.454913   14717.429112   16329.968368   21070.072061   8032.330074   14490.226078   14094.861894   14405.222972   5658.186726   7257.454034   13364.576443   14062.308919   9318.282897   6715.174835   9241.400702   16899.940520   37205.058395   
7.900000   11603.381967   7248.055348   14050.624401   14098.526727   10669.644112   13607.254582   11469.158649   13014.822512   15466.913379   13917.472529   4323.385182   5544.571195   8524.379218   7059.284341   9234.428546   10563.796629   8318.425497   17271.757793   11096.258610   14046.451751   16305.806495   7102.519904   13341.163560   14743.807251   11029.080461   7512.980231   6912.957817   13809.855116   16493.839604   12929.548561   8804.995655   11688.296815   14196.611130   23735.598338   
8.000000   10971.355127   11080.825515   11844.921353   14029.320274   13223.265109   14147.434492   12601.641757   13408.980194   14481.085166   14539.487521   3922.131767   6159.055460   6222.869122   8129.636913   7237.273294   7730.981666   10837.898049   17487.489217   15515.758626   14667.026924   15930.042600   6454.849058   13640.584153   15588.149624   13983.655755   5133.811602   9156.110846   13868.635612   15582.979592   13387.946609   8269.503340   10354.740373   14176.231548   23241.019861   
8.100000   9530.397360   6374.057271   13944.173384   14438.295909   17166.101719   18417.229182   17367.854521   17418.982629   13665.143236   13470.735430   3868.029213   4174.966594   8124.861525   7606.039490   9481.179334   10344.168904   10190.100491   18551.617360   20615.982647   18805.205604   14982.073191   7153.648940   18751.312075   19246.521714   17363.598246   6462.411085   6370.320312   16940.019301   19059.391533   17059.802762   9433.703033   9756.931915   16693.449835   26953.460626   
8.200000   8622.808374   8637.997019   9468.504900   15516.744879   13545.919718   17779.105468   13970.952476   15552.829708   17196.063911   16065.614849   3365.888381   6859.402925   8336.863815   6851.133093   9046.994634   10340.992428   7132.493088   18450.803229   15749.974425   17410.514561   18873.334674   6745.951171   15933.051895   19952.695778   13903.712953   6221.917900   7137.390454   16159.334144   18691.542834   12328.104746   9828.993684   14651.009033   15818.795226   32074.001131   
8.300000   7299.345465   9945.450745   11814.765654   17567.732392   14869.037341   24581.204616   15249.308565   21009.803834   17365.453996   19447.729396   3247.280679   5817.874257   7255.278974   8992.086492   9059.760336   12200.085808   7923.275204   19761.609282   18598.409271   21868.318324   18275.061945   9151.763808   23443.675381   24307.152893   15606.462963   7209.268776   8682.355926   20650.056709   20785.011270   13387.242983   6156.055133   9724.856694   20483.217131   27771.833396   
8.400000   9178.963191   8913.353978   11869.133660   18375.419669   11269.114578   19240.886250   10549.009835   16031.820960   10244.441915   17150.831526   3617.667350   6485.145073   6429.120959   8676.105090   6805.136560   10187.366570   8764.083450   20561.676952   14244.307542   16219.738297   12065.654929   6933.880232   17383.574490   18003.840388   11830.781832   5292.396639   9498.452309   19158.286259   19580.083491   12887.728900   7644.434756   9721.864133   14998.697482   28505.932242   
8.500000   6927.193869   12076.275189   14339.255152   22612.061889   16258.464376   23162.252317   15516.806235   20807.520631   14501.910877   18649.616595   4529.019981   6822.376844   7326.585380   8230.019423   9410.599361   14180.423938   10273.969912   25258.837220   18431.799259   21339.356895   16091.324095   7896.557491   22483.988517   22315.942642   16871.161133   6339.220299   10092.995400   24188.302982   23066.533752   16883.147400   7554.677186   9396.464303   18620.076876   30279.652564   
8.600000   13957.882486   14088.480299   15784.148339   18594.251305   14279.343794   17822.450333   11917.413362   14483.996989   12309.390393   13893.661358   4592.061326   6317.178051   7737.506421   8759.834746   7601.735452   9644.377717   11172.753310   23245.691219   17223.420625   15316.702005   12863.109889   6704.396876   15754.006175   19577.059809   13817.617025   6061.264595   12197.278465   18934.007990   22116.308349   17157.768782   10053.787655   9675.082785   13989.203259   22635.003199   
8.700000   12299.179043   10657.726897   13116.119629   21092.754255   14460.124144   22301.077856   15069.552383   21770.704608   14892.233628   19231.814368   4295.268549   7645.019742   7094.076061   7823.023415   8455.191610   11870.222733   7513.710068   26037.199221   16535.454625   22897.434101   15031.989737   6046.575487   22035.140827   23487.532570   16776.873763   6332.279008   9669.697667   22213.543000   25992.273553   16097.517607   10529.301147   13315.453016   22340.951435   23851.809963   
8.800000   9607.116786   10982.000074   15143.889496   26364.816884   17901.249391   25862.774456   14825.370016   20076.670954   15125.759672   15791.201608   4564.908833   7162.167568   9425.782368   10991.245239   11706.168610   11645.834176   9978.465780   27170.118610   20994.115754   20490.823098   15566.125093   7740.995651   23077.501497   23859.247336   17208.253135   7603.865774   11286.682141   27403.389325   27538.296961   19317.918324   9465.098413   9901.691743   18202.766994   23691.422789   
8.900000   12028.800797   12198.342082   11952.698293   14876.584871   10757.813477   15465.947420   12951.705661   14927.560435   18321.134545   16989.748177   3183.901059   4878.971130   9761.114142   6122.991742   8516.644162   11427.685271   7429.877825   19541.583039   12643.755250   15225.353774   18421.877499   6238.108932   15107.303246   15152.740591   11813.063027   7487.658860   10742.039082   15373.467458   17975.143788   11590.615708   11911.215226   10328.965838   16748.075414   29685.679233   
9.000000   14582.399884   16706.094956   11561.729347   18772.586473   13533.166039   21221.664846   14402.007241   18179.595612   14460.378163   14531.353118   5282.614139   8042.306353   7090.814276   8649.204219   11336.126986   12846.161271   12308.347891   21805.236274   18851.480124   19358.845901   15483.090907   8167.759382   19930.623943   20186.007597   12986.946331   7909.846087   15494.710344   19537.969827   21129.727756   12810.080768   8929.240418   10974.899234   17979.761820   27811.720291   
9.100000   11968.369465   11320.346672   11302.626610   18776.304912   10823.256960   16740.633613   10255.089752   14561.976644   12969.167412   16612.914550   7024.839800   6982.104543   7039.971181   7847.957262   7617.354505   10294.184344   13250.798882   23517.138319   12676.171133   14735.151226   13330.024725   8448.034815   14892.688490   16546.845816   10957.180278   6431.194370   8875.089079   19595.867057   21200.214524   12536.568986   10398.850414   11613.874497   15543.009172   26890.077096   
9.200000   15290.668167   15577.954959   17287.278353   23312.367311   13335.368842   15493.678507   13709.670459   13900.043144   15075.022787   15977.371750   5042.680607   7817.772455   11004.851415   11498.700708   8375.130437   12299.259491   14185.004436   26185.543493   16043.717635   13969.903378   15962.021607   11434.706522   13926.095451   13690.269855   14415.317450   7565.403053   14896.029985   19758.423577   20909.370715   15756.169959   11560.473917   10440.971699   14197.802844   28136.902651   
9.300000   21240.658072   16900.312793   17853.308184   24058.932294   14981.298195   19113.182999   14410.008365   15742.339801   16397.774213   13730.225152   4960.331502   9632.829998   11969.299859   12322.895414   11514.492437   12243.069698   14185.517475   26943.750142   17208.793953   15585.824225   17627.335520   9798.751796   17633.315267   19041.956576   15789.612981   8876.406888   15770.142391   19746.805954   23086.825988   17113.402467   15906.577017   16183.377122   13673.246576   26315.030971   
9.400000   16329.109719   22219.398268   18933.860815   32240.537237   17291.004464   23987.295891   17103.890255   22246.673222   15830.461312   19814.116947   6940.430706   9983.362567   9451.881207   13539.163597   14332.886129   14952.503981   18066.899261   32176.609086   16029.722309   22998.300837   15869.207301   10966.503173   23391.984004   24121.293563   18136.015045   9536.276797   19953.614607   28083.864369   27458.094733   18927.216240   12418.333124   15319.149401   22006.163551   19563.468857   
9.500000   17478.505253   11783.899901   16825.070738   25810.027908   16671.756946   21967.841846   17134.281411   20140.792006   14831.427148   15411.720037   6027.164722   6795.382380   6654.947313   10091.069488   12868.234962   12423.052350   11500.761468   29633.089887   17575.266202   20632.227856   15807.383496   7820.492482   21384.231592   21212.107946   16511.530145   7414.560833   12513.214460   24447.323815   26999.645830   14194.533307   11694.530935   10387.711517   19106.039068   20915.530456   
9.600000   17994.317148   16494.668565   17586.618607   26723.420221   15919.709754   19494.048073   18348.826441   17558.517345   19378.782614   15695.995141   5019.634785   7940.064209   7801.838725   9892.969563   12142.800425   12142.932986   14600.116375   28244.220733   19793.784590   18381.316102   19534.167226   7243.020167   18519.109729   19643.427342   15650.882552   6817.736165   14164.800564   21801.477562   22694.922909   14808.359334   14924.414043   11475.415489   17555.414762   26550.971412   
9.700000   20887.542804   16054.407609   21908.685956   21984.625106   14163.065251   15976.145067   13136.110556   13347.921594   15123.739085   13506.230035   5517.246503   6178.513406   10351.373408   12915.483962   9322.079139   9915.256083   15941.629656   22758.633094   18434.117445   15249.521065   15428.056467   8340.796895   13070.335948   16226.479462   13410.485234   6336.320355   15339.095922   20594.766631   20562.473620   17952.454741   14881.561151   13039.929771   15796.033992   23938.475546   
9.800000   21080.272206   13371.486142   19469.374860   28396.970848   14539.709255   22366.324480   14963.773044   16038.749468   14560.252069   13379.831677   6978.087325   6867.155631   8335.642494   10552.960552   9440.881844   11683.746418   15798.345254   26138.325036   22064.472818   16660.422140   16125.989043   9742.217837   19005.662311   18833.957515   14643.871823   6721.294942   10407.492166   27714.786852   24179.746415   17075.077669   13361.743479   13615.638342   14633.405167   20762.262279   
9.900000   18936.813662   16689.465126   24993.591262   38479.497880   19147.857389   22385.633114   14262.809292   13272.757475   14832.332315   12882.101725   6631.861702   6762.926045   7323.659834   13359.542847   9271.384767   8989.818491   19178.696768   37421.397022   24852.849381   13677.478247   14715.393480   7635.026499   15722.252440   16012.058060   15952.722324   5507.797845   15219.036480   33266.213485   31930.178906   25933.812323   12749.774053   9155.673973   12998.870571   19533.425095   
10.000000   19917.800560   19487.327664   24485.787087   33311.111853   20040.060479   22708.328087   15313.753913   14109.378034   17363.886529   13528.167794   5495.840969   7419.234342   10208.209377   11867.969524   12089.638824   10479.599382   17194.703376   34713.983308   23672.336882   15886.314647   16473.931633   8650.270397   16353.087704   19495.200750   16549.129040   8075.570598   15928.467172   30212.503209   29621.294474   23446.393468   13403.254745   7102.661201   14827.730565   21642.871038   
10.100000   23351.406405   16114.098731   18485.044361   25050.667900   16375.519589   16862.291270   13144.503502   11389.340928   13341.019952   11481.539772   6188.220448   7782.895512   11172.927368   12098.581698   9993.143878   7532.987678   12711.092178   23415.597508   18348.022534   11784.862465   14630.113665   7129.965806   13623.856676   14291.298872   13674.510032   8431.132524   13867.245915   21320.227571   21194.352038   17638.636428   19261.708114   9226.410172   10820.319735   19074.712297   
10.200000   25938.450699   11463.078091   22642.254264   27476.027352   14855.721476   17825.683749   12429.068750   10483.996061   12642.990120   10162.129517   6032.746820   6919.622667   9943.314643   10946.891451   9833.188360   9299.908850   11264.166860   24447.452059   18153.657841   10637.660238   12427.249577   8569.392692   12546.388636   13769.399838   13570.248361   7581.448358   11355.982375   24338.408901   23039.921624   18870.216723   17384.277489   8290.316847   9623.017591   23500.344000   
10.300000   17427.633214   11966.834667   26173.988445   29814.688254   19480.032489   22745.326175   16340.152466   14850.417240   13028.124597   12662.317896   6078.684880   5384.960005   9260.454938   16934.029323   11908.489173   13679.943320   14885.532391   24877.432226   23360.031065   15039.124435   13823.140332   10364.972683   17314.511547   16461.401811   19264.463196   9354.835355   14520.725137   29115.829541   22867.162143   24781.277032   12100.357586   12531.253387   12941.777041   21030.923627   
10.400000   22914.691625   13212.087986   20260.135356   24152.660610   11420.433553   16653.859242   11134.393014   10497.867919   12454.071171   11056.272502   6096.321807   5071.250191   11901.607448   11133.658844   8156.898849   10868.213421   16946.859658   21687.759766   16476.937473   10588.585011   12752.552264   7643.097246   12431.489942   12111.075948   11979.664293   6895.725705   12321.010754   20743.034226   15904.623402   14371.730657   16187.884676   10333.923550   10548.322383   17304.628727   
10.500000   25969.167027   19208.974183   28235.081745   29787.369605   12668.534825   21395.082858   13432.283333   15818.738018   13392.970261   13106.936219   5319.975437   7488.780007   10114.994671   11873.881897   8246.634491   10789.932380   15276.835386   28031.683395   17521.863033   15583.057214   14623.820936   6698.523759   17416.042813   17224.547979   13541.366079   8012.546021   16557.261640   24158.240684   24029.059130   20664.077625   15602.124993   10200.585164   14395.200794   16926.418190   
10.600000   35721.572360   17294.980342   27148.367327   29614.576066   15209.538991   19528.567122   16188.380463   16769.156135   14449.712211   12267.185578   6386.227351   8776.172225   11318.982451   8980.220459   10365.975364   13859.953877   18412.644174   33447.248334   19312.273150   16991.227365   15973.469418   9504.698709   17976.799850   17941.987105   16318.446778   7237.183086   13852.555136   23106.739770   23614.157392   18119.282244   23163.181452   9264.126728   15527.693365   18514.712354   
10.700000   30701.240435   18161.126696   20756.063031   23848.395559   13697.486500   16302.717583   13618.661496   13521.327027   13050.622282   12862.717956   7315.232704   8005.173481   11594.391371   12707.999055   10120.148876   10988.927709   17912.784745   26283.103572   17295.840522   14088.465776   14440.655708   9153.688792   13638.030815   15492.737026   13653.341290   9056.057909   15205.942045   20203.446675   21011.579426   16989.173964   19189.521449   11422.418806   13451.528928   21678.570137   
10.800000   29228.675681   12189.272447   32156.611909   25439.788943   20030.148642   20245.122677   14363.180891   12796.725685   12645.797881   12314.597458   5986.609005   6364.603473   10070.467411   12413.177967   8018.518934   12068.060563   20287.231268   35391.425403   23405.923896   13847.957546   13272.879601   11654.632481   15320.321596   18202.384775   18243.876655   6784.740262   10164.163479   23808.154431   29360.382237   26577.545847   17494.961512   9974.535779   12511.308202   18102.035011   
10.900000   35753.835866   19481.568757   29848.976791   28541.075610   14443.634183   13831.492797   12903.433941   12010.742253   15034.837759   12361.841069   7846.076996   7659.713596   11165.527421   15789.864352   9245.985946   9710.067508   19365.240804   32137.782405   16482.647105   12174.284704   15646.753884   9506.589892   11529.635041   12271.890165   11954.742451   7827.390774   16310.568469   20567.784102   21430.192751   20849.874191   20349.378243   8622.157328   12290.347677   19475.653384   
11.000000   21963.088052   17438.125390   24519.342079   35827.959793   17524.333921   20596.001180   16620.919617   15221.221122   10153.380550   9589.508712   4414.428283   6178.697673   8131.937133   13378.073828   10498.892798   8112.759218   18908.779587   41166.503848   20106.839957   18921.443080   9955.470262   5689.444335   17119.354125   21136.163653   17060.930729   5980.564876   15205.347323   27398.006384   27589.976524   19820.710212   13680.913639   7607.371252   16070.185540   17719.285243   
11.100000   21781.392483   12580.200737   19261.736280   23465.772664   12346.273663   13237.441504   14266.214494   14357.176493   11701.632113   11623.301374   5092.264684   4976.068295   11611.062837   11645.688516   10177.970391   8996.570797   14758.812339   26574.307542   14807.050856   16945.556924   12546.357508   5808.285882   13835.831285   15919.140866   13736.873336   8641.296416   12067.226769   16396.143558   16496.927405   12823.241175   17483.021294   7846.805270   16191.578750   17525.918405   
11.200000   23354.395151   14807.565608   21424.685376   28745.276291   12190.695646   15963.524853   12706.804643   13640.907722   13134.591159   11054.531937   5338.290228   7598.149469   10542.800665   11152.607361   6486.424549   8598.876598   14484.960790   31023.484860   16518.613678   14099.894366   14416.786704   6886.114248   14103.504921   16321.192136   11967.152315   6308.807491   12876.745622   21427.047542   23284.731748   16504.840920   14358.051191   10168.269132   12565.174062   16532.451107   
11.300000   18716.267757   11889.703371   14859.582796   19983.708128   9961.557402   15054.840033   9305.578243   11880.975131   8771.418752   10916.851257   4618.160502   4523.994565   8656.112548   13840.253131   6542.424644   9133.833103   12093.132501   18242.633706   11556.985512   11885.791417   10611.790902   6927.094979   12447.196853   11503.511994   10057.424922   5800.701377   12630.281694   18553.706864   14102.218643   12630.026994   15191.619879   9575.568499   11704.849442   18930.914126   
11.400000   20235.930172   12358.838818   17655.790977   21033.171173   15003.551304   16295.434375   15018.032522   16459.827988   14568.847656   13817.056966   5934.368147   5281.980241   9379.684511   10296.177505   9906.735785   8995.256495   13491.354800   23690.546493   16185.519367   18728.261005   13995.326847   5998.062183   16892.646332   19258.874777   16109.691234   9000.678723   11696.260672   17036.001085   19053.035048   17581.246041   12295.547233   7981.917556   17623.470643   18447.959466   
11.500000   15010.550155   16441.350125   11621.577613   24959.712316   14612.226762   15949.702772   13506.709185   14998.879505   11568.218688   14585.511472   5780.028599   6620.957587   10523.882614   10275.801278   8084.572061   11108.163350   13778.828754   21464.902692   16639.947090   16251.137202   12574.232853   7803.016160   15530.384851   18164.066867   14701.632415   6653.399916   13128.532644   19150.382218   18332.671922   13553.333215   12456.473812   6592.316385   15298.715177   17615.647520   
11.600000   21329.720549   12769.431944   18231.450652   24395.319620   12763.824022   16544.725850   10935.802964   12576.206101   8448.090966   10642.603117   7858.558036   6014.404996   9230.141774   10778.967023   6443.412775   10573.185808   19992.050457   25309.361927   16641.819714   13458.852710   10811.033282   7968.025160   14434.491767   15735.884144   11432.398095   6810.244006   10397.973280   17823.926212   19076.841500   13880.736841   14095.653164   6218.860241   10879.108156   19238.302912   
11.700000   15044.159011   13432.490596   10713.693601   17240.265919   11808.279855   18046.726643   12926.186596   14610.997248   12047.922615   11636.986630   5189.857500   5633.085841   7649.044451   7396.380190   5572.595642   9775.720499   10606.485320   22500.389858   16525.783728   14879.011055   13083.479999   7204.151900   16432.662501   15622.327467   12941.621030   6410.381456   10390.750482   17304.219013   16722.559412   11714.977288   11327.234739   7046.764085   13300.100265   18744.548813   
11.800000   19895.073486   15248.988072   16322.187993   17657.012944   9128.954241   14597.435321   11457.851859   12323.947419   9748.966753   10026.448988   5235.305810   5721.265700   9087.672849   10797.395939   6984.693196   6991.070560   14148.261181   14979.458917   12161.880557   13109.960385   10240.659426   6097.823483   13533.538315   12927.568745   11015.550979   6359.347123   13941.104320   14749.181469   12460.007049   11291.784319   11966.560099   8779.095007   11687.437435   14935.017898   
11.900000   15915.206989   14688.771023   14797.417871   21189.444873   10979.628443   12009.270198   12819.672195   14417.834389   11426.767403   11585.611569   5189.075170   6789.897331   6898.995969   12951.415159   7089.321796   11647.914331   12115.021169   19802.121851   12221.417443   14486.744924   12826.228227   5771.129455   14232.226939   13619.779042   12757.812931   6491.860569   13584.407552   13846.552861   13927.899904   11738.512439   9899.726961   6980.233785   13169.928345   17575.427246   
12.000000   16161.254745   12365.575116   14395.892268   16899.054812   9298.172339   12155.279147   11085.403894   10826.470984   9579.984134   9525.895337   5097.369951   5062.709044   7239.344316   9567.298385   8632.489028   6158.505571   11330.105054   19168.400549   10357.731743   13222.580747   10329.546456   4039.127298   10762.579148   13824.593473   10708.004894   8166.525169   11442.503162   13809.782589   15628.284074   12944.085009   10021.350510   7045.203895   12576.467101   13385.043665   
12.100000   20609.238138   9907.138051   15684.370670   14865.533458   10751.276974   11011.323424   10835.593459   12475.380380   10458.297020   12723.719667   3830.984314   4749.365636   7954.788130   10463.851405   6587.952471   9259.409180   10902.965110   18560.558463   10484.132685   13889.941159   11350.058788   7046.042521   12399.213776   12828.024856   11723.314289   5753.676746   8277.509392   11898.131611   14097.951644   14205.418763   11367.689888   7824.579375   13292.458611   17908.855629   
12.200000   16919.239008   9924.950270   12472.671103   14462.027748   12969.882116   14295.827898   14400.612870   14768.170085   11496.008171   13009.466158   7033.608737   4873.057819   7404.684021   9515.544940   9065.968372   8834.550035   13284.939711   15302.661246   15786.971533   18203.122942   10730.329351   4999.002952   15066.949969   18178.227464   15479.167068   7988.071773   8644.069285   13220.816329   14332.231682   9996.702078   9560.345811   7287.824312   16375.434963   17416.825626   
12.300000   18942.118341   13133.556502   16032.928333   18600.391942   10121.921095   11159.853710   10932.027794   11819.180423   8607.625926   9534.751443   5415.310006   6019.045369   8719.602439   12239.651254   6809.910357   7301.391729   13414.684299   20504.213643   11890.800893   13736.078274   8919.691314   5901.971887   11412.938777   13608.179008   11288.128433   5039.190218   12979.920099   13922.840853   16300.776007   13023.010328   14387.270833   7013.811192   12041.160875   15887.751982   
12.400000   12709.467994   8888.987059   14446.884887   18455.075184   10071.513133   13853.302078   8551.931672   11456.933229   6873.503091   9573.387934   5173.158119   3879.937560   10895.092619   11116.731994   7144.232077   5942.198181   8388.652966   23358.640096   10344.374583   13993.937438   6932.631154   7311.632442   12477.341620   15225.655383   9884.270383   8405.385853   9666.392574   15278.387381   18644.806191   12186.054477   8829.000625   8402.069824   12757.809383   16369.643500   
12.500000   14056.214096   8633.846546   12369.078801   14875.192257   12676.541678   13733.793453   10947.168336   13335.182083   11397.661589   10018.924510   4782.222787   3937.170805   10131.094343   8905.253032   7677.073992   6188.110579   9064.711743   16469.882119   14922.038668   14774.403875   10188.982195   4184.993690   13631.639292   16101.629208   11651.237128   7874.826182   7085.906588   13923.625961   14456.556971   11491.676399   9850.935420   7308.540299   13661.251607   18051.533580   
12.600000   14388.616676   8331.026713   11387.573095   13063.877253   9362.531836   13185.915145   9627.958937   12163.373821   8513.404354   9207.145862   5081.864903   3692.694336   9356.449600   9766.328585   6156.790500   7343.883925   9889.600627   16014.068581   11341.590590   13339.815421   7830.353542   4992.992385   12705.823009   14420.905665   9133.656037   7242.443254   10033.797562   12034.868915   13860.714733   9416.440830   9821.170622   6380.057051   12243.792130   15587.253063   
12.700000   14429.124217   7791.537151   10616.927888   16910.388404   8596.810298   13008.814720   9236.760070   12344.037829   8713.400884   9256.504675   3160.750978   3398.054677   10641.482728   10656.890872   5934.889327   7382.763958   10883.469508   16499.489420   11433.299219   12800.458282   9254.963224   6610.828884   12224.567781   12579.076971   8860.048939   7243.642052   8814.759592   13928.326135   13248.546383   9044.030581   10215.134923   6038.974917   12110.382645   15724.419018   
12.800000   11547.320550   8083.769942   10532.973013   10183.091877   9011.009879   10041.873605   9461.438602   9511.486082   8530.074481   8279.885005   3054.615874   4479.294466   9265.474148   8930.160411   7096.056258   8419.375196   10452.793395   10183.820595   10046.346510   10171.545265   7862.767213   6202.560624   9554.181879   9874.540555   9470.518348   7259.377716   9505.886212   9465.710163   8601.967293   9504.575006   8295.631998   6025.365022   9684.623765   19356.936346   
12.900000   12018.978340   9367.875124   8834.779716   15256.548574   7537.575757   11001.988864   8635.067584   10669.261950   8816.033150   10546.950841   4562.970010   3172.058602   9214.340758   8086.139656   5536.165831   7364.551668   8859.000542   14902.112280   8976.395733   11427.752214   8956.997919   5291.300118   11113.143524   11654.169055   9045.300357   7239.713154   8887.809065   12044.228801   11287.205539   7268.477513   8315.770861   4381.979340   10422.000348   15000.511017   
13.000000   10195.381728   7792.657161   9039.228253   13213.833231   9884.715634   11594.550513   9186.061056   11743.856161   9392.739162   10682.389212   4218.150158   2900.009001   8532.028071   7204.850930   6711.337530   7711.444050   7106.426396   13072.310319   11831.102553   11490.772168   10295.919124   5638.419380   11862.996600   11484.613427   9606.696064   6870.233373   6695.997328   12275.072317   11709.829019   9781.901215   8501.854355   6020.342214   10468.956840   14148.858623   
13.100000   13580.804526   10257.782013   8091.343199   11931.263581   8462.920643   9215.278599   8687.695315   9808.952809   9617.473711   9478.757332   4044.093803   4126.246357   8132.182671   6195.751049   6670.918715   7733.118953   10233.423470   12631.847580   9480.550090   9412.517429   10085.359638   5587.744369   9385.470568   9127.242782   8450.778645   7321.899948   7541.793289   10035.887305   10180.729233   7787.391583   8600.810730   6665.132363   9018.515989   14468.711775   
13.200000   11587.652986   10107.129259   8759.608621   13310.366329   10213.986545   9642.478743   10232.360865   9694.855594   10518.932326   9695.720159   3280.634392   4159.301907   8088.804391   12622.669406   7135.797708   8100.303423   8744.551451   11044.591035   11503.462389   9751.532123   9798.472328   6476.081453   9086.895679   9558.485486   10162.127843   7251.791981   10784.488122   10044.104834   9521.750330   10351.087580   8125.195567   6230.747709   9708.101867   13018.777356   
13.300000   10008.123254   7171.238591   8750.543352   10334.744945   8048.767028   7088.279933   9216.927079   7067.955040   8603.325981   7978.943385   2586.172641   3876.804471   8077.936166   8782.881292   5286.118946   6689.614486   8959.101089   10508.530229   8605.558426   7539.936337   9669.201549   5726.398096   7107.309581   8132.313619   8673.540442   6189.580004   8954.894956   7996.519012   8632.036255   7189.960402   6276.949527   6969.406886   7410.894795   12194.015653   
13.400000   11548.997323   7475.639304   9878.422900   15138.230306   10082.304180   13419.725324   10488.278210   11317.738649   9363.553392   9912.688197   4122.549158   3598.597891   8926.285289   12748.545888   5541.800871   9014.287221   9944.939249   13685.336524   12460.290117   11103.545464   10547.986392   6383.364901   12388.617702   10846.827447   10737.497639   7149.924277   9144.034350   14724.272750   11610.556808   9013.535890   7117.761477   4555.193187   10259.791228   16102.531038   
13.500000   9273.160300   8114.748631   7957.335650   12762.645526   9958.390503   12275.536464   9891.970159   12283.103207   10398.219804   12118.709877   3002.912617   3535.284603   8689.512438   9756.223946   7596.894875   8446.349189   8224.732807   13019.724558   10938.988735   12970.662101   9577.462331   4682.956964   12352.646518   12779.095070   10463.670296   6430.466273   9054.448811   12332.127133   12445.348755   8295.660043   5968.002910   5066.655924   11884.731853   17314.187357   
13.600000   9170.678188   6395.651804   7957.239689   9214.774213   8363.085992   8204.206911   8210.234778   8179.500831   9035.806775   8871.919914   3062.373195   4271.151533   7461.493445   10779.498175   6218.294319   7412.302526   8244.001880   10144.557027   8803.201757   8771.165892   8424.788900   5898.692986   7736.998093   8439.073307   8463.045210   6655.612607   8485.631418   8107.469252   8628.214667   7317.379391   6449.568649   5099.809078   8272.397816   16103.658629   
13.700000   9984.459658   5995.846216   9801.864040   11540.779524   8798.440655   8838.032181   9501.929282   8636.688648   7885.243594   7702.621928   3995.658820   3568.474619   7607.286064   8411.097366   5956.793540   6329.077210   8552.820660   13000.607058   11133.075584   9380.228871   8936.438219   4931.274010   8391.365715   9652.185618   10577.012508   4872.092422   6949.331812   9637.570764   11049.734003   9242.359107   7893.417867   6012.794299   7775.877369   14270.877607   
13.800000   10822.426743   5928.887442   13725.797729   12009.723634   10512.553063   11444.724067   9953.262745   10336.117614   8370.000871   9105.945792   2406.316865   3536.664162   11380.216539   8073.920536   7361.951609   7558.496202   7705.065066   15668.529861   11699.214500   12266.083065   9308.763015   7226.017749   11184.591855   12430.957700   9541.200217   6746.797289   7109.764207   11969.327212   15024.803843   12116.379249   9192.791039   4773.506119   10893.819270   14463.367497   
13.900000   8374.874057   9435.067601   8203.623558   12523.307914   7103.480422   10790.668387   7888.238931   9544.318421   6223.162710   7992.598250   2708.942567   3688.847582   9610.476687   10333.009480   5904.815151   5551.335078   9769.435761   10775.616896   8590.491233   10257.365719   6400.361547   4362.391676   10374.604523   9886.013840   8591.290170   6747.540004   10059.737232   11916.659336   9381.111113   6579.958001   7258.521230   3753.193863   8630.888445   11895.006721   
14.000000   7305.574059   6978.634544   7471.063389   11871.009296   8431.668500   13105.588381   9136.666768   14187.784510   8653.512171   9278.153343   3373.174646   3790.974592   8547.269551   11362.986711   5997.318492   9179.314259   6929.391883   14444.153899   11361.315879   13436.945275   9488.385838   6675.923154   14276.166869   12853.673002   9235.733809   7766.847322   9526.736410   12012.229173   12562.414562   8898.984854   7559.526189   6480.875149   11093.156358   15568.609504   
14.100000   8832.371032   6276.251531   8983.175932   7923.376755   7193.224579   8239.473397   8462.867513   9167.923579   7357.483771   7924.350940   2847.527890   4550.416721   9610.563325   7784.037588   5773.207287   6693.165945   7467.266951   10203.931104   8274.933686   10320.322860   7680.658800   4805.178869   9170.721885   9442.848056   8997.302169   7963.012007   6127.760748   7777.892444   8116.574553   8781.118700   8147.285485   5125.093243   9111.318394   15254.107394   
14.200000   7388.596127   8650.839739   9462.512561   12049.810566   9323.722805   10174.514183   7514.624675   8948.784556   7077.900593   7746.585658   2720.019238   3789.092451   8762.645608   7081.478926   5925.821145   4871.166655   8687.050557   14087.540348   10177.323874   9918.756664   6771.999146   4492.602231   9660.305586   11735.170116   9027.846850   8192.775888   7494.670984   10486.122887   13005.006111   10010.140640   7504.026001   4866.785321   8659.720291   14077.274559   
14.300000   10117.019745   7505.155135   7461.325695   8069.339844   6526.606264   7336.449199   6506.355796   9075.610381   7379.806525   10264.667012   4480.238267   3949.211963   8654.790851   8119.698216   4726.112228   6026.121818   9321.298053   10037.419610   7408.738250   9001.092472   6452.633090   4496.699057   8883.204354   8337.747035   7812.564002   7069.889383   7944.135406   6640.107409   7594.819547   6834.579324   7485.535341   5907.678162   8739.074430   14518.893751   
14.400000   11132.636131   4940.332589   7815.262496   10038.940668   9577.265090   13171.706874   10506.475184   14570.995519   10151.341632   9697.927618   3676.033806   3665.837616   6483.554443   6296.923758   6501.977629   8181.952684   5606.554408   10702.056697   12395.250447   14307.561763   9087.160915   4051.193140   13903.398942   14340.094240   11194.302910   5022.557921   5832.513297   10884.603099   11061.007146   8289.981372   7202.024758   3388.173586   12207.481804   12347.756933   
14.500000   12163.787039   7989.174117   8863.282995   9583.287802   9004.396378   11422.201427   9289.044830   10824.968758   8844.087838   8600.959415   3142.533365   4627.559359   9144.955905   8262.737543   4814.747149   5392.303378   6604.251971   10858.682220   11446.038818   11674.586529   9898.744225   4163.778386   11551.928728   11093.708207   10386.643199   6377.894586   8459.680701   10266.244343   10018.788870   9017.814131   9165.362832   6897.140588   10590.723378   13381.327409   
14.600000   6386.639421   5239.038421   6668.241431   9983.179817   7116.892250   10004.086330   8038.722482   9855.712383   7987.028408   8278.356330   2653.240866   3217.917994   7186.669578   6561.189429   5196.036039   6454.392078   5966.344632   10489.290447   8679.026800   10888.887279   8858.648201   4879.307743   10893.308073   10625.261745   7799.914239   6074.746398   6184.105965   9379.158213   8761.721624   6608.187689   5852.109942   5158.910028   9416.908901   13350.946465   
14.700000   8014.184555   7314.516094   10591.240221   12669.639244   13119.234105   12742.516555   14377.767275   13413.733688   10388.655600   10135.841615   3251.446493   3443.074118   7646.929581   8344.842186   9006.724212   8810.101492   9683.290003   12522.996063   13886.619071   14574.639878   10418.644042   5381.361923   13774.005200   13806.089134   15592.022861   5718.421180   8137.494232   12605.372179   11478.239988   11075.147931   6587.246640   4774.797169   13281.081365   12707.704969   
14.800000   6852.986370   5935.314497   8918.346139   8402.339728   9289.119839   9361.440331   10171.267035   10607.453865   8130.897842   9258.942533   3550.894667   3656.403823   8498.802062   6076.858240   7558.400285   5704.449105   7696.652576   11040.917644   8813.542047   12277.928950   7699.591123   4795.225566   10991.311559   12262.494746   11310.042022   7531.024087   6415.173276   7561.359208   8829.820673   8958.585152   6763.276908   4601.741346   10719.560725   10713.379713   
14.900000   10521.407947   5635.874795   13081.824711   10733.043306   9154.120929   9625.144966   9598.845084   10466.155430   6649.251762   8459.567834   3550.081715   3915.266496   7332.225246   8046.970469   5175.803239   5831.914883   8520.376875   13693.569575   10014.917291   10411.509198   6104.935587   4969.110313   10776.832537   10231.422521   10025.544365   5161.423607   6516.309226   9644.419184   11531.851097   10964.761700   7904.604004   4814.258995   9203.856162   11301.500353   
15.000000   6127.463898   6097.023075   9541.083235   10080.633280   10249.838449   9219.433153   10234.963503   10616.122166   7873.667904   8564.517682   3249.408239   3022.098533   5795.280974   8604.846266   5839.011363   5504.271960   7154.054115   11525.168561   11135.725620   12770.399431   7308.807148   4895.478090   10764.485210   12599.445276   11034.669155   4607.173377   7867.819003   9066.054158   10605.710696   10229.822516   5285.238226   5081.489079   10960.024987   13865.758641   
15.100000   6175.581330   6627.273952   7163.245755   11941.285099   11595.291133   12513.472294   12064.111905   11838.439553   7746.284800   8719.106306   3924.002444   3938.145754   6346.470179   9611.357003   6488.694941   7161.717954   6632.379871   10482.947068   12287.956432   13632.374488   7799.650662   4911.844912   12488.220225   13892.224179   12901.589554   6642.269019   8181.191961   11682.354898   10154.785945   8903.022472   4647.367471   5343.336246   11311.649903   12719.559430   
15.200000   7148.768025   6262.453622   8702.488673   12478.695531   11594.641841   11527.846533   12160.795238   11676.167255   9323.114558   7510.983193   3328.881949   2901.404059   6909.204919   7974.098007   6532.482288   6859.731704   8072.608233   12325.256773   13333.912917   13282.691727   8600.821424   5753.132593   12254.783066   14230.046079   13302.454767   6138.633521   5805.959959   11325.023613   11362.807162   9365.760993   5568.581720   5119.413781   11167.038669   12968.522073   
15.300000   8969.812847   4514.808610   7828.620321   8542.571694   9834.201543   8957.609709   10048.599686   8633.924128   8218.849939   7023.596777   3659.276574   3142.094697   5543.189045   8430.103963   6414.209708   5544.198461   5732.507874   8932.881210   10883.469953   10659.496066   7322.556785   5935.252687   8595.615988   11489.210162   10644.145038   4580.362418   5285.256223   8220.399755   9240.715870   8720.151519   7784.282345   4258.966031   9670.023917   11188.482568   
15.400000   6338.342457   5989.877964   7646.379519   8654.236289   12341.717210   11227.921571   14934.306025   13402.235000   9964.784824   8259.609411   2779.930247   3149.446727   8709.362301   8471.913353   8159.981447   5206.957534   5916.533797   10227.005587   11980.119374   16907.807978   9595.361553   4348.410125   13557.844305   16410.533893   15371.877994   8214.742044   6818.185609   8638.477628   10154.093735   9546.823608   6482.709943   3986.286911   14931.225013   12159.267070   
15.500000   6779.155239   5603.645100   8140.005493   8333.325592   9267.788775   9616.477439   8543.170699   9877.349626   8267.922902   7684.103354   3340.818869   3100.009911   4585.748636   8006.737958   5250.781568   5731.502700   7298.485368   10118.920874   10612.404298   10176.764321   8484.177165   5244.983843   10341.913551   10322.617109   9010.309273   5195.358059   6463.983540   8927.164226   9972.937326   10327.609120   5925.732883   5147.493608   8785.624395   14983.873069   
15.600000   6757.892440   5866.461061   6615.513873   10036.300449   6620.536134   10110.265445   7707.466837   9697.212456   7071.089953   8083.421569   2625.675987   3276.417553   5581.976554   4539.283279   4454.798999   5572.037574   6649.357218   10759.926002   7964.389137   10683.748160   7275.166491   3710.529692   10589.960706   9980.703754   7813.906316   4579.038961   4853.933013   9385.366001   10057.027006   7335.691541   5347.325820   4185.305927   9485.305454   13191.473399   
15.700000   10093.865260   5741.529648   11022.891045   7258.358047   12622.783243   10137.258031   12121.362970   10707.919558   7309.991211   6631.118560   4057.993682   3595.164846   7638.129025   6025.426343   6194.934767   4676.904913   8795.767200   10559.490303   14060.155063   12150.882829   7270.798627   3770.414479   12183.626386   13281.415851   13208.975950   6219.206303   6513.234578   7377.726630   8705.879363   10690.545470   7187.372191   4713.489756   8334.096659   13763.869562   
15.800000   5950.665799   5951.743258   6647.540098   7991.293084   9566.606327   7523.596931   10641.588500   9228.101194   8652.313077   8162.571149   3108.147049   3737.277270   6437.280320   6534.833003   6078.416718   4341.561557   6047.986796   8115.277631   9847.105783   10725.463503   8558.725721   3697.224784   9518.108779   11215.250661   11421.620816   6293.769769   6347.120729   6632.335214   7600.786050   7485.002667   5435.056982   2889.625972   9160.328656   11460.304452   
15.900000   10823.651980   6261.753164   10813.715914   10765.436820   10950.082562   12011.440052   11193.863102   10150.717925   6142.363890   6588.028492   3224.518075   4410.095379   5612.448802   6127.689890   6017.133485   6309.164054   9790.568391   13767.569761   13808.883762   10758.194876   6144.352817   4274.678623   11527.116300   12357.181998   11648.607359   4758.863335   4685.209205   10392.501134   13516.584184   11507.630597   5413.118823   3520.839440   8292.119962   14306.309138   
16.000000   5711.423326   4817.171609   7589.847841   7647.805590   7719.848008   9929.270809   7593.986040   9787.571825   6219.565254   7693.140169   2523.314904   3500.125332   5331.388319   5488.286438   3342.188361   6972.640769   6248.949359   8529.335575   10203.527553   9613.929797   7311.196414   5339.379358   10138.886107   9611.038980   8245.054656   4889.324372   5049.372453   8328.778949   8771.527686   8838.609183   3715.787641   4084.815839   8273.455970   12704.374550   
16.100000   9783.380754   6451.504066   8261.498617   10251.226204   8146.085288   10479.095069   7386.698566   8260.532977   5135.213737   8737.136686   4416.027207   3946.751924   4476.611947   5660.290943   4302.224177   5688.222827   9255.108411   10049.488579   11554.840300   9650.320503   5520.605149   3616.282553   8605.972988   11259.216074   7910.069581   4712.139982   5581.519265   10123.175327   11505.224023   8232.712408   4917.125821   5229.840655   8784.380923   12238.288954   
16.200000   10414.189550   7923.315248   9621.838611   9536.936170   10288.281578   10153.765647   11136.979928   11246.969215   9828.935393   10939.135725   3043.746560   3736.568587   7937.622830   6722.424896   6982.823739   8168.160361   9492.368601   12873.739710   12324.386809   11574.339791   8418.550386   5564.643002   11406.344494   11879.643919   11524.387280   6843.563012   7533.700768   8353.729468   11423.897834   9679.362049   7069.062437   3188.971347   10367.175969   13691.149219   
16.300000   6501.162403   6060.895134   5825.341290   6559.657003   7301.490404   8060.056470   7182.314891   7407.385610   6188.425156   10153.257638   2781.366714   4621.218455   6276.580747   5551.129273   5224.029791   6209.711084   6061.699409   6575.025108   9347.372973   8305.719594   7346.831188   4489.910755   8167.064591   9241.336044   7746.628914   4473.307230   5918.275163   7275.544847   6763.261010   7026.353960   5697.194032   3811.921463   7327.029187   9933.168004   
16.400000   7763.487844   5709.745083   8350.920311   10246.067831   9580.388348   9623.084803   9972.025391   9883.285402   6426.564849   7185.073042   2324.636603   4449.246452   8890.371816   8279.448626   6012.530872   6317.755237   6853.592512   8773.204272   9869.593178   9967.667453   6699.798862   5254.672021   10476.509521   9247.417760   10940.890082   5648.721896   5975.067755   10286.749554   8685.105940   8905.097178   6845.942884   3908.628407   8216.716392   10547.092945   
16.500000   6312.763207   5489.750485   7708.377528   11244.036010   8158.592875   8546.651524   7319.570142   7248.072883   7459.375128   7806.510329   2853.007926   3234.710769   6687.961349   6220.601691   5433.702671   5021.189683   6782.774501   10598.653580   10946.938609   7701.691202   7876.765977   3861.306479   7753.072140   9731.722484   7364.254453   4322.719559   6475.455567   10289.754128   10356.174474   8153.795130   5601.553625   2631.914093   7336.131379   9433.910336   
16.600000   7632.807484   5744.024799   8530.097189   7781.937106   8780.574514   9014.538327   7947.309041   8810.594902   6409.973268   6999.884125   4268.206231   3844.706262   6112.982385   5506.171458   5600.398227   6664.131790   8710.581468   8734.159387   11126.413776   9369.798256   6907.548619   4381.312993   9792.174126   10614.748261   9360.847306   5233.206182   5714.305627   7788.464075   8772.957670   8843.553773   4912.793005   5324.804524   7728.726244   10880.143657   
16.700000   9707.295761   6453.077349   10569.366731   9708.004780   11313.020849   11118.124037   9888.313973   11447.651754   9199.845577   9523.457630   3899.345086   5671.800367   5561.941461   6237.292638   5137.548422   5913.008435   7341.985136   12370.518545   13223.516689   12403.267620   9768.089862   4158.981993   11652.861226   13530.803078   10352.065771   4642.410580   6178.278591   9317.458024   11538.850074   11128.166924   6662.754216   3605.222828   11210.417731   12019.902894   
16.800000   7082.467367   6481.740799   8335.683354   8491.388020   9064.759013   10205.289715   9855.528108   10401.427277   9903.513278   10870.310230   3518.171821   4442.950008   5853.199972   6745.189485   5970.919451   7505.929497   6962.882876   11003.514897   11121.099402   11482.951198   8361.411175   3916.383990   10049.562432   12490.434898   10240.736247   5914.648806   6598.891971   9137.614061   10950.317453   9185.915041   4566.680626   4298.718341   10743.081437   11160.639763   
16.900000   6432.761093   5598.808250   7195.442845   9415.201540   8959.614402   11637.851702   9370.805989   12495.382049   8568.636274   10446.797223   4742.568394   4457.648310   6196.057108   7067.398236   6381.108339   8021.781421   5767.790854   10474.033336   12323.098045   12842.098958   7967.990391   4688.404683   13561.948261   14693.938546   9657.381472   7794.271819   5998.348012   9301.762553   9403.563547   7943.712126   5726.689416   3973.359022   10954.953080   13101.037805   
17.000000   5154.703723   4545.732987   6347.671850   10370.751658   8726.607431   8289.376932   10491.031709   11270.140565   9463.966114   11221.760888   4410.652792   5111.689660   6044.661726   6583.505096   8291.136160   8478.621982   4563.530061   12365.613531   11370.346492   12499.924326   9427.972190   4480.188118   10907.772724   12934.462566   10314.898881   7404.556898   5099.286888   8680.693474   11613.197564   7814.046112   5813.480496   5516.920378   11085.076501   11990.759419   
17.100000   6277.583666   5168.173177   9750.852609   10185.615063   11125.355338   10844.937789   9026.154614   10887.214681   7158.130427   8660.936696   4069.631472   3962.760682   6952.836367   6233.269574   7490.723215   8429.722365   5189.661882   14550.032168   14445.828369   11663.198663   6599.301058   4738.143423   12239.183029   14416.086874   10317.331411   5686.851144   5478.350383   9528.324863   14649.301138   11315.337403   6627.834160   4532.685832   9343.104533   10409.828991   
17.200000   6436.932926   6013.407485   8263.193284   8291.244238   9070.329029   10116.859100   9425.711378   10859.847104   6789.340124   8388.668232   2794.011383   3088.197320   5888.570381   5286.556853   5929.623888   7540.237616   6719.375415   10987.872530   11701.879289   11937.307303   6905.639321   3966.208283   10560.022133   13133.632415   9417.735574   5322.935071   5262.878269   8459.894422   10880.777148   9052.103635   4686.738362   5659.610691   10438.063277   10795.800251   
17.300000   6999.406816   5056.853276   9750.884273   10513.334865   10186.170177   10739.635998   7779.847710   8515.321066   5690.377585   5947.598711   3100.950027   3976.270771   5143.454767   5143.122774   6299.557638   5326.533382   5787.799325   11886.068900   10371.128364   8809.392477   4254.476055   4663.041680   10233.977855   11112.617710   8981.919807   5556.339190   4634.590032   10395.763522   12504.340349   10877.966106   5333.596754   3608.299033   6751.976657   12146.481113   
17.400000   6671.183420   5750.410425   9264.478914   8742.708229   6697.725757   9208.487840   7010.501007   8720.944962   6028.831812   8214.050358   2668.831095   3291.663714   5762.223688   5066.212488   5034.316647   6357.792122   7580.948181   9478.365619   8264.484518   9092.274187   5873.678884   2680.922499   9516.562075   9464.158893   7084.999375   4318.140844   4809.094957   8375.019666   8524.523811   8524.203075   4413.048280   5066.466391   8836.514504   10673.583812   
17.500000   7049.815920   5615.432595   8234.765315   9143.017917   9140.763082   10943.551416   8395.482321   10417.960683   7204.015974   9544.507939   3209.166345   3024.489544   6154.131065   5594.524832   5078.887198   5345.229468   6645.994052   10179.669036   11938.859399   9875.066348   7465.761189   4320.096826   11438.849760   11665.093553   9423.419995   5855.211215   4581.808819   9162.669165   10446.503672   9238.712956   4649.721740   4759.704783   9108.035729   10428.296844   
17.600000   5894.243663   6517.053709   5244.401267   6548.810275   7349.252407   6438.367215   8431.674791   8797.456133   8381.386165   10810.274819   3750.117884   3719.199762   3695.338590   4998.275071   4709.845568   6514.289123   5991.298158   7434.639391   8130.654261   9899.332452   7811.168682   5533.335200   8630.993753   9579.433344   7604.862733   4979.252251   5284.323249   5346.447283   6602.679541   6244.604037   3428.974839   3093.937281   9922.720954   10459.785014   
17.700000   4646.368432   5973.524012   6368.025598   9190.949308   11070.717487   9686.683681   9916.055522   7348.565278   6064.859977   9123.183164   2828.509479   3243.684209   3173.342882   7063.373551   6597.942361   6714.804460   5092.392698   9705.348688   10112.299886   10294.926861   5599.330018   5180.269392   8054.599914   11834.498260   11717.705092   4575.773083   6255.583013   9482.275663   9757.250192   7975.649249   3143.672781   4017.370979   8346.846028   8935.663413   
17.800000   5897.817219   4925.531554   7786.937040   7949.073051   8044.074697   9316.456006   6426.499601   7922.984260   8117.522577   9064.598183   4149.208208   3310.008414   5599.613906   5548.434530   4769.907268   7820.737638   4786.782460   9488.010700   12182.311456   8476.755443   7522.173115   4387.897413   8462.707581   11077.458116   7156.361625   6618.415188   4692.625217   7374.598778   9396.093104   7673.367760   5044.116962   5288.376173   7942.067086   8760.658618   
17.900000   6310.427224   7969.261037   8341.429416   10657.885828   9284.686682   12163.171212   8089.133843   8709.432568   7338.226219   7109.611450   2795.644233   3501.303298   4922.746340   6248.734138   5254.056629   6289.694148   6643.858837   12699.981533   11610.114231   9441.826048   6736.486124   3913.029804   10439.465770   11519.297619   9703.071912   4729.024076   7257.248553   10829.050838   12792.466567   10163.469816   4834.056786   3066.149175   7951.053684   10098.168330   
18.000000   6945.170512   6108.670518   9058.357118   8633.970162   9408.632528   9802.777505   9598.644762   8847.585120   7230.116873   9507.273255   3964.893936   4428.870035   7248.822977   5653.475785   7071.771796   7645.646053   6594.822277   9373.735982   10859.217639   10160.779343   7091.213965   4780.524064   8900.096427   10890.641704   10895.309672   8455.606359   5194.841275   9113.032741   10624.454156   10294.735938   5866.371918   3797.693666   9215.488563   12233.341753   
18.100000   4951.061955   5008.634895   9768.450853   11768.506750   14188.223743   12538.729865   12228.279573   12077.223839   10677.665110   12952.633865   3319.413676   4641.561134   6759.485063   6373.751299   8670.734510   9519.170966   4594.427462   13062.980112   14977.099494   13703.306957   10146.803994   4431.074819   12788.078813   16132.430151   14035.193532   6148.999124   6123.862365   12632.713077   15042.659223   12562.068306   4449.313324   4294.251029   11928.089618   9158.123750   
18.200000   7238.250383   7886.250835   9849.835485   11029.433650   11254.476940   11766.292183   11014.284749   10823.429139   8563.821439   8562.770013   3916.355294   5075.274578   4660.759114   4370.370065   6841.573258   7681.186775   7190.618652   13187.672734   13092.284045   12051.219669   8411.454451   4083.749984   11418.564529   14054.584658   12492.572448   4177.484285   5863.865417   11295.026627   13248.638574   11337.208062   5563.379698   3903.328829   10880.368388   10255.614445   
18.300000   8552.240281   7385.629553   8004.096948   11084.960412   7541.035386   11566.395523   6113.282158   6685.593090   6115.934276   6889.000851   3086.514889   4005.919492   6486.682853   6597.159769   4442.842016   6139.981072   7877.599389   10831.437054   10842.027795   7110.676639   5561.447301   4819.604732   8455.919247   9667.413336   6837.479049   5344.555721   6221.566586   12128.067884   11040.503777   7906.860350   5223.781782   3864.967712   5909.396507   10449.003614   
18.400000   6099.751298   5723.595446   7147.929128   8699.714591   7597.812514   7567.271395   7213.889650   7197.104972   8083.024270   7692.541643   3416.494466   2823.898021   6354.834563   4616.531667   5812.673370   6775.814269   7110.781652   8720.694734   9491.410995   6883.337986   7318.046117   3733.354352   7799.877718   9613.967138   8034.983438   6390.896634   4067.359497   7405.384904   9393.827400   8449.741120   5920.651424   4878.269410   6216.930933   11902.454043   
18.500000   9674.783871   6287.617700   8816.991840   8323.084207   9442.655003   9459.363713   10679.091742   10745.055503   8296.617037   10053.552014   3770.055448   3425.371103   6349.079814   5710.502928   5672.651992   6995.233199   9153.638797   10319.000125   10683.883108   13824.641082   7409.726371   4106.997442   10943.910769   13381.675777   11480.990330   7302.177801   5528.373311   8560.236667   10846.451435   9589.840770   6719.360768   5252.815696   12130.965077   9398.855722   
18.600000   6562.039694   5299.369271   7165.381161   9302.786544   10721.322641   10408.061574   9790.970377   10064.283801   7025.871767   9208.056934   4080.111079   4977.519329   6552.875305   5708.351754   6538.557233   7222.418220   6269.041475   9953.461446   13646.863182   10168.847393   7409.511437   4759.942289   10868.828134   11761.251923   11632.004873   6140.008742   5318.318490   9315.036731   11039.226476   8309.669231   5811.449941   4076.001415   8460.052405   10898.494887   
18.700000   5750.153502   5307.777330   6712.834635   8197.308716   9424.099543   11805.237834   7659.493662   9315.914110   8322.442214   11825.834358   3283.476070   4105.966164   5886.354507   6662.438868   5028.663607   7335.869482   5632.878677   8146.378072   13902.487516   9620.628961   6813.805804   4119.824598   10758.499620   11668.493776   8492.470716   5820.619387   6875.123842   9997.210960   11230.522696   8122.940340   4785.514710   5063.143869   8206.405022   12117.554126   
18.800000   5465.842982   8800.056161   7265.292122   8352.255445   10985.799577   10044.519675   9260.006553   8034.825390   5967.251338   7287.661073   3461.534712   2905.555060   6450.083481   5893.394869   7571.903597   4295.333657   6391.852186   9504.708520   10781.800190   9489.549628   4935.423071   3953.651646   8312.865496   11340.310678   10205.913129   6457.276190   6425.697649   9996.331720   12023.119108   9392.715400   5343.895478   3222.508513   8123.836527   8493.149909   
18.900000   7279.224248   6422.004850   9293.529690   7867.231881   9442.210936   8716.277391   8013.526759   8181.406194   5756.877706   11290.871962   3452.689063   3452.494443   7764.110228   3981.773824   5803.061817   7102.760979   5900.357619   10338.600788   9342.769023   8318.287944   6317.253947   4725.233908   9046.082675   9431.751494   8308.021872   7741.510743   5137.449258   8153.285169   10199.530033   10052.624373   6897.405594   3312.746571   7668.162670   11413.508117   
19.000000   6734.991613   6101.300288   9705.234742   11374.863215   11112.808830   15284.689300   9608.040681   9455.240379   6000.477657   8505.816191   4575.556481   3739.517373   4144.224817   4840.743550   6655.014829   6065.672472   8105.335331   13778.541816   17206.520982   10832.558438   5904.081815   3664.454869   12389.654422   14956.979175   10730.886435   6096.308458   5163.418995   13312.855841   15836.153527   11234.879100   4574.078672   4158.662222   8106.944184   8634.173339   
19.100000   5293.339235   5409.576267   6921.292535   8961.600878   8158.318684   10808.798231   7787.886792   7653.287794   6343.527646   9632.598649   4190.191567   3410.855555   5251.415279   6584.769900   6283.496586   6028.154368   5923.328871   10218.091397   10764.499704   7553.836144   6715.129746   4824.088186   7836.877951   9960.556261   8586.148591   7089.696988   5476.307741   10527.289256   10747.747836   8179.241684   4486.531737   3467.983720   6995.283930   8761.163581   
19.200000   4780.329756   4810.489762   5813.009586   8985.595651   8613.986836   9590.112362   6964.441642   7935.334800   5630.019597   8836.935192   2869.201190   3149.806890   4962.726418   3855.812783   5134.208583   4598.993409   5176.017302   10372.260573   11356.940910   8150.041363   5038.056878   3567.177195   8506.998759   9800.633037   8522.097673   5471.240523   3924.103651   9853.230087   12774.149675   8570.497079   4740.363820   3485.099528   6359.088003   8889.988195   
19.300000   6707.230515   6765.459076   7029.089150   9087.619470   9337.391564   8882.649976   7427.531028   6770.965514   6122.662683   7788.756113   3609.405358   3643.947788   5016.391989   4485.157009   4738.504234   5747.108855   7194.739517   9946.247145   12932.973827   7159.043627   5299.404978   3533.686542   7887.579586   10836.833295   8907.368530   5072.446629   5932.409723   8596.404652   11060.621658   8066.150515   4494.041965   2980.267716   5521.385606   9691.358487   
19.400000   8617.592913   6262.065713   5806.042142   9477.095037   8717.149630   12054.102538   10132.475235   10426.959481   5697.913321   9473.262501   3736.252525   3726.213846   4390.877464   5509.185956   5618.952872   7419.226858   8012.147348   9764.824321   13129.879303   11330.932812   6079.112238   4015.500135   11594.564916   13473.546256   10769.519582   5577.607515   5449.581099   10439.282391   10446.100244   5572.952030   5553.865265   4282.657167   8773.139024   8972.009370   
19.500000   7445.116041   6827.590497   5357.633360   8589.012463   9009.105017   9465.558457   10320.985222   8924.288114   7349.906745   8405.643117   2978.056375   3756.675641   5283.870782   6849.728756   7123.919595   5529.777598   9065.830019   8129.560982   11518.621731   8930.358071   8378.829574   5201.674285   9133.201625   9749.204275   10542.475775   6635.953417   6374.637341   8598.358216   8153.292401   7017.816022   4612.274606   5505.554102   7989.890885   9505.961968   
19.600000   7793.368790   5237.976266   6726.750515   6865.545335   5370.330802   6596.896733   7143.596802   6219.229016   7029.849716   7474.080118   2890.084657   4345.810630   5970.579826   6718.257996   4964.540400   4714.735026   7080.897839   8157.357789   8105.132530   6134.640446   6890.631904   5427.039292   5398.842493   5746.825486   6864.520801   4955.794386   5509.564690   6842.699057   7441.983112   6191.350860   5975.667897   3182.254051   6535.373000   8949.238501   
19.700000   6584.882610   5246.916378   7348.136384   8544.183275   7603.290111   10350.669155   6977.686078   6940.580295   7641.016091   5369.661132   3453.928696   4057.202867   5357.066257   5097.813049   4371.638564   3893.902468   4851.222981   11099.505260   11213.288066   7485.046571   7549.929041   4624.924005   8131.575494   10300.752375   6881.314750   4577.712687   4121.058395   9992.666147   12475.330248   8544.476684   4888.023218   3826.803549   6684.041336   11042.826796   
19.800000   7407.640627   5273.416256   7339.898563   9261.870284   8263.588346   10094.040596   6972.886197   6259.470907   5314.116179   5624.970753   3774.223094   3682.653591   6117.895031   4184.052038   4664.902161   4728.604898   6406.574387   10149.824481   11983.508704   7360.456198   6189.125551   4001.505953   7084.088116   10304.541864   7807.709005   4378.586263   3061.978114   9887.889744   11936.842867   8359.381681   5821.795737   3604.727345   5711.838388   10973.051847   
19.900000   7136.737502   4664.265909   6740.515847   9310.902781   7889.440431   12963.439284   7288.931881   9956.509245   5958.233628   6516.194064   3942.163680   2665.414654   6754.307209   4736.612974   4047.963224   4837.190759   5992.431227   11138.868891   14431.714561   10204.761006   5764.495541   4277.376779   11841.658086   13032.566881   8028.989629   4659.528670   4153.965089   10893.304442   12709.231844   8270.415201   6161.194940   3148.357094   7532.504618   9058.229883   
20.000000   6572.017314   5821.835112   9188.996592   7947.504995   11370.856353   9836.327746   9220.840275   8837.422645   6333.906301   9243.563283   3070.457679   3856.430884   5416.190218   5604.840980   5606.368580   5615.306105   7708.174561   9781.743642   13470.466279   9940.812113   5598.073912   3105.926514   9971.095218   11871.353007   9982.303206   4214.096513   5506.551734   9428.564544   11407.966339   10440.927088   5116.147011   3172.997820   11229.667976   13843.850437   
20.100000   6451.247164   4966.412115   7396.807271   8326.986310   8728.718767   8261.490872   8211.931705   8411.123952   6242.414247   10226.700615   4399.526232   3062.375616   5352.871368   4886.982190   6078.594537   7653.053695   5696.197357   10394.224357   12469.095322   9439.067286   6239.576469   4165.110097   8925.802016   11743.720149   9193.492404   5002.311090   3498.995319   7898.671291   10928.128124   7716.341068   4076.675031   2722.850072   8712.503461   9840.516141   
20.200000   8406.918839   5771.508566   7024.006445   7631.901870   7718.983084   10413.244725   5923.908106   8354.276633   6179.977355   9803.253288   2304.843685   3289.236782   7514.374849   3472.548172   4808.059971   5244.706834   8028.616500   6529.113994   12238.736312   8310.076920   5663.370606   3995.293935   9351.235230   11479.311432   6906.934524   5831.743352   3321.034715   7740.412423   8009.637359   7703.494655   4811.460516   2877.461599   6991.458235   9496.438382   
20.300000   6775.941350   7429.829432   6968.773311   9535.032230   6964.072758   11595.579524   7955.664574   8743.985295   5815.864759   8090.125507   2731.283769   4488.310551   6816.395874   3701.164537   4587.768212   5600.216172   10178.566722   8871.785134   12555.101777   9347.801103   5031.432619   3718.323534   9710.176484   11585.498362   8275.529588   5310.534538   3996.385690   10502.601244   10726.663065   8415.590084   4864.291067   3336.992635   7555.656750   10290.881500   
20.400000   6839.179535   7147.049685   7516.846066   7739.911830   8227.197227   10402.523826   8508.675893   8081.381752   7416.624859   10180.004909   2362.418426   4285.453312   5649.144900   3740.686850   3853.365469   4604.854979   8905.625440   11477.039980   11749.137428   8957.051634   6615.759869   3995.520955   9148.319646   11572.484713   7538.143422   4087.300795   4389.071311   8758.043212   11976.105886   9183.515365   4872.726444   3843.665510   7471.946839   11571.427511   
20.500000   7816.071856   8457.023864   6441.081648   7738.405179   5410.563155   9147.442054   5470.951849   5709.216092   8494.431204   11243.832392   2517.436341   4413.701570   5061.159718   6202.677167   3826.556084   5974.113119   9428.419023   8634.961054   9553.887108   6297.640213   5832.306971   3734.499615   6640.880758   8257.394930   4753.542075   5166.035384   6390.872733   8520.592052   8642.436081   6173.122708   4342.801246   3542.487235   6316.755025   12604.457536   
20.600000   6604.846322   5716.785902   5676.130650   5842.926009   4202.069842   5997.394927   5991.653921   6007.907921   6043.990917   9416.342142   4976.732448   3682.249620   4922.375291   3828.905749   5063.258323   8165.907351   7449.882667   6351.140116   7534.125018   6591.442944   5014.969303   3690.873745   5639.445801   7227.434385   4911.599689   4541.143086   4342.094534   5737.696376   7023.233507   5449.433488   4378.644746   4151.291268   6603.785097   10402.703888   
20.700000   5893.685039   6035.612047   6349.394550   6519.805366   7306.673206   6876.442542   8855.928370   7364.862341   7606.293147   9500.008216   4115.594344   4395.949840   7384.729501   4860.815972   6421.265997   7062.964232   6725.102882   8895.793366   8347.676084   8313.013824   7035.118376   3253.762214   7138.727967   8861.099790   9780.726900   8563.638568   4563.975606   6513.025632   7941.610665   6279.324478   5057.579141   2258.336888   7589.280777   8635.102511   
20.800000   8498.280115   7173.986534   5547.103118   6120.971366   6419.696214   8225.631552   7949.924225   8165.211227   5335.599954   6517.391854   3692.992424   4202.888667   4017.851547   2724.728480   5242.329927   6371.023030   8002.636297   5502.633166   9351.024475   8287.843625   5218.055503   3248.042293   8485.584400   9984.017617   7637.087270   4209.766079   3674.555583   6142.798796   6902.150887   6480.363741   5387.111597   3867.051720   6963.062797   10834.611905   
20.900000   6212.615721   6029.326985   6670.874849   5594.332779   5587.770610   8817.482546   6781.186802   6989.107036   7857.456174   8224.770712   3573.603748   4089.913595   5786.591471   3402.571844   4512.192633   7177.330690   6613.721631   5773.591979   7812.041999   7469.140933   6212.178393   4485.314581   6956.545772   9091.573154   6533.998699   4012.232484   4197.003123   7026.958143   7129.381852   6619.997170   4889.967503   3109.463199   6804.076689   10856.878776   
21.000000   7289.385307   4519.791880   5464.664787   6824.374356   5921.428619   8320.707572   5734.714552   6382.220446   6510.515126   10125.293431   3148.428331   3706.090385   4355.425597   5267.055127   3595.692190   4633.554982   5881.430877   7302.321012   11216.754086   7067.476562   4697.618065   4237.933850   6197.764392   9177.964909   5807.910699   4779.391555   5083.726723   7726.277442   9397.956518   6615.749699   5927.242926   3248.516200   6917.891937   9939.183255   
21.100000   5693.602436   6128.321028   6069.621798   5902.682537   5150.027679   5981.317422   5365.564430   5343.345544   5379.514048   8333.323530   2466.120008   3426.564050   4444.882920   5334.033012   4376.224185   6912.494729   6662.000930   5892.934742   7658.921478   5122.031925   6135.062354   4922.609515   4921.028097   6034.270154   5044.472338   4395.466996   5258.875498   5895.393571   6589.121044   5683.215498   4543.575004   2482.084598   5313.816821   9803.884718   
21.200000   8091.478657   4078.743108   5940.264869   6383.382323   6609.559207   7469.152003   4962.766179   5160.600197   6006.224508   8109.384879   2391.105551   3276.339368   4607.355339   4897.294187   3650.132665   5720.086527   6680.415852   7454.435393   9949.178295   5414.021673   4339.540054   4088.157269   5398.931670   7569.889805   5706.377984   3484.017578   3889.155909   6904.675714   6281.014716   5227.062533   4295.324442   3625.069532   4341.644137   11020.259550   
21.300000   7053.202584   5873.590074   6589.172294   6368.562949   6107.894317   7480.714905   6564.342605   7969.070714   6307.690344   8482.559638   3713.031895   3500.728768   3845.360066   3705.414432   3889.090583   5347.311992   7737.638000   7363.550762   8096.771956   7765.914733   5687.475192   4559.304424   7080.853271   8759.871014   6401.738154   3765.620592   4438.668041   6622.007272   7160.865598   6591.822984   4566.172344   3315.994624   7150.516586   11044.847213   
21.400000   8635.147710   5687.883052   8437.757572   6223.680977   6795.516088   7495.790824   5645.657868   7108.313400   6811.950138   10137.710122   2851.398308   3871.529168   5182.971733   4627.847714   3802.525078   5703.669650   7234.344652   8056.066020   9904.510130   7856.942267   4547.187557   3019.242470   7809.895376   9934.794361   6662.826476   4247.021207   5293.661388   5486.503769   7328.604161   8301.659873   6204.547912   3811.538657   6370.868010   10497.512773   
21.500000   10158.214149   7528.322830   7987.847998   7564.814225   5342.343800   6802.287809   7177.339993   7652.297568   6357.915733   11048.915070   4198.881991   3536.270949   4238.197896   5756.308526   3880.689782   7381.024384   10303.674890   8018.414555   7882.228560   6930.319220   4796.953903   3174.453806   7554.871301   7493.204327   6835.358373   5039.287203   5182.028838   7097.627183   7071.979747   5752.276783   5949.968424   3225.302233   5876.538369   10532.822787   
21.600000   7025.939799   4403.633648   7014.605498   7456.978010   5706.169740   7317.094144   4742.029457   6245.742568   6414.668892   13235.412384   4114.353448   3526.858880   3975.914666   5957.561389   4543.430539   5008.610491   5966.065139   7431.431947   9129.852572   7496.471464   3988.204921   3153.094079   6871.737920   8334.080642   6443.628243   5586.641533   5305.624349   6696.901918   7418.156845   6877.845608   4664.070511   4660.298894   6960.986420   9522.461189   
21.700000   6124.427241   4712.272825   8358.776439   8623.344394   9375.852607   9842.309512   7286.232373   8241.996835   6274.432990   8194.678392   3941.676351   3799.818987   5175.906355   5879.599973   5032.634261   7108.069507   6089.745158   11149.813819   12683.663052   8891.624736   4400.860493   4274.483250   8938.980929   11507.988519   8798.483753   4933.468968   4597.069220   8812.932899   11676.302408   9584.255534   4194.377239   3159.319179   6968.471982   8654.319229   
21.800000   7277.164826   4749.697071   4516.330535   3898.566561   5151.924752   5662.569368   4293.980014   4295.583157   5753.677254   8701.075589   3187.137481   2810.092416   5011.529862   3805.901552   3426.105630   5279.671372   7457.126546   5453.017755   7009.769446   4482.663384   3640.437559   3447.626828   4573.352124   5372.466688   5884.250247   3926.613330   4466.965389   4560.977995   5251.597611   4948.172362   4830.382533   2883.451858   3904.276008   10558.765579   
21.900000   7454.070856   6088.618454   6549.056210   6148.415419   6411.879236   7709.649132   3687.507321   5778.800467   5285.181780   8966.772136   4736.303341   3424.872796   5766.386710   3662.127244   2891.391195   4530.271597   7602.997456   5893.091390   10326.796763   6194.234188   3741.266158   2649.511566   6832.685667   8362.897461   5191.110446   3865.994651   4410.840648   6455.029961   7196.326604   7667.518144   4869.437636   4429.994944   4800.364702   9907.712332   
22.000000   7155.071722   4517.399515   6030.042426   4774.815587   5478.277606   5486.232841   4976.092929   6069.547000   7531.485928   8256.878085   3360.316703   3999.402796   5481.940571   4219.154458   3995.739018   5276.869505   5444.820184   7310.671287   6890.669630   7252.723192   4610.105297   4145.549366   6129.124217   8690.900038   6128.594928   4659.485794   4037.405447   3924.484991   6697.571365   5374.828406   4460.300846   2967.916043   6107.499367   9399.190504   
22.100000   8529.773183   6477.073237   3951.693550   5531.585541   3854.872076   5119.010948   4077.176304   4986.905045   5910.468709   7005.459953   2679.470594   3561.064880   3406.207340   5480.663340   3041.965022   5142.437420   7937.375895   4789.434977   8034.561709   5206.192822   4932.665444   3413.833090   5081.768597   6174.182380   4511.349458   3716.479742   5650.751612   4954.816954   4652.669823   4640.289493   4174.775470   3396.097887   4744.242826   10636.353107   
22.200000   5640.913305   4886.085683   4477.675695   5160.934031   4277.233943   6743.800872   4247.227544   5526.620233   4785.806211   7643.634314   3778.705150   2792.434700   4875.049283   4506.585222   3116.752028   5161.432531   5799.558458   5370.311286   8576.989456   5715.985132   3737.130199   2889.097832   5726.622271   7675.969308   4865.199799   7089.387877   4264.975398   5735.379618   5565.730610   4636.752568   4075.267643   3988.553756   5216.361713   9109.613859   
22.300000   6234.321583   6623.524708   5119.532851   6001.622713   4891.432362   6384.038791   4811.324859   5158.409570   7584.082070   9915.492151   3061.878836   3198.307014   4701.208659   4524.547889   4017.043100   5039.898470   6453.639322   5176.876231   7372.828879   5107.209254   4616.891676   2612.800368   5488.357502   6564.545515   4838.831680   4332.935855   5257.385063   6327.756113   5770.312885   5484.201217   3916.812959   2641.840862   4611.792998   12180.118573   
22.400000   8127.231135   6641.820646   6734.419647   4584.322341   4036.386212   4782.249897   5529.460018   6116.679702   4926.003033   7722.060258   2565.937468   3669.438998   5400.590149   5117.506174   3986.018055   5394.932147   7426.432407   6261.448791   7045.347255   5864.078376   4211.864011   3521.561097   5329.327261   5385.961236   4973.776145   4351.053903   4793.629638   4566.968944   6120.717266   5677.016498   4949.060706   3122.285493   5387.190978   10510.915362   
22.500000   7705.726323   5932.488802   5438.971645   6493.589521   6346.706679   6152.875540   6074.712471   6424.356050   5663.636215   7272.785962   2901.591273   2425.919389   4683.399384   4621.298306   4224.724389   5314.608723   6833.206314   7087.094804   8142.889412   6576.662230   3780.824770   3184.395003   6909.259093   7704.282859   6256.995041   3979.845429   5056.288805   5964.169583   6121.386622   4468.962811   3618.950993   3563.482049   5049.812835   11534.151939   
22.600000   7485.863883   5433.685166   6369.217427   5949.872295   7167.183199   5603.158043   5778.543825   4993.747816   5827.759870   10243.399737   2755.470690   3448.122409   5517.980128   4916.471375   4163.473958   3865.966802   7528.385948   6594.343976   8561.976308   5111.498462   4849.836174   3569.090589   5016.039416   6609.784463   6352.154083   5056.654877   4111.059872   5627.874794   5608.026815   6884.101597   5193.086646   3969.562241   4341.062812   7789.945172   
22.700000   10220.272780   5591.453590   5055.151064   5064.400793   4568.739060   5505.208386   5266.022872   4504.049547   8685.037071   13266.569723   2927.439996   2853.277063   4608.741194   4537.266903   4387.860353   4494.966615   8626.525764   6216.330375   6923.046465   4924.819933   4992.406507   2827.000003   4820.342655   5847.766953   5106.000047   4802.204210   4408.176346   4330.832693   5965.800727   4167.965303   5288.260000   2913.786991   4720.586166   10119.473872   
22.800000   7074.673278   5502.980035   5237.195886   4070.734909   5045.733104   6307.022922   5258.399358   6580.713825   7023.309066   11568.288501   2625.163379   3341.784365   3384.821234   4689.343334   3401.427736   5599.981520   6896.758865   5275.797399   7755.907860   6448.723171   4405.541670   3785.264669   6480.976653   6809.782449   4927.957444   4277.334611   5375.721899   5066.923476   6091.326759   5466.698389   4471.382148   3442.938374   5906.713746   9547.812541   
22.900000   8803.058875   5732.006269   6456.240084   5608.855826   6183.533953   5611.694879   7681.167077   8163.468491   7362.162947   10496.582734   3922.613445   2741.388804   4468.962774   4204.727420   4885.058818   7219.945168   9432.904949   6784.409922   6256.717089   7937.238377   5158.423582   3142.940673   7290.483924   6216.818056   7488.979427   4652.905448   4398.605424   4927.001076   6113.867316   7158.128830   5624.965942   3378.726215   7740.668568   11188.403541   
23.000000   5713.023723   5466.932389   5207.136847   6762.520381   4798.690448   6116.600821   4205.592832   4677.649819   8663.114618   12066.562660   3641.869189   2832.198583   4507.490630   3060.180333   3444.707981   5646.074698   7499.427464   6048.233125   7182.588818   3891.102044   4872.555539   4113.242371   4548.074997   4834.299259   5102.703355   4653.198878   3976.103558   7165.171343   6753.572056   5823.264509   3867.929347   4236.109331   3890.479128   10470.994741   
23.100000   6876.363139   4569.441748   7395.289720   7555.435247   5301.099594   5693.241169   4387.846045   5303.170425   8018.567231   10759.655680   3316.754852   2507.164261   4640.076949   3508.402468   3583.340583   5924.232741   6174.161666   9067.936984   6932.308872   5019.984796   4233.525199   3687.864976   4837.853373   5634.635037   4272.896945   4472.544666   4351.856554   6684.458679   8474.200378   6446.548117   4219.609803   3605.537285   4599.786046   8701.006675   
23.200000   6150.278168   5949.001193   4869.134343   5703.601559   4608.800105   5886.766791   5538.686184   5849.770684   5568.175731   9888.695046   3417.026116   2715.860010   3868.951193   3593.017804   3328.532084   5375.686743   6102.330476   6290.963393   7029.071691   5428.040774   5360.034172   3053.400593   5831.780120   6211.184233   5243.930793   4466.183563   4258.967507   5515.772558   5741.746501   5596.316408   4118.850161   4123.137292   5074.131464   8996.498317   
23.300000   6195.840171   4199.373995   4965.266055   6151.891491   5015.129072   6638.381397   6054.713435   6566.204582   5771.525594   8392.104852   4684.638636   2457.736531   3764.219732   5066.422019   3680.809815   3565.354720   4617.731764   6653.613864   7097.041160   6585.581201   4031.729228   2909.658585   6340.924232   7957.042014   6040.172153   3836.466147   3563.911579   6183.261578   6847.293883   5211.389748   3790.562196   2235.926527   5426.061225   7836.639232   
23.400000   6093.125545   3401.255394   3882.999484   3447.280981   3862.612421   5866.137806   4637.676064   5721.443982   5692.607866   10318.062049   4312.162779   3313.938499   3551.152943   3760.155052   3245.107850   4814.178751   5349.625976   4136.038091   6373.075974   5631.388522   4836.994982   2670.513711   6334.325621   6855.500948   5565.108089   3156.849620   3294.366620   4298.905785   4947.019998   3620.359134   3651.897327   3695.933162   4524.064569   8063.093435   
23.500000   7466.729718   4973.141615   6049.133219   4674.230708   4336.710393   4915.638666   3784.233754   4133.230400   7811.416308   11090.337424   3746.743102   3261.578308   3672.992994   5743.647751   3065.830517   5488.530055   7403.187354   5742.309110   5788.303946   3978.987318   3256.622755   3002.932111   3961.896017   5152.893519   3673.583226   3990.618282   4351.817902   4723.551456   5435.196333   5552.275705   4154.632209   2147.947091   3834.361960   10230.678732   
23.600000   6966.359988   5177.674864   4047.711616   4204.669280   3886.683082   5534.455626   4701.703958   4483.910436   6058.490111   12900.589615   3221.488244   3422.462942   3352.205281   4362.541794   3968.573599   3653.716670   7457.357924   4803.584814   5103.944488   3617.297139   4892.018381   2610.006087   4324.012729   4533.828483   4465.846327   3586.256850   4052.877492   4588.863799   5355.065469   5092.652889   5086.148044   3247.003374   3627.403849   11204.631145   
23.700000   5385.704584   5309.694621   4415.345231   6399.019188   4064.891828   3565.266336   4833.706763   4168.712839   6420.657657   9346.971735   3328.893856   3674.823403   3611.686458   4048.832916   3589.628877   3080.295495   7390.255527   7224.276311   4606.327437   3967.707098   4639.064148   2672.801701   3673.261268   4496.269891   4975.821381   3972.902561   4805.938572   4337.292293   5920.110217   3721.965785   4164.961995   3894.472855   3838.275303   10921.293430   
23.800000   9787.731712   5374.251762   4966.293835   3819.850369   4362.455301   4896.754544   3948.285171   4040.964274   5686.809354   9601.068107   4454.445193   3120.579229   3274.602058   3624.823909   3502.266991   3279.091358   10616.854265   3953.712713   6020.081923   4033.753533   4673.789585   3881.680840   4351.997896   5092.572154   3845.280740   4075.601310   4147.878101   3911.586744   4949.437111   4384.862996   3909.544911   4108.132269   3336.235729   7949.682645   
23.900000   11755.742810   7143.639427   5064.558444   5287.912015   3579.359497   4951.968197   5476.140183   5637.958396   7708.076937   9748.068444   2646.720838   4498.929374   4888.955482   4727.479160   5116.967736   5861.141561   11827.704743   5117.058659   6371.320044   4863.792338   4874.334750   3617.924754   5794.259187   5551.329653   4351.451337   4229.946572   5806.896261   4797.777816   4614.456538   4072.755796   5199.778335   4061.192975   4492.478465   12718.279039   
24.000000   8106.763534   4141.589713   4509.807462   3250.431884   4031.978176   5297.554100   3657.697019   4608.753611   5362.194575   7204.813092   4111.861729   3662.290443   4029.276807   5032.599933   3819.207379   5132.051597   7825.091724   3600.206682   6704.243024   4421.983438   3475.724895   3643.614649   4911.257276   5114.023343   4102.294988   4366.399576   4699.010305   4076.637430   4146.961378   4482.210015   4473.175933   3379.890009   3653.094095   6838.640717   
24.100000   6840.905314   4270.835561   4059.280807   4663.288117   5432.772117   4412.542889   5835.375950   4151.691610   6075.642497   9309.527138   3325.640198   2278.489929   3901.472926   5410.011312   5184.799377   6412.020781   6206.449921   5926.103064   6109.411432   4956.286054   4261.009476   2983.470813   3962.618940   5555.238681   6380.237598   3644.865679   4841.114822   4621.000296   5232.269842   4355.238201   4354.070408   3517.932883   4559.888754   8294.336743   
24.200000   4702.768512   6023.929223   3655.997246   4750.671982   3898.117808   3322.479200   5324.513886   3318.492427   6005.507311   11376.795898   2716.199593   3599.343923   3497.596195   4423.789218   3735.016021   5402.268779   5688.043963   4875.840457   4419.261897   3445.229409   4666.956481   2555.342686   3414.364373   4172.172275   5186.730909   3921.954659   5171.686488   3724.135095   3927.743115   4339.885354   3728.673553   3341.178611   2966.379610   8514.979118   
24.300000   5391.840603   4356.035073   3466.503748   4115.168542   4677.286912   4459.591939   5984.497937   5108.504969   4786.267903   7454.994438   3814.629175   3037.177547   3216.167525   3742.626284   4575.838394   4038.074773   5401.823136   4989.760773   4468.900605   5130.341340   4542.162678   2651.619306   4804.236724   4906.994096   5519.260712   3260.253663   3981.728399   4392.073321   4570.287379   4450.740064   4024.715987   3563.130795   5293.747711   7846.676529   
24.400000   5503.992289   3799.413258   3750.254480   4368.077550   4022.213993   5109.345646   4146.503998   5038.225949   6070.592764   7450.931930   3334.476525   2817.448571   4060.773099   3730.091412   3271.634921   5568.531911   4815.578122   4142.190236   5430.471248   4954.602298   4657.104611   3603.394915   5031.902596   5811.490238   4284.209840   5437.911141   3996.883944   4214.144676   4373.251930   3738.422247   3429.918023   3086.462303   3936.555568   8511.527701   
24.500000   8196.004748   5107.493655   4190.426067   4039.914937   4399.762229   5283.251839   4407.071136   5645.965319   6560.229679   10365.767400   3794.542284   5110.999402   4176.672108   4662.472270   3751.561492   5134.447267   8005.009738   5051.048077   4721.669384   5911.778729   4298.989152   2710.033766   5748.483025   6943.257215   4962.895811   4695.016369   4757.434395   4438.110861   5355.061873   4919.962401   5108.535856   4181.690587   4898.822048   8756.594933   
24.600000   7765.750387   4863.294175   5393.467230   4601.815032   2880.039863   3449.113053   3736.366224   3914.026166   5920.086404   10121.100309   2854.117441   2497.872555   4704.143299   3624.649321   2711.438254   3739.716661   7595.410505   4723.277220   3951.738422   3880.591317   4654.636643   2887.543615   3868.938637   4172.371993   3020.289474   3942.381599   4314.459799   3849.538746   4328.116125   4346.742463   5002.792783   2593.729798   3817.541889   9361.177606   
24.700000   7777.501746   5671.674479   5015.980089   4227.618408   4594.277452   4960.340015   4591.611374   5462.734099   5365.279139   10802.343839   2685.847553   3209.161216   3663.013834   4740.452559   4536.847767   4276.323694   6685.188266   4690.178289   4776.693114   4924.875973   3909.180972   3143.086766   4939.882190   5302.373674   4866.850975   4154.120432   3851.365073   4187.102327   4826.156350   5016.981791   4704.677864   2321.739392   3884.361794   7645.594291   
24.800000   5415.427236   4981.538140   4324.412255   4146.617475   2778.305532   3543.133063   3578.841798   3722.289256   6004.370545   10539.058514   4417.502760   3253.336484   4156.352037   3609.790486   2995.531184   5239.869993   4559.124275   4418.330393   4514.635664   3986.154591   2802.217347   3066.418369   3510.871142   4203.287435   3699.708594   4228.057582   3739.478447   3552.000105   3689.472204   3426.323276   4566.683487   3107.330793   3141.434600   8932.811047   
24.900000   8443.147480   6260.617746   9131.231608   3997.151830   4148.266694   3918.411815   4164.386773   3639.235676   7345.413121   12521.899891   3968.741305   3933.469561   4547.687070   6002.021763   3767.882806   4925.679389   6832.802886   5059.490654   6610.161939   5016.425114   3577.710536   2803.662258   3500.338233   3990.875884   5820.208163   5959.927349   5415.276289   3526.271343   4707.424220   6765.438211   4821.797750   4593.683606   2872.088699   7709.196660   
25.000000   12624.484163   11456.410016   11346.612620   5107.768668   7752.109998   3969.972195   7260.958866   4189.072567   10386.328115   14616.513975   7166.113948   4149.810846   8236.677196   6736.999702   5631.199277   4847.095212   9727.320116   6379.120531   9610.401463   7534.528795   4205.579898   4848.281113   4449.236949   5951.417075   8894.506188   6737.798371   4638.220065   3759.544259   4946.452882   8895.221756   6011.944032   5646.378972   3435.742843   9101.577205   
25.100000   12709.052335   11407.634147   12305.596481   4274.576710   7227.993745   4214.247066   5827.111911   5870.212936   10591.438797   11677.467229   8013.836388   3745.271725   7275.088032   8483.193596   3752.926914   5904.503886   6948.080652   5913.019047   6875.435161   7679.538536   4994.409558   4130.975559   4700.993858   5609.033240   6887.080963   4990.007482   5358.179957   3490.704898   4420.832763   7687.137541   5000.176081   5678.322929   4377.058428   8498.601056   
25.200000   5998.589622   4985.100008   4024.983180   2767.902883   3248.484591   4175.864952   5017.198754   3849.715172   5886.433332   10659.046204   3581.573572   3044.407829   3021.725171   5467.372791   3443.461924   4703.527674   5753.718857   3676.900629   5015.266767   3971.640058   4626.084442   3519.652569   3789.498086   4225.528018   5196.405464   3832.418722   5073.170793   3820.769050   4241.262701   3505.903881   3712.173741   3802.508213   3187.372893   7491.438162   
25.300000   5114.547548   4765.777071   4275.872069   3314.957187   4617.250339   4392.896171   5388.572568   5711.950195   6201.142359   10219.007636   3895.684179   3412.875292   4418.366254   4160.584167   4371.085620   4730.526133   6617.386290   3301.968392   6448.584912   4340.854888   3578.618786   3770.825971   5159.537044   4851.091500   5255.683055   3071.266545   3408.331737   3689.237435   3727.216228   3956.028193   3916.928273   2956.887427   3630.583191   8532.865433   
25.400000   7223.188022   6341.844266   3695.974414   3324.012413   4169.789154   4934.933955   4797.470964   5307.187713   6678.537547   8540.156585   2945.055500   3777.756049   3492.497505   2796.718698   3730.386060   5753.621838   7798.788235   3629.831122   6045.992207   5004.844140   4792.423319   3056.137494   4921.884149   5420.097702   4388.073196   3631.397218   3138.334243   3878.631326   4265.559446   3834.459222   3469.333207   2662.147178   4633.220442   7286.732480   
25.500000   5725.135925   4404.229503   2962.812541   3163.584885   4169.626168   3832.857357   4838.993784   4291.530670   5552.512677   9460.193376   2576.445497   2642.173007   3938.296520   3432.415991   3229.588496   4037.702526   5519.966757   4087.507573   5940.178883   3937.282489   3173.360282   2954.540953   4229.439977   4765.698597   4773.058590   4423.764341   3670.138493   3002.573594   3997.836873   3480.161799   3749.827946   2737.616348   3072.841486   7771.241612   
25.600000   6107.199042   4495.136686   3620.614213   5595.292271   4301.391828   5784.420672   3788.427382   4552.806634   5501.734565   8493.006496   2456.219938   2781.619156   3540.688925   3995.787074   2688.215580   3532.375392   6637.956446   6446.086644   7184.653695   4583.435519   3271.029319   3278.764022   4561.528835   5810.512016   4806.937891   4096.585092   3850.261364   6066.806113   7379.026829   4703.246140   2889.467723   2288.070242   3678.131348   9492.452412   
25.700000   6708.243321   4999.208058   4494.165427   4656.213584   4826.588045   5696.562508   3690.530065   4902.308433   4466.092485   8083.245336   4168.794763   2695.707601   3406.720947   4243.309902   3399.400336   3924.394230   5967.250817   5158.866161   7029.875507   4662.828300   2939.406882   2620.974130   5369.179336   6352.656647   4747.856554   4590.025498   3617.837658   5037.269866   5864.803603   5888.165595   4367.216016   3085.127913   3845.094948   7447.870869   
25.800000   4206.561405   5072.318741   3743.667986   4684.206748   4833.617131   5661.342919   5169.628210   4653.238574   6319.282073   11287.723060   3229.336135   2569.360403   3334.375914   4332.723357   4265.868660   5562.604470   5135.044249   5216.320718   5794.448906   5250.973934   5197.432307   2683.214868   4927.060419   6193.130442   5233.071491   3927.628444   4410.999588   5131.920048   5816.338284   4656.825674   3354.609487   2537.528253   5342.059006   6963.555420   
25.900000   7635.869333   4397.701812   4944.556861   4581.699585   3362.532991   4336.013067   3586.809141   3689.148729   6712.072847   10895.082005   3873.258749   2641.417760   3884.261693   4413.026330   3526.174340   4054.285703   7130.216642   4460.385838   5256.544206   3669.565211   4255.204124   3225.646121   3882.931491   3866.039796   3734.545146   4023.666473   4273.567440   4246.124372   4342.811749   4178.559973   4147.575906   2259.844202   3632.722810   9184.125934   
26.000000   7016.355217   4589.766079   5772.408679   3847.375064   4848.125421   5010.327077   4104.127915   5384.580873   4236.002854   9366.172766   2903.405421   3197.889568   4985.152308   2761.021839   4417.342284   5480.689914   7068.816953   5001.420644   5291.004715   4925.813959   2744.034772   2111.331791   5046.142781   4718.568775   3944.744847   3419.813748   3321.295377   3865.102811   4875.275801   5525.659768   4496.878416   1689.232957   3637.361984   8679.774233   
26.100000   8221.032894   5363.127401   5478.694228   6155.018334   4424.359762   5644.793064   3777.763803   4809.109966   5351.312223   10332.840761   2315.584712   3787.570178   4247.826067   5283.367492   3114.166967   5454.400684   7866.592493   6883.889579   4975.629663   4721.875619   4106.093829   3097.980414   5090.559350   5346.444330   4404.619382   4190.412105   4802.811242   5541.553748   6339.149676   5886.629208   4904.333376   2552.515442   3819.150541   7559.544035   
26.200000   6538.220123   4673.048423   4044.240949   4876.762013   3687.359274   4949.816031   3871.913760   4756.767138   5434.750126   8211.202953   3167.673189   4439.116025   3977.595431   6256.276459   3085.657986   4543.487035   6844.209419   5934.598919   5391.413726   4317.527010   4122.459224   4163.696776   4917.244591   5031.584110   4212.599697   2838.682108   5373.071005   4517.760472   5235.226568   3851.549841   3906.493977   2213.915395   4256.490647   7801.560678   
26.300000   5497.532037   4776.808718   3963.918057   3928.098908   3229.247803   4112.929127   3353.600350   3630.684590   4693.155382   7214.548296   3369.880774   2829.319163   4070.348683   4645.864054   2617.616437   4403.692665   5785.729788   4778.948660   5057.789667   3989.888261   3241.923454   2844.761490   3714.632126   4988.014115   3386.019491   3085.512972   4218.656943   3836.399143   4932.783605   3418.051834   3017.025582   2466.011306   3954.820040   7097.673746   
26.400000   5482.659535   3890.350185   3982.916487   4890.167285   4423.992224   5101.155563   3694.493688   3366.702143   4808.147850   9568.282054   2798.139777   3005.579763   3733.672429   3404.663961   2727.745101   3761.392761   5322.303434   6047.801644   6039.188926   3543.020800   4224.298351   2372.819724   3464.718610   4786.219043   3413.144483   3188.016204   3330.717088   4960.927029   5481.030763   3825.614466   2748.584022   2605.605729   3451.925920   8294.179613   
26.500000   3975.413822   3711.372475   2813.156932   3641.597909   3288.476803   3602.947274   4685.904937   3615.324886   5039.632867   11280.928607   3439.145218   2587.041944   3396.375263   3698.156028   2349.770001   6045.554700   4262.778770   4079.662679   4027.134079   3585.750878   4695.085978   2323.028079   2911.678482   3397.156242   4269.315019   3732.628887   3335.610626   3095.039754   3372.514073   2662.865738   2842.363287   2291.003312   3835.466461   7376.302350   
26.600000   6539.322856   5560.725409   3969.663101   4300.178299   2428.191837   4720.348342   3268.352342   6081.415551   6220.349972   8387.568411   2872.756139   2527.701867   2402.625503   3775.652162   2832.951701   4471.246218   7617.825228   4962.961954   4305.120048   4313.563911   3928.425347   2919.707133   5154.433806   4743.781039   2990.504705   3319.428175   4028.988397   4366.072290   4020.117651   3061.020328   3200.607201   1655.916745   3905.682305   9370.121614   
26.700000   4775.227853   4977.779896   2845.622127   3559.946046   2789.670795   4307.636839   3813.846065   4202.998697   6069.420727   8907.198853   2985.137862   2982.524210   2647.707418   4168.427413   2291.042257   3811.913762   5189.058141   3662.082334   5001.770140   4241.108548   3433.487120   3253.035199   3902.290581   4726.571362   3467.166405   3719.428526   4641.037440   3988.519844   4601.492297   2906.665286   2805.806279   2520.600852   4024.152121   6246.228871   
26.800000   7020.945591   4623.013548   4823.488619   3995.412488   4320.175845   5175.645921   4022.312406   4459.954467   3878.104055   8728.998802   2337.162461   3188.418655   4699.701000   3715.970207   2933.796960   5148.755594   5956.356867   4568.019896   6501.092246   5162.813150   3312.201211   2521.527738   4427.124227   7054.471697   4882.395877   4230.668404   4993.985426   4282.120851   5840.648773   5090.241963   4823.165218   2496.893882   4244.394995   8973.124140   
26.900000   4781.687351   5185.373170   3245.004812   4051.362975   3572.103346   4852.832849   4668.029966   4800.793970   4275.923395   9451.139763   2206.868514   3780.712123   3738.094695   4632.347446   3078.362545   4393.302944   5348.106879   4520.376629   4276.840779   5407.305616   4925.764518   3274.776958   4733.738122   5848.428713   4898.997060   4210.180710   5547.996351   4244.166931   4899.878764   3648.187416   3770.035624   3325.281557   4988.341233   6523.037957   
27.000000   6222.685609   5169.231856   3088.450143   2568.173253   2426.111233   3614.484809   3224.015121   3496.987218   4625.259387   11946.523111   3209.275424   2725.028503   2322.446600   3557.224319   2997.754005   4733.907428   6127.997542   3195.699699   3471.183494   3652.673164   3857.109308   2858.626596   3266.074300   4399.398575   3305.566447   3120.144643   4210.413918   2733.393150   3664.086855   2537.552698   2655.027716   2765.370403   3585.493815   8248.305889   
27.100000   5152.988898   4690.533416   3673.155686   3777.822637   3029.608673   4157.384226   3531.349287   4836.983581   4251.597360   7315.427743   3007.993648   2562.021150   2754.349212   3885.350302   2995.182707   5274.689157   5018.153851   3833.751347   3339.610791   4686.034124   2920.197032   3146.881213   4469.680483   4032.466361   3059.725940   3349.274782   3538.938619   3790.196911   3717.019519   4035.455118   3269.568558   3230.050062   4042.538078   9005.500700   
27.200000   4424.427132   4097.662328   3791.420085   3315.529465   3815.132249   4719.360541   4247.341735   4575.956739   4657.072470   8378.528914   2971.588907   2887.389415   3828.405728   3087.016597   2679.009517   3522.187878   6501.543005   3503.678072   5949.248986   4714.514614   3396.687873   3064.989954   4655.081767   4705.989501   4070.912544   4542.608217   2795.762894   3707.934464   3684.994950   4773.535629   3788.922504   3350.886826   4262.359765   8111.007882   
27.300000   5887.430497   4930.601445   4028.184944   3499.590270   3419.940270   4319.505669   3863.958979   4420.336680   6086.989218   11912.800469   3534.837016   3044.897358   3229.528169   4087.914524   2320.697528   4204.462252   7091.947397   4487.600506   4841.370451   4666.387393   3648.019473   2630.431377   4492.730955   4944.396696   4952.588643   4785.682703   3872.295779   3449.772582   4257.821499   4295.597076   4833.285503   3257.051426   4274.167916   9127.829405   
27.400000   6950.078778   5491.384369   3496.489146   3125.877486   3876.052828   4284.705311   4177.604137   4393.024056   6225.805084   9951.755385   3924.463181   2881.933520   3083.163299   3215.080784   2883.955952   3776.243009   6870.672723   3319.431256   5085.284135   4742.059243   3190.580923   1947.667882   4271.364593   5287.971959   4519.017554   2618.702926   4345.414855   2913.180831   4187.843819   4298.434508   3608.750410   2847.049076   4083.229505   7438.168534   
27.500000   5471.329377   5218.427127   2930.497746   3509.322957   3360.936847   4624.635568   3897.862807   5411.526495   5192.910025   11029.402801   3120.465538   4165.355174   2677.627071   4283.735572   3315.388901   4106.443880   5937.968015   3320.167807   4625.391098   4775.988064   3412.388744   3103.603435   5038.236096   5129.673508   4604.688003   3346.570596   4929.932862   3727.628202   4042.708858   4167.703209   3041.097665   2820.969268   4632.444365   7167.931258   
27.600000   5771.663325   4448.564658   3735.021740   3312.911867   3482.324632   3447.426662   2828.587472   3112.055976   6261.153017   7469.046834   2055.579669   2133.086260   3217.984292   2981.258134   2704.742154   3773.278231   6063.088852   3597.963899   5029.076141   2733.090022   3220.930969   1954.989164   3092.929588   3391.682564   2948.837588   4136.652989   3754.710751   3190.586592   3794.299228   4352.564314   3358.785634   2260.821772   2672.825240   8610.760983   
27.700000   3975.152630   5203.762177   2634.309076   4957.772006   3104.051905   4098.104282   3270.999513   3609.260180   3910.829423   8807.925754   2444.041376   3353.734233   2901.933441   4580.187082   3472.170549   4449.875992   5037.850522   4086.188397   4055.196452   3791.469599   2600.186527   3193.260894   3522.205846   3886.783238   3680.901809   3331.371213   4927.613623   4273.525109   3628.594375   3166.145766   2925.466851   1973.282848   3316.682839   6816.824390   
27.800000   5416.763015   5066.266510   2952.487373   3734.046985   3976.113746   4597.605531   3522.251039   4542.749993   4484.602009   6348.731249   2585.959939   2896.092802   2843.131876   2762.417974   2877.384026   5165.181958   5972.196537   4003.523093   4316.925345   4424.341681   2800.755389   2300.649189   4494.573583   5313.183857   4494.138754   3005.088161   2739.144002   3960.028862   4554.441237   4389.385043   2656.622441   2474.344284   3611.167569   7723.234625   
27.900000   5540.918734   3254.196179   2793.853707   2868.915803   3171.239443   3193.282235   3041.132653   3864.489312   5702.455695   7103.488313   2739.130432   2491.116867   2827.662333   2601.563780   2546.667964   4780.374999   4757.464294   3695.792950   4226.398376   3836.300388   3787.831291   2831.530559   4315.126521   3786.066493   3142.672340   2954.111258   2304.045815   2699.764245   3030.777926   3088.982722   2580.330098   2170.542007   3282.471493   6019.520568   
28.000000   6174.368505   4513.634512   3434.738005   3469.076685   2814.110395   3463.869863   3353.657451   3508.360053   5320.747332   8102.887205   3304.487558   2938.889491   3251.579772   2974.738708   2451.911102   3799.189078   5134.435799   3718.855483   2785.532033   3830.828167   3856.208626   1993.071927   3315.189670   3312.914679   3537.486651   4132.419327   3546.108262   3042.157258   3219.094634   3372.486660   3030.416115   2910.406790   3767.290488   8976.833881   
28.100000   5609.917438   5663.575474   3591.817459   3465.866882   3174.699754   3832.129017   3362.000239   4082.275396   6004.768128   6778.275163   3036.011013   2222.141549   2899.601222   2844.775868   3174.716347   4192.277505   6473.152368   3236.767178   4089.397902   3635.838404   3501.765954   2456.303006   3755.055703   3668.405754   3235.887726   3818.401023   2998.884250   3271.840377   3176.748159   3808.932623   3820.591520   3216.560895   3353.970288   8770.980007   
28.200000   5497.209576   3957.167462   2471.095199   4192.212365   2856.440133   3886.870188   3417.775016   3416.959085   3922.873524   9062.459286   2944.421669   1679.854546   3237.990546   3675.508510   2287.393112   3908.960999   5684.412520   3951.288828   4234.840432   3435.887113   3392.158796   2632.963565   3494.679776   4393.792066   3162.443529   3303.492238   3637.847784   3837.089280   3911.929614   2759.262157   3329.502985   2396.165100   2994.406222   6242.794433   
28.300000   5333.358534   4112.690889   2767.868685   2747.655661   2280.595757   2997.704262   2151.563688   2357.790528   5212.265618   12058.249992   4007.008247   2715.827461   3102.414528   2992.544262   2573.409121   3268.887261   5531.391679   2772.815982   2731.020626   2847.258267   2771.896466   2754.362873   2772.155978   3203.180783   3360.553344   3100.444569   3065.955612   2780.355781   2867.743634   3058.404127   3180.628687   2730.178906   3219.714824   7545.789946   
28.400000   5299.182205   5331.831125   2756.995854   3693.214442   2651.205423   2994.902385   2389.291419   2746.699951   4192.838758   5827.350375   2903.283365   1882.816251   2254.966625   3164.072016   2461.346859   2500.863088   5900.120766   4625.811824   3027.055347   2616.104970   3015.020231   2537.855587   3008.671226   2950.672769   3466.029615   3676.639267   3253.146676   3025.956204   3617.869126   3001.891650   2562.597231   2302.125532   2392.940357   7893.540183   
28.500000   5356.482224   3680.604392   2663.432898   3017.294162   2746.513718   4146.568054   2995.275519   4055.096700   4147.785498   7865.089108   3394.775314   2166.470687   3415.828196   3136.303171   2671.070688   2769.058222   5060.836902   3308.432855   4103.742324   3870.292053   3611.218510   3181.167204   4103.093394   4326.969288   2628.888385   3368.740667   3875.301308   3177.290500   3558.408497   2790.104215   3324.299178   2397.220138   3750.540359   6602.666708   
28.600000   5471.969083   3261.133070   3200.619537   3529.564097   3686.905043   3961.931152   3489.823247   2954.129806   4306.629226   7768.697513   2901.251378   1718.353361   3850.699826   2831.437919   2511.826276   3409.862547   5668.968294   4468.205779   4830.884184   3237.229427   3427.056271   2340.570110   3063.367004   4037.990146   3868.053356   4722.843548   2769.810989   3848.758146   4296.667103   3177.479011   3098.593562   2184.367898   2618.657606   6569.313469   
28.700000   4817.323264   4119.376806   3026.571216   3834.063748   3445.485004   3906.980534   3527.663088   4296.451767   4040.287372   7940.888277   1828.037841   3093.416759   3316.461036   3391.007247   3988.702867   3863.355064   4330.154169   4098.847052   3903.837306   4496.125262   3552.835670   2346.469753   4481.928803   4454.227766   4332.996657   3404.159673   4124.492019   3751.413042   3939.459673   3219.179457   2639.992925   2255.598117   4208.606670   6917.781804   
28.800000   5215.526184   4925.416078   3087.179895   2167.438151   3004.878459   2495.268050   2875.526454   3616.220107   4522.975513   5822.870582   3168.619991   3202.168773   2435.014423   2717.634016   2917.123121   2951.088073   5649.352209   2419.195794   3841.108775   2964.175873   2861.372334   2363.196120   3102.386405   2970.304384   3287.009608   2882.313094   3214.854901   2287.714666   2424.718866   3769.917039   3185.182292   2893.801738   2602.119242   6359.046414   
28.900000   5033.425499   3998.371380   2910.311482   2399.906137   2729.098984   2524.589731   2734.283903   3514.445077   3766.765285   6716.953201   2808.005477   2171.576349   2361.915012   3153.583097   2682.605948   3623.156717   5142.612066   2814.168561   3544.708925   2943.856657   2974.609884   2343.709970   2982.594902   3112.542589   2970.295732   2874.216398   3379.006876   2045.564379   2549.971842   3322.267665   2783.669757   2021.868545   2965.447479   6625.921465   
29.000000   6589.989946   4436.167393   3727.056971   2730.249981   3332.283776   2655.181496   3992.830842   3079.483153   4678.953063   8348.745282   2647.016317   2705.040263   3269.077265   2686.809267   4007.295786   3345.975993   6835.944413   3251.351914   3507.735703   2962.783374   3423.764856   2701.461116   2718.772209   2937.783894   3744.786121   2380.082623   2723.228787   2789.042214   2892.082270   3047.952668   2623.446957   1779.601368   3143.223509   6929.934567   
29.100000   5949.786756   3665.175659   3642.454923   2139.582586   3553.732372   2857.248367   3066.347460   3033.968172   4404.310111   6808.499493   3265.559332   2382.634225   4076.709668   2856.961075   3287.942798   3408.228213   5471.726086   2907.398462   4466.721061   2863.777213   3522.530544   2247.018055   2664.125713   3485.107041   3118.121248   4165.021392   2370.319546   2560.600024   3087.771421   3448.818277   3771.273775   2329.815505   2409.591475   8906.516779   
29.200000   6183.014470   3514.268026   3426.552576   2257.910446   2749.154112   2432.763827   2497.440160   3651.650852   4194.156732   6590.948453   2987.763418   2539.671881   3482.279711   2758.727740   2389.921178   3759.991104   6144.226845   3002.021135   3026.957246   3208.191129   2233.023135   3319.737088   3243.667649   3305.054771   2349.831167   3351.342192   2922.578104   2268.600186   3069.984822   2840.259684   3123.537725   2224.955065   2877.195648   5667.485052   
29.300000   5769.010379   4247.069713   3837.004740   2063.422214   3087.669704   3017.991090   2673.477784   3127.868884   4454.465239   8721.964271   2507.970478   2898.938226   2692.454713   2293.110430   2933.312939   2331.307614   5952.648112   2909.965517   3916.454657   2967.102605   2792.163239   2565.473769   3352.760388   3424.479895   2888.704675   2728.224201   2608.496842   2295.170877   3193.249822   3114.510226   2642.879657   1848.545639   2497.375966   5386.850485   
29.400000   3882.636779   3057.127727   2922.633949   2846.471598   2794.398290   2355.139645   1811.305253   2374.981031   5314.163045   6353.989638   2229.879381   2148.574394   2148.129515   2183.384913   2301.431969   2210.480022   4222.417821   3553.979803   3010.817492   2217.402749   3463.558006   1732.247633   2141.852596   2751.067421   2888.081803   2958.422860   1985.844956   2449.342310   3612.396860   3603.376833   2995.141373   2519.156851   2440.598369   7319.541749   
29.500000   5231.637630   3303.703148   2753.436362   3682.177036   2197.210908   3639.372394   1955.205734   3168.588363   3435.556816   6436.844280   2382.075159   2619.236980   3262.449426   2239.629103   1709.738344   2574.814268   5344.911720   3990.670431   3122.745686   3368.761040   2578.998740   2283.641251   3654.734829   3912.594692   2309.859787   2771.762572   2329.604721   3312.201348   3815.186722   2960.382531   2992.151520   2154.095940   2826.166601   6657.998764   
29.600000   4171.261954   2702.690376   2760.322900   1748.483783   3147.869393   2742.305388   2699.676577   2873.290498   3561.479655   4881.005899   2207.340545   3126.780354   2150.760287   2928.780328   2650.528388   3276.093578   4933.148884   2554.600135   3903.119390   3590.411884   2965.605468   2803.254878   2975.303988   4226.398778   3520.238694   3361.322554   2465.492616   1727.985061   3315.359830   3939.876999   2527.197642   2507.445996   3223.107288   7264.058750   
29.700000   4793.912270   2551.001575   2643.162713   2259.118999   2496.478627   2255.178134   2945.722562   3191.274803   5442.059008   6165.668027   2044.216319   2409.992987   2640.120152   3202.056442   2094.641287   3043.314556   4297.259784   2340.316711   2984.225361   3078.991850   3891.698807   2357.472068   2830.067189   3243.008713   3409.431727   3150.938021   3110.226640   2038.588924   2411.531869   2971.845991   2512.135841   2128.325930   2931.882126   8275.660279   
29.800000   5151.273287   4047.538877   3498.928618   2259.065788   3731.209451   3074.687982   3322.323213   3540.595645   4121.144027   6849.299713   2672.409505   2120.651993   3337.868684   3674.542879   2493.117080   3798.190049   4860.438198   3397.701422   3991.264659   3635.049818   3190.059680   2592.065372   3604.637704   4246.213816   3819.794657   4617.401732   3862.235082   2387.899740   3254.159924   3826.454400   3497.015738   1863.017394   3019.236692   5790.091523   
29.900000   5069.685246   3411.563500   2954.018537   3691.710891   3683.779917   4183.588298   3663.639185   4696.600861   4188.351799   7528.775729   2870.015193   3086.443077   3160.354496   4352.003628   2504.535297   3937.915638   4759.926326   3700.771809   4246.644070   4317.906816   3493.195305   3326.659808   4376.974374   4260.542000   5079.917046   3919.144219   3695.847784   3757.878207   4155.662296   4028.424439   3100.359496   3111.096842   3940.141147   6662.560654   
30.000000   4932.343777   4632.772565   3177.562892   3563.470585   3468.738080   3491.944409   3158.001214   3323.216857   3139.426745   8211.777325   2637.616830   3098.172157   3459.771821   3665.201764   2923.267358   3679.142906   5764.220002   4295.677635   3922.185633   3252.809587   2813.362743   2179.895151   3640.318889   3740.269870   3215.608419   3762.595766   3699.357564   3285.986303   4031.756466   3093.647840   2533.969402   2551.293989   4798.266994   6874.028469   
30.100000   4257.661063   4224.329398   2995.663560   3551.105328   2481.290426   2989.131813   2743.480625   3400.157018   4395.251315   10126.897896   2869.297152   2449.141169   3420.399926   3892.457945   2509.280321   4313.039798   5137.730631   3369.618716   2939.023034   3646.755348   2918.011489   2193.539766   3539.859632   3689.559669   2802.730175   4050.973326   3984.734927   2839.008464   2908.272707   2997.618442   2875.441749   2678.885507   3134.395916   5944.585106   
30.200000   5549.890358   3874.945486   3664.769689   2899.998424   3264.822069   2794.461614   2707.906505   3099.684592   4471.888408   7711.185201   2528.869123   1911.777858   2905.362581   2914.516457   2947.797652   2596.344010   5832.224863   2739.525531   3772.509058   2754.771672   3133.905444   1924.892076   2996.751885   2772.106974   3315.629004   3245.859313   3469.750669   2628.836131   2547.162019   3768.900753   3319.661761   2430.024212   2528.461677   6501.231160   
30.300000   5085.116527   4055.731691   3149.290244   2759.847466   2907.913954   2535.234121   3081.196908   2720.636267   4918.148296   5300.306730   3025.696659   2306.738285   2514.844521   3511.855269   3063.212912   3862.384845   4865.199521   2479.624183   3011.988684   2634.131536   3679.449906   2078.159382   2664.507486   2529.567044   3397.119219   3096.108155   3815.597332   2832.095974   2522.820097   2968.332265   2845.223634   1512.718486   2988.212923   8545.572340   
30.400000   3981.485912   3671.820435   2745.049997   2482.210900   2456.763844   2592.653219   2366.517047   3250.137599   4902.924021   5387.916828   3006.860400   2226.197836   2046.313115   3020.141944   2228.213982   3780.310591   3640.004985   2698.221740   3165.258136   2590.530472   2980.298952   2030.468087   2510.676442   2520.217448   2742.570312   2033.760588   3169.982313   2210.365715   2305.470479   2180.193932   1758.415470   1870.218993   2882.893944   7093.500655   
30.500000   4107.696434   2622.052297   2654.364352   2668.081981   3379.629587   3224.050548   3275.715251   3454.045102   4345.803846   4793.935949   2721.733790   1579.643055   2221.919960   2259.485638   2810.512290   3530.519640   3486.236082   2782.752490   3906.184753   2969.059452   3095.883985   2700.059270   3417.419533   3236.662921   3230.612165   2236.185971   2248.115726   2786.309378   2729.958620   2761.332678   2069.034734   1356.815158   2604.616057   5665.784262   
30.600000   4653.636215   3223.062234   3002.142927   2751.202351   2621.220778   3287.984977   3420.820621   3668.634284   5124.934453   5576.885138   2006.703660   1869.271310   3103.400934   3959.146904   3268.093085   2164.738069   3552.932429   2636.999923   3166.325340   3644.132430   3270.208126   2915.795176   3661.139736   3837.744901   3383.154099   2642.056429   4100.202471   2692.543325   2912.501140   2748.282686   2621.005094   2042.473395   3182.619163   7952.233003   
30.700000   4032.601253   4461.556628   2566.404115   3435.303450   2184.805913   2975.563707   2601.461926   2819.798231   3735.697877   4983.322288   2829.044354   2282.294628   2504.591351   2227.451342   2666.617547   2680.487967   4349.346490   3737.494675   2691.409286   2386.838199   2779.584069   2833.907453   2862.739010   2752.324095   2938.273975   1993.225310   3151.418654   2950.045248   3293.500950   3304.496107   2923.430631   2395.869638   2177.086884   7115.445395   
30.800000   4674.385319   5181.834399   2730.209774   3851.235641   2793.168653   2842.637523   3130.446336   2924.889399   4253.542527   4237.873185   2416.692106   1920.320166   2404.463901   3726.298024   2541.513310   2585.806508   4952.898835   4063.100374   3370.327788   3442.422907   2547.232390   2027.430698   2980.710093   3821.036394   4513.225499   2345.618912   4098.631363   3138.456578   3974.566777   3620.468875   3249.356993   2547.005638   3224.256565   6050.890403   
30.900000   4671.245473   4036.309154   2821.531176   2578.152699   2328.360194   2641.749694   2651.910283   3185.981866   4156.650111   6342.263468   3457.768271   1853.913419   2042.641743   3488.924677   2256.830707   2858.922749   4646.083498   2997.291878   2752.006468   3200.745691   2525.949180   2830.086250   3058.183146   2962.719336   3406.671887   2204.812031   3830.612590   2241.068797   2670.794747   3188.320454   2585.773861   1985.855789   2882.256464   6587.698094   
31.000000   6472.157662   3926.685695   3158.714702   3052.752343   2652.658340   3005.014197   2887.166591   2953.925162   5164.429991   5937.993571   3531.315254   2078.550261   3371.879240   3029.543311   2323.644975   3284.398045   6730.890318   2969.851588   3195.023587   2643.526048   3285.617290   2968.490817   3212.967407   2755.301446   3407.317683   3162.555204   3213.050299   2736.067557   2872.156100   2889.398907   3504.296787   2195.476119   2222.275782   7491.743755   
31.100000   5059.788924   3696.276070   2502.201247   3122.655418   2059.065128   3628.799491   2141.740456   2922.084272   3709.693162   5145.144134   3311.776508   1826.028492   2645.391973   2914.093524   2209.285472   3092.538665   5321.386488   3246.914723   3141.773529   2925.920616   2641.400592   2345.070411   3179.326171   3751.525241   2575.683597   3066.870429   2950.318073   3326.860494   3774.522185   2198.631622   2874.161860   2405.583837   2617.276136   6736.560625   
31.200000   3756.482072   4174.255005   2476.170901   3322.163162   1947.420898   3002.590282   1893.144167   2966.844295   3130.388173   5207.106567   1987.912801   2543.611789   2808.213507   4177.756196   2215.947603   2760.379136   3611.982565   3644.094288   2427.803516   3172.822334   2264.082346   2745.838405   2910.128830   2862.940555   2819.649227   2827.638642   4088.048391   3185.405095   3267.850792   2604.314541   3109.626820   2489.299799   3388.445603   6204.239025   
31.300000   3582.750296   4161.143272   2213.095788   2720.353580   2212.314135   2379.619981   2283.549008   2843.611270   3801.028634   4362.675149   2569.539362   2673.990112   3152.843953   3610.446491   2745.216074   1912.982813   3610.702473   2447.423789   2426.616104   2463.620935   2561.068790   3362.505078   2525.374444   2278.756835   2322.355389   2553.461333   4042.465555   2389.930781   2011.789867   2204.561383   2509.570102   1446.158786   2343.943329   6078.763312   
31.400000   4035.366312   3335.913216   2174.776360   2145.680277   2013.512941   2229.857317   1866.050773   2890.955134   3591.322132   5827.035198   2915.005886   1952.978666   2135.440513   2849.598384   2144.765788   2483.977923   3825.335099   2713.376610   1856.727093   2139.744112   2958.076177   1880.074992   2512.468153   2340.421391   2056.758656   3458.860316   3072.178952   2052.294176   2336.913182   1869.958730   2634.499983   2116.957893   2467.396926   6523.591711   
31.500000   3896.750729   3401.747469   2902.244541   3070.428412   3038.323340   3165.895823   2676.271940   3153.657587   2769.179719   4667.487063   1575.183680   2249.965254   3308.639487   3204.017989   2098.801941   2764.896374   3832.127897   3205.670487   2946.786116   2967.731827   2432.908537   2042.882022   2903.565795   3176.374780   2875.272013   2795.635266   3063.738857   2873.562884   3180.285057   3171.151728   2625.332814   1829.311808   3062.297630   5672.437652   
31.600000   3768.754244   3755.180017   2862.080722   3180.552231   2091.959449   2700.723337   2011.218809   2589.426900   3748.486849   5844.604851   1986.683552   3014.987064   2459.244529   2127.292648   2110.380194   2284.170573   4845.126920   3607.844578   2397.754522   2957.162984   2462.796534   2460.653127   2601.663363   3068.732084   2453.962521   2303.210872   3023.556627   2868.815947   3277.698280   2462.027607   2107.577010   2315.681930   2937.502950   5536.396949   
31.700000   4576.251656   4062.546041   2779.729203   2358.913932   2897.235298   2604.132571   2771.555169   3202.730990   3545.637545   5331.508841   2364.495316   2328.980571   3239.990617   1845.726603   2336.801112   2888.010362   4670.629041   2691.702805   3117.062992   2971.003561   2594.749228   2029.087598   2885.435558   3255.076817   2905.497648   2442.167612   2335.818338   2196.079058   2405.964577   2645.605094   2665.743980   1408.523308   2725.488913   6135.537088   
31.800000   3776.078527   4069.878760   1880.621182   3116.566682   2220.993824   2750.207248   2032.478821   2388.626939   4471.629448   5735.362330   2848.346104   2156.097703   2797.572597   2125.886697   2040.160391   3169.921326   4147.888248   3408.034069   2189.094472   2321.242576   2551.488922   2691.654040   2472.173580   2472.802415   2007.735964   2657.293344   2320.487860   2897.545345   3026.751529   2138.538609   2715.343669   1887.911476   2374.840313   5993.003931   
31.900000   3766.804776   3014.205749   2222.458132   2169.255819   2655.801521   1757.955098   2810.482582   2488.717352   4813.098487   5244.471506   1908.743619   2409.962286   1968.441769   1742.486672   2144.096661   2894.589281   3986.458224   2829.481169   2557.152178   2458.208346   3544.702253   1675.744020   2172.288363   2274.465565   2423.578518   2300.576316   2238.503191   1874.755908   2516.004128   1881.243274   1830.948040   1816.913017   2546.594659   5282.131237   
32.000000   3901.789778   2999.610928   2460.399586   2325.529154   2220.732877   2481.412099   2158.187966   2771.238860   3898.483778   6341.200478   1903.950874   2453.704822   1927.799875   2366.432679   2015.388857   2817.190082   3711.884826   2739.333094   2913.400697   2547.346506   2648.980022   2271.425561   2323.503232   2665.528890   2590.673659   1827.970595   2289.011769   2100.523319   2489.546981   2163.612359   2129.011584   1474.007578   2520.338166   5654.539493   
32.100000   5903.635117   2908.392160   3004.605139   2815.618718   2447.020457   2843.139210   2702.154376   3147.364212   3450.166623   4790.640813   2502.422899   2152.658064   2838.802284   1741.160794   1762.687316   3022.256755   5609.731666   3158.361379   3081.835145   3126.642614   2256.894920   1597.226084   2911.801775   3277.617965   3662.086422   2989.019868   1891.152398   2866.046112   3265.872827   2787.711017   3150.646880   1739.825222   2793.135942   5732.218934   
32.200000   4433.704887   3317.238038   1896.810851   1802.915239   2185.238424   2199.399116   2783.638099   2628.693696   2286.947842   5230.387689   2390.524737   1907.229069   2075.909540   2043.192536   2002.202951   2515.056300   4391.300375   1645.859974   2428.308931   2641.163454   2607.691919   2195.637463   2255.053679   2961.740041   2468.707459   2894.158116   2402.635427   1917.534401   1720.689004   1839.505023   2805.991926   1569.814827   2623.038154   5373.155589   
32.300000   3413.283809   4220.045140   2193.816972   2460.767364   2246.975223   2881.109287   2431.811844   2646.415816   3508.268403   4509.755424   1694.204545   1644.429721   1885.123957   2645.317493   2108.022762   1822.636386   4368.419097   2830.965686   3080.886215   2473.737073   2555.285936   2030.046375   2777.202921   3126.671929   2324.577282   2115.033429   2736.694531   2381.640989   2783.806779   2131.248460   2200.531103   1572.154002   2134.984688   6117.990468   
32.400000   4179.368339   3834.337145   2334.855639   2776.922057   2375.433989   1833.168057   2750.586567   2285.912415   3134.988873   5112.838949   2398.486633   1677.953934   2167.400562   3134.537835   1998.220330   2433.767549   3625.132417   3232.719656   2234.782929   2295.194903   2360.691703   1764.985886   2186.343468   2261.832377   3202.162172   2520.337698   3286.339792   2121.351965   2474.036816   2347.566055   2276.473059   1694.409360   2302.199653   5592.978757   
32.500000   3801.371156   2982.752972   2290.754497   1967.857796   2234.870110   2041.176661   2357.341200   2751.155812   3581.912682   4409.246920   2354.633908   2151.148355   2770.319489   2356.691896   2205.647670   1567.300042   4027.291107   2007.116182   2279.523782   2676.625047   2247.506606   1667.222166   2465.978983   2508.357517   2888.425221   2812.341045   2758.659353   1449.947060   1793.171836   2120.721173   2961.072833   1381.007490   2429.967589   5455.211427   
32.600000   3483.552693   2875.166713   2157.443742   2178.913162   1869.137405   2283.347100   2093.036175   2615.251077   2541.173062   6476.347108   1420.445380   2041.074124   2530.995653   1829.076695   1623.257265   2626.800362   3598.813209   2220.745804   2094.309299   2707.835023   2097.380597   1752.366665   2628.731068   2553.760524   2067.300410   3040.864259   2175.407469   1866.898463   2013.593958   1872.764195   2111.438630   1603.374683   2598.629922   5847.274061   
32.700000   3962.829591   2962.092005   2783.276728   2418.142251   2263.575294   2557.568822   2190.801704   2246.582534   2788.716660   4104.727845   1804.600810   2034.958879   3742.896604   1569.997828   1662.504349   3205.125988   3884.284800   2745.567919   2550.112466   2208.206905   2354.685507   1445.598786   2646.221047   2267.234054   2000.643981   3831.670772   1767.962768   2408.003328   2523.225214   2234.201196   2398.326406   1155.734530   2008.647886   6054.976879   
32.800000   4666.613123   2970.563135   2320.330345   2142.917202   2055.361354   2190.842120   2146.030244   2121.711778   2845.495330   4293.089177   2507.203658   1951.296455   3335.624432   1680.770616   1876.941110   2920.487339   4786.202282   2561.263708   1950.672074   2432.472138   2332.500196   2048.283070   2424.135114   2678.467813   2163.942298   3159.834326   1812.338189   1790.807235   2344.720622   2091.074606   2553.490804   1684.109484   2119.062382   6477.167717   
32.900000   4537.296824   2874.326125   2071.496901   1549.252317   1529.423303   1577.399495   1681.027096   1943.416926   2849.028761   5997.181400   2166.451916   1446.890642   1984.034897   1380.780501   1439.584875   2967.809991   3470.447919   1928.260569   1648.242211   2437.481018   2109.958389   1322.212077   2137.416931   2376.748697   2060.525291   3264.457361   1200.140286   1397.804545   1967.292127   1712.344863   2373.330854   1979.276292   2384.424027   5973.261146   
33.000000   3168.591423   2286.557264   2077.188716   1810.259755   1840.442130   2073.042749   2164.639958   2512.500689   2489.703849   5013.921207   2044.121537   1749.587614   2393.614097   1830.262038   1661.742842   2730.921225   2777.135175   2113.328984   2120.377133   2844.087782   2434.484037   1576.130190   2451.551303   2831.739055   2282.025025   2531.968148   1605.276262   1541.477523   2074.005436   1986.573107   1918.471310   1270.161925   2726.990464   4929.501575   
33.100000   4646.345021   3242.361299   2464.690955   2136.828462   2070.747891   1907.748924   1868.179012   1876.418862   2953.706818   5207.961749   2484.764132   1473.938322   3267.623645   1896.396006   1861.497027   2507.542166   4926.200595   2221.484313   2410.390584   1778.416132   2423.194453   1751.154354   1869.429187   1883.210458   1882.082526   2613.390042   2169.588916   1704.045233   1800.131824   2050.177097   2819.872291   1488.407979   1734.277787   5161.923887   
33.200000   3338.782096   3344.812750   1819.169505   1783.153202   1809.849774   1774.072589   1951.091009   1481.743459   3253.505437   3928.147938   2060.884182   1833.705133   2098.965206   2310.844317   2283.907844   1765.781798   3632.771513   1572.201397   2212.101292   1502.914972   2158.173199   2246.829281   1743.826252   1639.679131   1778.506479   2585.111699   2214.199545   1589.496602   1686.812209   1878.985955   1784.831447   1181.680931   1468.226149   6253.341520   
33.300000   2801.994543   3043.690416   1828.342087   2084.755423   1667.052092   2199.757351   2227.760691   1800.974388   3068.332665   3720.812770   1369.355338   1676.981785   2636.241839   1747.912638   1984.729764   1828.266942   2506.863252   2633.459807   2024.100013   1469.494845   2184.554112   2303.156600   1770.066391   1785.198804   1547.767171   2897.503757   2330.585565   2099.306397   2457.505043   1577.200775   2204.578515   1852.885874   1741.870255   5179.671897   
33.400000   3231.895254   2467.551596   1474.575456   1887.023875   1755.761585   2044.034478   1906.228334   1925.766559   2325.169230   4397.794819   1927.327481   1960.740082   3004.979450   1850.582977   1595.167000   1822.433278   2923.800742   1816.010070   2177.326379   1945.819512   1896.550847   1596.641315   1982.019439   2034.206039   1649.143821   3748.162464   2028.225941   1903.772017   2107.017670   1571.567696   2608.713296   1329.718261   2012.809964   4595.056068   
33.500000   2855.302732   2706.553300   1846.497474   2048.152392   1979.738459   2301.208337   2241.895457   2231.352789   3285.268111   5374.180577   1662.860535   1674.758966   2341.273061   1976.630229   1294.539188   2676.933259   2764.126375   2553.470633   2258.554023   2390.177344   2378.037458   2448.526110   2437.798345   2715.849635   2368.523821   2746.030925   2376.650799   1965.420534   2479.067027   1924.006043   1845.739237   1583.851449   2273.505015   5200.774359   
33.600000   3255.478222   2884.115477   2116.896284   2518.795561   2298.972925   3080.679128   2254.760063   2467.447876   2809.871080   5015.440475   2142.593672   1506.321653   1842.508956   2292.531865   1660.735207   2412.824003   3727.481954   2751.875536   2965.800003   2699.420614   2440.804160   3151.908788   2556.742813   3199.596009   2759.309878   3057.687262   2313.795390   2582.623718   2818.070749   2481.579881   2635.579132   2098.194830   2537.378872   5307.785751   
33.700000   3119.825101   3293.915093   1915.429397   2507.840385   1683.054312   2649.977434   1589.640303   2088.437526   3129.610432   4881.949820   2492.629924   1875.612784   1593.427477   1864.366287   1237.380825   2716.333524   3913.165167   2655.174365   2082.922425   2190.757958   2322.064120   1771.122344   2113.289634   2425.640227   2083.645464   2773.337904   2522.327064   2296.117531   2514.161103   2612.173316   2259.391111   2342.043800   2180.167631   4419.847202   
33.800000   2763.481175   2241.644080   1770.487096   2198.667801   1419.304777   1696.994027   1604.270859   1667.125501   2577.272267   5076.200122   1781.956039   2214.103282   2432.038330   1871.732326   1484.513673   2502.167992   3233.892371   1826.168525   1704.275796   1652.197733   2496.495865   1829.065650   1576.595410   1604.550264   1733.363464   2737.679236   1657.428584   1755.691334   1587.883887   1695.703225   2082.899426   1259.493403   2057.413795   5718.361607   
33.900000   2268.822510   2265.626131   1542.020969   1627.297376   1699.081515   1502.392212   1529.681674   1686.993781   2911.779516   4936.137263   2006.986981   1872.627393   2127.250768   1458.921506   1673.592750   2568.824281   2188.775398   1449.232318   1872.243633   1377.780650   2103.701137   1807.984511   1569.070783   1413.979558   1647.341825   2823.555223   1816.614769   1301.300847   1394.547791   2079.952444   1679.371589   1590.390115   1491.210042   4553.448784   
34.000000   3245.472489   2953.076468   1729.475925   1676.205711   1136.663682   1626.941455   1448.289854   2170.682896   2168.669440   3765.477041   2120.057522   1988.656966   1848.154063   1698.115679   1506.760268   2343.657555   4103.958562   1539.701845   1288.357561   2070.159480   1982.027225   1567.810261   2078.409658   1714.507378   1550.425769   1779.905080   2011.657809   1340.117298   1566.479358   1533.412732   1430.991793   1560.985974   2060.828243   3612.464656   
34.100000   2479.953552   2423.825767   1649.357557   1922.575917   1779.671745   1957.822776   1761.614472   2084.729092   2431.391479   4133.129889   1840.417625   1705.244877   2683.178658   1395.854337   1435.367006   2130.509087   3664.017777   1990.577426   2371.953145   2276.803891   2207.987636   1707.883547   2196.660930   2645.504158   2353.942811   2893.608857   1530.956615   1805.029221   2137.594315   2359.536102   1766.968544   1584.970791   2040.236082   4334.116378   
34.200000   2865.401940   3248.575101   1145.232119   2040.575625   1439.412498   2212.193091   1419.291784   1978.560525   2659.623010   4407.143678   2517.101051   1887.620116   1780.245106   1664.698739   1128.423416   2482.688593   4242.791026   2071.990486   2233.265636   2201.313193   2173.806439   1527.326086   2158.997711   2516.760207   1960.617877   2091.670463   2378.282910   1925.864474   2061.637287   1486.336696   1372.082040   1673.980304   1900.819698   5126.615057   
34.300000   2584.939762   2319.247121   1947.480694   2202.474198   1795.756915   2491.313685   1534.619953   2130.190810   2257.450191   3807.760943   1753.944739   1462.924606   2406.661894   2220.209982   1296.166521   2000.612769   2951.023135   1995.878124   2868.562362   2165.151143   1831.218867   2260.651877   2284.950981   2405.560919   1943.698016   2851.541682   1863.032631   2130.957117   2172.402520   2038.702072   1405.214363   1284.056973   1907.000847   5027.256656   
34.400000   1931.590157   1905.219021   1521.701826   1615.659464   1565.724934   1620.083760   1651.806180   1778.765663   2309.822874   4382.716211   1546.027668   1367.114093   2114.397666   1702.812638   1185.164679   1886.705947   1892.970351   1538.653598   1602.607510   1587.471375   1997.256308   1544.014493   1800.889956   1613.683633   1984.129945   2258.047910   1390.440270   1442.311354   1332.569189   1616.153797   1612.568230   1139.096240   1594.804651   3970.451718   
34.500000   2079.378962   2173.662465   1854.573026   1783.659430   1761.836025   1216.883094   1656.425053   1310.755836   2598.710034   3666.036686   1272.056112   1755.654077   1797.013006   1748.506199   1853.730125   1424.960392   2482.762486   1703.167445   1591.747916   1359.670927   1995.322197   2169.539126   1165.057043   1379.992437   2110.010031   1474.199160   1789.103823   1397.571082   1441.527624   2058.110032   1719.919811   1459.195558   1371.192398   4317.423996   
34.600000   2808.077248   2075.035362   1780.527501   1739.198564   1652.698260   1745.082945   1605.745218   1625.414321   2280.985093   4553.046588   1868.032016   1586.963394   1485.396338   1290.997346   1427.814109   1762.452253   2769.479699   2016.999071   2010.835463   1989.601818   1788.813503   1442.838715   1675.782134   2086.505381   1601.407235   2064.953975   1556.690694   1688.852789   2098.204037   1853.997911   1546.883927   1156.410188   1841.070397   5053.130669   
34.700000   3214.132808   1895.884209   1795.938343   1104.317310   1501.406271   1405.818799   1632.224892   1885.593540   2233.851804   3353.023237   1753.790009   1291.355724   1485.699200   1305.590862   1194.464405   1911.254439   2849.311042   1383.238071   1712.106352   1698.765972   1692.497508   1607.928594   1745.263114   1729.094559   1584.557825   1799.282614   1288.203495   1122.510028   1374.319330   1224.506911   1262.447729   1138.759285   1687.625504   4667.710650   
34.800000   3502.086672   2313.812652   2023.334457   1301.288112   1458.715714   1344.472736   1382.881348   1459.618193   2255.755464   3118.227772   1531.863194   1430.985741   1546.923418   1360.128787   1566.880731   1951.810545   3326.515503   1453.915057   1616.832014   1336.862217   1963.372056   1350.312814   1285.293618   1490.841665   1485.896496   1813.616656   1549.831010   1239.916643   1666.349133   1681.941823   1871.595887   951.951299   1476.039502   4058.034394   
34.900000   3195.892950   2841.739826   1594.471773   1308.265512   1640.896755   1397.211059   1636.309447   1200.749455   2810.262491   4542.982536   1365.294876   1802.322349   2207.663702   1459.504424   1444.442756   1868.937672   2875.151710   1616.418221   1828.041300   1392.173995   2141.285512   1917.208253   1258.730505   1566.946156   1711.079766   2479.562850   1783.955161   1263.191827   1364.400749   1619.222588   2101.686419   1232.861394   1418.537436   4075.122154   
35.000000   3115.209615   2772.084095   1957.110765   1687.193877   1505.569712   1621.948207   1282.267653   1544.925354   2283.335247   4051.736933   1431.477870   1474.307009   2027.670082   1644.545134   1325.921740   1853.595123   3695.660566   2105.902950   1767.441040   1637.591282   1614.535294   1856.287538   1639.972472   1865.647421   1527.521867   1709.551058   1959.536581   1476.176235   1933.185286   1807.445104   1689.735156   896.659514   1363.819261   4186.606237   
35.100000   2486.405900   2385.696649   1468.388423   1595.630633   1395.773366   1397.081093   1398.210145   1644.392042   2882.047527   3150.455435   1581.078427   1512.554907   1761.488569   1398.104884   1241.505817   1734.397068   2799.214240   1641.481955   1444.711778   1703.383293   2154.683808   1403.055820   1717.068190   1666.936190   1715.516733   1983.223173   1724.128915   1311.533545   1768.128125   1638.407729   1360.115675   1311.331987   1687.959130   4186.921874   
35.200000   3335.531981   2028.901168   1803.025856   1117.439403   1834.685466   1622.964549   1633.387082   1403.733033   3132.749085   3264.937473   1776.596423   1664.759777   2020.179757   1361.543560   1620.363082   1947.145585   2933.521909   1367.740366   2075.987260   1470.534723   2120.815704   1432.561742   1512.091771   1676.299879   1872.273370   1830.549693   1406.710071   1447.097694   1589.341976   1828.502351   1672.438909   1011.795227   1424.218820   4027.562390   
35.300000   2956.306702   2210.310679   1708.887808   1514.388833   1491.970468   1261.859067   1572.391669   1399.453788   2693.960850   3142.360083   1594.320595   1198.730694   2111.116199   1814.160101   1378.758673   2348.356557   3276.889169   1662.004838   1348.043115   1369.630334   1965.845160   1298.651849   1207.407807   1372.638265   1680.062709   2087.996316   1659.364192   1420.302975   1322.104351   1607.793596   2127.495398   1331.637702   1466.405848   3971.454593   
35.400000   2987.730117   2799.025589   1983.686935   2141.738370   1636.829496   1774.482256   1579.725661   1532.093954   3096.460949   3102.716135   1427.599260   1360.588881   2122.640156   1559.423124   1659.890027   1710.387850   3602.679648   2236.316043   1800.306957   1309.864023   2020.506301   1883.765373   1549.594377   1430.014153   1532.699929   1921.919483   1824.770619   1943.408279   1942.437881   2077.041289   1890.803018   1286.743990   1215.900050   4138.879463   
35.500000   2471.503822   1777.905363   1372.078586   1336.061532   1471.423021   1462.783450   1447.523263   1749.164745   3203.449078   3513.515150   1243.893455   1370.502035   1894.227373   1368.338922   1323.407814   1785.963355   1922.323713   1369.668806   1503.466200   1639.554071   1740.636046   1344.646080   1597.702004   1604.928414   1560.180603   2176.518630   1452.881295   1235.113897   1471.339104   1854.403126   1672.322556   1128.358711   1777.897376   4706.508428   
35.600000   2428.000338   2438.201469   1583.646705   1391.533764   1808.158384   1456.939049   1423.739751   1680.200031   2241.280252   2400.345466   1537.707221   1047.566270   1828.159322   1538.461349   1023.631733   1906.373900   2759.252619   1469.977119   1944.224723   1571.649836   1947.412370   1554.379953   1595.852298   1708.737676   1603.210509   2274.159195   1709.122930   1407.044957   1666.430540   1781.287810   1541.878681   1340.072872   1469.968455   3924.373361   
35.700000   2489.298782   2081.616593   1533.738498   1394.177041   1588.176987   1632.597482   1426.161398   1772.461272   2166.842119   2594.024451   1458.215245   1279.540061   1910.831280   1405.783318   1231.357081   2067.207548   2666.368838   1441.252247   1619.897836   1687.144900   1660.762885   1365.187105   1663.691131   1623.803905   1678.474690   2426.350389   1528.204988   1389.430844   1551.291365   1978.468414   1988.361790   1510.616803   1513.864328   4230.731817   
35.800000   2371.637102   2025.783753   1929.743107   1362.793742   1751.677612   1549.940422   1671.545003   1645.065764   2027.871910   3271.652245   1488.343199   1498.113925   2083.605692   1193.586356   1397.215869   1869.568623   2539.749749   1646.572099   2012.357429   1662.350624   1762.071509   1591.544836   1518.906916   1862.703013   1904.058506   2311.660230   1283.226552   1348.984691   1828.746543   1919.199248   1749.048918   970.991486   1683.965835   3776.129082   
35.900000   1799.211334   2250.143726   1083.820030   1239.997142   1018.879255   1319.343029   1095.664268   1182.646185   1874.314578   2638.162615   1336.208677   1355.176908   2374.153705   1649.337380   893.725195   1423.259716   2532.000643   1421.065677   1329.995053   1305.012343   1780.984231   1579.398094   1163.066998   1423.784161   1182.785929   2224.296229   1706.266548   1222.774362   1343.200997   1307.842326   1268.426302   1074.720954   1304.496119   3537.548789   
36.000000   2580.573635   2532.065461   1338.203199   1744.054346   1141.033577   1490.524369   1404.550628   1613.228441   1955.432607   2224.637519   1527.302434   1266.692946   2049.227073   1216.222948   1108.618574   1438.763227   2879.845404   1916.473220   1436.071824   1461.844631   1721.472549   1670.217965   1467.759418   1540.639102   1635.609719   2256.214954   1498.790723   1473.570139   1641.309091   1548.729337   1741.356209   1090.857494   1396.780238   3593.801371   
36.100000   2807.568652   1566.859850   1507.361887   1099.871968   1180.146367   1088.028310   1160.028073   1172.847896   1929.623455   3630.504328   1276.784374   1445.371251   1576.566395   1304.945638   1012.109753   1535.211026   2598.229959   1464.523695   1201.659173   1353.608497   1729.154142   1264.250591   1187.700288   1300.173904   1382.221462   2067.603107   1221.060050   1015.215008   1378.424461   1570.798795   1716.404159   1135.166278   1458.293875   3840.004614   
36.200000   2674.363729   1930.986378   1254.545893   1077.967574   1271.638153   1209.638485   1540.765412   1380.001738   2171.656172   2674.787039   1326.879003   1595.304875   1714.499189   1237.540630   1354.904993   1341.188096   2893.787294   1334.812793   1338.105400   1365.495457   1798.816294   1155.104983   1218.019887   1365.645274   1534.831825   2040.962111   1543.402098   887.909464   1319.588946   1141.849081   1449.972714   1180.305982   1368.490599   4167.119544   
36.300000   1864.234194   1332.624489   1070.377651   1261.549773   1189.977535   1382.872073   1575.557804   1415.070539   2037.623293   2904.513109   1211.436511   1251.941000   1417.591976   1446.443266   1109.201434   1536.517955   2024.522305   1086.333136   1543.163890   1367.119752   1589.959722   1681.120635   1373.722046   1252.990785   1328.265916   1657.801338   1199.704381   1025.256247   1209.154322   1121.494855   1321.615002   971.357636   1261.969478   4041.095245   
36.400000   1986.328506   1602.309586   1274.539801   954.775538   1058.536716   1067.132831   1207.173349   1479.773941   2558.076369   3285.814550   1195.621497   1170.252400   1976.621317   1247.240501   884.033085   1393.322142   1978.825020   1086.053909   1249.941425   1371.930230   1893.612759   1264.787086   1300.107142   1231.876057   1352.868117   1474.965150   1283.108857   865.745539   1090.328595   1108.535394   1212.194713   1336.005243   1304.840343   4496.981065   
36.500000   2370.925717   1677.161970   1162.479540   1075.941345   928.505681   1143.700289   1145.479865   1252.168794   2117.818792   2710.092306   1612.791071   1287.108831   1607.412040   1327.655831   855.575506   1691.037744   2195.498890   1198.610714   1098.661746   1197.992359   1915.696077   1173.634492   1126.464444   1267.366049   1383.351708   1650.981975   1382.943211   1199.999917   1255.918882   1134.594301   1098.611042   1057.887759   1300.741629   4131.124576   
36.600000   2567.164097   1798.572746   1251.744787   1236.299497   1201.815489   1218.896000   1396.578640   1590.366963   2451.855470   4397.222048   1610.435043   1094.842227   1365.575127   1088.411899   1035.194132   1840.390751   2728.956199   1506.154635   1127.175753   1630.378763   1974.681654   1029.086899   1411.212514   1632.312482   1084.531547   1643.826675   1301.024653   1235.830055   1356.670097   1238.560721   1129.600609   1040.259103   1600.166318   4215.384152   
36.700000   2649.078160   1519.466628   1146.640972   1110.389841   1067.340665   1244.605362   1240.302434   1237.125932   2029.571266   2511.579274   1260.439317   1239.928412   1326.880034   1229.952388   1216.751000   1418.800966   2811.929808   1097.578020   1353.948872   1285.776826   1668.072743   857.061315   1259.023980   1394.344629   1337.549370   1709.671106   1352.953792   992.726698   1208.638828   1470.359127   1524.052793   953.598779   1288.573871   3895.233960   
36.800000   2986.761277   1942.855078   1727.559190   1259.060880   1257.855900   1303.032199   1063.943837   1329.592927   1455.671839   2128.662648   1063.116578   1240.579672   2235.247401   1271.066598   941.491675   1355.872609   2873.702818   1279.914115   1355.491754   1199.869202   1431.171052   1498.145268   1206.532217   1127.074540   1290.668479   1368.287015   1390.476415   1123.238857   1239.479296   1412.269731   1738.140294   1171.993609   1316.043317   3364.715741   
36.900000   2261.879221   1493.779668   1145.977262   1089.417711   1013.243421   1016.989415   1184.685887   1142.138923   1637.973373   2667.974760   1170.403261   1438.639596   938.225785   1184.345246   1060.779647   1430.671276   2334.173352   1238.602398   1233.966696   1006.888392   1609.883218   1108.271504   948.480961   906.385103   1183.203380   1420.532870   1151.287562   982.607045   1192.960243   1246.573546   1053.089534   899.439014   1111.820647   2900.699641   
37.000000   2213.719860   1506.646085   1122.933258   1160.546755   1309.034828   1201.640235   1429.078549   1347.603064   2169.239579   3113.890489   1361.367582   1293.781844   1507.128549   1134.374141   1345.840151   1475.633843   2502.698021   1241.459579   1143.503180   1317.446510   1722.354194   1463.755595   1229.983324   1184.632691   1507.450841   1918.282620   1191.436245   1069.891235   1153.365792   1222.680660   1289.085251   921.337672   1397.087767   3157.345751   
37.100000   2796.695510   2393.314443   1286.711489   1262.205937   1183.316166   1412.100368   1070.900592   1379.045778   1728.399080   2189.709886   1411.718820   1064.930623   2103.965822   1159.708051   889.590173   1231.726478   3079.964036   1193.008673   1398.453309   1273.446782   1378.887247   1114.627583   1248.362886   1403.530206   1167.357976   1954.310659   1255.226992   1170.547868   1325.758008   1217.138597   1790.089353   868.107942   1238.772097   3199.454211   
37.200000   1991.536350   1970.913828   1310.775785   1342.311601   995.922923   1321.128588   987.434247   1395.015513   1527.482416   2192.565032   1101.377289   1013.808383   1495.216358   1366.323172   824.146334   1338.843640   2216.581469   1375.155609   1167.869981   1234.228350   1535.045984   996.232688   1260.435931   1266.493020   1253.862525   1460.202101   1316.602288   1315.104779   1272.957944   1116.798681   1339.798135   933.984526   1328.067635   3079.171921   
37.300000   1972.217058   1487.335507   1028.078980   1151.059346   1187.321711   1160.352417   1234.973209   1302.854969   2167.996014   2652.256649   1047.146896   995.268243   1110.903896   905.199766   955.759927   1353.681906   1831.489098   1027.952525   1228.542109   1266.850707   1591.739026   1101.259450   1207.582076   1258.995628   1502.713326   1831.182947   984.634825   1047.184588   1056.747665   926.327555   876.033508   786.245390   1305.336250   3586.661673   
37.400000   1399.628379   1536.218843   1037.564716   1076.376764   1126.865141   954.901919   1356.986203   1022.287710   1874.712636   2168.714506   1295.119705   1227.261837   1122.025751   1022.965262   1079.901099   1366.745945   2019.136901   1168.303323   1047.570081   1030.267091   1572.240076   857.758910   1034.722542   1037.581585   1365.139074   1920.100242   1333.203417   981.816231   956.799467   976.920082   903.136715   1006.122556   1096.890848   3359.142932   
37.500000   1189.704205   1161.362684   850.952443   1062.502262   988.193840   1022.562339   1073.736578   1088.203726   1536.592062   2237.213114   1425.686908   1180.190344   1346.981241   1012.600863   1021.431610   1326.622280   1338.844975   1086.810106   947.009885   927.193289   1414.470169   802.715515   1035.179494   923.342314   1208.762037   1252.034234   1011.926006   945.856084   1076.162254   886.779275   875.683367   904.725871   988.464514   2994.173206   
37.600000   2107.252012   1533.135283   1178.263414   1059.571514   885.902372   1048.105675   935.541152   1031.675316   1882.425256   2520.812020   1601.485028   1031.684237   1278.815035   758.080245   1088.047448   1061.714482   1813.815327   1298.762670   1034.117811   988.751477   1503.590399   822.664193   1008.963158   1087.949231   912.820570   1645.786356   902.348220   1006.111812   1189.234523   1073.049504   1297.541129   804.243548   1083.467263   3063.534901   
37.700000   1701.417907   1907.741057   918.680062   1092.306246   1015.636393   1320.244419   1138.209919   1128.911581   1894.328576   2360.280878   844.487870   1503.175763   1422.141031   1233.606311   947.517683   1376.325407   1892.018502   1075.354024   1408.516525   1058.318749   1563.301044   933.728799   1090.410822   1209.990410   1031.162973   1687.406947   1208.265382   1062.465410   1080.013280   938.017612   1378.356691   941.518720   1054.755607   3605.291921   
37.800000   1920.046637   1761.439998   922.478349   1115.855044   976.492170   1193.445709   1089.086031   1123.610605   1866.058428   2214.843154   852.844866   1169.779052   980.101112   1075.671192   1124.189310   1239.007037   2018.319171   1109.880153   1203.933876   1005.949935   1509.544574   980.617857   1088.239011   1061.187696   1001.996917   1336.424669   1226.836930   1135.831499   1124.427468   1003.660310   1217.543771   833.654592   1077.070680   3201.658033   
37.900000   1286.802819   1358.849764   787.409758   937.926557   801.823834   886.484087   920.369556   1112.356071   1697.948086   2255.290064   1264.174799   1003.013039   1133.984566   1190.497532   794.089690   1162.179174   1318.626760   1011.604619   812.945836   913.269975   1433.690834   1059.287295   981.870322   821.600060   914.375566   1864.898858   1382.482874   880.538990   969.055329   894.286988   782.331398   631.159067   1073.248849   2964.709257   
38.000000   2021.258416   1444.234889   1210.507957   1054.465092   931.081081   1023.199311   1213.100406   1281.182811   2245.803390   2387.372536   1068.510059   1134.752030   1518.625819   1057.755614   890.013371   1327.906405   1982.837337   1355.425029   984.515751   1134.009784   1765.785132   913.922104   1177.872246   1060.019685   1335.171836   1306.811058   1167.152959   992.718028   1151.885564   1316.692512   1297.280072   766.311163   1179.190592   3134.132939   
38.100000   1741.573608   1751.013714   1013.078749   1084.259057   944.090534   961.742985   1062.020330   1176.018177   1730.871118   2615.707524   1360.773983   887.453403   1220.760859   991.170849   940.610492   1391.318675   2060.576845   1139.475965   1036.645595   1090.214536   1479.185324   1132.178627   1104.259469   1090.932783   1051.729672   1011.361436   1001.520542   886.234552   999.574604   1117.328967   1047.204947   642.561275   1088.558046   3646.828134   
38.200000   1866.220249   1470.314908   981.040997   1012.036592   943.131319   904.364495   1002.237855   1307.189568   1808.175743   2507.388421   991.953391   1089.426728   1367.444325   1010.070511   846.960350   1540.954596   2143.144276   1065.708630   982.510271   1033.595857   1437.438871   797.012269   997.449113   854.780761   1104.055533   1470.070792   1143.828397   857.108552   950.586048   1084.020417   1173.286252   942.939042   1225.365325   3244.563789   
38.300000   2008.934335   1099.497482   1188.264736   988.094563   1154.552341   916.342132   978.118659   1119.647398   1763.036662   1978.985728   952.031195   981.030220   1206.211916   855.820402   1024.115724   1371.922825   1733.629444   1124.471680   1131.414994   979.707690   1543.744640   897.338599   942.273472   1008.206850   1066.602651   1161.129378   895.965682   862.193970   919.500214   1295.976700   1402.768671   823.954372   1044.966817   3079.779286   
38.400000   1751.887653   1036.121261   1049.193759   975.618505   978.985153   892.332369   921.086919   1116.481176   1567.790893   1828.727132   1006.309318   958.501411   977.893809   677.133212   1060.965850   1247.078677   1713.397409   974.624514   1057.368810   1113.395102   1446.413000   814.201399   992.150357   1098.562984   1121.251412   1232.021051   802.065270   867.820205   931.008527   1306.773602   1332.045215   1012.180946   1220.335135   3053.014673   
38.500000   1573.261811   1245.320294   1102.526843   1105.903895   1038.609385   1107.537340   1036.101977   1149.706220   1568.744229   2289.995190   804.278091   825.208560   920.943213   931.592254   1018.349719   1139.541946   1542.000781   1109.040781   1180.280189   1144.937992   1452.324542   738.937364   1209.722320   1238.132229   1021.873582   1169.942727   937.274339   960.134347   1017.002995   1159.407765   967.982827   698.794187   1155.716055   2831.662459   
38.600000   1621.978138   939.955013   935.762426   763.127956   846.178314   813.230797   914.361011   969.064964   1801.287808   2007.705733   707.955824   748.146220   899.180616   749.365440   718.643593   1096.113889   1562.261321   881.544477   885.658962   956.925515   1419.836984   673.102621   899.240854   934.279489   990.751520   1127.395471   714.540836   657.964721   749.913262   923.844211   899.500021   681.145366   1126.918882   2737.976186   
38.700000   1495.099972   1239.040240   968.963344   851.763206   789.396440   1015.854019   839.906417   994.285219   1609.524586   1955.185591   820.654413   861.038216   845.745505   918.826862   727.755057   1344.127180   1521.693710   979.805482   1020.295551   1025.707057   1304.519108   1013.675741   1050.713618   1152.656164   901.804966   999.395852   1032.934339   800.147843   1063.315575   1009.694329   952.994935   622.398473   1053.389029   2879.601457   
38.800000   1296.041504   855.978842   918.534790   739.722040   1017.706999   819.166911   911.961645   970.926966   1452.843500   1677.996387   744.824764   964.802792   1011.901099   784.630995   835.993581   1112.912636   1142.468522   713.149334   1136.328201   968.368019   1469.681640   926.582647   884.884957   1033.198030   1023.587129   1158.243280   732.791407   696.445894   747.181678   1092.227874   1006.609256   772.854943   945.899547   2772.137257   
38.900000   1450.105381   1295.282774   992.415307   905.164781   913.152511   914.735121   989.912742   963.306766   1485.665586   2034.269874   1036.973328   697.825766   1051.387273   969.070219   836.044396   1289.767267   1554.571773   855.805506   971.480116   1068.101002   1367.879557   853.729574   919.334426   988.849401   1125.890481   1229.163300   783.391428   821.371817   762.932148   1143.662934   1250.783981   965.306002   1182.291388   2805.980972   
39.000000   1545.039079   1079.120074   1014.927121   882.153074   865.155904   748.883116   857.304951   988.241291   2116.917341   1692.813320   758.133647   698.578200   758.736947   758.022596   807.740779   1258.726669   1589.605490   951.108681   954.787923   998.003740   1378.164044   977.672748   886.858079   849.853947   956.845345   1053.236089   889.106146   757.624653   814.703040   1151.440810   1079.654151   822.393072   1131.111610   2819.032472   
39.100000   1178.249289   1146.789164   986.895217   1102.397825   789.458311   920.405455   710.356029   937.524716   1771.312481   1439.838597   782.219332   681.530788   734.208706   691.764127   720.111477   1048.924583   1459.251836   1045.237779   899.779917   796.264780   1328.243571   686.735823   841.552841   822.308069   878.357477   949.418546   679.413861   898.157300   891.060590   1014.897634   821.775259   645.476480   956.397537   2529.360362   
39.200000   1080.534365   1291.336642   729.913958   760.300608   714.393315   704.726512   845.648855   897.525526   1362.404809   1504.143558   720.616849   710.309891   990.898075   752.516548   747.073679   1066.251424   1386.179059   788.094187   733.989629   759.632166   1236.656218   661.107160   733.811875   680.118574   752.465916   1079.754114   708.537856   664.623750   734.328754   774.696321   901.884497   584.410507   879.538253   2444.192757   
39.300000   1350.534816   997.646517   724.025943   752.186799   670.816689   719.280683   772.031905   849.515536   1401.286098   1547.554201   795.584699   733.870962   672.507648   657.042434   732.445315   1064.834958   1420.801060   727.336173   762.972691   815.568690   1224.094464   642.193219   784.930319   741.036808   821.097658   948.348231   676.472668   664.164820   662.881844   735.918997   632.478942   605.012772   880.794409   2781.618384   
39.400000   1463.699033   828.316536   862.195405   789.707059   717.218251   723.523908   811.085048   873.281934   1373.424913   2047.104765   545.371633   754.757766   764.723236   737.079432   624.406241   1016.022337   1274.602031   704.083326   753.889544   808.086836   1238.155453   721.824779   781.319591   722.037120   896.268773   1210.437048   774.044963   664.491537   637.940051   791.441237   877.430423   615.111861   877.621251   2732.837230   
39.500000   1468.611008   845.345593   797.483473   702.999787   722.421762   734.632093   792.192984   887.563730   1436.716478   1649.520399   633.101576   688.840775   808.919671   635.599362   657.320506   1290.218987   1118.037433   875.208777   706.031729   821.947649   1194.390631   592.795467   787.821058   816.998736   913.713622   916.033780   594.097470   637.271200   833.572006   790.281009   754.171410   638.329489   910.416771   2579.023220   
39.600000   1290.922255   967.939318   766.118404   713.244176   654.549784   667.232630   668.256116   878.260281   1350.908453   1514.969845   739.587462   685.020493   684.051750   700.437969   638.897090   1004.497640   1230.427698   705.960551   680.026353   753.857400   1181.992125   690.368387   766.991796   718.330822   666.036066   998.522792   570.177650   638.565937   609.656819   577.754432   604.079870   516.785323   857.426880   2610.074692   
39.700000   1396.668928   1168.535565   826.480858   868.564158   680.248067   775.051478   690.546529   856.338343   1274.940462   1680.740276   824.849824   636.783157   1116.871222   789.248200   623.536549   818.842994   1310.881164   813.999205   742.733580   782.250257   1194.386159   793.402568   783.768435   814.648774   758.142258   1154.398518   759.971903   713.156959   744.907053   682.996986   811.061272   575.708675   913.895799   2453.575173   
39.800000   1323.756474   893.434421   645.367933   849.707632   716.455827   756.096131   752.111044   855.513288   1415.584324   1571.907740   680.403520   845.324220   910.483945   755.254118   563.336471   750.308100   1362.584873   684.716806   865.080683   781.097809   1267.884140   607.279522   748.054853   774.267359   818.315782   1023.729732   743.402838   706.199393   676.734578   646.457461   592.563997   584.241899   839.277928   2474.384094   
39.900000   866.163139   1055.270029   571.386707   810.292833   701.704793   800.343233   835.385027   987.512896   1279.849503   1575.283548   659.093563   688.576498   799.474019   607.525080   747.153401   972.982797   1020.223220   754.318622   775.977577   861.769685   1216.277025   654.566688   865.724656   770.797924   985.343107   950.961036   697.288095   694.732856   629.444856   709.150122   735.569144   483.470345   923.443425   2438.544187   
40.000000   906.989619   889.966379   616.751845   780.401689   693.646064   777.808288   843.080761   1002.432087   1318.207215   1615.906306   743.280273   727.108788   712.627843   757.676804   769.649761   798.271177   1179.063020   731.342477   766.330783   866.090313   1261.902049   785.811056   874.468900   827.310944   835.760443   1066.688732   776.347142   718.069895   666.266785   686.612516   573.126900   531.069264   1080.539493   2483.769411   
40.100000   957.863811   978.060965   574.152816   759.345023   740.301071   693.791610   786.202465   887.249519   1116.989445   1783.197457   674.218122   709.402820   652.278677   673.785178   627.617709   825.945015   1314.125486   736.972481   755.141702   828.383561   1166.912785   593.050782   768.018747   806.530640   853.181734   682.108768   737.597828   636.203318   644.499327   698.032235   576.054117   501.903559   923.126393   2527.511546   
40.200000   1125.337935   1003.756615   637.734471   757.329197   628.430138   730.577880   678.964544   834.662260   1276.074277   1713.995810   566.515860   585.080465   585.630985   702.789094   587.379559   881.134854   1429.843882   697.026033   659.009676   716.930253   1137.726402   760.489630   786.230066   662.921819   704.803015   837.334149   762.187195   676.366178   636.286759   653.421627   656.826730   403.469027   864.802330   2344.797793   
40.300000   1430.256065   859.227395   610.635764   619.739773   696.484352   592.776880   776.925003   765.365788   1380.797528   1403.104272   570.521873   713.212946   573.385469   622.755336   829.426479   830.033839   1263.891727   613.976037   711.568803   668.051043   1237.172032   617.490941   688.959336   616.955686   798.557069   807.909530   699.346051   523.397911   580.547553   755.727343   789.613811   544.057706   770.886509   2516.204179   
40.400000   997.659572   933.889985   651.252263   752.250169   649.442239   766.321561   673.610218   888.785545   1336.904314   1501.763716   685.882156   697.105073   566.610894   694.384136   569.164005   745.011429   1020.741980   736.465496   715.076069   805.885520   1191.443571   599.547675   829.390266   754.025231   717.257706   664.367462   738.387589   702.088956   649.609715   639.596676   636.030518   437.010951   847.902666   2359.014223   
40.500000   1196.340982   718.707255   670.570558   720.439706   687.101516   706.719300   737.768941   869.246798   1212.261716   1319.731375   675.388288   584.816395   522.021940   691.305602   638.268315   814.771229   976.809592   765.022912   709.966661   773.733745   1180.570324   552.675135   749.597583   792.935737   753.873547   896.009606   749.740367   621.979834   734.861816   643.155286   635.229461   522.949645   825.018767   2368.151190   
40.600000   1027.808765   578.324913   555.199087   582.154835   579.988592   601.620945   718.878638   730.723108   1267.391827   1385.775888   562.147192   548.266820   630.236339   529.624823   581.404710   841.834819   998.602279   583.671707   595.655273   631.714482   1273.115805   515.450839   639.307175   582.475935   641.857253   767.209263   489.637339   533.559916   551.307608   551.503453   555.348026   495.373516   737.748411   2401.455438   
40.700000   927.292715   617.780418   580.593581   566.366821   556.184104   614.020362   620.449710   794.156395   1184.011437   1466.498142   558.054585   529.210678   539.324401   463.333875   537.507722   771.404925   835.465204   611.075791   632.012171   683.390481   1127.244573   501.512164   698.718617   627.801014   619.368658   744.472615   510.172056   498.920440   559.527657   560.410118   554.667870   391.489700   785.317074   2309.327702   
40.800000   921.766342   785.031435   605.344574   651.411882   595.464321   754.971442   628.475724   848.691219   1289.360176   1784.753521   529.547441   631.497779   468.667735   498.886533   558.753736   822.365584   1050.365161   740.838452   692.385434   819.923591   1144.779468   540.180020   790.518767   815.881952   751.078542   759.206583   611.314056   625.471275   735.606807   708.289144   581.134084   480.566279   936.300009   2427.775861   
40.900000   719.839223   750.691431   550.079358   676.608294   594.087269   678.117854   694.552568   828.259783   1057.649898   1518.975238   401.440699   715.328229   482.730912   533.733812   574.328916   741.844589   844.419494   667.214355   614.529554   726.869793   1129.144694   487.979553   710.933943   673.083545   615.371682   624.146916   499.011758   573.219742   603.968889   596.295517   487.011230   461.674145   795.259669   2340.298618   
41.000000   702.331160   743.149238   535.982141   635.054571   488.509536   630.041085   601.596394   772.223219   1179.046275   1536.977879   361.669011   586.927897   568.216338   550.902332   486.785289   950.976174   788.516445   720.096328   568.334171   655.108534   1166.550966   561.401764   653.074436   581.610222   567.425767   602.548519   507.024055   585.305283   656.060930   588.705899   476.245034   355.617849   783.833362   2273.045984   
41.100000   612.721665   659.908284   484.398437   592.696653   496.329573   609.940548   616.693156   764.278571   995.280501   1344.656644   461.613359   494.520542   440.875500   481.633843   506.505547   681.999953   672.244859   623.925980   546.832743   663.574157   1090.865550   481.362568   645.627768   610.341061   585.519076   558.367602   499.326614   536.483590   601.357714   624.477553   508.511278   406.056834   778.813491   2299.565792   
41.200000   887.444278   556.298346   516.346178   532.510407   505.439837   603.445157   591.305148   782.457499   1057.673754   1254.792808   366.079737   517.473828   528.848936   478.917129   454.377823   762.572093   818.440917   568.140473   600.614172   681.448085   1107.976932   485.361473   681.019435   655.082356   611.198682   588.885074   425.215712   484.172707   552.208929   581.505501   537.854383   373.947630   796.746360   2277.396393   
41.300000   801.887296   628.433344   527.089626   538.030873   490.531413   571.528891   595.434239   759.812663   1031.977427   1282.824438   501.744316   611.803879   514.400846   521.380088   468.612342   748.951270   723.708533   542.819493   537.326379   607.027352   1096.868324   460.023881   650.921874   558.548613   553.674954   535.842005   497.392085   473.643970   498.732461   564.280790   425.201778   366.743453   728.887376   2337.635091   
41.400000   579.248809   696.575251   436.312316   582.373018   470.332813   528.757105   591.712239   728.756226   1080.917694   1299.143894   356.248029   579.217275   428.041963   436.462129   527.691681   742.705340   784.333752   571.767148   490.863127   615.476003   1105.246016   476.544192   625.691834   537.600511   555.618101   471.634720   547.275871   479.562194   503.838240   528.072220   381.888495   389.600806   749.603711   2277.126949   
41.500000   648.887639   564.590966   465.117152   546.512513   494.204836   529.737675   662.182632   729.371068   1062.454849   1346.409499   346.891080   535.131794   512.910703   406.566954   497.831461   664.363711   685.233057   550.657733   546.742902   618.511630   1138.866942   422.381753   612.420893   549.903765   622.695436   556.913202   413.859912   466.711031   502.336369   480.911449   449.164400   359.957719   767.392828   2300.600596   
41.600000   743.708550   696.218306   481.396282   583.371377   512.596714   562.535885   603.744325   742.371162   1088.489174   1270.178040   488.480078   533.705140   474.188653   440.844764   468.504597   706.486789   755.629223   565.273246   561.319418   633.040231   1068.962774   441.318984   620.943458   571.041237   585.483472   515.665601   464.079618   496.796179   528.128701   540.297582   428.420354   375.757880   744.171665   2302.074138   
41.700000   695.664616   416.203134   522.386911   544.187238   535.508804   580.282997   592.337367   739.062845   1077.714764   1170.776352   413.318494   518.576289   425.814778   448.334259   533.276974   685.904385   678.576537   548.529794   569.217584   636.310517   1117.503452   437.795247   638.294164   589.885941   570.404181   526.948221   439.633181   521.588843   517.014829   516.715428   405.038360   398.760407   760.611346   2226.026303   
41.800000   820.028981   545.463362   531.872706   558.033093   555.594555   577.695086   640.996294   746.653241   1015.093738   1119.815468   379.265995   588.691266   466.385451   502.001024   547.515537   651.192214   784.324893   551.271679   528.465905   646.037293   1116.282738   563.649842   619.666567   574.624678   589.204793   460.699205   509.802373   478.249754   510.539856   524.579369   405.763731   360.215338   724.557808   2253.569227   
41.900000   633.491193   437.766026   483.367308   513.823211   468.963595   520.902621   582.985132   684.789093   1134.915672   1171.713057   357.181734   514.563089   445.565006   460.442193   448.781747   626.966223   559.623606   548.530641   496.177728   575.036479   1132.481060   498.935911   604.928206   500.827236   518.508377   556.816424   393.039183   448.078777   493.515159   498.940023   397.565459   335.418771   711.677738   2267.595373   
42.000000   635.883337   536.194483   493.325558   541.581371   493.475846   552.215239   590.315565   677.825261   948.534953   1222.251292   363.331044   471.007232   394.455380   512.769538   466.176370   642.204738   555.391016   573.741719   569.701024   565.797783   1074.709124   446.730275   585.816511   520.920844   514.323760   513.092515   439.732940   480.191882   506.730044   440.498645   314.806501   331.705655   679.883321   2210.910796   
42.100000   497.719635   502.448130   443.050989   529.478639   463.001597   549.976561   556.367145   680.001109   1083.092559   1176.578012   361.958907   468.814815   394.176063   438.951160   485.461599   686.020514   492.150668   564.301496   490.698289   598.512460   1058.379212   426.880772   582.556363   530.047440   516.292408   433.250482   429.709540   476.039962   525.058346   423.582149   316.740703   311.541783   705.441120   2186.710008   
42.200000   616.431921   508.505622   466.338329   509.126560   483.467201   534.244577   553.621500   695.447825   1082.521139   1286.377747   312.790986   507.925809   440.278809   436.478069   441.177627   587.313174   676.842092   510.978438   526.244919   582.567151   1079.825060   461.184152   586.040435   514.820976   504.987324   602.072596   401.346640   455.500345   483.002658   437.126254   374.211230   281.454218   710.829483   2171.280627   
42.300000   583.039290   544.037367   468.752575   545.635704   485.459287   561.511864   572.630622   709.091266   1090.822737   1201.630221   312.565087   532.858758   385.760661   412.421138   408.917548   614.919577   669.861391   567.979087   492.855849   602.331877   1056.412362   377.633603   587.934151   553.435382   560.282879   511.677886   455.162422   494.263882   538.315662   530.054284   396.324531   291.935423   692.798852   2188.022776   
42.400000   542.692882   566.779701   438.635548   551.299293   464.499140   516.398808   563.709657   676.369342   1003.046765   1158.719989   536.812048   498.964555   446.143461   385.763812   455.231675   615.716235   631.426977   579.777001   475.229576   571.933911   1055.164971   400.353483   567.586846   492.173697   501.855316   463.533138   383.104019   486.928014   514.960264   436.930573   344.613087   311.254586   688.016604   2175.511594   
42.500000   591.312499   579.622342   477.825870   502.515480   493.706816   515.020045   569.226967   666.990266   1001.463439   1217.674698   353.161899   520.937371   437.633329   433.927328   438.880691   616.637674   632.852217   544.509492   493.584585   573.520884   1071.016100   410.691748   576.730069   512.196305   528.778934   451.403931   463.730985   441.218542   481.396658   485.954350   359.905257   294.418281   698.739753   2161.451883   
42.600000   647.301653   627.750711   476.966240   514.898985   468.216175   485.581268   554.284863   660.390701   975.408233   1118.119622   365.446443   445.680475   431.807159   372.004853   451.198809   560.311527   740.525089   545.836155   464.100855   566.274413   1056.169990   380.296925   562.529977   487.460000   492.260478   474.855113   430.580922   431.196360   470.401828   439.615667   383.686932   304.936762   696.489919   2142.293442   
42.700000   525.255331   528.036124   429.939340   507.333447   457.639134   510.474041   555.582325   658.918822   947.171806   1136.842692   375.449921   472.518252   372.408202   397.677686   390.461304   542.822259   590.040386   540.601196   479.346751   562.380901   1063.965879   413.139967   563.578026   502.623255   520.353413   428.477538   413.601030   454.880743   484.364110   484.118589   384.907955   312.166910   667.849931   2126.551485   
42.800000   467.297248   490.581855   401.544321   498.856061   442.116684   498.847707   549.486983   654.188642   920.900364   1085.426003   325.501476   444.978678   404.835063   392.171533   392.753922   537.454190   508.198528   499.291452   485.857730   551.623829   1035.084742   383.469269   558.235076   477.233986   503.310584   404.143936   429.244560   433.670864   454.028941   433.031847   314.044667   316.922191   669.272959   2136.938275   
42.900000   444.576073   401.868870   398.954031   517.234407   446.890630   500.732497   545.468864   660.225798   968.173210   1029.479090   358.240893   458.289559   341.310864   371.503001   425.756261   588.074036   459.097418   519.716904   447.956850   557.465662   1028.837402   386.521983   556.749000   480.777955   482.696835   361.100103   384.176254   443.566416   477.437132   426.675769   326.395596   286.732717   677.211388   2135.764670   
43.000000   498.589650   436.074067   420.007618   494.418286   472.189187   490.528539   569.054803   658.014692   987.329499   1003.980673   346.884394   454.076640   367.047473   363.943581   418.591019   575.574449   468.514454   495.175716   524.761952   552.447703   1046.133814   354.388504   554.440015   476.212850   535.505160   473.780885   375.096024   415.723828   456.896126   430.644141   334.565118   329.688319   685.599408   2128.409971   
43.100000   431.086353   380.821857   402.636649   493.995184   451.096067   511.505904   530.669583   666.582952   942.811867   1058.003302   275.493279   424.578506   348.015851   334.397967   405.864115   566.175705   421.307513   494.131199   479.029214   558.816318   1026.047551   396.124953   578.841770   503.535296   489.258532   415.182160   329.613588   447.017198   468.618630   446.032666   329.872158   272.471834   681.153412   2095.978305   
43.200000   481.813041   382.113708   406.251282   482.684747   430.626979   479.927276   532.222032   642.284873   930.136863   1078.763512   309.873433   435.750323   349.804754   306.104824   383.523331   524.462161   476.840116   497.936885   457.265803   534.635146   1026.542597   351.561158   553.435422   469.549008   470.439313   345.491019   317.535010   414.256306   446.911906   410.687569   288.158331   279.855809   658.266617   2106.052025   
43.300000   463.718608   357.110705   400.211262   468.375358   421.444293   479.252161   516.632088   633.784443   970.963503   1061.730736   302.630299   436.693541   345.923465   312.862349   376.974119   522.249834   475.742608   477.549555   441.708179   540.165649   1034.034684   365.600823   546.232354   468.516936   480.481382   381.927136   311.805338   409.367060   451.943111   435.174479   351.613391   289.933706   659.007384   2112.126374   
43.400000   459.744984   395.265752   392.619182   479.490405   426.584206   473.652578   526.144028   626.227445   899.074503   1027.593218   273.820680   416.439954   356.608044   348.533177   387.593802   507.024177   537.783097   480.070994   438.267064   529.052028   1013.976700   346.877621   538.243233   459.400895   502.722967   410.641393   350.437755   412.174055   436.598686   401.835953   299.616626   258.771135   664.270877   2082.842109   
43.500000   454.763476   318.923717   393.011035   475.542158   422.530565   467.121101   526.464797   628.707056   942.684025   1017.819376   263.772880   455.130605   303.893050   344.335115   378.279722   526.567266   436.521884   468.602063   440.288007   531.759981   1017.046942   350.561641   540.237772   459.170746   454.641523   328.866094   296.848387   404.106996   429.299112   400.646666   276.192637   256.035796   653.614288   2087.198628   
43.600000   412.289396   336.321048   375.295288   490.743628   413.773468   484.941259   511.044503   630.056239   906.428727   980.756614   268.053315   418.052423   289.852531   330.193308   368.001743   523.197887   417.016644   477.680851   427.919774   531.648584   1014.711097   347.177483   548.761426   466.681684   456.622595   329.370797   297.686160   417.533452   442.158824   397.490911   297.271256   277.124065   659.256487   2073.234150   
43.700000   409.011301   328.547669   387.009778   453.629314   414.756909   463.614866   512.410872   623.832761   906.559861   959.790675   242.319727   387.311478   295.848435   304.169713   375.841759   534.899598   415.819638   462.822014   424.207191   523.606552   1009.027894   359.932389   533.690685   453.543280   448.351686   312.576411   279.268941   396.180754   420.692701   385.409253   262.505679   269.897457   646.242672   2064.157102   
43.800000   401.516839   302.271183   383.712819   461.123125   426.463699   464.354938   518.693322   623.210306   883.713467   996.570771   254.765302   399.982526   304.582136   281.442799   387.908709   513.661519   404.260023   466.460684   442.634790   517.879076   999.992707   344.180719   535.204020   449.419865   454.455868   317.624552   279.683002   397.478535   423.582048   383.626167   288.761180   278.185191   636.997956   2073.119154   
43.900000   385.923824   282.251870   371.793327   450.323416   407.927016   458.643453   500.812939   621.427972   896.464262   959.960339   256.247081   385.090223   309.802086   306.388909   372.075247   513.003481   370.733027   454.755632   419.932248   516.963208   1005.408721   344.854237   528.091816   438.514501   443.331182   290.513489   274.167004   391.157349   416.728405   375.210271   256.439766   249.868866   638.783782   2053.199961   
44.000000   482.164167   319.663928   377.795078   457.540060   399.740682   457.109773   496.671113   616.064629   878.393109   958.198970   241.523578   393.293252   329.460036   290.415774   354.646225   519.821057   462.351525   461.824584   410.905954   523.916236   993.569901   329.174110   527.576140   446.781695   451.594509   291.575531   274.259320   394.830562   420.754587   378.437931   296.688392   255.130366   645.085657   2046.703272   
44.100000   367.626618   283.471259   356.657769   449.909390   398.028092   456.333786   492.671048   615.435940   892.246574   969.347480   228.027719   385.987184   298.964327   299.085883   347.953089   516.746824   361.841363   455.268364   424.292717   508.299630   996.279855   337.156375   524.986532   445.043236   443.568104   284.547997   259.045410   390.161301   420.570039   376.804829   268.253765   242.943191   623.014662   2034.455685   
44.200000   376.161250   292.718245   366.344419   445.151088   391.915467   447.457672   496.594891   608.664515   872.793305   980.848178   208.279997   387.450244   295.004143   277.490962   348.044469   505.177093   338.217110   453.076750   409.098521   504.293746   998.026021   340.246005   516.571197   433.160792   436.811682   306.994434   256.527867   380.178555   408.535004   374.665464   260.898668   243.917723   625.890324   2047.344762   
44.300000   384.746153   296.104142   362.480775   451.869652   399.165921   448.634049   493.180246   610.782413   892.452654   973.844100   212.360692   393.568560   278.481266   294.122619   364.578468   502.420204   371.283504   456.541586   415.215497   508.714710   997.772032   336.981429   520.790741   436.511226   430.083058   276.638285   271.430047   388.505399   417.987997   368.450680   264.046969   234.765385   630.922336   2032.425054   
44.400000   370.170917   281.691008   363.462621   444.627041   397.079215   445.480040   498.188361   615.136072   893.649747   933.478940   227.325440   385.544485   280.019415   302.837270   354.082926   512.620095   341.709961   450.235063   404.005757   509.909478   989.776597   326.684288   519.566990   432.537278   453.220835   284.134320   273.537630   385.094679   410.824002   377.330935   250.144318   240.155136   628.239897   2031.774980   
44.500000   370.534596   273.222746   359.124403   444.122394   390.929990   445.430487   486.448945   605.366821   865.133605   956.452683   225.921851   404.565474   279.255022   290.577624   347.348824   491.741115   344.782912   445.790494   403.626481   504.883444   983.421163   329.078819   512.902733   431.403830   433.382000   281.815510   269.212541   380.806798   407.926527   378.119816   257.158201   230.136214   626.015884   2024.707582   
44.600000   342.862179   277.769416   356.463306   443.141005   388.146220   452.163244   487.914401   611.203717   864.707742   942.663707   219.119830   394.789272   292.031932   279.577630   344.098722   488.730883   338.097584   449.553547   404.901372   508.243009   989.749763   333.526498   519.915581   429.933506   433.183043   278.083513   252.275635   377.961921   409.248368   376.128179   258.660860   230.880664   620.147419   2021.871742   
44.700000   336.811298   277.209870   355.487684   443.613149   390.233173   444.130493   491.387276   604.364623   860.751654   947.994125   234.082627   374.341139   282.086904   295.514140   352.555129   486.068090   331.708636   446.152808   411.024116   504.419739   977.111347   327.002790   517.849344   431.825465   428.954519   267.413151   256.767566   381.136704   410.633834   369.565181   240.398839   236.888858   621.745756   2010.196947   
44.800000   342.917557   272.382342   349.236666   434.270694   384.762599   437.120612   484.913091   598.242845   852.846517   939.392585   206.167001   374.224784   273.391458   264.724662   349.134101   496.365438   335.018716   444.572044   397.176307   494.552065   973.016265   318.082354   506.754352   420.328301   426.687965   260.855115   239.156364   375.167828   404.240990   360.924761   243.037032   228.679269   620.193899   2009.347035   
44.900000   349.730555   283.953572   354.148342   435.660367   391.106303   436.353995   481.986678   595.118597   858.967660   929.897191   211.658666   372.421930   268.544239   279.034142   338.875197   479.317329   355.345005   441.655946   399.501830   493.211034   979.303728   324.806058   506.820653   421.388923   423.512858   269.801973   265.566517   373.402192   403.962336   363.082373   244.408992   235.933114   614.327775   2004.856390   
45.000000   337.006174   279.618663   347.651770   434.917975   389.008358   435.277599   484.079925   594.538636   849.774355   930.865680   204.051887   366.832613   281.278501   267.761644   344.562361   484.550871   336.974862   440.379505   395.971947   493.034580   973.463648   319.561487   504.314776   420.005782   419.156324   261.934349   251.482544   375.530639   400.984473   359.052948   236.280767   223.932177   614.694631   1999.185618   
45.100000   326.034254   267.602292   346.890550   430.971963   383.989525   432.138455   486.919207   594.601996   852.004662   910.848273   196.362152   367.680986   270.419193   264.426874   339.250165   471.835698   327.275071   437.024662   396.411774   491.757817   968.622126   319.988508   503.394654   420.828833   426.526320   243.831170   246.384303   374.355055   400.374134   360.863979   233.820030   229.566295   608.229329   1998.754228   
45.200000   315.380993   270.063925   348.427202   430.710308   380.900670   431.832744   481.666171   593.369335   846.072268   898.101260   211.536325   365.943063   276.794262   273.671337   342.070296   477.029519   325.104783   437.674314   395.276859   491.657040   966.080693   325.105004   501.694128   418.185445   421.550673   266.923127   247.845388   368.844746   396.827824   360.007388   240.613355   230.322960   604.054654   1989.427140   
45.300000   344.209955   273.837960   355.164084   433.301151   385.416635   430.619094   479.265616   589.307784   837.052839   906.240632   213.394671   367.570987   269.793000   279.129713   337.456148   470.140919   331.653916   437.869203   393.900933   486.429630   964.843747   321.434622   500.868870   416.792442   422.470484   252.244152   246.830165   372.802041   401.217809   362.294195   249.366507   223.928192   603.469712   1983.128943   
45.400000   314.745229   256.062163   339.492561   427.948988   379.465529   429.381801   483.184695   588.003198   841.747796   896.383923   198.009960   363.708628   267.231032   258.171158   339.367780   469.554721   316.257437   433.099958   391.654068   486.707236   964.111112   316.889367   500.309888   417.241936   417.167300   250.933936   230.337516   368.305359   395.666463   355.165779   233.182181   228.037419   602.255031   1978.782256   
45.500000   310.511487   253.640969   344.906313   428.235191   378.995694   428.775527   477.054544   590.131769   843.054905   910.819085   209.929552   359.284225   264.160827   265.688228   337.800864   469.127257   299.313157   431.724815   391.146706   489.843047   961.956345   313.217164   500.795680   417.212952   420.128744   246.012010   235.295835   369.763973   394.163408   350.147482   226.130067   222.520826   601.610648   1975.310883   
45.600000   308.289677   250.568725   338.210186   423.105942   375.513998   427.059239   472.368861   584.816826   832.329472   904.686465   198.633201   360.270718   255.667278   251.936125   332.178573   465.185284   300.046399   430.673768   386.545635   484.519615   963.351031   310.583308   497.224875   413.041976   414.154474   241.301000   236.540917   366.099730   393.581760   348.972808   226.533532   220.366904   601.553195   1972.047270   
45.700000   315.966648   249.153289   337.210872   423.885976   374.858149   424.935016   471.206660   583.475357   830.586793   893.735869   190.006659   357.656576   258.741727   255.004805   333.689573   459.693562   310.544406   428.727346   384.622197   482.655926   957.455467   313.165024   495.777536   411.036860   412.630309   241.197195   227.253863   362.661858   391.327765   349.791537   231.065191   221.132530   601.227364   1967.747816   
45.800000   311.951337   241.433735   336.458350   422.338620   374.761765   423.268809   472.951315   583.278185   827.265985   884.575091   186.247602   359.401339   260.790401   252.881344   329.922201   459.272706   302.458565   431.081966   385.097806   482.151939   952.879734   309.972206   495.726748   412.775489   416.651652   255.307236   228.923570   364.266724   389.696703   353.749991   233.406771   220.628372   600.342452   1961.024911   
45.900000   320.374285   249.503604   336.720400   421.740151   374.765605   425.770817   469.492002   581.918153   823.957254   881.252078   189.237167   355.227550   256.614283   252.802157   332.070766   458.712464   305.960128   427.203336   384.697327   479.286159   950.756495   308.550072   495.009431   409.137100   410.210652   248.114146   232.030784   360.476942   388.971132   354.037449   230.626964   219.885691   597.182707   1959.191771   
46.000000   308.712997   254.640999   334.877928   420.992817   373.180663   420.637191   472.023055   581.220065   820.453747   883.177073   191.303065   355.649677   253.986128   252.860976   329.862812   457.912230   304.405018   427.319169   385.769649   479.793504   951.840445   310.869941   492.494603   408.196118   408.630271   253.333047   230.120627   360.172673   386.939763   344.206057   226.913688   218.463777   594.837321   1955.652507   
46.100000   305.517677   250.910605   335.601005   419.724347   370.105063   420.547085   468.083972   579.569796   819.561142   877.170749   190.554617   352.380969   254.327680   252.171858   328.447112   455.009500   300.725141   424.988831   380.352102   478.105899   947.897983   309.188930   491.643530   406.496539   406.263802   242.754826   222.214379   359.414287   385.758533   344.486505   220.802434   215.405595   594.426063   1951.044310   
46.200000   296.523383   252.977210   333.618331   419.851090   370.751203   419.934145   468.782827   578.444923   819.401513   881.502661   186.968123   352.981093   255.134358   250.838149   327.646380   451.446466   295.341471   425.913201   381.613343   479.471174   947.063437   308.651353   491.012436   404.561941   410.462584   248.510502   228.114960   359.752275   386.878103   347.428396   223.381100   217.039663   594.947017   1946.661021   
46.300000   300.550352   245.783442   332.757262   416.502820   371.122815   417.474555   467.390267   575.507573   815.034424   876.582853   190.073342   353.689966   252.336679   247.881934   328.730252   450.091704   293.255315   422.316377   383.905656   477.058478   943.380990   310.508156   490.269457   403.790800   404.318980   232.964037   225.760308   357.399256   383.856967   342.824107   214.998693   214.767623   591.845871   1942.155874   
46.400000   299.480502   239.672774   334.185333   414.928738   368.775795   417.810698   462.825634   575.402023   813.936370   872.853679   188.280148   350.392369   249.630157   246.733168   324.766366   454.098310   289.120243   420.847310   380.071711   475.186073   940.464356   308.553563   488.355985   406.864631   403.160358   239.117256   224.302184   355.982238   384.961754   342.243225   217.731677   214.637313   588.622950   1937.839440   
46.500000   300.681359   238.840762   335.044054   414.584166   369.516959   418.208128   466.868441   573.467788   809.972797   866.568405   181.546704   350.548486   253.398593   249.968669   323.783989   450.534951   296.151837   420.624665   382.288048   472.585589   941.520447   304.353232   486.804474   402.511467   404.673164   239.277439   225.224093   355.916525   384.819837   345.823300   224.809150   213.966941   589.000661   1933.554271   
46.600000   298.843056   241.236014   333.418637   414.436140   369.114131   416.527961   462.414888   572.812678   806.780342   865.714722   180.466214   350.754420   255.543861   250.516754   324.708119   448.493405   292.491168   421.148036   380.553913   473.027282   936.880985   304.572417   486.517638   400.082650   402.338726   230.250708   219.208412   353.821265   383.263467   342.166632   217.977655   211.886207   586.153719   1931.457711   
46.700000   290.427666   233.445727   330.135456   412.398156   369.906074   414.237754   461.438006   571.441687   807.703646   865.010789   178.242263   348.147362   253.566571   244.082990   322.477377   447.503853   283.957999   418.117052   379.036220   471.147115   935.637937   302.827910   486.330156   399.823670   403.252179   233.978287   217.241006   353.521626   380.914695   339.717807   215.557012   212.762528   586.754006   1928.005441   
46.800000   289.097280   235.421078   329.179072   412.948828   365.632598   415.834286   462.977696   569.805301   805.321819   865.132504   181.108187   345.258344   248.944074   244.803194   322.150861   446.731946   282.547749   418.122210   376.287988   470.086914   933.053597   302.436098   484.272731   400.510602   401.411246   232.710027   219.133764   354.363439   380.303212   339.067553   217.685971   212.744667   586.407081   1922.772561   
46.900000   287.618216   232.885156   326.380170   412.373078   364.708668   415.364745   458.361725   569.021125   802.109605   859.123633   179.565895   344.134476   250.361245   243.968065   321.798751   445.748651   280.143927   417.695096   375.470468   470.016169   931.912557   303.948777   483.643807   398.354310   397.901348   231.629220   218.537118   352.979768   379.203193   337.570375   213.059450   210.043552   584.722032   1918.614872   
47.000000   289.562694   234.672740   325.841461   410.787643   366.021788   412.274277   457.467742   567.987511   800.521060   859.986911   177.533846   345.396318   248.412396   244.365133   318.473087   444.788875   278.641082   416.067246   372.579915   468.388416   929.190389   300.716703   482.163213   396.551281   397.852901   230.796031   217.476071   352.241977   379.289233   337.078061   214.327180   209.210876   583.075361   1915.327594   
47.100000   287.184929   233.599738   324.930904   410.114050   362.378360   411.572297   456.855645   567.203223   800.618683   854.026255   175.512310   344.440447   246.545206   245.506604   317.849527   444.956179   277.563135   415.697520   373.185777   467.628969   927.963949   299.327726   480.579268   395.931448   396.839830   229.412556   217.417242   351.278779   377.904568   335.628458   213.338074   209.181025   583.065159   1911.772299   
47.200000   289.249862   231.622886   325.272550   408.644783   362.632937   409.534326   456.733041   564.882934   797.287596   851.665957   179.976403   343.531592   248.331705   242.320217   318.284651   443.160694   280.467570   413.871331   373.018361   466.238167   928.100371   298.300553   481.145222   395.688394   397.946839   226.648036   216.317833   350.215554   378.122326   336.216619   211.382409   210.967633   580.856719   1907.968032   
47.300000   284.429866   229.299130   323.404204   407.775363   361.242439   409.657235   455.370075   564.763768   795.374533   849.713329   180.415198   344.139940   245.505048   240.605617   316.887051   442.505269   277.384863   412.995085   371.147430   464.929128   924.607916   298.457624   478.953083   394.630061   396.019764   225.178727   215.773816   349.261675   376.483568   334.546105   209.605491   209.178781   581.107000   1904.155970   
47.400000   287.477830   229.015052   322.506419   406.623395   362.252534   408.617782   454.955150   563.517471   795.165253   847.493076   175.876160   342.898932   245.279679   239.202205   318.637467   439.566092   277.992019   412.342889   372.797353   464.055135   924.140094   297.361852   478.024718   393.294273   396.811681   225.802309   214.531492   349.734075   375.411164   334.989276   211.846938   208.773035   579.763965   1900.776309   
47.500000   283.009406   228.606416   322.033899   405.550813   361.885865   407.816874   452.819262   561.968254   791.725395   845.966274   175.899352   341.368614   243.975624   239.085221   317.739454   441.795445   273.340469   411.094735   370.133257   463.479780   922.056133   296.705600   476.896021   392.851008   394.342032   223.291770   215.672133   348.690425   374.783243   334.143002   213.272062   207.704515   579.312326   1897.222792   
47.600000   281.876212   229.819940   320.942524   405.543453   358.790172   407.555185   451.643833   561.905948   791.272747   844.923742   171.184478   342.037882   247.189010   240.232926   315.024581   439.201582   276.237972   410.853272   369.004930   461.838706   919.629580   297.451778   475.926988   392.554181   392.672503   222.721065   213.492223   347.804258   373.810460   333.246245   211.921340   206.483548   578.680533   1893.489080   
47.700000   281.849630   227.583069   321.306039   405.269999   358.388576   405.682651   450.855438   559.663413   791.301435   842.210439   174.178763   339.764619   244.118641   237.330424   316.655095   440.168379   278.977944   409.673115   368.317058   462.362588   919.087022   296.175262   475.013478   391.358285   391.632506   226.309749   212.643358   347.239933   373.191532   335.623063   213.815627   208.067340   578.839039   1889.779629   
47.800000   280.827387   227.195713   320.926098   403.735324   356.523612   404.774584   448.851895   558.693831   787.762414   840.748142   172.560847   338.199488   242.133208   238.718381   313.925277   436.436360   272.511958   409.058310   367.955981   460.673847   917.709881   295.555127   474.589387   390.981337   390.601635   222.638513   213.455712   345.752971   371.918064   329.698720   209.349291   205.824360   577.690263   1886.389493   
47.900000   280.399886   227.017414   318.609439   403.831310   356.109019   403.943248   450.838948   557.645576   787.243782   839.896895   172.030866   339.926749   243.767200   237.570288   313.052850   435.719763   275.347825   407.913266   367.389344   459.175536   914.232540   296.457812   473.132135   390.478729   391.695857   223.289031   212.947317   344.530751   371.968387   331.462808   212.301255   205.734446   578.591543   1883.452350   
48.000000   281.356538   226.241065   319.241224   402.060831   360.911989   404.873926   447.983508   558.010264   785.349838   837.075441   174.468697   337.687621   244.846268   237.696261   314.070271   434.209360   273.330578   407.220204   366.356071   458.774033   914.437537   294.976335   472.418515   389.127865   390.496268   221.572248   213.340735   344.264391   371.135894   331.701336   210.340665   206.323217   576.888227   1879.750083   
48.100000   277.736886   225.673906   318.523746   401.123835   357.069266   402.660348   448.120503   556.241932   782.911687   835.203534   170.433363   336.028677   242.807956   235.380376   311.986861   433.593161   273.529589   406.301865   365.650296   457.356397   911.817718   294.398153   471.417265   388.111823   389.276355   222.413881   210.146652   343.089392   370.296540   329.254149   208.232907   204.521267   576.505167   1876.261452   
48.200000   277.314611   224.670440   318.092486   400.199019   354.048265   401.299111   447.085282   555.273703   781.393552   834.164667   170.521960   335.304662   241.869623   235.296884   311.074709   433.459852   270.972671   404.676664   363.723958   457.190594   910.304000   293.514067   470.486631   387.639352   388.947050   220.478291   212.280208   343.555109   368.723210   328.816019   207.606797   203.808419   576.596375   1872.492784   
48.300000   277.442355   225.797327   318.447310   399.427550   354.704426   401.614547   446.057388   553.624186   781.056351   832.034722   174.029399   335.348857   242.863720   234.608317   310.748850   432.327255   268.712000   403.866964   363.521084   456.185199   908.699020   295.485924   469.368652   387.412283   386.878123   221.403031   211.712207   342.157500   368.879560   329.679088   206.751416   203.895240   577.628899   1869.140007   
48.400000   276.535737   223.952554   316.043348   400.506129   354.224791   401.501591   446.697669   552.617825   777.943307   830.889120   173.223459   335.712588   239.923600   234.390488   311.444980   431.499783   270.418276   403.304578   364.400190   455.077893   905.619527   292.284681   468.711202   386.239797   386.188352   219.136899   209.855727   341.127908   367.689869   325.400689   207.392858   203.614686   578.074962   1865.675299   
48.500000   274.883918   223.342024   316.408345   397.755071   352.973223   399.095419   445.344277   551.711464   776.966363   829.347119   170.666585   335.900875   239.961312   235.124684   310.373721   430.546607   268.622330   402.301067   362.369811   454.108449   903.462180   293.165467   467.529437   385.480197   385.983751   218.566336   208.786841   340.702732   366.689980   325.318914   204.792638   202.475107   578.839810   1862.067030   
48.600000   275.664989   225.514477   315.765130   397.072634   352.985649   399.606131   445.564284   550.590962   775.900244   828.344104   170.824018   335.192439   240.531167   234.031868   310.231568   430.294945   269.178862   401.793963   363.256061   453.023247   902.170961   291.297146   467.258103   385.953133   388.458506   219.711031   209.461956   339.447790   366.784106   325.748239   206.583224   204.771024   579.990341   1859.047916   
48.700000   274.321345   226.244801   314.872900   396.260315   352.091020   397.284281   441.986955   549.406187   777.151696   826.563429   172.994434   332.800074   239.505350   236.776749   309.749082   429.348160   267.722124   401.302478   362.500914   452.599747   900.504664   291.050342   466.152385   383.636891   383.901420   219.542781   208.304364   339.821359   365.158035   323.401435   206.909110   202.102233   581.426329   1855.656396   
48.800000   276.094516   222.948599   315.155460   395.178121   350.143925   397.433604   442.356868   548.497262   774.256089   824.714253   169.561583   332.030038   240.355529   232.240666   307.199263   427.790084   266.967462   400.009724   363.060099   453.023090   899.103544   289.731430   465.167334   382.775344   383.937077   218.236249   207.751014   338.535528   364.698410   325.029161   207.029369   202.350202   584.755657   1852.348152   
48.900000   273.620689   222.393883   312.843103   395.049090   351.436651   395.894232   440.145709   547.767831   772.756290   822.911085   168.486179   332.816180   237.618312   231.025333   307.354973   427.683041   264.929034   400.251621   358.665864   451.302256   897.617917   291.034033   464.936982   381.772623   383.881362   217.883965   207.366620   337.871947   363.870442   323.061670   207.974646   201.492849   587.820765   1848.710061   
49.000000   274.188853   220.714201   312.266172   394.333617   352.172394   395.687622   441.526102   546.340946   770.785869   821.237328   168.513100   332.271052   239.522109   231.091455   307.733100   428.296276   266.620704   399.433105   358.916957   450.898643   897.619792   290.483782   463.543399   381.032062   383.589148   217.234244   207.071215   337.222506   362.838951   322.715775   204.725019   201.956316   592.528548   1845.562856   
49.100000   271.780745   220.726950   311.527737   392.794157   349.610931   394.615766   440.253830   545.293732   769.357023   819.549238   166.933556   331.029121   238.824586   231.088574   306.375221   426.036347   264.299496   397.953179   359.188421   450.621938   895.625202   289.869322   462.847120   380.168149   381.894690   216.195965   206.306937   336.213961   362.524133   322.555426   203.259428   200.565643   598.277532   1842.160523   
49.200000   271.065969   219.874229   310.653036   393.152128   347.325186   394.483566   437.949250   545.589745   768.057171   818.665188   170.341923   329.487024   236.208768   230.524298   306.014443   424.583919   264.404330   397.537627   358.876563   449.287545   893.884437   289.021166   461.806952   379.713839   382.397611   218.729510   206.387751   336.038694   362.384131   321.732979   203.342312   200.460680   607.227016   1838.855889   
49.300000   270.864280   219.529002   312.782132   391.940652   347.925870   394.538638   438.118616   543.342660   765.595726   817.431768   171.320453   328.962225   236.172668   230.253503   305.287564   423.986061   264.279599   397.015091   357.056856   448.035587   892.381665   288.513345   461.170758   379.090899   379.786100   216.881703   206.149637   335.392645   361.735819   321.202053   203.516114   200.464390   619.001873   1835.738568   
49.400000   271.138867   219.270167   311.405566   391.036554   346.466323   392.702856   436.390956   542.289526   764.472590   815.703465   169.286927   330.858578   236.415455   231.010611   304.637538   423.587117   262.636977   396.055653   357.709774   448.147043   890.090379   288.955932   460.393460   379.523404   380.407076   216.787627   206.469796   335.116518   360.701440   320.551986   202.657559   200.222580   637.021312   1832.471271   
49.500000   271.113168   219.665907   310.757905   390.872617   345.978195   392.653055   437.684075   541.873191   763.605389   813.581030   168.740824   328.211098   236.961213   231.069967   305.526349   422.922842   264.089943   394.994664   356.179837   446.653318   887.726281   288.494976   459.235151   378.405894   379.292144   220.687792   205.922021   334.262752   360.653965   320.581974   205.460572   200.830692   664.991033   1829.526363   
49.600000   270.134067   219.708542   309.331754   389.813142   346.173341   391.789151   435.412439   541.285297   762.472082   812.918688   170.855150   327.314650   237.355587   229.245948   305.767052   422.743836   263.854076   394.328270   356.599736   446.730699   886.607393   289.609559   458.211469   377.230290   379.679718   216.616470   206.105633   333.555532   359.486934   321.542310   205.028268   199.911753   712.086533   1826.074748   
49.700000   269.092084   219.929414   308.242015   389.620834   343.531792   391.160660   433.759496   539.828808   760.229416   810.836925   166.820815   327.649986   234.338617   228.210385   302.761088   422.216451   263.201917   394.092671   353.988758   446.987701   888.037059   291.750033   457.560429   376.923791   378.082403   216.481423   204.104684   333.460789   358.489404   320.665130   204.875600   199.475866   798.140436   1823.483381   
49.800000   268.288728   216.991548   309.128867   388.630284   343.945114   392.326359   432.979851   539.505486   759.750878   810.505621   165.908445   328.139120   233.452301   227.990934   302.087346   421.676485   262.429325   393.558985   353.367386   447.909347   883.375610   298.662900   456.456896   376.697378   378.101309   214.522963   205.256486   335.322057   358.221634   319.998661   202.715751   199.286321   986.123271   1820.499651   
49.900000   268.062292   217.091557   309.585065   387.247036   343.814404   393.046427   432.682448   541.821958   757.064782   808.554509   172.567522   333.872810   233.636880   230.618742   305.321052   420.868199   262.003749   394.448593   352.398791   454.838945   882.256906   329.629332   457.183148   378.794736   380.488519   217.623648   208.919962   333.854707   357.438095   320.314757   208.695896   202.888305   1561.481794   1820.363289   
50.000000   294.493318   219.872155   342.745890   402.912311   352.066049   520.013889   484.246311   646.601543   767.488711   855.816481   323.762909   521.960454   238.617888   320.257303   312.262970   455.278488   274.650032   452.643046   355.925955   773.054240   901.328320   1164.714881   496.050124   512.678176   465.661704   363.191457   384.508299   412.285141   366.945430   430.356904   355.918911   344.608333   10124.500270   1964.707744   
50.100000   269.437102   216.686053   307.633744   386.573945   344.180298   393.466843   431.953860   541.728955   755.176051   806.786868   175.101083   339.048769   232.991694   231.645647   300.439201   422.286761   260.705795   393.057266   350.744001   462.657219   880.093245   362.449107   456.103345   381.379851   378.513424   222.920183   214.557005   334.127958   356.358857   321.928225   208.157629   206.851560   2110.052975   1817.330667   
50.200000   269.000868   217.257959   307.672917   385.257149   341.812444   388.028426   430.739314   535.909267   753.174404   803.862779   168.129509   326.184561   234.516924   226.974711   300.683269   420.641710   260.146515   391.152623   350.309385   444.864036   880.123201   302.386246   454.125732   374.369010   374.806117   214.167308   204.280270   331.464203   355.175152   317.749458   205.120660   197.839925   1102.036133   1808.725956   
50.300000   265.817630   215.595978   305.247351   385.167175   339.962199   386.702744   429.374173   533.665353   751.972040   802.379232   166.401827   324.297112   232.748448   227.087302   299.037944   418.641046   257.668318   390.937360   350.203754   441.941751   877.256230   291.747156   452.772711   372.664487   373.978537   212.525813   203.497563   330.880344   355.058100   315.932632   200.441006   196.895464   840.008282   1804.377378   
50.400000   265.277299   214.726503   304.905136   384.518161   341.256794   385.594153   428.663401   532.711567   751.277514   800.291873   165.105415   323.670489   229.719470   225.850155   298.439285   415.919301   257.175330   389.349948   349.197387   439.515013   875.171889   287.819828   451.976577   372.172020   372.422959   212.902070   202.258224   329.178123   353.757932   314.992321   199.155300   196.828722   729.252987   1801.062975   
50.500000   269.036552   214.877146   305.765059   383.637329   343.460173   385.814207   430.024291   531.845111   750.192665   799.243108   168.614318   323.897992   231.105199   227.139760   301.467704   415.387171   258.807445   387.663001   350.031878   438.561307   875.019417   284.209532   451.832629   371.264299   373.189147   214.342617   201.751018   328.377403   353.685339   316.156768   201.821468   197.216412   670.148044   1797.825985   
50.600000   264.672336   213.895353   302.694808   382.264015   340.309161   384.605087   429.007187   530.978511   749.335925   798.209848   165.249489   321.440884   231.889649   225.389236   300.073478   415.053661   258.869818   387.712829   349.283878   437.662368   872.754807   282.755796   450.439695   370.914222   371.567332   211.365428   201.697180   328.359761   352.394738   314.520902   199.262488   196.435763   634.622493   1794.649559   
50.700000   264.101778   214.053352   302.677595   382.374347   338.832000   384.856425   427.346774   529.757459   748.676560   797.432072   164.187632   322.150493   230.149372   225.431434   296.947878   413.719920   256.669144   387.450287   349.515043   436.674473   870.377466   282.071400   449.333325   370.291840   370.549051   214.038994   202.323140   327.740341   352.477460   313.474171   201.875602   195.647605   611.396835   1791.633571   
50.800000   263.302321   215.165621   302.501109   381.743912   340.829585   383.461307   425.664969   529.584624   745.311230   795.277336   164.626398   320.690035   230.821423   226.650499   297.942554   414.983162   257.477237   386.550798   346.477470   435.208812   869.365314   281.282580   448.913618   369.300085   372.247098   210.555868   201.732970   326.459959   351.363517   312.571077   197.781285   195.040045   595.888918   1788.413702   
50.900000   262.802978   213.892425   302.756223   380.824841   337.352732   382.968047   425.449537   528.311362   745.347745   794.020831   162.882430   320.981586   228.868804   223.266284   297.144357   414.345256   254.901543   385.079050   345.082727   435.575193   867.075170   281.530722   447.932654   369.618805   370.335804   209.586422   199.489110   326.153988   350.823477   311.679735   197.195172   193.908040   585.257531   1785.807218   
51.000000   263.762852   214.294587   303.439779   380.250143   340.871376   382.596620   424.656832   527.999928   746.174006   792.103695   163.145495   319.431960   233.146840   223.571847   297.368702   411.803429   256.949807   384.650152   347.093110   434.611610   865.787893   279.784683   447.282961   368.385927   371.335707   212.653989   200.461555   327.643545   350.464980   312.253006   200.802859   196.772353   575.422806   1782.808480   
51.100000   262.843544   214.124864   301.630142   379.652062   338.481260   381.157224   423.268515   526.565357   742.171850   790.860925   164.288184   319.829284   230.655431   224.724789   296.946450   411.656575   256.188462   383.635680   344.994776   433.498559   865.265238   279.023264   446.216204   367.043635   370.650196   212.196287   199.352822   326.052079   350.483386   312.217578   197.822132   195.053168   568.694876   1779.637578   
51.200000   261.244659   212.373541   300.957370   379.227629   337.043672   381.080206   423.670023   524.846732   744.393836   789.739450   164.357718   319.177068   226.576027   223.400141   297.140859   410.732291   254.618101   383.530853   345.097920   432.521081   863.985171   279.011629   445.858567   366.195348   368.214872   210.501459   199.145544   324.823352   348.668167   310.925301   197.644978   193.314460   563.174384   1776.607742   
51.300000   261.806425   211.830745   299.488835   377.497649   334.095451   380.768348   421.591836   525.077260   739.366490   787.789965   162.519741   319.165032   226.915059   221.508719   294.789386   410.124126   254.262831   382.926236   344.358367   432.115232   861.624475   277.906037   444.554107   365.966907   366.449561   210.112862   199.030416   324.041536   347.765087   312.709858   193.656767   192.794445   557.876400   1773.760735   
51.400000   263.311655   211.915847   300.599566   377.900711   334.324642   379.005619   423.238655   523.655539   742.090951   786.590897   162.209054   317.728454   230.136476   221.081198   294.831815   410.133554   254.440022   382.338987   346.161925   431.411561   862.610853   277.966584   444.906395   365.225973   367.855919   211.883437   197.063869   322.698727   347.454225   311.352384   195.388868   194.360428   553.989893   1770.515371   
51.500000   262.332250   212.766837   300.544165   376.890118   333.974009   378.253704   421.227424   522.447094   738.698065   785.075123   161.069501   316.601874   230.208132   222.646665   295.801747   408.211752   256.769064   381.573968   346.347190   430.042959   859.840978   277.608699   443.348776   366.462629   367.222042   209.422270   197.588054   322.345918   346.881614   311.149863   196.399042   194.231674   550.608241   1767.557346   
51.600000   262.311270   212.721022   299.123463   376.756359   336.942517   378.182575   420.652510   522.087570   735.145592   784.430050   161.858224   317.113303   227.056747   220.697851   293.748742   407.346571   254.364996   381.244967   341.698233   429.899325   857.005181   276.338472   443.103264   363.896917   364.849718   208.552980   197.798147   322.623798   345.856428   308.728004   194.743772   192.225315   547.940371   1764.585138   
51.700000   258.850562   210.447677   296.834146   375.373505   333.034705   376.949064   419.443283   521.225131   734.640994   782.757950   165.867837   316.013526   226.188504   220.306234   292.982535   407.225099   254.434694   380.318655   340.335218   428.662829   855.172586   276.169577   441.900497   363.061416   365.466071   212.600607   197.817078   321.160855   346.088832   307.077932   195.879399   191.529440   545.011166   1761.827932   
51.800000   259.550843   210.377188   298.120475   374.498219   334.941082   376.797639   419.599326   520.179001   733.441899   781.345226   162.576180   316.127332   227.769320   221.193434   292.966964   406.901251   253.786856   378.778246   340.547510   428.413987   854.895858   275.143346   441.123030   362.569719   364.345835   210.824916   199.253793   321.199618   345.098930   308.568365   195.613423   192.205123   542.485414   1759.098379   
51.900000   260.569044   211.374104   297.480201   373.895466   330.719365   375.540662   417.609188   519.428077   731.469435   780.027215   162.685931   314.797857   224.636663   219.817537   293.224260   405.975672   252.115131   378.843593   339.792771   427.518166   852.857739   275.907865   440.379507   361.337972   363.286901   208.144061   197.173119   321.142899   344.525982   307.827581   194.290964   190.956535   540.565623   1755.794602   
52.000000   259.532588   211.685030   296.102298   374.995469   331.190920   375.413137   418.414247   518.354697   730.164565   780.384650   161.232409   314.893472   227.475693   219.818841   290.665459   404.914751   250.511724   377.983713   339.630804   427.808389   852.282119   274.730354   440.526545   360.658696   361.526483   206.378888   195.993867   320.746334   344.825467   310.029422   194.468862   190.932972   538.644811   1753.513460   
52.100000   257.813888   210.907879   294.902851   372.781533   330.119507   374.882881   415.977500   517.407214   729.629228   778.645570   165.853581   314.382855   223.791510   220.806126   291.026414   404.467448   252.380483   377.926391   338.869219   425.600572   850.115906   273.901202   439.316094   361.002344   362.000018   205.443432   196.317698   319.799191   343.236672   306.890240   194.750226   190.556541   536.595212   1750.383000   
52.200000   258.135746   209.313532   296.866610   373.088135   330.566036   374.493396   418.936340   516.597724   729.281105   777.240044   165.713901   314.399345   226.128583   219.209954   292.325015   404.616985   251.926960   377.456828   340.454291   425.516984   848.679790   273.156340   438.472814   359.797987   363.892292   205.692190   195.621056   318.568112   342.471398   306.403635   201.378686   192.459171   536.586566   1747.237911   
52.300000   256.637188   209.697702   294.141953   372.623184   329.571496   373.680518   414.403905   516.378499   727.772067   776.408658   162.598821   313.796476   228.426464   218.659125   288.704307   403.893321   250.412516   376.747317   338.957215   424.922063   847.342459   273.833339   437.975442   359.775384   362.236083   204.877346   196.006684   317.336725   342.184412   307.177582   196.611514   190.114466   535.585377   1744.905164   
52.400000   258.766487   209.852192   293.507645   371.714787   327.903736   373.788817   414.506286   515.764243   728.164861   774.540022   159.158212   314.082560   223.814968   218.132990   288.433826   404.523043   251.603233   375.408519   338.098037   424.285855   846.359536   272.149447   437.071603   358.539959   361.823496   209.676446   196.764406   318.739744   341.650518   304.954735   195.056197   190.305859   532.839691   1742.064298   
52.500000   257.547867   210.078593   294.398384   370.491270   328.080668   371.533985   415.039599   514.247838   726.380480   775.131597   163.424560   312.445710   224.691273   217.529703   288.258459   402.705021   254.613682   375.121067   336.397727   423.095127   844.751953   272.749082   437.100578   358.237828   360.227539   207.307522   194.738973   318.692696   342.062112   305.285484   196.036451   191.070687   530.717075   1739.751880   
52.600000   256.685072   210.737292   294.221021   369.450363   329.696990   370.890462   413.723018   513.874896   725.081723   771.434789   161.140917   312.294050   223.601743   217.949754   291.333270   401.956427   250.986320   374.143332   337.070766   422.359361   843.760057   273.084039   435.954572   357.191616   358.445362   207.901156   198.820997   316.748672   340.699226   304.432807   193.958181   189.852540   529.527314   1736.112465   
52.700000   257.603541   208.923701   293.469380   368.898684   331.415874   370.342773   414.273327   512.617933   723.133204   770.633644   163.196406   313.591441   223.967506   218.907881   292.543201   402.125679   250.240453   374.413536   336.751779   422.103838   843.168614   270.851259   434.821356   356.983517   359.655775   205.797990   194.784786   316.234183   340.521219   305.298694   195.448943   191.365919   528.235276   1733.574142   
52.800000   259.398720   209.809624   292.591274   369.239465   329.046559   370.534393   411.918556   511.927991   724.904455   769.051012   162.044611   311.442671   223.094222   216.611529   290.208269   400.533268   251.980222   373.694751   336.937524   421.472062   840.720775   270.616580   434.339309   355.981762   359.418625   208.291796   194.913260   316.363478   339.696954   307.021100   195.662834   190.875148   527.389196   1730.837001   
52.900000   257.925673   211.977196   294.744970   369.883763   327.862942   370.081325   412.690825   511.629406   725.307784   769.839986   158.864633   309.420351   224.439271   217.963910   286.905340   400.593009   255.963332   373.781942   336.279997   421.757417   839.975736   271.002932   433.518854   355.717783   357.551238   207.290606   199.929894   316.752229   339.033670   304.529277   194.233464   189.126243   527.732737   1727.928471   
53.000000   256.583127   209.173503   292.066505   368.195642   324.924851   368.931287   410.880388   510.147683   721.500704   777.494710   159.260295   309.742556   225.306675   219.272817   286.336205   402.447938   250.235332   372.397484   334.482313   420.690505   838.476505   270.656390   433.982881   356.996655   358.508296   206.812537   194.446409   314.676372   338.174173   301.448866   192.484000   188.749578   525.088878   1725.224964   
53.100000   258.635522   209.174844   293.643921   367.868215   326.041062   369.331344   411.222497   510.176720   720.582751   771.065305   159.331335   310.784020   223.210876   218.883816   286.943581   399.773204   250.827201   371.972214   334.198308   419.656777   836.924710   272.888391   433.061306   355.753891   357.649628   211.550363   194.756284   313.832218   338.153785   304.374734   193.720081   192.310529   523.737612   1722.641339   
53.200000   259.392178   210.554978   295.569962   366.973835   325.802196   368.182783   411.612636   508.993473   721.887891   772.090054   164.493229   309.463045   222.694913   215.911973   292.483627   399.262176   254.517891   371.822882   334.773110   419.089966   834.572080   269.793108   432.438216   355.081410   356.403941   207.696558   193.325221   314.863934   337.508993   304.636065   192.647254   189.033631   521.912916   1719.818386   
53.300000   258.806680   215.069568   290.820289   368.856760   326.361472   368.251024   409.812711   508.291992   717.326826   773.150590   163.513380   310.264172   231.404588   218.895379   286.669405   398.388549   254.656104   370.972105   333.776373   419.549087   834.146855   268.728505   431.219402   355.240862   358.840680   207.241046   196.558431   312.946565   338.274923   302.354174   200.943759   189.328043   522.621540   1717.512129   
53.400000   260.858083   210.623277   292.993329   365.912700   325.483310   372.066370   411.328284   507.969658   715.918286   763.836144   167.395847   310.838463   221.271645   220.451463   287.890273   402.658091   250.494986   371.959246   334.199769   419.731101   833.662787   270.290104   430.950341   356.720118   360.286978   207.885948   195.627340   313.594385   336.838876   301.488997   192.934772   190.035784   521.940301   1716.331249   
53.500000   263.561835   215.178275   295.724122   365.774661   330.869001   366.371111   407.155633   507.611726   716.371290   766.075665   162.692302   311.546905   229.009891   216.412750   285.311468   399.878029   256.401678   369.877399   333.407146   416.084626   839.940618   268.910811   430.903526   354.187132   358.632544   205.680012   192.247356   313.792578   338.016819   306.667522   196.844763   191.009105   520.835328   1712.738222   
53.600000   262.345760   210.525437   292.497232   365.236654   326.291944   366.724161   407.836843   507.507153   715.601063   769.202543   170.269248   310.910893   223.973366   218.025990   286.058541   400.865781   268.040941   369.952935   333.391298   415.810442   831.736663   270.250882   429.091287   353.580639   356.911695   204.670960   194.003064   312.938280   336.599636   303.549618   191.735240   188.633611   521.451906   1709.858634   
53.700000   261.766982   208.847946   291.802907   365.624328   324.565342   366.444828   408.905515   504.535078   716.497234   765.797266   167.902434   312.082216   222.030755   217.539227   288.195339   399.113604   264.369220   367.946203   333.165015   416.414489   830.013843   269.619778   429.551483   352.605857   355.632969   204.624574   198.919509   311.480234   337.340101   303.998015   191.620091   189.310037   519.447891   1707.521312   
53.800000   263.539421   210.370146   290.257702   365.801748   328.640667   367.062816   409.026256   504.632658   712.417766   763.961656   161.604809   313.294530   218.188066   218.534576   288.627650   398.468229   252.878095   368.822434   334.578819   418.034372   828.831208   268.509536   429.258412   350.867261   354.842961   208.990883   196.046929   312.269147   336.015943   299.181546   193.358301   188.104320   520.393543   1705.107190   
53.900000   267.755744   211.396452   296.978785   366.186633   325.340374   365.022036   409.611656   503.587543   717.775040   768.336987   165.055284   311.547071   222.367909   219.754769   288.743427   398.017927   258.293212   368.412174   332.192485   415.033190   827.509377   269.984158   426.628056   352.558146   355.760305   208.313336   198.822689   312.658384   334.785474   300.931474   197.774679   190.769119   521.302244   1701.866367   
54.000000   268.539318   213.882830   296.718571   366.338050   326.553388   367.989202   409.819704   505.125640   715.162005   762.538184   171.966309   312.820738   225.033090   219.891005   293.868864   397.850330   259.696033   367.752522   334.608470   414.767464   829.989165   271.008851   427.654345   353.169858   359.927262   213.319526   201.711254   314.139921   337.883373   304.436589   204.163307   193.804205   522.847026   1702.657765   
54.100000   270.917104   219.645102   288.634256   363.531193   321.938670   369.436300   404.724039   504.964588   712.576303   768.355482   169.236022   314.073260   225.273931   222.925034   286.092289   402.124434   261.728505   369.869559   330.230974   415.427379   824.613854   270.680627   427.012895   351.853661   354.244007   215.641019   198.247086   313.418832   336.700457   302.229424   199.062132   190.716118   520.493284   1697.000725   
54.200000   264.957787   215.319168   292.376530   363.531393   324.925410   367.826096   410.120106   507.269657   710.828055   772.990645   180.047747   309.918633   218.709050   224.359226   290.758125   399.107007   264.416508   368.732022   333.540504   417.177653   825.138995   269.684823   426.325755   353.382912   355.322486   223.756245   200.384630   311.432379   332.942142   301.371339   189.390278   190.416203   516.272061   1696.713478   
54.300000   274.412105   224.568250   292.736124   366.239423   322.964808   366.060167   407.749691   503.626318   716.750469   775.835994   186.531889   309.324248   226.452288   220.289954   292.444606   397.628979   258.784163   368.444816   330.603564   415.544418   823.428767   269.337476   426.157513   353.504763   355.242583   220.478456   197.579326   309.955422   334.355499   301.862313   204.104240   193.359571   520.432615   1695.294999   
54.400000   282.912953   226.503066   296.003171   365.112669   334.242939   369.342745   408.012088   503.181519   720.685921   775.897918   191.943919   312.999061   226.763380   232.673806   302.291902   397.920915   286.934648   370.401865   333.007934   413.359109   822.706600   271.661631   427.941684   356.292319   361.182211   219.814499   200.458813   313.231573   338.869784   308.091750   207.245185   194.247579   515.715021   1692.229723   
54.500000   276.649923   257.915360   296.684990   364.828793   326.590819   368.673569   406.327159   502.481285   717.692064   765.502081   183.393571   312.948338   229.958396   227.092725   292.907631   394.790633   290.409269   371.687813   335.406704   413.963852   820.225169   270.925652   424.126459   351.008591   353.935759   230.388280   220.893712   312.611263   333.860471   301.713606   200.508234   197.108561   515.111106   1688.888532   
54.600000   282.100318   234.424040   296.887120   363.695563   324.953223   366.133334   403.440524   501.343452   726.468528   767.154930   177.908660   313.875631   235.853609   237.800348   287.674028   396.416739   283.182478   369.430086   336.885986   413.903874   821.474828   276.442597   425.754576   352.363859   357.146653   220.011262   219.380724   312.617789   335.794451   303.455445   203.025530   188.088933   516.548451   1693.495792   
54.700000   276.402604   220.619483   287.253093   360.336543   324.450571   363.877415   404.778044   502.576819   722.279202   764.954854   171.964636   322.008849   240.201545   221.917857   294.517499   397.313918   276.910578   365.283448   331.059020   410.848521   822.862066   270.109316   423.688327   351.380542   357.501648   215.209325   204.321926   308.028390   334.866904   303.130939   208.812028   191.993112   512.243478   1692.046591   
54.800000   279.103698   230.353323   295.903087   365.464280   325.947713   367.112453   409.387047   498.547797   730.908627   774.337353   184.945711   308.049128   243.446635   227.751945   301.096172   417.384974   287.533114   369.379382   334.690295   413.955700   819.611433   270.842972   424.178883   352.085963   362.453725   227.275187   201.413172   310.068508   337.030409   311.352683   209.470443   189.135615   515.164541   1681.324368   
54.900000   298.549293   265.569242   301.964152   366.799959   329.483558   364.206423   408.360519   500.084170   715.105067   773.468537   183.365468   306.434523   237.723466   235.694681   290.893982   400.188795   295.142979   378.375384   335.397068   414.211181   818.070975   277.426002   423.565768   352.271224   356.491139   224.044027   215.390448   313.866876   338.373751   306.300709   204.447306   193.792473   515.150029   1683.791410   
55.000000   291.909704   286.437960   300.261867   376.746156   328.226044   367.645925   409.439203   505.596011   728.073585   789.469165   171.301813   308.162917   227.361397   235.250709   286.809302   406.320646   289.188749   374.492687   335.171264   418.239807   815.712384   274.615104   428.053243   357.757492   360.623645   237.003449   215.189437   315.653505   337.489428   314.217773   216.504618   198.023761   522.043006   1681.315339   
55.100000   296.048851   244.220689   300.645976   368.380425   328.283881   368.103145   406.518131   507.674671   724.422586   801.823696   180.882629   311.151628   225.587307   244.707653   286.652028   405.353165   310.943567   370.389452   335.659696   415.323637   815.624120   269.288209   427.276683   354.443415   361.185883   262.115207   211.770969   313.890604   335.758847   313.463263   208.341816   197.244710   518.277881   1682.697939   
55.200000   274.939366   234.304542   291.864920   368.046926   320.214831   368.341718   409.125542   500.338912   725.197620   801.428882   184.438701   309.288984   241.124586   230.693868   302.141582   407.532300   278.329491   371.435834   328.268044   413.961174   820.637112   269.784855   427.753582   351.007771   361.635117   221.596208   214.767776   314.188554   334.871394   313.697134   208.664169   197.840884   516.710519   1681.253559   
55.300000   295.745826   235.309875   302.921222   361.935565   328.290200   363.415514   405.584372   497.361981   729.702495   796.250835   172.234048   309.888942   237.449017   241.558642   284.380372   435.897653   297.110372   367.249016   341.029468   410.932444   819.696964   279.088879   422.526337   346.014643   370.337580   225.734423   207.678833   309.345459   331.807888   322.290762   226.144147   212.341138   517.360175   1678.905920   
55.400000   312.555111   302.941344   302.665048   385.148691   323.739335   384.550334   410.684261   507.658830   716.900842   808.526855   207.181905   336.119864   251.932624   248.671913   290.750447   427.594925   305.615384   387.981907   331.769899   428.638572   818.140745   291.463687   431.388403   366.635775   378.384094   259.992937   239.999748   324.966063   352.182510   324.619254   254.500527   208.562591   524.294360   1677.579127   
55.500000   322.701281   279.050463   314.062378   372.891955   345.038051   371.387599   417.964155   500.227391   732.521809   815.057358   197.033761   339.773207   248.242032   236.276900   303.035487   431.655107   337.627236   373.355006   353.277023   422.745514   820.738872   283.541673   426.379634   355.084226   390.553487   250.662244   227.895095   320.519466   338.355157   339.444673   232.109114   211.634224   518.197185   1681.037150   
55.600000   293.051870   246.681329   300.535948   364.656867   322.716309   367.333785   409.649389   508.369727   724.406930   777.163491   199.166107   322.278466   234.663276   236.643868   286.152794   406.540766   271.015938   368.285836   333.977258   418.977087   814.483818   292.400307   428.753506   354.755463   376.503280   262.221505   227.531508   311.279758   336.259171   323.447984   225.956009   203.631341   515.944458   1677.909064   
55.700000   318.876129   248.782096   300.773818   362.694199   330.767412   362.093369   419.518615   498.359273   731.229853   790.300364   208.725914   344.295248   244.431239   234.503262   316.075943   399.053038   335.106302   366.126514   339.174011   413.069561   816.345389   274.920833   423.451423   354.730454   368.008595   255.148939   225.196183   311.583231   331.618140   310.935951   229.743064   207.793049   514.667866   1661.665220   
55.800000   332.566389   278.253471   303.963766   372.996281   329.515631   380.010224   417.133475   504.775996   724.306977   799.462020   203.106937   333.145101   255.258750   279.707491   291.349382   454.103641   314.914028   374.022885   331.354414   417.362410   815.774776   282.135169   432.131987   355.363203   363.634141   272.909290   262.012339   316.965651   339.116221   319.123436   219.377212   213.979494   519.019947   1683.583904   
55.900000   348.687411   296.826582   321.617793   380.116662   342.089856   371.233359   415.192614   515.601964   730.953097   793.291404   238.675566   351.777469   269.541280   295.617264   316.802464   432.447167   397.701551   375.309914   354.125074   422.748498   811.378344   274.579134   430.539716   359.717866   368.233154   261.661252   273.459734   322.199884   345.338223   327.989007   231.350452   208.972889   532.194164   1675.829237   
56.000000   368.267138   290.176543   306.034902   378.682529   334.625366   384.351195   411.693158   518.093504   742.823607   840.337648   207.244504   325.917681   273.952696   276.853239   308.193847   437.556816   325.570199   382.799489   342.203014   430.370463   810.373294   291.563273   428.438497   371.839860   382.623757   312.580968   251.086452   329.974139   352.810283   338.661431   258.698561   218.988055   536.630611   1684.913829   
56.100000   357.566747   292.138031   308.641655   366.600305   333.182285   369.880733   422.878226   502.828169   751.813678   812.665332   244.694947   324.792219   274.207519   252.028112   310.458020   439.681507   339.470435   373.617748   342.423521   414.807385   813.211518   282.931389   421.240648   352.271514   376.934426   329.448567   228.282645   314.993908   335.722355   324.483350   250.707882   216.493116   513.183785   1695.586158   
56.200000   399.928945   348.299292   317.267375   396.738437   335.327588   396.897528   416.195153   525.456518   720.561314   844.247777   213.807599   365.911507   272.735948   272.075991   315.839727   442.094419   423.640664   395.698196   341.471432   441.391026   809.956404   292.737847   447.277162   380.594424   404.014036   301.242153   280.167808   337.564057   354.189955   368.689298   312.824272   247.955623   545.677846   1681.431991   
56.300000   402.802713   260.878351   326.971712   366.781517   345.973521   373.556269   407.534679   516.253041   759.927397   833.779275   235.063337   346.283714   274.973905   258.940994   325.648766   450.836120   368.805161   370.358002   348.695039   421.688258   819.556058   323.073705   430.755938   357.355966   380.658183   306.537325   233.589274   319.705687   338.519927   346.067654   275.887768   231.716346   548.590986   1661.977414   
56.400000   431.450844   295.284497   336.141198   389.764228   352.948566   385.201199   431.044150   509.905915   742.539497   905.052200   240.688434   359.123024   275.380051   292.097967   343.547474   437.130875   399.722868   400.124121   358.141901   422.552043   812.121338   327.016856   425.119631   374.278680   416.067640   291.939028   285.937568   347.800384   361.289052   381.242374   304.915789   258.394855   523.185461   1669.270061   
56.500000   368.575733   317.874952   321.453891   394.877284   342.902603   391.056085   421.872475   517.216176   721.873154   877.262882   276.164775   348.528028   269.955452   339.066370   306.034753   432.313155   390.325678   394.861190   350.722764   438.756035   819.040092   287.938684   437.645160   361.100155   418.444720   335.968072   290.953115   329.307776   352.570377   389.002192   316.841528   281.005550   550.481286   1661.768769   
56.600000   426.015248   315.890220   346.508898   391.936101   358.563050   407.803462   441.649965   532.786044   722.863504   859.024647   325.206776   365.498163   293.756265   310.959713   335.580038   412.501846   364.131788   386.994396   372.823822   441.787516   818.774761   294.637808   445.404117   382.183762   384.616737   305.173768   298.526186   341.312635   366.389477   337.309410   247.664828   258.232860   535.933162   1679.085809   
56.700000   394.910710   357.293192   325.391559   402.313467   347.294975   411.675355   432.112825   535.620660   755.852556   825.964508   240.377478   348.171174   266.661137   330.004020   325.591070   459.030439   392.233252   422.588566   360.059516   461.182380   823.320944   328.097613   460.680389   406.786408   411.036522   301.441015   314.198448   348.503029   379.557209   397.648013   354.169105   271.550763   555.688651   1677.621427   
56.800000   418.360767   367.874616   341.453712   414.253992   378.550563   404.199106   438.468633   530.458287   801.987545   814.263698   259.275488   384.392566   274.274515   335.564930   330.009628   513.672118   422.813720   414.620387   389.034775   458.231714   831.237412   356.589077   452.065343   411.921084   476.780134   349.982528   320.934892   358.376911   388.175291   434.016276   336.314728   273.712558   544.960912   1664.347739   
56.900000   430.345430   324.851763   322.661518   385.578901   352.562656   390.971807   420.903474   528.898461   817.544692   877.388308   317.892249   375.806634   263.672687   289.906415   335.134568   471.374572   425.169371   378.506693   370.548263   442.560826   833.641615   319.012738   463.012403   379.711530   388.754290   327.406777   290.011608   335.949479   346.836391   358.424290   305.604197   252.239775   543.100226   1667.086102   
57.000000   521.031451   286.477775   380.266807   390.763172   386.947238   417.570538   456.905577   538.095235   773.864070   880.939859   235.264160   371.924006   284.068635   363.697051   358.127283   527.870890   486.206159   385.497205   386.744881   469.015182   839.997802   366.188362   465.778808   418.252826   462.663292   420.703674   326.836619   345.342463   359.588050   429.182309   336.350850   300.037455   558.244729   1697.990371   
57.100000   419.620267   365.102831   339.336424   400.528771   366.583452   400.262085   454.028461   557.273188   714.621250   881.933744   356.628043   387.333837   276.395607   313.885810   320.400930   489.027035   387.431767   396.944261   367.449692   460.329923   818.492444   320.114001   455.969368   400.449539   400.653714   388.501369   287.792940   354.168145   365.974844   357.623081   273.223642   240.937196   528.849001   1656.015441   
57.200000   619.902735   451.385384   391.531007   423.014351   374.556562   409.751097   434.195586   521.419528   775.347614   1030.083359   245.259907   427.185294   356.845006   386.129032   393.238883   445.257947   612.553605   429.749655   382.113176   454.964657   824.435802   328.219450   444.276369   397.337525   464.160429   490.952737   410.964664   350.491691   391.617292   460.112607   442.543203   283.350080   556.261039   1675.661105   
57.300000   579.924422   459.495158   371.993385   392.381789   374.676669   395.533157   447.137716   548.303534   789.222011   867.458387   305.574436   389.976721   321.883598   323.944247   331.739449   476.791908   571.922340   397.555850   377.586523   474.074805   816.663263   329.791833   462.517355   423.559523   475.780785   402.474391   306.184642   336.176065   377.308625   405.938584   382.012285   276.075739   554.083520   1707.660108   
57.400000   573.112682   449.238902   363.527021   410.152822   389.388603   401.759476   426.606878   511.904093   812.109106   842.723404   337.939793   331.469742   314.446543   336.586503   373.844627   511.153141   597.294988   412.607159   400.632634   432.793187   820.581685   336.308853   433.981220   380.139866   438.487207   406.070703   368.668798   352.699322   380.827566   397.927709   353.125769   281.144386   525.780178   1714.854432   
57.500000   814.853304   531.075921   427.991835   420.855549   377.867653   414.042586   420.511474   523.152670   785.897787   998.753622   374.693428   451.383713   302.631987   425.390882   370.537289   488.364527   775.773983   433.895590   405.552102   450.102022   815.299038   390.778336   461.690364   402.652626   398.037880   373.754272   404.118538   376.770084   383.924368   373.933960   375.764783   267.571304   587.823417   1708.576159   
57.600000   566.279586   532.571172   395.654534   473.093355   391.414419   447.854145   469.966918   545.779772   766.501467   1043.783377   313.672690   439.160792   344.571552   427.035733   416.530979   461.572901   484.499615   447.517317   389.217536   476.946092   816.737649   306.785785   476.242613   417.845311   449.617761   432.725084   424.362138   407.235724   420.651066   409.586039   319.059298   296.465211   569.825042   1680.192089   
57.700000   596.324316   490.514594   402.264088   449.072605   378.994994   457.252328   430.954368   559.819691   787.864544   1047.351845   370.018092   418.193025   323.001746   415.656717   364.022946   577.727190   464.896111   454.148854   408.625319   485.925100   811.990682   352.911854   463.452503   421.446545   487.932984   495.824495   415.841442   392.573266   424.349657   423.912532   344.141739   341.815134   583.140880   1676.562657   
57.800000   518.323056   476.201596   392.885296   439.933010   377.913189   425.685659   452.933570   558.627781   887.581849   1182.320870   390.616281   466.865615   350.042075   393.206692   358.937183   517.418276   616.847729   485.699383   385.207743   461.597202   841.041542   367.387303   469.096725   417.313674   428.570579   466.736843   394.398903   383.232191   419.080035   399.574425   311.450091   279.121774   592.203296   1776.820367   
57.900000   688.376732   453.235406   404.555368   447.096811   411.658192   466.993324   479.065554   591.622115   810.526730   1192.127314   422.375122   400.506252   342.768117   405.567784   383.176273   539.127962   678.740863   457.699552   434.472560   522.186025   860.585360   361.361264   511.747986   471.845104   500.396738   493.033756   359.349959   413.646955   441.519974   430.195000   400.762698   312.638821   653.098000   1666.469243   
58.000000   688.481435   716.660417   469.101819   507.335965   439.108675   493.649375   484.489861   572.331394   770.679356   1145.964607   347.181840   419.206050   396.394012   465.401148   429.811171   531.960350   803.856231   516.229062   463.837131   524.214992   822.803644   417.728717   505.437024   482.329040   541.627457   520.292148   477.361998   460.182411   477.188778   506.895501   435.197176   310.982890   612.366511   1723.919685   
58.100000   604.294708   743.522908   416.945285   515.178674   443.308953   500.567323   488.638135   575.130396   762.999801   1169.635714   366.786934   528.671427   357.856248   518.335036   462.120666   595.291514   764.675041   480.084065   477.000810   508.828351   864.107666   364.659808   506.965340   473.189469   568.894481   495.416829   469.840726   457.610517   453.979476   516.364442   467.043943   322.424221   656.791792   1659.727378   
58.200000   619.365312   615.799414   390.441336   522.175942   367.726779   460.069831   422.091729   569.138819   881.900090   1190.447198   368.179316   461.628448   383.255450   479.556710   389.128497   593.279782   763.539599   500.128066   393.212071   483.880421   862.608495   454.158178   479.924587   447.494875   457.217284   495.172961   457.367165   427.058458   443.702430   433.975125   348.358796   313.717191   615.001494   1664.569029   
58.300000   582.692505   489.203354   420.225560   458.625734   435.709540   447.753794   481.293531   541.523673   936.937638   1123.123550   490.512128   518.473913   379.800606   460.148251   416.499190   601.336344   544.059977   462.617865   423.861598   488.305844   832.400330   358.522257   464.958735   454.825506   476.499324   645.555282   455.998062   402.358808   419.701659   495.767596   376.832825   292.185061   589.350003   1739.922408   
58.400000   667.296584   388.572563   398.102295   404.387949   407.995595   401.051507   518.416898   530.670375   866.134605   1337.870787   464.663270   465.883410   492.812147   372.311972   424.982268   675.644115   667.580783   404.404098   403.932184   441.842775   814.741739   405.128920   446.507367   392.991097   468.244774   571.442304   336.200290   349.724088   362.590872   430.784457   411.290356   335.140482   559.646951   1850.631578   
58.500000   760.978666   577.054600   429.449783   440.120277   426.488084   424.578104   490.766419   571.906264   907.552013   1144.976137   543.837309   496.815349   421.951244   430.047058   470.894458   590.209617   735.418678   463.914049   441.186840   484.493154   871.177453   421.647783   468.965126   429.549514   523.118443   498.183968   316.897981   376.437031   399.894386   469.735915   482.722415   314.171507   626.614847   1785.833007   
58.600000   816.430542   471.597540   472.704815   420.601430   468.713912   388.476194   506.752183   549.149860   927.316970   1089.452438   451.546797   636.448018   454.803451   545.667323   503.214201   564.831876   762.354917   408.001957   476.021174   454.017915   927.173952   411.329043   443.796295   390.968090   508.201577   577.957810   459.817556   354.619928   346.807674   430.418172   376.538286   415.128600   608.856206   1807.811188   
58.700000   681.241993   427.725631   385.951150   465.426314   400.232226   451.639841   471.757780   590.383774   908.310693   1151.764719   364.333925   597.907506   446.377049   457.486778   470.630043   781.452221   632.732752   472.160687   389.106504   472.413289   821.579811   453.113916   496.015561   412.578927   419.319835   600.156475   417.106311   404.605744   431.105935   365.453450   357.437022   283.775687   600.476729   1720.039050   
58.800000   693.877253   628.084865   463.683720   463.284364   424.076140   416.947508   478.130169   577.076153   909.439838   1237.177992   431.920090   467.715455   384.533593   503.694095   401.409775   592.548390   573.920723   456.668482   427.468108   453.276035   847.428596   396.740903   466.635451   404.783164   461.359889   519.273352   436.983719   394.963082   410.261445   420.807218   411.366318   278.927941   593.519791   1733.124124   
58.900000   736.715146   521.178573   497.439675   515.886575   469.172986   497.481591   508.256955   562.011053   948.450590   1201.864890   557.783619   458.501650   557.201700   429.431616   459.984411   564.494126   668.464454   512.617959   495.738085   497.042751   891.223238   435.746854   501.172026   459.134159   498.608679   524.962648   425.313700   455.868550   459.798067   481.056940   424.090202   362.658946   673.022899   1809.849951   
59.000000   805.697509   631.103475   455.737625   472.029059   427.026028   482.869864   470.013884   593.428879   1026.986128   1220.019462   541.894804   525.954065   500.903109   592.724775   450.258237   523.830765   675.950684   477.697174   421.472592   553.831889   899.360218   530.300614   522.702619   491.805140   540.914070   682.713308   574.688009   430.241964   446.261336   511.206239   546.088645   382.169562   646.765252   1800.540911   
59.100000   658.222596   661.440948   393.589326   484.118921   449.291041   502.576968   541.317847   620.912711   843.268637   1085.311040   475.986833   595.348996   426.489862   529.862949   512.733504   637.169652   665.916513   468.858268   408.078199   545.090464   856.534719   514.623748   526.290558   448.297684   522.009865   589.072678   526.289893   420.458422   435.922014   456.364964   458.223082   311.846999   720.898780   1881.622516   
59.200000   928.090191   524.199057   414.791576   482.043918   416.512813   497.287886   494.741878   645.800750   893.340237   1405.146094   521.619603   508.562059   426.768000   449.365099   491.050689   603.169559   703.742261   508.274798   404.453440   493.035692   845.931223   389.697041   500.292221   448.339833   540.379683   708.696770   436.643525   418.267706   446.953486   523.935573   564.544541   353.189366   615.861698   1803.952956   
59.300000   747.232751   595.853362   475.805947   460.449910   500.445971   533.928616   562.297688   657.700925   1034.634483   1586.287461   540.369715   689.438213   493.273302   501.599611   512.641621   672.607128   616.087658   483.313558   510.372783   593.158005   857.198802   441.987958   565.917128   555.775629   541.240570   701.518058   524.967095   424.423079   469.936171   488.982342   451.108716   393.001925   636.033014   1782.929323   
59.400000   918.933875   810.224768   411.731276   558.892735   475.699427   537.229960   548.541475   610.267641   932.501478   1211.011494   527.990838   648.434898   432.528480   692.639430   489.111010   611.052485   850.426034   547.201548   503.501300   534.449826   893.808700   467.247438   537.660245   559.702716   513.823389   593.814555   761.733079   460.999397   520.489192   526.129789   437.663078   391.136306   721.624818   1842.614824   
59.500000   1070.919273   558.783502   535.571674   440.209777   451.771356   455.772098   523.319798   607.231121   962.670699   1024.630317   553.259055   419.679372   493.240771   541.056577   546.406791   686.732248   920.562873   454.940423   478.256020   516.565818   893.093333   419.224032   530.916436   451.322457   557.598674   692.132521   504.609180   379.767395   397.682883   518.950338   526.586516   354.651292   649.558177   1772.009080   
59.600000   1085.379441   834.515489   489.868109   462.853970   402.854435   529.165391   479.589786   648.874177   946.268575   1300.370213   663.123979   594.346992   537.045251   470.293055   550.630952   706.909255   1176.051821   477.085517   436.293678   588.741187   865.870925   526.379363   558.952623   504.510869   531.921288   583.206711   488.836079   437.573873   477.934179   472.501471   521.013777   388.456081   671.247341   1849.512517   
59.700000   991.812223   785.720613   517.456230   541.729488   507.369757   485.108929   561.280016   603.196839   973.620982   1200.305390   720.767146   444.343046   509.073484   472.150511   453.059857   831.944250   1009.719959   547.242880   562.332690   489.070168   964.403975   542.074778   485.759069   465.626061   617.962290   654.648866   478.517958   438.441468   485.613060   646.588262   746.858929   476.745328   650.404027   1848.582449   
59.800000   840.872159   824.137936   446.735222   536.731649   433.804437   509.366841   559.976395   639.295144   853.149155   1345.204742   581.886397   730.994407   478.876049   661.454192   498.601043   720.516407   870.849852   521.735871   448.200290   549.950396   900.829100   516.120578   510.164967   469.800927   552.800531   773.304187   597.273042   453.059822   481.480210   560.206724   597.779241   358.217030   691.345403   1733.749530   
59.900000   810.691122   805.558748   566.912119   487.812282   498.578638   500.255418   543.584096   671.198156   1033.107242   1803.697468   577.918521   679.182647   565.173505   548.917828   461.360945   769.401309   1117.853425   513.326222   573.376119   569.453499   956.383480   478.080614   511.348040   501.635734   550.386270   1064.106140   494.744245   428.622876   495.258312   540.367824   695.634680   504.374586   693.163118   1786.142293   
60.000000   1276.265980   601.480943   742.339428   523.801876   575.647499   471.480785   650.304861   665.273204   863.037611   1479.199043   542.790191   558.632115   605.314829   421.105928   544.735748   906.398075   1098.763180   497.160872   633.514668   541.371059   946.082947   584.489422   557.364810   495.759475   693.918339   630.566054   493.273993   435.912251   443.169696   696.654814   801.307887   462.321001   892.992654   1894.870611   
60.100000   870.591516   851.424073   592.945823   505.613690   512.529295   515.824192   566.683470   652.702247   1186.882062   1755.969689   507.999578   562.585655   612.890545   561.466216   591.006363   849.291827   745.848876   555.817964   566.748042   577.837753   882.439923   503.792137   544.622536   503.784451   741.977402   826.770152   668.300507   449.945495   439.895222   577.891699   605.302048   460.561136   818.261131   1980.152274   
60.200000   1081.241816   785.765526   651.817349   498.011998   613.879130   478.298524   601.846679   630.176943   1103.984739   1340.726400   848.468001   590.777683   660.253029   575.859497   543.184630   891.139757   1072.886572   479.220508   588.193547   518.832940   900.833369   540.978901   517.223651   475.530740   690.992744   1219.331520   656.255491   428.927534   425.588631   707.361716   624.486933   477.477455   762.071155   2039.286032   
60.300000   1210.730277   1014.095779   552.759134   727.590535   517.272101   659.328020   552.534926   681.369861   1041.609620   1464.296660   606.567429   579.417961   543.409459   674.826657   550.756825   1100.516107   1289.403874   742.097158   564.434030   636.126945   863.621300   556.377196   593.750483   637.426716   813.958039   894.026916   813.422729   641.448982   682.171043   909.142337   933.431797   649.068512   798.011667   1964.044186   
60.400000   1268.687775   918.656715   645.824481   665.443224   539.378141   644.084854   589.102969   756.694324   1003.166063   1304.194063   628.678614   827.379198   743.115458   642.256058   551.009714   1008.000283   1220.278380   621.105086   468.656724   683.431153   1021.329017   560.869005   615.904932   592.935160   828.419558   942.327586   672.030545   581.697228   582.005756   739.705697   855.871644   611.037708   861.843704   2082.276517   
60.500000   1010.130452   858.024487   662.006540   693.190481   602.874305   616.340202   669.751237   743.159292   987.155118   1583.453175   623.623646   864.967054   797.176139   638.373907   740.947128   817.764672   1120.203979   751.122264   586.143973   714.845461   946.865618   596.512053   647.959168   662.120775   771.940755   1089.498655   544.963584   585.644846   685.181800   727.122803   715.297543   425.886288   723.116452   1756.631725   
60.600000   1227.504314   938.870273   575.718556   516.383012   534.644192   487.799839   595.041539   633.594423   965.945757   1597.107791   675.507213   731.049619   642.076027   682.001650   745.357408   594.070988   1195.296103   509.813475   545.724190   569.848349   924.030985   462.455811   538.166343   509.047624   661.871255   1185.288363   626.519566   440.365975   461.096388   597.144391   565.926231   505.783724   695.614454   1924.865680   
60.700000   977.047184   1317.257927   592.256423   758.984829   740.224952   690.733171   725.439151   833.603377   1203.730729   1405.195194   616.154533   732.575491   546.296458   881.731258   745.081803   1011.419796   1213.512055   763.915835   737.505715   732.288972   978.460746   554.381909   716.615765   678.034575   857.875568   1391.487088   908.063059   651.451130   630.090062   857.933326   933.679432   652.537294   729.615198   1834.601236   
60.800000   821.194897   1141.192421   530.178790   573.748936   557.591363   570.482814   653.817884   751.435827   1091.043352   1596.479328   1236.384103   722.756112   645.637934   629.971740   743.480289   901.366598   963.199389   570.314223   535.588086   672.137583   915.107060   560.124007   653.275061   626.334389   822.464984   794.673660   677.254154   501.520516   538.389239   700.868583   596.006515   489.358938   689.704723   2062.279829   
60.900000   1370.106569   1101.664063   789.369489   622.172184   741.105766   599.144541   712.252949   787.597385   1114.093757   1426.016463   737.591508   790.385776   686.382529   720.715165   727.061709   855.468148   1231.632538   646.388828   828.770836   606.054230   987.005252   643.501262   634.607580   563.415712   823.004639   1025.284763   802.615438   557.668451   611.188973   942.442600   837.009440   743.629306   830.261860   1910.503105   
61.000000   1283.271172   1181.910744   768.579962   869.674751   747.916217   768.375760   694.536951   858.371020   1205.787848   1430.488800   844.565874   817.629529   575.652631   896.352051   604.656107   839.358777   1381.654705   901.314329   764.369424   758.586130   1085.481502   662.016506   730.404853   696.383416   807.298470   858.355129   894.638708   718.059739   769.647981   829.838863   688.368056   708.275690   930.954969   2047.417796   
61.100000   1502.393504   1284.078595   877.945946   713.996501   714.297561   564.532656   659.028045   822.053432   1307.496315   1585.769922   847.900115   940.709786   823.929641   897.616482   735.598774   983.615052   1749.151741   605.508342   783.929376   600.002420   1094.537861   642.806168   615.388681   512.042481   821.769389   637.335906   926.281434   590.419953   616.651606   807.094630   850.769426   590.375927   864.648751   2602.782395   
61.200000   1120.616050   916.170355   730.619248   683.882557   839.292575   630.522967   765.925480   729.237796   1258.723524   1267.493830   928.550313   811.689979   641.201598   618.694729   854.241117   901.759464   1307.406783   651.515420   751.851717   620.398829   1152.030238   560.434259   655.234260   581.961474   716.547775   713.835974   691.816762   598.813778   579.230325   682.469024   562.990539   468.429615   847.678083   1967.703884   
61.300000   1126.548323   1135.365102   725.710102   855.729802   781.144952   834.499234   730.523203   824.755773   1419.527662   1281.286034   804.115953   936.066369   713.850586   1191.674843   744.092844   851.992697   1156.111705   829.908379   767.689307   827.324326   1120.712771   650.449434   800.107136   799.043409   1210.755104   1023.660780   1041.937383   779.806409   804.918392   1379.379053   1137.826031   919.108080   773.457038   2059.237340   
61.400000   1148.051593   1159.022137   748.170701   707.876117   752.847913   689.328962   779.301069   837.964851   1249.623888   1825.265910   873.059256   1035.517884   943.791699   1054.886895   642.606435   966.541616   982.069479   760.061048   750.139925   730.803525   1133.949782   756.308620   728.278568   666.904425   1150.844003   1049.423779   851.324506   644.419132   632.506788   1050.793119   1101.181616   835.597971   826.624851   1790.837309   
61.500000   1099.764235   1174.489972   662.902467   765.573567   711.124057   762.007933   738.845905   821.934248   1565.587462   1817.137727   942.434221   1167.159772   920.696559   742.117156   742.658640   1299.268527   1161.280636   746.648917   637.841014   732.019762   1145.160379   630.554502   719.044942   710.485919   1035.186497   1144.836299   672.540800   649.967636   715.273433   1084.853771   1123.004115   717.976741   924.858058   1824.403354   
61.600000   1330.696980   1206.953507   668.074537   915.679434   715.272330   785.622527   784.092718   705.312767   1178.173409   1785.109380   1061.627206   879.081399   812.920753   802.899525   839.045418   1017.801913   1088.213114   963.171393   726.842287   731.582271   1133.627587   543.623967   716.959487   784.583469   1006.965916   966.410286   732.756252   765.318028   819.419534   1128.938803   1152.231754   625.808329   827.736101   2036.275880   
61.700000   1339.908889   779.118933   818.587013   780.877562   696.745458   857.077598   763.922117   916.668603   1167.031602   2223.071909   934.141883   942.423947   877.092558   1018.244126   634.772757   1077.849201   1422.055894   912.434879   838.582387   867.175940   1027.782712   625.797384   806.905974   870.036595   1238.660737   1314.378648   888.832852   724.868920   865.143466   1177.584851   1120.415928   943.775205   796.487950   2326.356046   
61.800000   1598.095788   1252.628315   768.542916   889.641620   617.506257   740.080778   688.784208   734.153445   1359.407371   1763.115682   1164.491148   898.640128   818.208372   930.707225   769.614902   1243.887582   1718.655490   922.782560   668.889450   794.842835   1016.932814   637.822944   727.751242   743.472964   1160.787053   1005.090449   922.026503   701.145549   764.980550   981.403038   899.591332   863.357571   928.162603   2339.052397   
61.900000   1203.743045   1295.647146   638.567280   690.423978   672.835580   622.440631   729.755043   808.098647   1379.877604   1965.067103   949.993780   863.714553   748.082838   1265.158337   767.703497   1283.611902   1306.280943   668.018803   724.676712   637.869294   1049.754850   989.390424   699.500504   591.248057   1009.958909   1402.293144   947.720941   633.302063   611.323891   991.593105   1056.074962   761.275492   760.227106   1856.141580   
62.000000   1413.656052   1600.777448   761.215054   895.718068   795.190941   717.142418   906.636697   780.215207   1375.277978   1616.555055   847.640162   790.663162   685.795691   977.043370   686.304313   1420.077319   1692.541502   851.806948   781.681421   688.244382   1107.807127   721.082479   689.059595   618.984417   951.402216   1263.153471   998.481915   703.758562   689.201081   915.776666   995.355560   845.479846   851.113495   2258.241150   
62.100000   1856.260848   1473.024372   1176.282890   840.407311   1135.264049   744.016041   996.168866   895.965698   1641.148735   1920.301443   1225.520292   1053.107140   1193.165102   916.471986   1208.270342   1044.140921   1967.260364   816.110543   1018.429757   729.220434   1173.845419   627.722309   749.693986   674.641470   1310.364817   1654.707107   803.636936   668.251815   654.943144   1310.789281   1392.958907   891.060042   841.882476   2354.381873   
62.200000   1704.501585   1627.252033   806.289286   992.100885   709.340169   822.493004   641.214524   860.563289   1161.564816   1628.417534   940.670509   750.805259   645.251892   809.878154   919.093812   1284.253459   2016.326557   922.382984   662.371385   781.935140   1019.732006   722.953887   759.122370   777.131836   911.102601   1131.084954   923.849268   754.290998   821.535361   968.189153   1056.916318   660.154899   952.269739   2007.903478   
62.300000   1521.330436   1587.255779   824.960102   762.169043   827.163351   706.098460   828.610065   663.815595   1396.369955   1365.087827   1032.686831   946.864437   835.964399   796.674523   797.715226   1105.136941   1669.883538   766.942787   798.374426   680.188653   1029.420181   654.971159   613.621091   647.636883   1028.073792   1279.767644   850.479257   612.193565   668.220393   1071.274128   1158.233027   814.721021   953.157222   2385.187648   
62.400000   1300.840160   1963.243124   891.427148   919.769473   828.503288   764.984573   874.108494   780.873476   1343.921470   1763.273290   1218.769122   932.199538   674.753185   887.453949   829.364926   1544.225365   1531.762450   898.359341   716.717009   713.664249   1221.514863   772.310738   703.196189   659.327694   1075.857680   1296.731400   1262.529125   740.629450   756.958975   1112.594531   1157.068180   791.172177   938.636510   2423.629346   
62.500000   1568.273151   1647.823923   868.281846   900.563462   817.677502   746.065715   800.998407   858.240258   1432.899676   1712.892853   1474.189954   1197.114928   888.296156   866.722630   628.687987   1400.034331   1770.078753   854.667578   869.519038   681.795442   1155.085263   841.033627   682.882942   625.633060   971.659087   1167.888508   959.073860   768.144338   703.449750   1071.040123   1100.792992   717.696867   1207.910317   2427.302391   
62.600000   1353.763868   1329.058521   625.387132   769.484275   579.942335   739.857790   635.587830   953.552990   1485.789002   2220.159303   1022.573435   974.755164   862.463837   904.338514   947.606937   1384.006375   1178.502549   823.684968   588.264605   804.671269   1170.179024   816.243658   756.782404   760.366415   1030.881223   1738.138944   974.461291   657.447689   775.852898   1063.613769   1009.219961   731.880796   1075.049189   2265.867308   
62.700000   1354.924951   1423.900824   644.447667   798.755333   567.238476   745.700818   677.447391   776.911286   1258.199117   2086.375899   1108.257362   965.500304   929.326502   810.237981   809.757839   1178.962435   1367.423056   783.779184   533.229909   747.935109   1032.614521   775.775242   749.309794   672.654358   812.709118   1503.210303   882.938383   680.527738   704.034594   838.246103   1127.767394   756.292343   1047.214216   2268.333317   
62.800000   1695.809072   1766.400611   600.078730   971.354955   628.870347   1012.696120   685.345847   1164.020063   1253.220469   1989.588524   1217.667489   976.005113   674.997999   1618.825260   752.181681   1710.910227   2212.343945   980.075280   534.214317   1027.232965   1101.091805   1085.232435   1043.065027   914.764631   1182.421789   1788.559173   1257.087773   952.542910   959.408951   1202.411905   1353.839504   971.958424   1168.454602   2303.195854   
62.900000   2233.603882   1532.510872   807.321074   1011.559449   640.375123   964.770046   729.300513   937.201476   1272.086368   3062.464961   999.634965   1046.830321   1016.794612   1007.549693   797.871717   1568.609948   2420.791096   1081.893212   667.195718   977.590943   1223.154224   879.435132   899.618903   910.178589   1319.615653   1510.932378   1158.904261   903.443355   925.381756   1361.341320   1488.032009   978.325397   1201.700168   2155.260726   
63.000000   1870.003105   1838.681949   955.020532   1110.502000   833.077367   1078.685801   850.168777   970.180664   1411.384806   2101.818215   959.413230   1279.704299   826.804213   1016.755677   831.446183   1080.654640   2220.497259   1092.637163   759.199532   1048.811099   1101.139516   932.425493   863.869385   987.148438   1526.035648   1716.980789   1166.692803   940.731657   1025.533492   1549.470403   1449.757358   888.368727   1236.107263   2407.669180   
63.100000   1871.674138   1738.481525   923.171893   932.618587   769.107382   836.048490   824.974607   952.500925   1642.759459   2299.840894   861.119692   905.865505   980.424786   1153.042314   923.741468   1075.506794   2288.531226   863.864990   709.090478   774.481238   1285.400462   867.295192   835.026824   789.850292   1014.312950   1618.761067   1350.629857   789.432568   797.352242   907.787875   1071.670407   887.458806   1013.988520   2081.909994   
63.200000   2162.435873   1414.920171   946.195036   1162.934726   753.921550   1005.258720   802.075707   1131.834529   1485.423646   2494.810086   1379.283770   981.660198   952.607654   1207.251195   781.094726   1414.390379   1870.918618   1058.046896   743.315736   856.144030   1379.142867   1048.621588   844.723757   780.218420   1322.923272   1249.317095   1310.140788   971.669479   969.203542   1185.238085   1291.941432   1113.211504   824.209625   2700.593566   
63.300000   2029.434926   1861.594878   941.315414   1115.130310   825.802902   924.848090   998.654118   1070.236735   1364.379517   2053.417784   1239.050932   1001.263514   938.575639   1558.532540   902.397531   1575.786430   1899.634718   1015.484319   811.189716   850.086090   1169.906341   866.659055   847.108660   767.604138   1372.928287   1607.518051   1390.570568   879.467774   849.841812   1174.830032   1011.026058   1156.915785   1009.098012   2348.092178   
63.400000   2073.442597   2117.608660   1033.797302   1104.573964   853.197859   1026.556641   899.270042   1136.581278   1408.890767   2134.058215   1462.500144   879.381322   799.295470   1015.421727   1191.737620   1352.350051   2013.192337   1049.763397   895.226061   956.444648   1233.610813   659.775985   935.059513   898.317245   1163.082345   1538.877387   1013.404072   922.812426   886.219862   1097.660095   919.659117   871.948502   1014.565084   2683.386568   
63.500000   2109.102021   1697.884950   1117.631343   1005.285435   845.618463   963.850694   781.104800   1048.251664   1538.252491   1897.258939   1329.302146   1239.481777   681.627323   936.568633   776.311232   1860.458817   1964.434937   1107.919538   873.416537   898.004860   1194.287212   839.455074   898.803697   796.529265   1233.295227   1807.264457   1188.967383   911.326613   945.300060   1325.451443   1285.832444   1013.256270   1112.716815   2071.572343   
63.600000   2633.298831   1411.460139   1197.928937   936.030547   1198.462830   902.227824   1187.325848   947.979771   1654.605255   2028.672971   1564.402322   937.580719   1434.607747   1043.698841   1231.093032   1298.270430   2359.977625   937.505629   1139.177482   851.144284   1425.029834   814.551655   815.462011   744.768546   1199.789957   1518.206553   1002.165065   868.864717   870.982007   1122.818723   1349.906937   1020.894077   1017.141601   2050.029325   
63.700000   2057.460062   1778.292957   1315.774236   929.755673   1199.212866   896.754491   1258.687515   1008.854689   2037.587068   1967.483141   1260.450845   1065.486807   1020.562018   1002.160313   1434.375346   1275.436747   2187.620047   778.668077   1189.333029   884.006640   1474.592720   1087.452623   809.933221   807.757818   1823.559745   2054.241254   1099.223030   774.623778   723.962845   1710.913832   1695.460264   1329.175144   1218.200816   2663.957810   
63.800000   1885.937373   2350.760503   1130.860499   1226.022932   945.966680   857.235919   643.226591   852.499907   1831.686328   2204.179459   1588.713262   1017.745319   1046.400690   1260.826905   923.978389   1026.695308   2130.079603   1119.917977   880.369942   791.322477   1086.868839   1084.072450   731.201977   736.600940   1328.670050   2117.679420   1455.015761   966.924892   897.537845   1434.822188   1412.662125   1019.961261   947.873005   2663.469748   
63.900000   1942.093352   2030.395706   1013.522679   1099.111354   956.557922   950.363740   800.388692   996.600696   1189.344372   2512.138410   1031.394317   1028.006444   830.464660   1373.184281   985.134525   1274.018296   2039.400313   1087.092334   1031.061218   1065.510176   1318.843508   1023.224139   925.853083   1015.858050   1511.555199   1534.215549   1619.865780   945.878339   967.286785   1443.622925   1377.110860   1261.929270   1161.029761   2170.800965   
64.000000   1890.218894   1613.884030   981.996296   987.172109   797.635310   919.059095   779.230078   791.416277   1719.193695   1895.130690   1610.787729   1622.012832   933.162385   1263.967512   970.592461   996.356200   1684.875833   1101.790811   810.630249   765.497304   1328.965055   883.352232   732.388664   816.174758   1225.399926   1755.968725   1142.572260   867.244513   926.020277   1237.382805   1459.770352   892.064878   1125.258616   2562.681405   
64.100000   2084.195674   1130.160715   926.646243   821.734764   708.141669   823.426481   746.376207   861.024439   1657.760697   2046.200893   1040.837539   1368.811361   1005.707594   1202.960201   857.262983   1431.985704   1860.108319   823.957688   814.439347   723.050971   1248.425596   796.946152   717.446540   705.566510   1071.260938   1495.794740   977.837025   725.954612   696.473994   1198.313030   1357.724069   887.646080   1039.628578   2345.029153   
64.200000   1830.961686   2131.713246   1214.170295   1026.997181   1159.878540   988.363817   1105.604835   1196.437354   1471.209544   2051.591475   1379.094509   1039.920738   767.109367   1241.319233   1365.109720   1446.128592   2134.407350   910.164882   1118.353488   1013.706899   1315.220742   1247.291419   939.725143   963.687445   1682.868446   1633.345215   1264.911950   836.052887   777.664176   1579.472403   1522.886639   1128.073925   1250.006033   2736.037336   
64.300000   2694.133909   1428.272445   1322.681957   997.150797   1041.367013   787.508299   972.473720   887.136520   1361.219216   2019.618353   1267.024804   1228.502705   1109.600038   1108.606277   682.084402   1335.988028   1730.924379   1008.025287   1081.700020   823.066073   1167.346064   775.037769   724.312788   785.977172   1285.812483   1556.274727   975.297443   798.766060   850.300839   1332.451280   1674.039807   854.637412   1056.225999   2285.217142   
64.400000   2423.317969   2111.686697   1141.526133   1266.931058   789.789692   1049.316669   797.587838   1074.918562   1588.703039   2565.235603   1830.437863   1064.644844   1039.375194   952.964550   740.475950   1558.608138   2427.243965   1292.880424   878.269890   879.965091   1271.440028   1112.815367   977.768243   900.682453   1324.629072   1740.515438   1181.163662   992.430218   1092.165116   1509.072497   1546.734568   816.628362   936.254190   2507.619680   
64.500000   2267.184625   2069.320118   1174.738250   1172.605805   1024.463747   990.472882   1081.671968   975.795148   2211.050385   2927.044274   1339.387765   1208.554546   880.375786   1214.800754   1188.530653   1545.008901   2560.282149   1254.302823   1035.057961   800.474320   1691.436054   1006.045402   719.227883   843.894592   1091.382020   2110.345080   1629.931226   959.221993   1061.242557   1124.327449   1259.913649   1210.568251   819.608558   3021.506512   
64.600000   2231.942744   2483.792437   931.636582   1335.147389   829.178938   1085.744387   969.336205   1087.515466   1931.386440   2517.443839   1012.182866   1343.272476   1062.401348   1485.881636   1012.428138   1525.210110   2472.218995   1256.226008   865.077545   972.814173   1132.566517   957.334113   960.359399   1078.017101   1434.662225   1904.270618   1690.228473   1076.556221   1149.505081   1528.067825   1628.616454   974.752700   1103.095167   2890.433837   
64.700000   2029.926422   2575.279341   1510.825660   1246.565136   1266.361861   1087.683206   1165.717161   983.435798   2088.246089   2674.136282   1405.868094   1069.046947   1194.649865   1680.858758   1263.343468   1262.296947   2636.336456   1114.756045   1350.482287   981.729015   1515.977875   1021.510946   963.981260   971.177239   1373.851632   1716.116141   1564.707466   1037.463486   1006.010794   1407.896809   1608.573955   1281.031866   1128.220571   2343.697835   
64.800000   2300.134621   2498.425712   844.988468   1369.285609   789.844388   1040.959666   977.011306   1047.250599   1690.066898   2559.196918   1869.345429   1212.764314   928.811041   1461.673860   894.428456   1702.496529   2661.349628   1353.777842   861.971904   1089.440006   1426.533602   791.288112   906.342567   994.538011   1532.225878   1973.711001   1801.151211   1126.636796   1034.827728   1591.030781   1943.513622   1128.313973   1452.606456   3291.095606   
64.900000   1547.263846   1705.470400   989.856057   780.435903   1002.867045   742.973817   931.407756   947.382793   1699.106304   2518.698608   1892.133039   1230.335640   1017.073807   1047.243874   1429.154360   1759.992541   1688.002419   796.202872   977.005639   804.770199   1249.078200   783.520474   833.378526   774.060252   1132.386568   1676.382712   1055.737561   625.488606   711.055220   1028.652318   1068.007697   695.885550   1047.361005   2428.494037   
65.000000   2845.254033   2096.102803   1433.584087   1113.610257   1258.092658   1086.853602   1000.364331   1280.997019   1532.334429   2001.235730   1575.973959   1434.503863   1305.369069   1533.795149   1198.718210   1866.928787   2577.720991   1163.659372   1092.270623   987.541956   1171.123657   957.435662   1008.162097   873.190981   1555.324226   1928.707818   1793.045864   953.799197   912.544383   1712.886067   1956.630206   969.963342   1229.694119   2096.951808   
65.100000   2510.159683   2410.809920   1422.913888   1394.272170   1046.386340   1077.654461   788.704702   1124.607497   1389.626850   2384.338039   1568.139075   1081.939525   1114.277035   1753.564531   983.938494   1481.038698   2352.707823   1298.158029   1021.389997   983.711242   1123.070304   914.271367   925.128253   977.460325   1443.470221   2278.237337   2009.333454   1049.894460   1075.531659   1790.135185   1767.137533   1012.320903   1235.624612   2507.645459   
65.200000   2862.787311   2077.622031   1366.001841   1148.563058   1071.426334   1163.485329   1085.786375   1216.006819   1912.950666   1896.400942   1142.648943   1596.883731   1557.732931   1297.503966   1225.710346   1216.378507   2878.211199   1092.074146   1110.791787   1041.799462   1447.232765   906.267753   972.630887   1017.988685   1284.802529   1916.929456   1392.532354   996.273321   1066.783039   1447.775546   1403.175109   1381.260164   1209.372697   2737.222690   
65.300000   1865.895472   2452.062248   1087.651906   1564.364710   978.552861   1650.814669   884.090605   1615.416994   1922.909964   2029.837149   1787.651081   1242.177554   1036.986466   1683.486537   699.485127   2219.251854   2253.768980   1811.381205   905.358203   1397.745382   1284.465724   978.936098   1403.996921   1289.953171   1817.741630   1823.726308   1884.706257   1537.282516   1522.452593   2251.305766   1794.166106   1372.211316   1352.233782   2436.595026   
65.400000   2409.744210   1377.316101   1050.534455   991.047091   927.593329   869.046475   938.595274   934.228371   1841.316770   1875.284002   1259.643865   1224.789033   1199.253299   1072.082468   835.151387   1179.482281   2203.413928   945.069204   864.501183   836.954064   1197.074699   1027.548088   768.427530   721.922072   1098.063218   1389.484975   1182.464590   875.796285   860.408213   1303.681317   1534.059296   832.697443   1131.909671   3053.298122   
65.500000   2635.914374   1972.403408   1201.441572   1252.975543   924.428601   1314.243868   832.239296   1297.953886   2204.138219   2886.018588   1428.663524   1173.114193   1463.179164   1257.176201   1030.869824   2339.804151   2591.317482   1357.102055   916.607714   1301.033062   1461.790454   935.792402   1310.712827   1160.846778   1644.872125   1905.197343   1546.803733   1216.364272   1216.431311   1645.864525   2080.236943   1266.783633   1411.634832   2239.397628   
65.600000   2123.455915   2403.767563   1346.927626   1191.354314   1185.015773   1092.537871   1093.844274   1284.029339   2066.225717   3181.051013   1449.821942   987.908934   1179.404977   1769.699809   1223.091743   2021.265359   2358.063627   1175.171679   1230.427478   1138.298004   1377.187772   1113.749039   1132.706125   1041.740776   1521.641664   1879.335681   1901.913564   1075.711054   1012.084356   1455.060720   1638.745625   1279.626437   1318.298311   2910.207972   
65.700000   1790.736019   2472.968244   1098.706469   975.537359   874.738490   972.059488   891.383483   963.099446   1967.854779   2258.428202   2117.516018   1037.031925   1116.668296   1449.443566   1081.519603   1468.001627   2266.882145   1023.250494   917.856567   965.435097   1103.120492   837.029900   949.691279   922.534376   1417.880746   2360.154937   1613.657471   875.852969   945.928311   1263.570749   1228.449751   893.177040   1073.596030   2733.456584   
65.800000   2011.770127   2689.221706   1149.759155   1211.053529   1007.012214   1006.371450   979.424836   987.088273   1642.944731   2596.944251   1571.261756   1125.791367   1200.005597   1490.974005   1252.282667   1658.860098   2311.279548   1214.157756   827.496995   913.335057   1429.803193   1313.545816   892.238351   861.714479   1166.855347   1963.404178   1506.471102   929.598175   938.577461   1490.071709   1779.209304   900.505739   1142.206293   2740.484070   
65.900000   1894.467095   1746.273122   1212.027741   1254.270787   897.188015   1084.903199   793.122997   1162.625418   1566.156695   2548.293471   1448.939092   1114.384121   1273.676290   1451.630376   942.453378   1642.491776   2233.529761   1289.882871   1088.185575   1099.332524   1101.821958   1218.846928   1148.199353   1057.420032   1493.115164   1787.575615   1215.384281   1061.372326   1124.545349   1711.944662   1563.902186   1029.861367   1181.197179   2504.075623   
66.000000   2233.166364   2092.871186   1220.001575   1370.092325   1316.014286   1260.778894   1122.528275   1231.445318   1900.806671   2386.405333   1398.903616   1269.285299   995.608357   1429.547478   1237.091123   2271.385669   2228.771034   1461.535503   1094.508877   1209.051969   1846.930765   1473.781593   1075.542859   1221.617495   1254.501923   1597.885277   1366.198666   1234.011989   1390.366327   1597.609376   1332.357794   1154.216195   1622.333946   2418.546578   
66.100000   3221.245739   2295.675297   1602.675879   1512.981767   1258.751682   1225.063135   979.280198   917.770328   1981.911382   1864.695064   1383.971792   1322.123345   1036.653656   1402.343361   1288.871665   1446.720246   3337.235278   1451.651607   1400.111262   961.797010   1393.955329   1535.790298   896.573804   1003.057437   1039.374676   1269.572908   1280.641801   1170.180778   1252.102891   1120.655557   1581.851881   748.123517   1229.349696   2817.915521   
66.200000   2432.536085   2190.024258   1668.775272   1321.260360   1606.400355   1100.756382   1202.468021   1133.400596   2398.242052   2490.630495   1496.995541   1394.034617   1280.828945   1816.605289   1336.748116   1769.598653   2615.445735   1185.205104   1614.353943   935.008483   1417.877211   1268.622146   1008.853550   982.024702   1930.711561   1887.473701   1207.903170   1085.945061   1119.444184   1935.698981   2155.459577   1747.608788   1175.509464   2424.789325   
66.300000   2171.914704   2364.436947   1032.111041   1162.897188   1103.460010   975.284209   1257.183430   1000.964686   2172.611351   2116.959149   2291.562578   1645.041312   906.058848   1395.935225   1427.426505   1153.928525   2433.446617   1091.166910   1145.689334   865.835480   1411.416726   884.834248   886.923186   859.463685   1646.511164   2444.650770   1380.565877   930.350897   907.192315   1530.260091   1789.829940   1302.969272   1317.721431   2813.948024   
66.400000   2803.910080   1867.161127   1286.310198   1205.572967   1169.433962   992.231993   1044.205772   961.564283   2166.363504   2900.498198   1568.176028   960.524282   1461.962561   1173.082055   1356.501882   1719.979069   3051.240391   1221.912393   1068.519839   883.290432   1367.058985   819.962828   988.090263   895.331681   1008.081200   1868.312374   934.890336   976.428174   1020.705726   1006.810327   1345.779390   876.965560   1191.646951   2428.658849   
66.500000   2379.892008   2677.637146   1413.962446   1375.317349   1243.828441   1184.256272   1277.807519   1212.673238   1731.548391   2763.999330   1855.145422   1528.953788   992.392213   1658.313583   1307.574493   1853.889189   2349.597326   1314.263160   1106.106052   1058.711588   1651.933452   1377.795109   1056.130646   1040.312704   1481.604883   2192.169554   1950.494275   1174.141316   1152.955645   1459.665415   1783.776648   1011.545643   1351.931665   2195.758027   
66.600000   2906.809345   2515.359610   1622.450710   1374.850527   1413.887846   1318.413773   1378.570651   1205.894647   1994.648152   3757.026915   1866.441370   1303.285920   1346.511878   1307.153271   1213.752565   1987.228854   2742.501177   1605.763668   1569.300310   1353.082924   1690.255464   1002.527249   1098.813789   1290.463548   1602.725732   1723.010956   1373.415369   1267.845073   1316.288205   1562.559167   1727.648314   1011.408042   1547.622434   2784.340267   
66.700000   2392.989854   2191.109160   1078.283830   1098.240443   785.651541   918.367699   834.792387   1011.326615   2337.240210   2670.593368   1662.396600   1526.610364   936.026788   1129.942208   977.735194   1997.370254   2577.811948   1114.425109   860.627648   1003.476153   1273.562955   1407.831968   873.176355   885.485016   1166.362790   1908.890134   1189.093850   904.994594   930.622706   1012.969433   1209.433768   892.318068   1283.235277   2283.482390   
66.800000   2416.130948   2284.163262   1256.882467   1267.623601   1026.727589   1207.930078   1144.883632   1124.763820   2197.076183   2323.756814   1275.603036   1029.679628   995.349902   1181.808883   1346.390765   1412.105342   2262.067993   1240.860671   932.645463   934.079953   1484.617865   939.647892   999.049139   1071.641305   1403.895975   1706.342146   1279.526117   1103.389295   1162.657213   1489.548908   1638.916525   1304.965678   1200.583350   2878.317098   
66.900000   2307.562430   1897.542659   1160.417771   1074.718352   1147.568168   1117.884133   1150.433577   1111.705787   1825.017025   2988.199957   1693.390634   1202.890455   1026.350360   1126.773898   932.422095   1697.187893   2184.091741   1065.694993   1205.794064   1056.321136   1272.522520   890.770829   987.548861   1057.800222   1406.943887   2670.267747   1110.879733   1066.887941   1097.779002   1501.910827   1932.820471   1357.316058   1362.983727   2835.293721   
67.000000   2023.627956   1892.990082   1190.916713   1320.460829   988.529191   1261.238823   1093.272596   1247.064965   1806.558775   1838.238930   1430.522799   1230.145513   965.897614   1530.653241   1287.940818   2060.636243   1674.485750   1318.651886   852.638318   1248.860353   1303.612065   950.193494   1119.201736   1150.403804   1713.527405   2458.023219   1421.774958   1134.743012   1127.644761   1663.597417   1825.416011   1440.775720   1573.001211   2601.725841   
67.100000   2689.790159   1488.110471   1458.109069   732.412992   1139.027424   739.031599   969.262789   958.421548   2005.640264   2594.183168   1548.991143   1281.464152   1113.481529   1210.552023   1235.702641   1216.293145   2480.082852   760.800438   1079.484689   770.048042   1401.712161   853.449293   748.463895   729.119920   1306.579831   1787.941223   1266.802759   687.872261   669.641360   1279.677475   1319.688267   1032.831070   980.357648   3070.207445   
67.200000   2954.896263   1303.746875   1294.556410   885.912975   1318.948380   903.824084   1277.423696   1057.725216   1887.953188   2284.231755   1443.501782   1161.644799   1221.711371   1343.907499   1551.101836   1626.608161   2182.885341   1065.611734   1259.796290   1045.412232   1425.216460   1196.823830   930.551202   1024.538913   1582.356052   1686.429597   1182.594252   806.267576   888.791586   1733.103985   1806.098774   1156.784658   1237.828871   2836.205995   
67.300000   1811.728679   1250.770299   1197.133599   693.244636   1153.711582   679.086142   1121.856116   799.025096   1997.740570   2150.413282   1849.342210   1419.056373   1620.002408   1196.360370   1260.661929   1415.214222   2001.266911   683.520181   1091.182312   717.558453   1472.504679   1140.987525   699.198052   686.233416   1545.123065   2052.725965   1007.271292   627.694724   661.218428   1529.698490   1770.948333   1346.776212   1120.109341   2434.114293   
67.400000   2221.214717   2630.561151   1254.413558   1364.553076   1012.916477   1319.388741   1033.095486   1307.986621   1408.358341   2284.042012   1631.989579   1740.096188   1268.966483   1867.062842   1097.872839   1207.817969   2067.803135   1288.112945   906.267199   1259.646520   1099.295104   936.848351   1153.399431   1157.683069   1830.890148   2180.670070   2151.217399   1162.615141   1115.569728   1833.834551   2084.126225   1329.312903   1558.519631   2641.605275   
67.500000   2151.597095   2134.739299   1136.914803   1052.557893   937.757584   816.931558   894.532503   902.911253   1756.788894   2607.679751   1729.018213   980.945213   1108.417069   1100.456802   956.015244   1557.550825   2293.563494   1019.391007   1029.260100   780.771444   1196.571826   1286.583578   801.011675   690.791061   1068.826110   1479.547166   1434.755620   810.684784   848.965238   965.771219   1190.191836   1023.090285   1013.817721   2356.209942   
67.600000   2089.446343   1500.803463   982.666230   890.175425   991.128121   840.920575   939.311085   820.503237   1984.521147   3100.331251   1395.373130   1285.420110   1102.992365   1033.733178   1009.956281   1678.975308   2160.422430   800.018773   1198.892588   717.210437   1579.978866   1153.969598   712.849354   718.033820   1191.738304   2096.615156   1074.586651   717.337128   796.332812   1128.341808   1287.208655   918.228653   1004.901336   3438.150430   
67.700000   2589.253945   1552.747674   1355.608074   1038.139158   1246.514950   921.167576   1402.834443   949.269356   1708.382769   2441.715443   1190.294446   927.890738   1729.619277   1030.292444   1082.302224   1332.098452   2659.315281   980.392436   1279.339461   861.042841   1371.882534   1350.531381   864.046331   793.111385   1461.429077   2048.726607   870.966583   855.408995   841.274803   1394.266626   1575.569071   1126.892780   904.067356   2932.977104   
67.800000   2235.024264   2317.897986   870.816116   1148.055373   873.077433   977.716044   1062.283736   926.860106   1826.218049   3075.607178   2727.367327   1266.523072   1140.737560   1160.699433   966.365404   1951.468949   1962.673456   1087.304480   808.959988   1053.992265   1319.834033   871.715977   832.560327   960.915149   1497.667685   1106.501670   1060.357488   883.873421   960.351492   1531.564431   1349.408340   1095.999398   1255.747487   2477.070415   
67.900000   2142.359815   2001.049543   1020.048242   1344.773908   799.145144   1057.516272   757.036889   1165.160824   1942.849802   1890.947374   1431.003824   1273.223489   867.928573   1221.862138   1208.482723   1606.655604   2393.563711   1205.321284   766.487321   984.990728   1259.516477   953.873079   998.283179   956.533246   1325.672179   1906.750798   1343.531004   999.282046   1039.663992   1534.526920   1550.237006   1000.047391   1308.607702   2362.706042   
68.000000   2487.477276   2010.534762   1429.365500   1247.809745   1172.907150   1262.087961   1160.503569   1244.007219   2028.159458   2740.794815   1229.234798   1335.330843   1054.176402   1379.614534   1182.352931   1842.700232   2822.376966   1360.988836   1170.274436   1261.093643   1653.037817   1106.205862   1193.323056   1174.747908   1637.438399   2133.325551   1322.344625   1053.995826   1092.024299   1506.931869   1719.712437   1413.659786   1663.853990   2689.474141   
68.100000   2896.472819   1679.511780   1229.055285   1188.785303   1048.825587   1152.698515   1020.154286   1195.108398   1447.721734   2540.108112   1379.041316   1601.183026   1193.521059   1737.708071   1339.235220   1665.543715   2308.083885   1116.751742   1086.888115   1159.633324   1306.869153   1761.927030   1001.313076   1095.877184   1843.985355   2238.848354   1549.390242   1039.220567   1090.710145   1826.132969   1871.821920   1251.234186   1788.213786   2173.896800   
68.200000   2324.655575   1548.779073   1101.576428   1087.220165   907.089996   1076.079803   853.181334   1082.291938   1516.467076   1893.736695   1365.655603   1391.445084   917.634853   1652.033110   850.731231   1792.560122   2310.804892   1096.333817   905.687789   1053.075355   1204.250576   1441.402082   952.771940   981.946052   1789.418806   1860.234511   1491.864418   930.531557   1008.716606   1672.361564   1673.407573   1222.555203   1475.235831   2146.355986   
68.300000   1489.100250   1306.507396   828.811345   1111.797887   777.398680   1315.335469   984.621573   1232.714397   1342.949352   2338.821454   1493.054049   2383.742082   1150.100249   1956.045039   1115.964608   1275.251181   2015.299164   1261.593299   845.487969   1233.309377   1422.563972   1383.743513   1292.662510   1239.217985   1551.148995   2086.716399   1476.236680   1166.236708   1238.305988   1718.781926   1773.933974   1307.667383   1560.909816   2565.123861   
68.400000   2092.601874   1775.440962   1093.910217   1052.305338   948.762093   1211.786264   963.145373   1304.727518   1702.693180   2387.165023   982.748769   1374.049678   985.404327   1519.849361   1032.534417   1299.845818   2083.216320   1057.493753   1047.216988   1195.447368   1050.185436   985.231046   1114.638255   1197.946644   1613.388787   1782.155041   1535.867488   1004.868973   1034.680225   1487.390150   1516.198225   1074.032778   1478.659838   2478.567663   
68.500000   2138.791560   1833.819434   1401.696244   1300.044299   1179.536339   1202.097866   933.897842   1225.580652   2048.172070   2626.654391   1963.459393   1556.514576   1210.409175   1310.719934   1247.108993   1201.582383   2158.620956   1371.586959   1136.277661   1218.258853   1553.333829   1255.263751   1031.926562   1159.842283   2163.970770   2413.644430   1269.436287   1169.359294   1251.080872   2233.272085   1977.301391   1641.844474   1346.589602   2478.595695   
68.600000   2361.856199   2629.589595   1160.556099   1302.599546   1095.813358   1198.546368   1015.142020   1364.954084   1903.761494   2351.434392   1962.611631   1460.988750   1151.044836   1666.308933   1151.307035   2012.959386   2244.526825   1369.965448   974.591908   1175.442820   1532.034058   1342.127269   1183.419089   1058.788992   1597.443015   2583.245260   1867.833311   1091.522532   1045.413019   1413.632186   1548.291957   1114.150432   1229.966130   2819.520500   
68.700000   2710.552059   1958.704992   1274.120461   1114.147138   978.820706   1068.303643   1117.723154   1117.143459   1711.282729   2206.264351   1827.402389   1168.897825   1422.623357   1305.817812   1172.693577   1230.648875   2606.561673   1183.417983   1059.057511   972.729090   1229.030368   927.243337   887.035933   959.145866   1630.211938   2119.134200   1413.795846   948.075672   1079.022023   1880.176972   2061.629864   1079.632815   1323.265405   2517.436130   
68.800000   2005.811679   2296.043212   974.629486   1228.424664   979.710516   1241.680882   848.828871   1249.466279   1906.477444   2179.461616   1561.387712   1174.326779   1156.184966   1718.127896   1064.273739   1813.066731   2125.968577   1071.051271   997.731288   1130.582273   1259.272689   782.690094   1137.146800   1007.355348   1607.573358   1675.789422   1754.218359   996.830367   1037.695430   1663.675716   1714.343118   1089.799659   1625.349849   3058.164972   
68.900000   2186.180386   1648.487575   937.814424   1140.114752   856.689328   1060.766869   903.763763   1241.363872   2043.561362   2261.663209   1064.850771   1376.891294   1056.357550   1346.257109   1315.136434   1857.146875   2464.814906   1019.660358   906.699237   1083.340815   1537.071783   838.128079   1057.340544   876.560566   1568.434364   2291.751595   1255.819627   921.591213   925.253772   1606.398812   1760.317572   1311.718352   1451.530269   2784.305935   
69.000000   2550.081992   1818.303217   941.624139   906.241903   728.775863   912.305504   660.875045   965.109184   1351.272118   2167.631961   1453.353520   1440.174976   1061.723331   1078.597683   1273.451664   1699.201364   2584.908184   950.096725   807.565424   854.882306   1119.172160   1141.848620   859.514766   796.120446   1163.228290   1283.724706   1310.722137   856.989001   858.699127   1086.523212   1324.535927   924.794363   1241.261398   2288.739777   
69.100000   2334.864007   1618.943444   1119.319947   1058.472632   848.053147   1119.333042   872.927028   1249.865282   1325.267441   2560.834956   1291.061937   1157.088455   967.200858   1359.123970   1015.196294   1801.306448   1755.680299   1093.665289   944.425849   1123.316416   1259.397527   1025.547036   1014.452644   1019.867981   1351.390447   1510.473756   1318.212898   1003.350068   959.637730   1263.513184   1114.816218   1251.560161   1448.974966   2214.025314   
69.200000   2289.699189   2279.990453   1443.879451   1197.695461   1237.090876   1163.781730   1108.236882   1132.969215   1827.121379   2076.998304   1301.367718   1194.360952   1344.859328   1365.351165   818.721593   1549.481482   2852.465891   1372.741647   1197.923771   1107.208445   1572.526804   956.291225   936.298216   1131.276116   1218.470566   2040.393734   1293.300918   1067.832389   1251.651663   1269.441125   1387.596396   972.429212   1144.984086   2637.585741   
69.300000   2323.972344   1889.745821   903.301242   860.769683   851.499517   828.083196   983.996723   926.428677   1513.394617   2301.399177   1295.602407   1031.223056   964.220648   936.737028   1348.651587   2126.771216   1867.494356   789.206340   785.269950   883.890638   1419.263690   827.924276   746.662406   792.201340   1306.120513   1795.870871   1114.441458   733.198609   743.509085   1100.012887   1234.548859   982.054576   1232.508752   2218.052322   
69.400000   2170.819382   1655.439768   970.034425   777.378513   883.760414   781.697165   821.596027   840.712276   1575.371745   2044.322011   1537.217017   1185.063006   1001.063729   962.629957   1395.472115   1947.037363   1900.959531   841.543039   817.276612   731.357085   1298.264749   1003.785496   706.456615   712.654977   1100.430668   1893.454928   1183.189487   677.365143   743.153624   981.960813   1112.904558   809.153891   1124.050468   2065.256729   
69.500000   2395.409740   2309.381194   1080.314407   1149.893547   854.033588   941.391516   880.720183   1010.018218   1499.530585   2858.224958   1505.287540   1229.557567   1288.001249   1203.862333   1024.356164   1421.132892   2336.161039   1088.943302   870.739798   977.920942   1134.304243   850.015138   873.335016   890.882366   1447.986070   2373.487436   1404.573301   995.734293   918.343773   1368.267623   1787.796911   1211.954695   1318.434310   2025.348325   
69.600000   2073.500924   2104.822598   970.440055   1243.675589   826.972583   911.218723   944.679645   817.479419   1280.990393   2048.608371   1807.681947   1669.694257   1043.112795   1251.911868   933.428516   1429.048031   1881.587091   1209.367275   824.690189   847.606378   1334.395140   960.474918   797.051917   775.423730   1312.224007   1686.185686   1317.682317   1027.754508   1007.546092   1468.731925   1552.396502   1024.254303   1226.823181   2251.848867   
69.700000   1814.942690   1573.859738   900.763864   630.682196   740.423548   568.601525   824.516332   769.654368   1340.038460   1851.935425   1502.331629   1039.999844   953.664817   791.580394   851.111625   1934.355515   1870.458288   641.834725   810.731130   637.057424   1181.318840   926.198112   561.666879   584.190211   1175.521976   1368.859795   899.928908   523.071365   624.793112   1119.716376   955.124303   770.824430   986.299879   2263.400127   
69.800000   2382.712779   1661.074531   985.493359   692.552876   807.760472   626.070125   856.556607   775.832581   1634.848935   2037.003828   972.214789   833.536186   927.961207   841.897731   1005.097724   1146.794053   1985.871710   716.080648   772.272025   624.112769   1331.604514   874.204336   628.174472   569.924499   955.096262   1159.212649   1031.484361   602.155491   585.512800   916.283777   1088.840184   675.177554   1075.282794   2628.150885   
69.900000   2344.788213   1545.415176   1287.530930   977.531117   1151.678588   981.133010   1141.561439   1181.186078   1715.784589   1999.657874   1218.692643   983.262504   1153.590056   1017.068660   1033.393266   1022.753013   2400.840462   970.796539   1171.036682   1012.648102   1301.636900   810.378782   991.289285   944.259135   1360.382420   1895.577121   980.157125   848.885099   872.711273   1488.345518   1771.798618   993.344297   1656.484706   2529.140481   
70.000000   1900.370273   1172.372244   1034.453423   967.642457   913.733959   958.037421   920.614135   1235.213273   1706.924908   2270.600600   1676.662307   1119.006989   1077.512660   1231.199379   966.450483   1279.996000   2006.059317   1042.322561   874.159397   1008.549674   1336.682960   814.002254   997.514055   902.510131   1320.668443   1362.474795   1008.321889   913.578469   916.561054   1375.795904   1370.545136   856.350034   1710.891894   2244.723416   
70.100000   2057.202933   1360.298435   1097.216331   1066.661450   993.853190   998.765514   1065.404137   1222.739677   2033.471702   2127.952946   1024.268863   1045.667560   1118.275132   1190.619845   960.350161   1220.640139   2179.833716   1169.284419   939.071144   966.873609   1378.607252   677.359512   995.821947   916.931485   1810.300235   2175.349582   1136.492178   931.581368   998.147955   1819.346283   1822.067052   1225.083768   2110.421666   2580.920262   
70.200000   2583.281767   1612.918289   1175.622416   1092.890867   917.257795   1105.526441   793.647529   1126.022926   1496.817684   2152.851820   1103.416092   1014.530263   964.834655   1296.570168   1178.787856   1225.178501   1917.099752   1255.821416   893.621027   1054.016787   1334.478487   1152.644156   1026.386265   937.697346   1383.675822   1948.887376   1221.352444   980.548235   1051.575234   1486.450325   1801.303846   1021.961001   1228.436941   2580.290781   
70.300000   2582.299146   1270.140141   1118.071928   898.846847   874.103605   1019.790984   885.348124   961.796601   1847.657652   2015.039017   1300.110224   767.812189   1008.521187   1023.533261   737.588500   1335.647984   2175.983772   1029.526068   845.976503   910.057846   1189.734950   1081.352879   850.025691   829.991835   1839.187057   1951.327289   1093.575435   864.088664   873.325785   1708.658366   1873.541869   1188.973661   1528.182820   2355.877948   
70.400000   2389.088281   1496.265189   720.912629   937.319736   606.273330   982.189511   646.125697   964.364086   1706.082382   1675.757310   1241.221505   1107.915395   973.317787   1029.639035   919.960282   1629.994849   2151.200950   897.754833   672.997898   874.663759   1174.790139   896.267946   832.548170   802.366079   1229.082478   1994.447248   1128.667775   859.806558   717.755259   1128.529023   1183.074114   864.066935   1159.225634   2338.745625   
70.500000   1925.268199   1107.088095   809.083967   853.765428   719.379536   894.619422   878.778397   905.167834   1723.895360   1941.424602   1798.563967   1266.414627   973.673688   996.314548   969.299560   1817.078338   2059.466699   937.390708   822.744170   892.872543   1341.805334   1002.326739   750.697460   770.034217   1330.359460   1670.148813   1012.331034   782.600698   865.883068   1358.692695   1437.623943   993.747561   1277.900464   2115.575152   
70.600000   1712.889496   1484.663597   750.693081   1049.923825   690.560679   1015.134693   730.977867   936.009550   1288.364687   2043.835146   1112.577960   1134.937543   988.230219   1420.173684   1041.240317   1029.026820   1624.538939   1008.667297   760.751803   844.087517   1145.570714   1053.050975   793.985517   872.754105   1075.645614   1460.593751   1270.773451   911.336825   910.198919   1094.465440   1165.772145   832.538568   1172.289574   2391.157440   
70.700000   2191.233128   1743.902256   964.395828   876.623562   882.650416   821.402326   892.577733   930.637227   1225.148939   2204.576907   1127.008808   948.475288   854.327822   1043.927650   1005.108697   1142.054191   1535.320348   770.672129   841.748526   852.533195   1090.496569   918.200011   848.583278   842.585664   1127.224643   1660.797453   980.223713   792.601282   722.874847   1094.912320   1239.867366   919.486746   1408.906549   2453.709503   
70.800000   1531.864918   1599.610768   802.522776   792.176774   798.811618   761.084996   870.304680   866.431211   1157.300936   1670.205542   1087.174053   1110.302019   805.035337   943.646129   1008.629154   1247.404427   1424.087208   783.135365   766.382962   778.094098   1096.259760   804.820443   804.571516   752.348855   1021.980124   1578.702171   943.381625   674.183601   655.691454   1077.110957   1173.673158   772.628950   880.410268   2091.652508   
70.900000   1782.664800   1328.634717   746.739502   809.254969   671.127322   830.494212   670.285290   1010.744303   1115.993631   1933.535594   1451.544931   969.809843   718.462457   1041.395455   775.539782   1719.987158   1801.729157   764.315767   687.944291   949.173984   1042.101319   1083.654049   865.896282   799.021630   1400.708967   1393.612809   909.184236   697.581964   675.210743   1322.682429   1202.067590   939.702409   1363.469739   2493.153639   
71.000000   1347.489290   1825.538661   820.839800   1147.570476   844.924196   1112.405022   792.762090   950.319051   1070.003112   2064.689508   1366.613686   1628.621766   794.720464   1237.393162   922.963299   1223.721072   1416.332546   1194.107148   756.799074   1127.463078   912.158066   1135.508908   916.379953   1061.360023   1483.829291   1223.016814   1260.539892   997.695890   1061.361698   1484.670160   1434.094119   854.989500   1336.609405   2526.796627   
71.100000   2026.148125   1358.917569   900.830014   831.753301   828.452884   713.536204   909.202580   757.708364   1167.758800   2201.346528   948.686079   967.896533   912.965238   966.231730   882.287369   1092.633796   1610.718636   872.269463   912.172865   760.540797   1306.068627   870.561782   667.848033   724.306905   1411.897539   1305.661956   1011.139443   681.531204   698.732899   1346.951865   1424.321109   1017.022128   1250.591409   1834.045542   
71.200000   1778.238347   940.378202   941.233740   617.106899   808.950846   645.188459   862.434795   804.369539   1207.986846   2029.647294   696.066477   979.097750   1006.352302   830.766685   889.662391   1103.290996   1353.227305   660.410217   783.642904   750.360738   1186.631059   790.414973   641.100658   699.364647   976.508018   1265.919721   779.325152   583.626894   605.225829   791.529366   997.165607   761.682418   1020.271669   2267.484178   
71.300000   1801.326221   1084.495117   903.783004   714.104033   604.002688   705.381858   625.677270   801.677402   1232.432564   2512.521034   1195.717284   1111.340751   835.270877   790.054293   797.604897   968.538484   1640.923099   838.685344   576.852627   788.651102   1168.369714   890.753204   666.200867   750.560519   1068.176937   1363.614804   655.773922   610.125907   692.731232   1044.702882   1183.658176   811.798399   1039.396527   2162.224391   
71.400000   1748.145080   994.333705   800.425565   978.220845   712.167742   932.406904   674.141911   1034.081330   1164.493598   2203.997173   992.714887   802.510648   844.434165   649.820850   747.440629   1292.427164   1735.504125   985.594526   753.128120   902.143782   1234.416176   527.982894   840.169686   804.338635   1466.680520   1620.803534   731.707765   794.369763   792.238553   1399.917443   1666.359882   1102.647869   1009.213100   2112.019168   
71.500000   1402.478137   968.859932   783.976235   713.745866   721.390804   708.182910   675.063577   891.698270   1420.074045   1967.766289   1094.697897   729.449275   697.321785   824.133075   849.586378   1094.329513   1630.261892   737.293326   811.338534   708.975570   1043.985617   852.543121   712.371472   615.446113   915.947595   1143.638141   739.697651   625.947588   598.166300   815.645472   831.788890   730.117507   726.354653   2016.725770   
71.600000   1787.511561   1865.586195   1103.465879   952.533503   940.751776   848.731098   831.773636   1093.600495   1637.725818   1230.801771   1382.874683   1079.857311   1026.273207   1129.171073   1058.934109   1067.218753   2136.767379   746.680666   832.693271   954.186466   1073.719011   806.543867   942.207589   783.332593   1491.441602   1534.273937   1409.695241   804.769089   717.866155   1593.454200   1486.356025   1172.394255   949.987301   1812.443567   
71.700000   1522.610593   1058.046945   777.338259   644.948148   649.282208   605.059924   623.530013   731.877628   1521.059272   1727.022336   1347.007529   827.272297   978.015461   852.123701   714.337345   1227.512926   1490.491069   668.421019   695.724854   582.574548   1014.461920   724.554599   609.208542   519.008798   900.819304   1037.043200   943.419103   585.431950   556.472814   936.097774   772.960548   637.204268   744.697600   1811.103816   
71.800000   1454.574599   1467.482748   730.325104   995.233516   658.429420   894.768599   819.510567   938.454369   1312.781084   1663.141015   724.182463   829.484143   656.002615   1151.157491   935.820564   895.730142   1366.813980   967.016114   632.280447   863.048717   1127.030457   799.956723   790.898464   845.199840   1437.365439   1529.600884   1059.291092   805.244498   875.357303   1514.303982   1588.893000   967.892960   914.950658   2123.425309   
71.900000   1779.294604   1431.998891   755.442667   1035.418604   695.673537   762.822310   765.020307   742.644673   1121.028285   1341.664257   846.451311   720.643057   967.065798   1094.650678   916.289933   921.608933   1942.296710   786.785839   702.293749   681.975220   1038.338547   670.000345   672.168189   611.703230   969.374969   1288.192488   914.819458   705.277797   688.710402   957.226343   1209.163505   718.421667   822.733845   2318.284775   
72.000000   1144.492600   1698.413063   611.799190   1044.879781   622.068173   792.472965   655.218833   722.616084   975.720580   1900.480349   1045.858080   789.069290   727.028573   1208.310325   778.940680   1494.481184   1434.359398   911.160504   656.107652   748.941587   831.731227   814.786347   674.175861   723.289794   1082.195430   1436.330526   1125.642940   758.848026   756.048118   1015.717496   1099.327898   780.003882   867.334914   1818.414565   
72.100000   1484.945807   954.515410   742.038640   693.630195   784.746765   644.235621   790.252990   777.434411   1155.086111   1719.995505   1164.042360   859.780110   525.502717   623.625671   663.386936   1138.058462   1482.816056   688.563595   735.955284   628.461001   805.489483   733.926378   651.830272   594.109360   941.230437   1116.158246   638.034300   527.143747   587.817510   843.521570   951.581517   650.802591   813.726166   1765.279401   
72.200000   1290.893522   1222.136465   691.504979   735.486053   585.642073   720.804919   636.203624   818.231590   1360.139648   1301.485233   838.614612   791.305119   609.564230   792.647336   632.696211   966.196800   1241.525172   761.407524   623.093175   734.922023   1054.252840   673.158954   706.114062   677.521902   1045.861339   1493.627583   818.636273   633.755419   688.819001   1048.537972   1153.129513   708.891391   865.058210   1799.634106   
72.300000   1276.279008   1102.555079   842.455001   730.551932   656.068221   652.817175   670.108198   720.715784   1240.919652   1901.056338   618.529026   861.282664   730.841380   768.348169   693.333452   928.479095   1289.426563   665.994007   641.947283   696.312829   969.772061   729.281854   610.348694   622.432493   1132.081395   1188.185156   758.885788   593.021133   630.512875   1047.182561   929.727043   769.882749   752.570640   1877.800156   
72.400000   1244.234794   981.845706   715.147096   726.269865   639.360984   687.822220   634.674824   729.300274   1042.616230   2191.184012   900.686473   893.056993   675.683191   702.009582   811.306154   1131.551288   1240.482027   769.974116   664.870258   662.521487   909.892931   627.643436   668.075688   598.635591   982.633648   903.324328   754.304260   631.998488   610.624366   865.584871   974.776454   709.503200   757.362744   1657.663576   
72.500000   1412.506490   1027.230308   779.980109   719.557878   734.381111   617.929217   604.770243   660.082646   1126.611016   1828.698863   1135.392697   1118.954191   702.987028   659.822437   973.789288   871.560578   1656.573021   756.782468   749.357808   656.966777   945.241789   581.279127   631.820899   613.935654   902.518549   1246.011806   667.216604   564.894188   628.186613   813.574714   907.301343   717.659438   686.764970   1880.728448   
72.600000   1312.511392   978.529013   786.388377   678.694800   763.998102   617.025992   694.415882   643.318940   1197.907788   1589.875716   945.235611   882.801153   658.288185   820.563241   873.355342   1159.885890   1087.089587   709.846906   745.288501   614.119266   949.132349   689.056273   562.454134   576.232215   1137.209154   1119.233550   915.299200   557.827854   612.619016   1101.912394   1071.278530   752.770403   688.429730   1774.375647   
72.700000   1339.402964   875.105115   621.679064   794.512433   658.537292   781.024995   633.372325   855.407219   1193.951760   1542.034561   900.625427   930.993448   636.101987   753.002829   746.510765   923.216173   1321.204045   695.238488   614.903559   736.288346   1009.842178   629.951601   694.537119   689.866673   946.739738   1306.452966   869.016044   644.335369   688.409980   926.095928   773.688648   742.691080   712.922388   1983.631006   
72.800000   1162.798895   963.037418   678.315335   574.266561   651.314231   646.553485   658.640839   769.494364   1050.773154   1734.564767   945.248076   950.749191   684.199577   648.198523   885.235968   905.374747   1234.267861   570.228471   582.048052   658.035240   994.522773   707.957381   647.177156   615.958508   1038.725379   1284.648860   501.550998   484.274292   570.670214   919.480524   943.529967   661.425514   728.112601   1811.127971   
72.900000   1354.546455   1048.405871   714.832817   544.682440   643.699136   520.789917   639.184569   623.172466   1119.819694   1291.156258   752.571673   804.912843   704.482842   714.292245   755.581811   762.130257   1332.309177   565.643443   581.474498   578.363047   1011.780725   578.521819   519.367605   523.214315   739.907664   1022.804031   619.967496   480.965198   510.971608   711.272763   859.937505   576.171244   637.548381   1709.731219   
73.000000   1188.314280   1153.011568   822.976457   516.838032   737.317627   602.821325   677.883947   683.977745   1142.885525   1251.669083   705.770839   721.871957   737.044013   795.308831   736.059322   886.843235   1216.907195   544.722701   739.021515   610.068912   1058.127880   524.679239   619.250404   510.055900   742.536892   942.412738   744.737338   493.565666   525.194598   708.160170   750.540484   467.369257   821.784010   1688.756750   
73.100000   973.932611   924.019842   697.194274   613.569228   649.401099   564.661499   601.438359   660.015317   1070.853708   1493.852984   1012.388035   572.327732   573.585681   654.719386   631.766148   663.329722   922.607600   604.283413   637.929148   549.832746   924.808439   632.132447   554.916790   525.931143   660.154179   720.069669   600.788169   532.554552   564.674745   667.291117   641.069082   556.636576   644.860625   1718.716524   
73.200000   1081.783364   744.662091   477.162266   598.518995   490.610751   595.089554   609.488441   668.801007   872.114396   1436.685573   926.432066   663.830099   443.647147   599.432995   549.256606   868.425136   978.634174   576.291618   485.644645   606.624150   940.364113   657.649366   544.328169   569.090088   784.970645   1220.331307   679.417819   531.456545   567.371921   762.594457   832.273913   605.159876   665.855857   1725.765619   
73.300000   1379.394517   888.312050   611.329079   568.288465   559.699001   490.062359   602.286542   629.635423   1024.376637   1395.178339   824.522145   588.388185   524.434311   610.852332   569.847917   931.308035   1201.615158   590.568491   557.242825   509.837138   949.444367   506.200312   484.278276   464.294943   813.021274   724.311921   701.871244   458.223708   493.530457   742.394895   599.451578   544.017710   648.052039   1703.101376   
73.400000   1296.742850   984.904253   605.736758   586.778137   551.598118   543.806749   611.121079   639.156912   874.341685   1313.594099   533.918167   676.984629   697.101723   659.329260   657.096293   1090.953598   1014.099386   586.162871   554.531780   587.158457   869.770494   483.124757   562.523352   524.794680   663.599240   855.639452   666.766295   482.566392   528.188385   643.102007   770.718526   433.032397   751.647076   1825.484753   
73.500000   1150.814700   1273.147965   650.896794   699.490207   626.412910   597.873645   613.575697   656.555958   931.071431   1326.645743   590.618852   739.303923   523.461856   863.208877   622.622707   824.758037   1319.384625   714.274148   594.327102   634.534485   936.026894   574.449645   601.938677   587.686169   910.186601   868.725580   761.649469   611.566730   595.312460   913.416570   812.353018   598.414669   713.921095   1762.803087   
73.600000   1197.356387   942.247093   538.228439   581.913968   499.701350   504.759490   533.034907   591.431368   872.080187   1390.189432   808.007810   644.384518   464.756462   815.622598   430.423816   730.945156   1127.147107   579.961373   502.526403   479.589382   842.173687   613.898696   491.491032   414.181987   628.717912   753.382184   732.790430   475.347415   465.959737   650.186700   626.523692   474.515613   629.874414   1581.050769   
73.700000   1137.946278   690.559318   594.807648   454.659120   474.341779   429.844128   498.574047   531.559351   956.770144   1297.122784   611.612692   628.763905   452.508743   657.997540   504.694359   715.819410   1008.484291   464.276993   450.895025   477.919490   886.876379   425.791457   454.156951   416.452402   675.744839   782.441030   579.837404   379.941484   426.514892   667.900686   767.066445   505.157042   639.313973   1774.665753   
73.800000   1149.560178   937.153368   532.873221   548.750199   425.061906   575.908340   584.841194   725.683988   1064.964353   1348.504271   567.108381   598.812636   478.250511   633.054498   465.245179   892.684516   1311.222955   569.404949   423.201269   635.075365   907.087768   470.737104   583.632761   556.440728   823.126818   1246.780698   604.411055   471.691664   525.376034   863.125342   944.289397   621.383581   804.269376   1536.532388   
73.900000   1110.731007   823.686009   529.020944   518.698440   460.018017   495.684401   489.272359   597.635029   869.198460   1107.768736   647.667475   816.697964   424.688153   652.511478   484.695696   847.835758   1001.114289   508.029926   506.095258   528.155981   791.308726   421.186883   468.428252   467.870591   798.578941   871.799960   526.167538   424.646247   437.107779   758.637390   882.269490   572.982287   633.587280   1518.987994   
74.000000   1100.564417   953.286409   516.903575   505.975392   511.048830   472.688358   532.569874   562.275630   958.885963   1152.994347   560.940593   691.971722   418.798178   747.697331   583.495873   657.620332   1012.201659   511.003338   482.911492   456.417701   858.458258   554.625533   442.181323   440.381372   642.845004   906.569622   688.884734   452.829200   446.099685   621.048346   571.610968   443.009545   555.944709   1475.408661   
74.100000   1203.087626   965.176799   627.508083   525.675408   581.152483   475.814136   554.327679   531.464082   844.669989   1081.971387   596.827693   767.091034   443.171145   625.812372   551.147066   758.138727   1161.306426   512.223424   582.859246   462.071261   825.473134   629.117479   452.433820   420.117837   697.895408   977.443969   740.119119   436.165586   437.738577   684.634868   847.815626   590.201045   663.665636   1526.493036   
74.200000   1113.174981   712.986611   600.856534   410.754042   528.457341   410.006699   495.677057   513.413634   740.033408   1122.336663   621.390360   594.029742   511.998022   486.558596   484.098339   693.497781   891.744969   409.938511   536.200310   430.356386   766.133835   397.843311   412.970253   386.667297   621.740036   768.131048   455.765235   348.282261   344.884551   543.667104   596.271170   493.153897   643.859710   1512.269482   
74.300000   792.154537   493.667385   564.380264   423.569477   487.313528   445.852489   495.192976   561.244747   798.175431   884.362824   605.021844   560.124791   458.117367   506.402958   548.687157   746.718724   829.222159   418.283124   474.740920   459.646257   784.120097   449.213937   424.172570   394.258070   616.080538   809.915910   423.139727   366.186026   358.077571   611.067999   615.432058   450.416065   682.040773   1517.965588   
74.400000   932.683166   679.192519   598.408495   517.021431   532.531499   479.015343   561.113254   570.878038   775.041523   826.830637   803.621180   513.450669   553.255933   542.176710   604.817641   811.418701   874.024653   519.402539   514.756820   485.570664   879.289677   478.137106   452.563718   412.461194   561.216649   700.549097   580.163409   419.706426   437.876393   529.701552   421.787507   459.630031   738.394301   1518.872700   
74.500000   1123.007452   626.477892   569.215299   448.952040   489.681241   414.815224   529.210343   499.465531   903.136422   948.078445   543.304455   525.812564   449.172245   489.780688   529.001125   460.553346   1086.432151   528.854734   462.084716   464.502145   837.568027   401.176826   418.543355   389.254546   574.082546   594.328317   444.136814   375.663456   413.100766   658.347987   648.741490   392.212420   631.715505   1476.364129   
74.600000   704.794102   680.737810   495.032381   422.944177   503.236962   402.421560   500.314521   479.386263   821.302077   949.981263   655.038060   452.304923   437.173859   432.570198   508.104452   513.401457   682.647422   407.849952   491.376100   445.875804   798.546865   474.523166   401.941231   372.310850   538.794021   507.923549   428.934254   355.567157   363.948022   550.977369   565.919562   414.928097   601.681749   1535.075181   
74.700000   594.592327   707.656549   526.236961   470.852033   491.885792   428.351444   442.695707   541.774968   824.161722   974.257623   440.226367   526.776053   489.905487   469.163089   413.106439   670.891490   585.330805   475.725584   465.631025   493.584970   834.408329   386.420752   428.173412   406.766211   717.092445   798.727438   469.882364   374.814829   396.660946   716.129368   661.254656   515.834994   664.944808   1601.874612   
74.800000   598.059428   677.339692   428.156226   435.556415   476.561731   444.047068   494.574681   546.061974   915.690207   972.938830   632.170938   477.624134   497.849559   528.412505   457.562285   434.894509   721.190649   402.808190   455.838780   498.999479   777.934265   364.152717   428.943526   390.382421   504.457784   616.990110   461.073900   357.240773   380.697178   508.876896   444.552906   346.861638   560.813824   1584.680530   
74.900000   676.186382   569.199015   546.508194   390.961402   669.381601   377.772865   523.272416   485.992500   906.812246   1180.282752   488.731445   488.898666   756.328746   476.326274   495.176901   666.641774   687.069043   511.883624   523.510428   499.253177   846.289673   405.090236   378.040291   329.397307   508.824972   541.816641   411.385945   301.387203   359.960988   515.797970   499.203114   384.920377   529.004806   1429.221385   
75.000000   1119.612165   882.679859   1074.419266   479.162732   1172.994679   744.721897   758.786572   596.984806   1093.813905   1536.843486   868.917919   593.696314   1397.670909   1011.819533   726.698737   606.505172   931.536702   868.985394   914.225895   1143.234124   1095.433527   525.106241   435.074072   404.507292   982.155526   950.413661   462.047682   368.729282   405.764206   984.461525   912.322377   869.305620   679.301623   1521.215871   
75.100000   1248.132132   1635.013501   1424.661248   502.707632   2067.052412   511.085918   1258.719255   508.533877   1175.670442   1841.401748   2871.568675   1020.156269   2000.521213   885.507055   937.933085   500.627884   1250.733098   812.026930   1988.521901   1159.160309   1627.424950   605.408579   422.657127   429.797989   867.377886   774.415692   416.665024   379.191503   382.371711   821.554495   856.718187   760.286109   606.302433   1439.677856   
75.200000   628.948538   777.521723   507.947811   477.600753   594.981372   445.651567   462.894044   533.573331   850.442604   974.712235   578.065729   390.764077   546.191254   505.603728   424.081609   493.372391   732.348114   552.047703   535.581654   490.352680   880.815905   453.357762   447.190105   417.286974   571.912863   788.347295   441.442272   424.112611   419.591620   559.466667   493.956735   397.597360   533.200218   1382.723851   
75.300000   744.585690   738.250289   457.815616   521.456730   480.158985   421.126839   412.835189   549.593349   875.029205   1027.791415   499.906225   641.677315   403.627503   498.559656   358.564793   446.431438   837.978519   487.844550   457.206663   505.505737   734.732271   372.086849   435.401599   403.224525   519.923566   545.505658   454.401480   400.870249   441.147058   509.236631   519.158313   348.075893   539.150994   1398.369521   
75.400000   667.291897   516.438723   391.428736   374.976434   395.924359   365.893897   419.472371   459.310516   786.112291   1093.610513   488.192322   463.025847   388.265270   362.678993   370.599209   529.631631   648.590347   367.157783   389.279488   404.311861   807.697306   335.340236   390.627136   329.091312   464.468617   533.939838   340.925830   321.718608   318.023304   425.158017   453.417167   329.845333   487.817597   1401.850568   
75.500000   730.508858   446.205058   402.336849   422.728326   410.264772   421.771174   442.717131   477.225686   659.162240   903.457268   452.396272   463.544447   352.510288   353.981011   385.264556   542.744347   678.068323   419.783640   406.139165   451.604637   760.042065   329.946026   416.407765   373.394642   398.760434   469.646786   348.759658   384.887202   390.576194   365.447796   331.860160   288.912811   564.060505   1450.905728   
75.600000   557.961141   471.185441   347.858888   347.362809   386.650231   340.766049   395.491675   428.040954   718.601999   870.924054   418.186877   477.351566   341.166741   321.406916   390.555699   411.023758   541.636030   353.362147   357.533638   360.427318   702.424842   294.069193   365.374911   312.562415   364.996782   374.298642   297.415873   299.477883   307.607450   379.069029   325.046917   238.114675   458.630579   1460.947430   
75.700000   538.228681   405.387817   358.086617   396.824748   384.634197   404.998786   391.933855   459.447414   749.152936   879.952072   387.635299   432.990258   351.611978   360.030641   403.646960   463.551352   490.068225   421.985090   381.178258   418.088810   712.158095   354.377113   400.375805   376.074829   452.868896   482.912031   305.858988   347.072815   364.909433   444.424338   411.203128   292.133264   493.864835   1360.284750   
75.800000   574.008858   411.009040   389.828626   354.557021   406.333609   347.348312   438.943897   455.556674   717.696847   868.759918   330.831191   331.737408   347.992943   332.637660   376.913435   508.284500   447.135703   356.678574   414.130606   390.295595   768.186896   340.351338   383.318511   338.536296   450.634580   566.324498   271.140708   306.275372   319.274385   430.391222   411.187729   326.512147   481.649753   1376.375327   
75.900000   432.958539   401.034775   330.955063   355.911995   356.562647   331.282871   369.243257   424.518444   688.696882   807.928014   353.762946   327.337678   320.837005   285.151692   360.865128   446.089789   537.903528   357.325082   342.463843   369.623407   692.103589   276.732710   359.280925   320.772785   403.807301   418.284050   264.016338   288.379035   311.039504   375.864881   284.900710   244.375721   470.491175   1412.706826   
76.000000   489.555688   455.988175   292.467687   355.597411   325.740024   354.664069   372.436911   441.421146   701.702488   792.814902   351.776632   364.836615   277.976722   350.636950   328.962726   421.116118   543.650553   359.067649   311.154834   396.990473   707.503947   337.261031   386.531051   345.264241   452.160734   418.856333   348.360790   309.457818   308.075488   429.706955   362.632282   290.906989   494.612619   1386.089750   
76.100000   489.316221   437.080040   387.878831   366.610269   395.326608   384.394092   391.934420   454.445551   734.741883   766.243338   284.962070   329.314435   418.997249   333.416012   338.169944   433.608462   486.182334   396.827351   384.001707   408.567573   720.287197   334.614211   396.258564   353.959770   438.679947   383.269934   334.677203   333.240441   341.710585   374.773431   292.696226   285.066264   474.195980   1415.536553   
76.200000   437.697944   484.214375   298.534370   366.487088   328.363166   362.424582   356.829611   444.603116   730.324572   824.128850   331.254894   347.296346   278.543830   306.887085   286.031196   395.287682   448.478386   371.763244   331.825362   377.350204   702.576505   285.684519   384.228399   329.408375   400.435467   347.978606   296.619819   317.839813   333.456405   377.410533   315.416690   238.126141   451.126779   1362.857261   
76.300000   359.090467   407.603326   285.346930   356.466449   312.563293   347.852000   366.768187   430.811088   631.402003   794.066294   318.725254   389.607525   230.072572   348.458158   264.965730   382.648293   413.151235   356.820997   307.985860   369.776734   677.589525   311.522379   380.829419   324.252023   403.451830   348.791515   288.411300   313.039880   325.083482   393.402169   313.881968   245.061076   432.020507   1360.160967   
76.400000   371.030740   474.131657   295.520429   373.861000   302.945321   347.988815   374.821681   438.093889   648.715047   775.468757   338.113208   344.729534   223.432477   323.523370   291.997028   429.248779   472.026272   385.746643   311.188517   366.293174   670.840375   288.476648   363.569779   320.479791   420.726582   444.337465   328.670024   303.586799   325.226680   401.704129   392.186017   263.474939   455.306580   1402.634014   
76.500000   512.428616   345.509386   299.487204   324.070451   299.799237   331.923268   355.064367   430.592583   622.742217   798.928437   338.790250   325.631716   259.801054   298.003924   317.973527   422.724510   449.504415   337.221689   299.925784   364.890144   655.701834   328.191174   362.767169   310.934791   369.724588   369.324932   259.522863   287.950426   299.703173   335.752741   329.992744   228.193532   461.617108   1348.490718   
76.600000   313.548838   358.093051   278.453876   322.061691   299.803166   342.458935   351.269571   451.129215   640.335519   727.242441   210.493654   370.717978   268.012617   269.779276   289.530548   437.773877   317.332785   342.215461   297.821873   374.955123   664.013755   260.368217   360.313997   317.456253   354.990413   409.114925   250.257246   281.532192   290.350027   340.608710   302.820406   225.358772   442.409129   1332.536581   
76.700000   419.436680   426.294297   293.433001   355.218054   295.649572   347.327751   368.042672   437.733348   639.572856   765.684300   284.872784   382.099913   259.658600   266.711086   300.173914   526.192576   343.927336   372.691539   291.136424   364.543202   658.797371   304.728605   369.775353   325.056065   366.673013   378.294818   338.946975   293.662098   301.753031   340.191002   268.800193   237.183397   445.564860   1364.136137   
76.800000   405.119693   335.998409   299.304146   334.754081   306.985864   324.674294   331.818405   421.274975   609.835640   714.502894   335.631799   318.902475   254.845738   259.635863   308.852049   404.629814   348.467775   331.966483   299.542387   367.256270   659.425514   264.930822   357.186714   311.163922   386.919783   355.839939   259.558470   281.123404   298.342838   370.954041   348.179432   246.590008   443.988507   1345.779820   
76.900000   387.844324   346.487024   302.437619   364.480067   314.213736   352.056619   343.049706   449.452284   599.960886   770.848378   240.373181   320.055578   245.995946   298.347120   297.583335   434.164093   389.841000   357.989445   300.797759   388.056257   678.052401   246.943135   371.270110   340.740177   375.204038   371.530708   265.413065   296.734205   306.254867   360.699986   330.772092   237.744786   459.301994   1342.937377   
77.000000   317.832243   370.058252   265.082281   315.473396   300.351608   310.675814   347.466264   413.441233   618.111321   687.352900   260.033452   304.307866   233.673298   270.943646   258.850195   430.980601   366.241964   330.837631   303.498892   351.640650   663.309465   243.773675   345.152204   296.553948   341.862836   294.532856   272.696986   274.497765   283.853818   315.618030   268.743543   220.730861   426.156155   1363.096405   
77.100000   322.982513   323.000598   274.471402   309.891016   303.213242   301.778908   345.106030   416.749865   633.886535   787.334456   272.535424   282.113354   210.726223   269.086382   265.777898   402.581122   373.266737   312.240625   300.756929   334.680000   667.239287   242.989416   343.572214   289.441489   335.815004   295.037576   265.949047   263.456472   274.180477   299.057910   266.443595   210.381493   432.640292   1327.077655   
77.200000   345.805944   325.276485   276.197603   343.431762   295.939610   342.641150   356.081283   432.688444   619.200209   714.103094   216.947751   352.172970   221.096165   264.398976   261.624478   373.429296   419.475953   338.335327   293.793774   380.866093   674.504752   231.987049   363.046227   314.581905   376.418333   466.886304   263.759213   283.610017   304.618138   367.204233   302.783359   278.402455   467.306593   1314.006225   
77.300000   395.062872   250.010378   258.941202   310.059104   273.970238   308.520126   336.567669   415.379942   631.809376   701.894167   217.655899   304.867311   200.137904   251.726059   290.228298   346.020919   284.651806   309.956528   277.883908   352.996993   666.622908   243.517154   336.878326   298.232006   316.466579   326.415095   212.593810   260.008963   293.628686   278.218326   247.361261   200.198893   424.511778   1328.529955   
77.400000   375.221114   342.570335   262.414896   321.599242   286.638124   301.995921   329.285813   405.504121   583.974120   686.124032   218.182678   303.451556   229.113554   243.212653   280.891652   355.893563   345.472743   324.688998   288.069770   336.708361   655.656118   228.401870   338.263728   284.620738   337.603559   277.986142   241.934789   266.244124   285.972183   293.139315   279.500789   200.079860   408.653214   1308.144989   
77.500000   337.595219   339.179710   258.679187   315.920858   274.875571   304.601266   335.660230   402.763555   572.612182   690.646774   254.470864   323.944380   215.013082   258.071384   306.551890   343.277479   306.802386   317.503490   287.187407   334.663175   641.952109   230.983190   336.135397   283.759898   324.453759   318.465893   233.650714   264.978469   275.576392   290.290933   255.671414   191.293186   419.931589   1306.327970   
77.600000   351.560636   315.453516   280.377225   308.677581   303.902309   307.052574   346.732800   413.793512   588.273566   645.561374   182.951891   281.385000   219.757819   243.245759   282.091029   340.587094   367.301276   316.837664   307.899951   348.010189   641.797090   223.585219   345.407800   300.760779   368.427751   237.854506   231.408051   267.263768   275.537100   335.869409   257.381065   203.524508   417.382145   1309.588299   
77.700000   347.646116   271.378785   272.576860   302.541026   299.288479   302.620425   331.832431   401.867801   599.599504   644.961806   179.753928   307.932388   205.999900   228.331544   288.475864   333.748954   355.072823   314.980452   280.698029   337.430193   648.948111   236.692994   335.418306   294.436728   315.174432   260.687608   223.857949   263.630137   276.569057   271.514317   203.488069   181.126113   405.716676   1308.785058   
77.800000   313.070803   212.723976   242.017123   291.626700   260.154254   295.574555   315.250615   392.102385   578.099161   632.603742   163.735097   292.837934   193.896918   191.315378   253.610269   355.712639   310.942370   300.915563   263.225757   331.894248   634.467934   215.681937   335.495099   283.958270   315.700349   243.618763   167.726958   250.454049   268.137743   277.775698   221.031958   176.618585   407.795656   1312.204189   
77.900000   341.621825   204.201540   259.876217   284.854423   269.974553   296.094423   324.614395   389.907901   576.882792   675.698687   181.869204   266.946765   210.131496   214.992512   256.010553   326.202683   323.422032   292.855192   273.963787   331.087986   636.166124   227.138362   334.815787   280.067801   332.924760   281.285164   191.601316   248.072786   272.412248   280.767656   272.449590   199.700464   418.852206   1297.177876   
78.000000   267.053605   235.173061   233.841616   304.751118   267.506939   311.514707   335.455192   418.243602   554.834644   623.360643   212.253168   278.145546   186.209201   245.960299   240.930046   366.783548   259.693082   301.189319   268.170316   344.860155   634.473981   251.071470   354.806335   296.222320   320.854065   226.432674   215.721993   258.679815   282.020746   276.674219   222.595168   169.354362   424.757391   1294.223274   
78.100000   281.487491   225.248210   245.594346   293.291939   261.608446   294.281791   316.127883   390.996222   566.997115   610.090648   178.239451   262.064339   190.048981   213.300095   239.444491   317.930422   268.980704   299.008990   267.192718   332.373657   633.110286   228.420774   331.866580   281.016256   316.114698   237.677062   202.496408   251.468011   272.300746   293.194405   230.440894   177.981277   403.155645   1291.753835   
78.200000   301.276812   237.932572   244.577234   291.204887   269.437807   285.797474   319.623757   387.724236   570.387428   606.925835   186.233743   266.007107   185.737443   213.154896   248.690676   329.107956   291.401130   295.668898   267.784410   325.015945   638.898279   229.143825   327.848066   271.616182   301.040407   225.343397   189.329303   244.882730   264.395122   285.465947   222.783485   176.294805   402.266329   1295.790623   
78.300000   282.615698   261.755782   234.740127   296.733182   254.637803   296.485226   310.444591   401.526743   566.618533   616.356328   227.788966   288.178389   192.838812   214.417885   237.919722   344.778671   288.225114   298.372469   264.119435   336.559843   635.095579   231.696954   338.239362   282.543849   327.004412   212.687276   190.397751   255.793222   270.255685   275.466717   189.564026   186.480769   407.747977   1285.189739   
78.400000   242.341242   297.245293   225.694323   288.909447   256.730764   284.535851   315.252166   389.232403   590.448754   596.171210   202.273495   267.218664   186.677941   200.691657   228.374264   322.777421   275.941133   294.804004   263.111864   320.166668   629.251476   219.218957   326.076493   270.711937   296.807788   190.933753   185.450200   245.804316   258.539225   257.857204   194.417779   166.684004   395.976872   1285.190763   
78.500000   244.436447   207.511013   234.279330   289.284331   257.287225   290.402371   319.960100   390.583461   569.541073   599.467600   188.003011   267.463841   189.176503   214.262731   236.430795   308.556914   226.637090   291.674957   259.775767   322.120464   637.765423   219.977256   328.257865   274.604907   290.666168   197.885814   170.873149   252.087239   264.659039   252.015270   194.997289   167.673434   397.877816   1293.344271   
78.600000   224.207350   215.780115   229.774611   284.737571   257.146509   285.883749   314.832056   392.634152   561.088283   620.801140   179.415606   256.245788   176.744067   197.186999   245.348758   321.972600   234.129004   285.859211   262.654193   322.124187   633.092836   209.547516   326.625358   271.583479   288.345653   188.696600   188.996734   243.161051   256.991133   243.081929   173.371112   159.759887   397.013603   1292.124070   
78.700000   265.678678   178.837706   236.022359   279.849639   250.842197   278.401428   313.138461   383.146467   544.734064   593.095902   159.740609   267.245612   184.831426   200.397826   226.028490   333.413218   245.795571   282.325232   257.115038   316.359966   628.737882   216.276370   325.728890   267.260721   288.227186   198.114298   171.120434   238.392878   254.744574   248.400568   173.519693   166.246043   390.985762   1283.712092   
78.800000   246.294884   198.238733   229.462382   280.282933   248.051757   287.957430   314.075500   383.384216   556.931752   584.611182   148.869319   254.399056   179.991683   190.466709   226.384928   308.711714   228.922510   286.095121   253.895718   321.749055   628.133968   212.006138   324.848269   271.327161   282.121565   193.175534   169.312145   240.516293   258.757309   247.384458   159.477263   159.328761   396.351073   1280.350595   
78.900000   232.626082   213.012070   240.895114   284.332339   253.397071   284.258701   319.844938   382.550654   566.967552   583.268295   164.824531   249.396297   192.971139   196.191447   235.486503   319.972127   244.894387   285.827047   262.235169   313.640624   633.508679   212.722378   321.999636   272.212297   291.684494   219.385141   182.491280   239.460182   259.253240   267.886656   184.096356   169.386935   390.941055   1281.022714   
79.000000   228.767440   189.662683   233.382942   275.430388   254.229116   273.399814   315.962113   378.956963   548.354983   587.265311   173.843016   248.340712   181.108337   180.328765   231.584699   304.904678   233.273628   278.856737   256.896012   309.004154   636.637668   208.108097   320.568982   264.400687   276.016661   185.356811   160.283807   232.874635   253.332055   238.021834   167.497559   155.632413   385.428245   1279.576916   
79.100000   229.732567   173.351861   229.928751   279.415363   248.548673   274.328997   306.973579   382.062413   540.496979   582.061526   146.162745   255.178267   172.186209   180.547032   221.425275   303.217816   234.148790   277.801255   256.403769   312.908330   626.107327   205.607080   319.972867   265.013144   273.776058   171.969015   159.599002   235.192900   252.751335   240.677056   163.222127   151.518995   389.768754   1273.974005   
79.200000   210.877012   188.908433   222.349511   275.649953   247.244815   271.535886   307.077196   379.735943   542.351927   580.539996   155.899646   246.129234   172.754467   176.950745   221.155668   300.092180   204.046542   276.419477   253.014271   311.435670   623.437737   205.116843   319.126345   264.629888   280.808682   184.923224   157.706210   233.642574   251.961984   237.583943   165.928602   152.655779   386.782787   1272.594456   
79.300000   205.951381   180.702701   225.908000   273.708803   241.252432   272.136048   305.651025   377.430270   542.754226   575.914818   139.054961   253.257809   177.304407   173.242623   216.154432   310.622208   206.096726   273.252330   248.515009   312.501353   620.833856   209.995205   319.233732   264.593490   277.775121   184.612759   159.141013   234.208276   249.932102   232.482768   183.638371   156.036709   386.006821   1272.731626   
79.400000   208.507354   178.137831   223.835831   273.009315   250.245336   274.277532   315.444381   378.661139   540.058363   575.199180   133.082308   239.362029   169.710411   169.437487   224.053047   300.941103   204.032306   273.282235   255.291689   311.472989   620.556675   204.794294   319.028954   262.828154   282.169981   202.589449   150.932847   235.085302   251.206145   247.508888   173.254701   161.401642   386.491016   1274.700294   
79.500000   203.913960   178.842737   217.298218   273.976572   244.471032   275.955336   304.998227   378.959514   543.448361   591.857034   154.293611   238.811210   169.775794   182.116779   218.163354   300.120852   202.399984   275.427854   249.036335   314.476776   619.120945   203.593701   319.613310   264.365756   274.058484   174.690468   153.450277   231.125704   248.094204   231.166934   158.815428   150.994368   391.148252   1271.567690   
79.600000   216.503402   172.505255   216.894430   271.941449   243.137747   272.084571   305.672080   376.002341   536.134282   587.566753   138.093511   237.231148   170.021890   165.048777   219.082360   301.927488   213.876008   273.244117   246.891158   308.503548   616.425033   202.533717   319.364377   260.513794   278.260054   175.388094   151.007273   230.276523   247.282548   229.491006   155.179654   149.085337   386.599002   1269.829848   
79.700000   200.295223   169.860556   217.691229   271.528558   239.752334   272.537659   305.270274   376.399019   536.190779   573.414202   131.470300   234.529927   169.174025   166.239139   213.421258   304.153296   195.466324   273.875263   249.556653   311.006977   615.409104   202.019143   320.415371   262.289081   270.978953   170.029988   153.977682   233.736951   248.090639   230.746541   152.734334   146.142935   382.988671   1266.099487   
79.800000   208.388650   171.314563   216.529404   271.540150   241.211948   273.131688   304.709772   376.129869   534.986257   574.590192   131.535302   232.272371   167.076250   166.930724   214.872422   308.679924   205.924271   277.687071   245.129666   308.921291   616.781762   203.561140   316.910707   259.845269   266.346856   169.704539   150.575796   230.176047   248.334731   234.446989   157.977413   146.043470   383.607896   1263.747180   
79.900000   201.113728   156.897021   216.180671   268.499851   241.053023   272.207648   303.907945   374.424275   536.295439   567.168858   132.230103   236.229582   165.796943   163.839006   215.843636   301.233583   189.870305   275.801098   244.412773   310.887110   613.402189   201.134483   316.351116   261.197745   270.376976   169.501445   146.269776   230.051062   249.211237   233.066429   153.490838   145.328251   384.013070   1263.277272   
80.000000   203.589524   165.374866   215.616043   268.543197   239.316910   269.047043   304.375770   373.502996   531.030257   571.248346   135.455592   231.301566   172.640556   164.528756   223.700361   299.631077   200.881600   271.500828   249.093621   308.353951   614.030645   202.373459   316.395767   258.603172   264.601514   166.617363   149.241404   231.263181   245.438879   229.078640   146.963708   144.212526   391.935484   1263.816537   
80.100000   202.924934   169.867431   215.506095   268.265052   240.994666   271.891452   302.237483   375.359136   534.566947   565.697880   137.311325   231.429453   165.828164   165.432912   224.841901   296.227584   204.886778   272.123201   249.346329   307.687583   614.923525   200.884449   316.625683   260.353304   265.838070   162.827854   149.656391   228.829917   246.575783   229.200173   154.604457   144.180008   387.982426   1261.690841   
80.200000   199.703313   161.630882   215.105072   268.193024   241.346491   270.253176   300.542851   372.905172   531.621133   565.237216   132.431455   231.441539   162.435366   163.489726   217.536066   301.442851   191.326731   271.555057   247.443936   305.798868   614.940693   202.011939   315.046865   256.698619   267.103900   168.937062   148.522962   228.075440   245.626036   227.770933   149.421293   143.716413   381.653540   1259.562218   
80.300000   200.415059   157.015909   213.845922   269.523564   242.095874   267.287151   303.761744   373.034967   526.672519   559.722500   123.947044   235.429768   167.418448   162.731933   215.644305   303.179527   193.805538   272.300735   242.929096   305.366659   611.483103   198.334423   315.434775   257.353206   262.615035   156.460809   146.372854   227.773531   245.827648   224.122458   147.890380   138.352398   379.862546   1259.617499   
80.400000   190.249781   152.392876   213.980994   268.316107   239.410403   267.516708   301.317168   372.169064   527.610442   561.404589   123.421192   228.726680   162.694317   160.605846   211.890190   292.737730   185.537128   268.674414   242.598697   304.774991   611.770507   200.425499   314.699035   257.585233   265.423034   157.360504   142.843503   228.750849   244.410284   228.438835   145.777981   142.300101   379.072576   1257.585007   
80.500000   191.836314   156.123973   215.680651   266.384108   239.388475   270.830024   301.235558   371.753825   525.071418   561.424101   132.249520   233.347782   166.378001   158.222985   214.264955   293.229773   193.674126   270.531830   246.071271   307.742650   611.746978   198.135267   315.201811   257.365777   263.293816   160.316197   145.487860   228.998842   246.220943   227.674839   147.502786   140.912491   380.716440   1256.205812   
80.600000   189.372388   156.700617   211.590299   266.492869   238.403145   268.514299   300.475526   371.474307   526.222678   558.138278   124.722152   233.300721   163.678853   161.843857   211.356218   292.409399   189.796049   272.846486   241.197466   309.087654   611.902739   198.971025   315.878473   257.313143   266.265792   161.780253   147.882402   227.731652   244.875522   228.002060   149.944553   139.958916   383.323193   1255.119827   
80.700000   188.165833   156.957681   215.543532   265.731843   237.960783   269.740213   299.181818   369.655489   527.698219   556.662283   124.913634   231.801225   161.688854   158.231440   212.657764   292.071155   186.201668   269.527509   241.715564   304.537291   614.455456   198.377839   314.912395   256.358247   262.752335   158.918255   148.422595   226.732387   244.782741   229.393699   146.371494   141.012871   382.677567   1255.022443   
80.800000   193.137727   153.422921   212.363715   266.189593   235.937220   269.736270   296.876219   370.281618   522.633917   555.643877   127.790328   228.494300   159.776749   157.634253   211.520827   289.377691   185.283534   268.971475   240.867888   304.734053   610.236016   196.097664   313.699707   257.501264   259.709764   154.252743   143.026804   227.084764   245.439732   220.400617   143.062589   137.824279   378.622630   1253.287202   
80.900000   197.499364   150.265806   214.955849   265.591978   242.196007   267.274077   300.970191   369.333745   525.226018   555.124376   131.139445   226.035807   167.537001   162.780516   216.198642   290.406814   189.894660   267.905230   247.909875   303.908989   615.997891   198.474839   314.394753   255.773380   266.082771   160.642207   142.173115   227.569580   245.351667   220.601382   149.454621   144.199584   377.485952   1252.982514   
81.000000   194.814786   152.019482   213.577604   265.865992   241.375239   268.230876   299.086797   368.597324   525.983310   555.009950   124.262481   227.411051   164.923354   161.704986   213.787471   291.261077   188.330655   268.220356   242.844704   302.781562   612.845184   196.707931   312.889196   255.525215   263.768435   169.510392   142.263687   228.466312   243.254189   224.507593   144.562940   143.997546   377.336705   1252.177523   
81.100000   187.741834   150.087660   212.401645   265.932335   236.683820   266.496375   300.368127   369.049465   523.367381   554.365785   120.374216   226.729104   161.433395   161.515761   209.908312   290.760442   189.178625   267.018900   242.460346   302.543728   607.428914   197.370059   312.923188   256.838968   262.101546   154.978398   140.627567   230.159620   243.586604   221.711381   140.948744   137.982548   376.435312   1250.412783   
81.200000   192.281141   152.092556   216.892426   265.278155   241.186924   266.875548   302.589902   368.753321   526.686187   554.847846   126.216944   228.076814   166.370447   160.232014   216.059573   290.244216   183.710364   268.608142   242.592631   304.021934   607.791053   196.606292   311.775098   257.905896   260.989370   159.022170   141.807259   226.219795   241.989547   223.208575   145.713533   140.440008   375.863627   1250.034812   
81.300000   188.362596   151.682737   209.777738   265.555863   238.205336   266.037852   300.253832   369.603419   525.629988   553.484077   116.864509   226.058689   163.201664   162.091381   212.958438   289.389900   180.861283   266.609154   240.551595   303.901552   608.931587   196.358652   312.504237   253.978189   259.202404   156.306193   139.206601   226.054141   242.141898   221.438890   139.357363   137.919853   375.831856   1248.737260   
81.400000   187.037205   155.034973   209.196333   265.465699   234.564865   264.601064   295.246190   371.580436   521.662998   551.637747   118.234773   225.221749   164.154004   155.058057   208.503586   289.313435   178.757632   266.978503   238.907231   304.112193   607.627558   196.572868   312.473244   254.547528   264.464656   150.501827   140.179995   229.273497   242.199581   219.703035   138.576918   137.345599   375.732998   1247.230772   
81.500000   186.453510   155.080018   212.582512   264.613807   244.375788   266.115386   301.013113   368.229327   519.817159   551.866325   119.550740   227.071654   165.567821   155.585713   209.769930   288.558345   185.516195   266.466177   244.577836   303.037390   611.190253   195.569431   312.001308   254.984548   264.962348   151.563117   140.403599   227.299534   241.639324   222.540531   138.194005   140.807482   375.921648   1246.324183   
81.600000   185.495589   151.795457   216.282867   263.058157   234.378309   265.410467   297.640657   368.430380   519.556140   552.435607   121.597096   226.777582   164.959347   159.186500   208.408435   289.432196   181.979857   266.448535   245.171919   301.605001   606.683719   195.129896   311.544484   254.765542   263.051327   150.408153   139.109638   226.689619   243.039965   219.272147   141.828071   139.429308   374.577653   1245.405889   
81.700000   184.872922   150.358097   213.471198   263.177190   239.420572   264.839941   298.841395   367.280315   520.195700   549.516202   126.545834   224.645273   161.569872   155.661831   210.369742   288.519279   183.828856   266.386533   241.465306   301.763541   605.480764   194.774750   311.142522   254.587089   261.024124   150.792068   139.598079   225.527522   242.824661   216.910236   140.558372   138.786933   376.824841   1244.481262   
81.800000   186.962018   150.682813   208.807570   263.408508   234.218121   264.730213   295.986737   366.367986   517.233013   551.148497   122.581793   224.705250   158.695991   156.347722   207.254128   288.246656   178.233476   266.574242   240.350704   300.150878   604.123612   195.795075   313.178653   254.468522   261.018820   149.905327   142.137667   224.319839   241.105673   217.880876   146.346415   135.517822   373.563218   1243.516713   
81.900000   183.229794   150.364388   208.575084   262.924454   233.907925   264.040891   296.375505   368.823738   517.570650   548.848383   117.656270   225.854720   158.218546   154.422299   208.591248   287.223099   180.167870   265.769450   245.687500   302.011568   604.187128   194.128689   310.283460   255.184795   259.534085   148.403889   138.077000   223.539613   241.873237   218.498287   140.547890   135.422635   374.467855   1242.382420   
82.000000   185.618258   150.664789   208.548299   262.503396   235.071975   267.023295   298.009861   366.880379   516.365089   550.312809   122.975031   226.654904   160.822535   154.966033   213.975854   287.258496   182.343016   265.279415   240.235063   300.809358   605.037436   196.505113   310.717986   255.342812   256.834262   149.112855   139.516501   223.265500   240.759991   218.702368   141.518947   136.164431   374.090957   1241.723527   
82.100000   185.472629   150.617694   207.193297   263.164250   233.330368   264.567872   295.938840   365.979504   515.804697   548.009896   116.908982   228.392790   160.237284   154.950588   209.660905   289.189036   178.772606   265.773801   238.034001   303.074494   603.329867   194.722149   309.539920   252.602330   258.592197   152.003601   138.939686   224.625052   243.185800   216.059960   141.746761   134.933905   374.709595   1240.713390   
82.200000   185.355270   147.013192   209.491958   263.318428   235.476315   263.391038   296.431848   366.302722   521.153267   547.501815   115.829921   226.427782   161.497612   154.403288   210.263969   287.148918   178.653378   265.021161   238.914214   302.139587   602.283165   196.351137   309.114331   252.963430   259.978323   150.780626   139.249887   223.653992   241.086195   217.681007   141.629644   136.709315   373.371915   1240.093642   
82.300000   185.525574   146.284556   211.296934   263.913102   236.497031   262.186130   295.216021   366.375889   518.485125   546.916763   112.878304   223.667683   162.765352   156.472175   209.219042   286.393737   179.808019   264.812721   240.078220   301.626749   603.674544   194.322367   310.148244   252.466837   255.027403   148.612652   136.236473   224.317394   239.511548   216.486388   143.278165   137.701130   373.162863   1238.621069   
82.400000   185.974273   147.321215   209.694428   261.563889   235.968335   262.926179   295.510124   365.325010   518.428126   546.363090   117.958006   225.015631   162.499520   157.931121   205.871966   284.727628   177.258861   264.796289   241.800782   299.577156   602.662289   193.605096   308.601602   251.886382   257.963211   149.356593   139.660288   224.237360   239.102390   215.917530   138.277830   135.985633   373.365258   1237.553535   
82.500000   180.510644   145.864252   209.719757   261.624271   236.596593   264.032910   298.033157   365.194788   516.908018   546.104397   114.487947   223.403364   164.231997   154.010718   207.408827   286.807437   175.736168   263.630260   240.498801   298.845602   602.933757   194.208712   308.413860   252.319286   256.952820   149.489451   139.440363   222.503706   241.746614   217.514246   139.833754   136.335199   372.175798   1236.625240   
82.600000   180.848939   148.307980   206.976505   261.100567   234.679887   261.489229   296.175303   364.554750   518.119390   547.426313   116.371947   224.813211   164.409419   155.304092   208.219497   286.866596   176.354744   263.204963   238.377806   299.575612   603.239694   193.092212   309.260227   251.370826   255.785926   152.718262   138.963601   222.464772   239.150139   215.952415   140.624295   135.722956   371.036454   1235.983513   
82.700000   181.442452   145.741816   212.168291   260.831537   233.383825   263.876152   293.460071   364.215095   516.473318   546.804051   117.834559   222.961795   161.438834   154.951714   204.865253   285.188852   178.581177   264.026029   239.288315   298.567096   600.806295   194.397158   308.115010   250.447666   256.446076   147.161828   136.683029   221.975816   238.881152   214.692766   141.311273   137.178418   371.456838   1234.927145   
82.800000   179.297715   146.403858   212.867922   260.559526   234.953976   262.565492   294.447801   364.540817   516.924269   543.988657   114.689256   221.038450   160.305101   154.486019   207.560627   285.144764   180.233790   262.989020   238.893058   297.915460   601.836249   194.462314   308.101374   250.697813   256.092374   145.926573   136.530148   224.747957   239.764661   218.249832   139.776068   137.411147   370.947241   1234.027522   
82.900000   182.564895   145.087568   210.730723   261.594643   235.502066   261.825536   295.351286   363.014637   515.962187   543.500984   123.434859   222.646763   158.163696   154.888315   208.031301   284.245994   176.132124   265.091044   238.942276   297.986227   602.455685   194.549007   309.011947   251.616008   256.028079   146.114238   136.213848   223.567744   239.358663   217.827452   137.310002   136.696549   370.275695   1232.788548   
83.000000   179.359255   145.668608   208.198629   260.613836   234.643896   261.512153   295.213690   363.802986   521.347124   543.082972   117.933825   221.050900   158.126126   154.563318   205.840835   284.821681   175.045534   263.497175   237.748753   297.865964   600.829710   194.700737   307.903024   253.403648   260.115456   146.406371   135.972734   224.091971   238.706373   216.226229   136.351083   136.057905   370.287621   1232.191200   
83.100000   179.834261   145.103427   208.099579   261.824969   233.821546   262.608390   293.644102   362.923866   514.195254   543.616419   118.815225   221.552454   162.419827   154.086000   207.367304   284.421393   176.421100   264.385834   235.864598   298.179303   600.036832   192.743442   307.928577   251.271894   258.713512   148.858415   136.702936   221.296340   238.794748   216.705999   140.068079   136.749990   370.684734   1230.872423   
83.200000   178.811248   144.702303   206.304576   261.427989   234.222634   261.047782   291.951422   362.564216   513.400307   542.582651   114.097795   220.480899   161.537922   158.501862   205.932564   282.510920   175.154572   263.908958   238.843921   297.926600   597.572673   193.454320   307.173173   251.275191   256.924671   147.362831   134.754306   221.170193   237.682933   217.193642   138.325784   135.563207   370.871360   1230.363068   
83.300000   178.528103   145.695492   206.968716   260.406406   233.909041   263.008600   292.075417   362.236846   511.865629   542.726160   113.955536   220.036722   158.292671   153.977860   207.778435   282.775682   175.353603   263.423703   239.196346   298.749336   599.516301   192.067904   306.892181   251.418969   253.665445   148.164298   134.738282   221.939024   238.103852   215.866034   135.340477   136.355800   370.817794   1228.924733   
83.400000   178.592873   147.236246   207.165643   259.968524   230.075124   262.146725   290.647145   363.083749   511.548031   542.108099   114.627519   224.807845   156.487031   153.452801   207.164393   283.855525   173.350813   262.679133   235.255190   297.070083   597.210573   192.349238   306.191113   250.538125   253.221615   145.274590   136.553628   222.355587   238.977185   215.538144   134.525489   134.131248   369.226865   1228.052169   
83.500000   181.223881   147.525037   206.611802   263.108330   230.995929   261.399372   291.321050   361.233342   511.820352   541.049970   113.362679   223.507018   157.568234   154.211795   205.859294   281.883310   175.391942   263.016637   235.748331   296.405509   596.593522   193.665543   307.038717   249.419660   253.549939   145.585535   136.227061   221.093889   238.306615   212.996088   137.955589   134.306955   368.744220   1227.238174   
83.600000   177.352200   146.243964   205.192953   259.584245   232.893827   260.965367   294.659544   362.098185   510.456971   541.886382   114.814953   220.625903   158.946209   151.933747   203.248643   282.711119   171.671345   264.714805   236.163266   296.425107   595.940538   191.426363   306.555149   249.284385   253.989809   146.359898   134.551678   220.563073   239.287211   212.621666   139.260579   133.342778   368.220737   1226.415244   
83.700000   176.451809   144.748454   205.953389   258.562771   230.879905   261.009233   293.346643   363.165519   510.000941   540.315883   114.577320   219.835375   160.511368   151.894346   209.441918   283.099998   172.898749   261.573744   234.424884   296.040580   595.244270   191.723635   305.757343   250.086739   253.921109   144.817888   134.244208   221.059056   238.149116   213.909201   135.179741   133.195217   367.884810   1225.536842   
83.800000   184.189300   144.099281   209.105479   258.673713   229.179300   262.153640   292.307608   360.968455   510.591926   540.224213   113.647479   221.354722   155.604218   152.295870   205.132126   281.184074   174.375125   263.953958   235.217253   296.401150   594.276633   190.980258   306.163418   250.017599   251.682884   145.310633   137.957808   222.158068   236.888087   212.246267   136.442934   133.936104   367.534248   1225.320320   
83.900000   175.962440   143.925554   214.828095   258.064369   232.071801   259.417142   292.507463   360.951496   509.931173   540.746959   114.538420   223.497514   162.721589   154.424356   205.994423   282.816576   172.563791   261.665207   235.366259   296.209600   594.286243   190.215248   306.889780   250.394289   252.043152   143.052666   135.331180   220.633675   239.108139   212.023811   135.497205   133.146404   368.759091   1223.829448   
84.000000   176.725842   143.551870   209.749816   257.643155   230.083617   260.158033   289.108089   361.483833   512.688504   539.672709   115.316463   218.884999   155.832038   152.073382   205.866695   282.684591   172.840089   261.220310   236.323103   295.557623   594.736272   191.975298   306.390067   252.083541   252.288591   142.857382   136.748411   221.010579   236.404440   215.993567   135.960849   133.683120   367.561035   1222.798035   
84.100000   179.627206   142.394611   207.262086   258.446666   230.995259   260.309707   287.916195   361.138689   509.033297   540.579641   121.234566   220.711797   157.003730   152.185966   204.390228   284.060037   177.055982   260.406286   234.881341   295.390480   593.807431   192.675138   305.801233   251.065711   253.758064   144.900119   136.127189   220.479648   238.904338   213.078823   135.908566   134.258102   366.660225   1222.026498   
84.200000   178.198230   143.444554   209.476245   258.086906   233.348926   261.231246   288.726595   360.502453   510.680035   538.923788   117.354949   220.647977   158.997137   150.815087   206.536540   282.067823   171.835135   259.969265   234.360858   295.045377   595.392395   191.632637   305.746176   249.272788   252.629348   146.422360   135.207748   220.690097   238.045811   212.414711   138.088408   133.516209   367.109519   1221.508354   
84.300000   177.901254   143.256009   210.339405   257.985319   232.530739   259.433945   291.435034   359.437602   510.298294   538.972081   119.178075   218.614519   160.789574   150.762820   208.706037   281.453840   171.899255   260.315556   234.017377   295.091859   594.291242   190.814254   304.625346   248.486948   253.446043   148.046746   136.503194   220.681394   236.723716   215.532609   138.525470   134.582618   367.313990   1220.447698   
84.400000   179.879805   145.202547   207.438537   258.524183   229.501732   258.180207   290.034716   360.608300   511.994071   539.946238   113.611183   218.491445   159.502474   152.083785   207.068123   280.176907   173.199578   261.409679   234.506188   295.549125   595.090935   192.772056   304.131159   247.951873   251.043987   145.259196   135.133373   220.393981   235.177222   210.833612   135.793711   135.210860   368.868080   1219.696989   
84.500000   178.036238   142.949466   206.628038   258.475060   230.985262   258.443122   291.822751   360.218958   509.144257   537.565752   118.272626   217.193371   157.656298   150.777835   203.805510   282.046214   171.442054   260.362841   233.639753   295.697717   593.168578   189.918730   304.264139   248.947095   252.219217   144.001820   134.921218   220.510489   237.403692   210.720549   135.344123   133.433206   365.609997   1218.600933   
84.600000   179.120314   145.477746   206.093629   256.701900   231.151867   258.906706   294.529700   359.607769   509.803757   536.474669   119.428048   220.099578   163.939590   152.134581   209.057875   281.336042   174.643703   259.640914   235.554444   294.960785   596.694628   191.385490   304.966531   247.981161   256.496750   145.960621   135.097374   220.239136   236.080333   214.991544   140.979029   136.949307   366.897240   1217.904156   
84.700000   175.830240   142.034323   204.019609   257.563299   229.046923   258.175229   290.244841   359.023900   510.077197   535.844814   113.253207   218.987336   160.789613   150.838978   201.679393   280.970205   173.640587   259.062541   233.855470   293.670578   592.408879   189.774204   304.360210   247.920654   252.836235   142.475230   134.259486   221.312880   235.371630   213.041318   135.565061   132.733279   368.610437   1217.493553   
84.800000   178.461497   142.251390   204.948161   255.739154   228.711621   259.494615   290.962729   359.569350   509.227624   535.492057   114.979058   220.079252   158.080625   151.089159   204.355499   279.195689   174.184850   258.523636   234.354576   295.125497   591.639485   191.206220   304.895067   248.100905   251.146907   147.097692   138.520846   220.869391   235.293285   211.655305   134.596511   133.882300   366.673848   1215.827510   
84.900000   175.968357   141.919390   206.469922   256.166843   232.354590   258.254558   290.872327   358.621515   508.018512   534.925037   115.287264   222.401861   155.946162   151.745671   204.920190   280.521962   172.198089   259.358376   236.071688   292.973596   593.095672   189.936467   304.851534   247.339861   250.309338   145.623202   135.212912   219.125783   236.342778   212.066447   136.114170   133.970130   365.723594   1215.343740   
85.000000   175.576724   143.467676   207.711791   257.051020   228.986927   258.146445   291.281966   358.055424   506.919527   535.015916   112.217470   220.805838   160.314166   150.100909   202.685186   279.920249   171.576749   258.803485   234.527031   294.457498   593.103835   189.108352   303.447686   247.948370   253.753132   147.302561   138.751998   220.577885   236.350195   213.923556   136.692823   133.421154   365.317110   1214.582200   
85.100000   176.061841   144.396283   206.727767   256.425202   231.566845   258.828782   290.361327   358.417314   509.412428   534.775776   111.315367   217.775246   157.020116   150.640994   204.010002   278.925048   170.756617   258.958128   234.282982   294.317984   592.726792   189.344008   303.705612   247.513830   253.289430   146.512308   135.493598   218.694117   235.022987   211.891164   135.842256   134.515568   365.679006   1213.694296   
85.200000   174.969673   142.715856   204.697256   256.208085   230.008517   257.415109   291.696814   357.179014   505.733035   533.640765   112.988128   218.988818   156.508726   149.599178   199.902966   280.318411   171.279464   258.826570   234.499023   293.045275   590.867696   189.585445   305.171030   246.841275   249.374314   147.948323   135.395931   218.622919   235.432052   212.450585   134.710031   132.126272   363.812969   1213.306225   
85.300000   177.091104   142.333652   203.136180   255.165591   227.774462   258.594374   290.600169   358.167183   506.270108   534.270431   113.076946   216.436794   154.327599   149.489272   205.711720   278.342885   169.744948   258.706349   235.384409   292.432705   592.680989   188.820325   302.339032   246.481047   250.562891   142.998370   133.089289   219.979253   234.986220   212.001868   135.032860   132.932625   363.836137   1212.537062   
85.400000   178.348508   140.487826   203.773298   255.208606   227.632792   257.196721   290.485625   356.502772   504.893786   532.902964   116.482888   217.422888   155.745853   150.202796   206.164601   280.223214   172.371773   259.366070   233.401523   293.735196   591.273625   189.005861   302.364630   246.178443   250.776133   143.779210   134.279094   220.099510   234.345120   213.841845   133.160986   132.963357   364.519001   1210.705740   
85.500000   177.030306   143.107048   203.265649   256.038883   230.202905   258.282710   290.479863   356.474315   505.396513   534.908243   115.798533   216.895111   157.749978   152.328612   202.284939   279.402366   170.171930   258.347005   237.974596   292.695263   588.960393   189.231066   302.775235   246.561869   252.423441   143.837645   132.321788   217.679139   236.147879   214.704884   134.298242   134.520384   363.314548   1210.596745   
85.600000   177.591977   142.887749   202.742505   254.658217   227.695268   257.578623   289.175419   356.733622   505.958195   533.001614   114.704723   215.296561   156.917073   150.103967   201.634490   280.388794   172.384965   257.679923   234.079855   292.657604   591.584801   190.038975   302.292643   247.552011   251.246234   146.449949   135.312596   218.028997   236.667601   216.459135   132.648889   132.473988   363.012588   1209.083051   
85.700000   173.637318   140.499430   203.010627   255.939009   229.144965   256.217944   286.618914   357.443287   503.970689   533.938822   112.341096   216.796694   154.132284   148.763170   199.869746   279.294773   170.755399   256.687854   232.519187   294.915998   589.061722   189.076847   303.217417   245.174133   251.591010   139.800148   133.528006   217.555099   235.057053   210.309220   137.108198   130.872151   363.021448   1208.488894   
85.800000   173.811834   142.112413   203.430642   254.054090   229.965676   260.132536   286.899173   356.690654   504.679541   531.367083   120.646474   216.332673   156.873725   150.539643   202.883156   281.188722   170.324717   256.736407   236.110175   291.817241   587.695772   189.178324   302.299250   248.400613   253.497129   150.452715   132.556753   219.650152   234.557276   212.917809   137.656341   132.907239   362.871345   1207.514410   
85.900000   178.746683   140.788118   207.481193   255.551509   229.436557   257.478863   291.109920   355.723411   504.391049   533.024052   116.631594   215.503343   154.514732   147.588535   201.004163   277.257087   172.085596   256.438204   233.941315   290.898490   587.044654   187.715209   300.782008   246.544059   248.837888   145.754380   131.651340   219.775233   233.497774   213.862128   143.144707   133.464082   362.622391   1207.114462   
86.000000   173.201299   142.616999   204.988464   254.436316   228.378966   256.465387   288.643054   357.749072   500.163786   530.895572   114.696380   215.376446   152.808122   149.185972   203.428553   279.109472   169.323699   257.257990   231.653415   291.573724   586.239084   189.082419   300.270750   246.410740   250.101585   141.092070   135.487131   217.301658   233.513366   212.553413   134.361150   131.400591   363.147568   1206.278461   
86.100000   172.376611   139.999976   203.564527   254.906142   227.275824   255.756661   286.632773   355.843701   503.283908   530.751350   115.488434   215.018353   157.647341   148.523113   204.058045   277.745720   170.690072   256.891505   230.200438   291.200350   587.598625   188.548005   300.502536   245.498098   248.132816   143.006687   136.454020   217.239682   233.128067   211.263994   134.943983   131.172918   362.761895   1205.206125   
86.200000   176.303616   142.518227   200.979794   254.574501   229.102375   255.645171   286.205312   355.144175   504.673930   530.668377   113.868489   214.478034   160.022735   147.942410   203.806403   276.390972   171.908164   258.219425   232.184147   291.367604   585.845713   187.264618   301.814760   245.251787   247.113742   145.568965   135.379259   217.916842   233.263489   209.766976   132.831288   132.323199   362.856552   1204.596205   
86.300000   176.889738   141.877861   204.237765   254.812422   229.443378   256.130269   289.133789   355.559576   502.671130   530.072516   114.858374   217.780560   158.082025   149.570969   204.886213   276.434361   173.595464   256.966142   234.155811   290.985954   586.864119   189.311918   302.356877   246.025436   251.494894   148.955184   136.797681   216.247715   232.519081   211.955414   139.769737   135.188734   361.561418   1203.511375   
86.400000   173.377924   143.685841   204.276626   254.252466   231.577611   255.841001   287.732553   354.968201   499.768484   530.243172   115.003172   214.376108   156.683503   149.421684   202.984019   277.406841   168.826504   256.903314   232.857715   291.527870   586.470510   188.544191   301.854091   245.073110   247.012872   144.000103   136.406663   216.741434   232.066335   207.289374   134.293100   131.799871   360.992019   1203.358369   
86.500000   175.489318   140.431177   201.747606   253.959761   228.821430   256.560797   287.171866   354.645989   499.365620   529.164929   110.878341   214.221593   154.963658   146.519815   201.333540   276.866934   168.664741   256.568840   231.329850   291.180971   584.356693   187.657407   300.285362   245.738618   248.742675   141.703495   131.618610   217.417582   231.805560   210.266125   134.152842   131.662125   362.675415   1201.724811   
86.600000   172.929474   140.022700   200.713014   254.173047   228.108485   254.281479   283.756656   354.799859   499.466891   529.457712   109.616394   217.259101   153.549642   147.896526   200.807273   276.392246   169.835128   256.165394   229.711683   290.513004   584.087424   188.814973   300.118937   246.431553   249.530761   139.699356   135.369507   216.770233   233.577089   210.409721   130.603101   129.705400   361.273906   1201.354698   
86.700000   174.137989   139.947591   201.986868   252.858676   227.472942   254.593351   287.568918   354.685393   503.489963   528.659174   116.987099   214.283513   154.268420   149.021165   201.194094   275.862049   170.925000   255.029494   230.401091   291.197422   585.542990   189.613441   300.211666   244.795130   247.425807   144.816006   135.179973   215.712092   232.907360   213.247904   133.931953   132.483858   361.887876   1200.298047   
86.800000   173.561645   141.181008   201.021083   256.284552   228.337158   254.653283   287.966840   353.755912   499.023199   528.482707   114.473557   216.858391   153.648580   149.086544   198.382756   275.857582   169.987918   255.654597   231.418350   290.491719   582.740645   188.997361   301.178547   244.234247   246.556358   140.595430   130.496894   216.679570   231.460283   208.768992   132.617018   130.288304   363.835283   1199.575050   
86.900000   176.891712   139.662458   200.249507   255.251645   228.412154   254.080493   285.421963   352.944016   498.679708   527.188871   111.478017   215.157515   154.511498   150.410705   200.953741   276.576158   167.187180   255.052046   229.052938   290.390140   583.491824   188.508786   299.888768   244.748424   249.166571   140.211566   132.445213   215.541230   231.951511   209.323710   133.672132   130.829839   358.793309   1199.005322   
87.000000   171.912495   141.070417   199.974831   253.869785   225.716995   254.984912   288.257157   353.293180   498.687371   527.608885   110.555636   216.087425   152.501881   148.944938   200.664500   276.470618   167.105115   256.811588   232.146806   289.957880   581.535279   186.900467   300.066821   243.600502   247.422939   144.405337   130.808084   215.933806   230.899197   210.197014   130.977874   130.079314   359.610625   1198.779014   
87.100000   175.098562   139.001747   201.494284   252.991159   226.445670   252.977012   285.202683   353.159397   500.644042   528.537786   113.707113   213.455371   155.241213   148.270149   200.962768   275.358329   169.982611   255.230039   230.350772   290.358139   582.245868   187.616073   300.099924   245.073644   247.135229   144.731586   130.824380   215.578128   231.200901   207.207690   135.209159   130.789086   359.034712   1197.668252   
87.200000   171.147327   139.535760   201.745631   252.365623   228.772786   252.902401   284.909468   352.102694   498.409986   526.056761   112.387940   214.838787   155.258369   148.207297   202.658933   274.999563   166.925234   255.959494   229.468890   288.880013   580.608324   187.831921   299.679656   242.566285   247.221862   138.258314   131.779298   215.937486   231.660154   207.973323   130.510433   130.107312   360.310935   1196.382328   
87.300000   172.936308   138.413742   199.253423   253.004446   227.188590   253.500177   284.941815   354.235013   498.028201   526.537054   114.246571   213.676335   153.166822   146.785794   203.231116   275.207214   170.307008   255.396131   233.237078   288.502233   582.114531   188.252362   298.327373   243.104671   249.732606   141.159379   131.210107   216.441441   234.229908   207.410577   132.706910   131.372048   359.527585   1195.765394   
87.400000   170.972448   137.961261   201.837414   251.895333   228.805676   253.807061   285.558093   353.397146   498.097426   525.543893   112.351427   216.581815   155.216930   146.061918   203.990361   274.149790   169.075861   255.281504   229.606972   289.080657   581.861428   186.670935   298.733341   243.634161   247.160310   141.510308   131.093491   215.419396   233.352081   208.931629   133.225830   130.500357   360.253164   1194.836416   
87.500000   174.025216   138.136892   202.368587   251.698087   232.348515   253.030496   285.008158   352.479603   498.390693   525.276069   111.254550   215.230563   154.990454   146.471994   201.087860   275.156436   171.049366   254.474220   231.924646   287.940573   582.865393   186.543885   299.392837   243.826765   245.226128   139.194464   131.585694   218.044844   232.721005   208.978632   131.408667   132.546690   358.629706   1194.061605   
87.600000   170.232310   138.591115   200.472595   251.711051   223.914384   252.325912   287.247007   351.607602   497.305402   525.778152   113.924095   213.833902   159.455833   147.280820   201.305794   274.671301   169.867938   254.387053   230.563555   288.434409   582.095609   189.358113   298.295563   242.182209   245.888119   141.103862   132.543451   214.279027   233.550949   208.909559   135.372896   130.522670   358.543697   1194.083228   
87.700000   171.008814   138.139698   203.874123   251.608714   228.433229   252.894346   288.384442   352.188158   501.304689   526.440168   111.577840   216.055726   152.945006   152.418602   204.866292   273.959181   169.461637   255.873956   233.350305   289.126963   582.571771   185.567005   297.733152   243.807703   247.866235   146.133319   131.350782   216.848280   232.732697   209.075796   138.330829   132.158598   357.434112   1192.497892   
87.800000   175.277397   138.150529   204.676836   251.298494   229.600477   254.120512   286.606527   351.521976   503.909391   524.436665   109.871521   214.098378   157.813031   146.244593   200.304768   273.063229   169.273437   254.922801   232.370371   287.101896   581.526186   186.126657   298.024373   242.234027   246.669603   142.317084   131.818968   215.257375   230.272107   210.151983   139.226712   132.215518   361.060603   1192.034500   
87.900000   170.296702   137.735244   201.795756   250.696333   226.763292   254.258158   283.651247   351.473826   498.909011   525.023984   114.535520   214.338378   153.913509   148.149509   199.795498   275.018809   167.460346   254.469270   230.259373   286.975250   578.745182   184.922597   297.343112   242.963313   245.171939   140.563647   131.237848   216.555982   230.700536   206.213887   132.285876   130.967850   359.099678   1191.294836   
88.000000   168.964229   140.343835   198.366352   250.718239   222.078156   252.414939   284.321003   350.602589   495.476512   524.093823   111.439802   213.806859   154.716296   146.632721   198.915237   273.582749   165.249042   253.669907   228.428935   289.404061   579.122239   187.972188   298.554701   244.370512   244.365369   140.709597   132.554069   215.155553   230.707222   206.442497   130.564976   128.351161   358.114703   1190.458973   
88.100000   170.114488   139.879706   201.859780   251.944078   223.844632   252.524528   281.775276   350.876385   493.998656   525.208725   111.985756   212.853346   149.825549   147.038601   199.538338   273.688782   163.699309   253.763466   227.028693   288.277648   579.320381   185.591883   298.342503   242.969167   246.398980   142.719837   131.273279   216.105827   229.874310   205.896333   132.955201   128.888446   357.598967   1189.604958   
88.200000   173.634832   138.299194   199.782845   251.289463   222.373025   251.858355   280.499684   351.007566   494.806122   524.508871   113.181071   212.363680   154.688744   147.414360   199.178804   273.299205   166.039523   253.404712   228.326512   287.096665   577.171462   188.422631   296.706971   240.995640   245.515905   137.669797   135.679603   214.268778   230.273290   208.751051   130.114652   128.469345   358.318568   1189.057766   
88.300000   170.921366   139.587103   200.097569   250.567955   226.032707   251.399000   284.024639   350.490544   494.787273   522.575823   116.352161   215.075051   149.805080   147.771577   196.080072   272.627768   165.833427   253.154145   228.536694   287.095512   578.188155   186.056609   296.392622   243.182485   246.536779   140.863256   131.257487   213.910564   230.537182   207.623121   134.744982   128.426396   356.747276   1188.070968   
88.400000   172.153367   138.841365   199.416128   250.038462   223.806921   252.452351   283.826988   350.675917   495.592946   521.883814   117.398257   213.151290   152.604694   148.098559   195.749601   273.777734   164.570359   253.732970   230.157032   286.352803   578.250764   186.551518   296.859081   241.716605   243.633889   140.391101   132.610536   214.117435   231.801304   206.522959   131.163870   129.430671   356.014060   1187.249093   
88.500000   173.532808   139.187573   198.163663   251.189902   223.635972   251.124299   281.483446   349.762690   495.876719   521.396379   114.757108   213.162739   149.819694   148.083440   198.034962   272.545337   165.625953   252.412147   228.302845   286.243645   578.028343   184.694694   295.858119   241.819394   246.136785   141.386054   133.235103   213.417178   229.880174   206.527185   128.594275   128.837988   356.163386   1186.688169   
88.600000   170.550547   138.823242   200.182649   250.807759   224.485035   251.802774   279.721291   351.072650   492.296101   522.123744   109.958486   212.636102   150.829965   148.397502   196.192709   274.579465   164.350541   252.490884   227.981856   286.726141   576.470342   188.108639   296.216273   241.729089   245.471240   140.803928   130.141894   213.058994   230.498292   205.243126   130.284519   127.870592   356.580917   1185.815811   
88.700000   169.475467   137.507062   199.672925   249.653644   223.722643   251.659021   279.848007   349.269895   494.234312   521.260342   111.128700   211.318131   153.072530   145.755214   196.532498   273.146090   163.859533   252.505048   229.543213   289.711604   576.268672   185.773418   296.385078   242.268053   244.786327   141.411158   127.992826   212.887941   229.766771   206.877476   128.870768   128.386201   356.384664   1184.820273   
88.800000   170.078909   138.145985   199.373218   251.046851   223.268349   251.351812   282.069766   349.151127   493.323517   522.521364   109.164251   211.256836   151.694744   147.437534   199.820531   272.813345   166.724872   251.543773   227.895674   286.314188   577.359232   185.237823   295.261116   241.485445   244.780967   142.235730   129.956979   212.827486   228.185823   206.048308   136.710024   128.733111   358.424473   1184.150278   
88.900000   172.911361   136.011100   200.413133   250.812699   224.844243   252.282270   280.789570   349.033209   493.592147   522.364435   110.223030   211.688346   152.694060   147.491419   199.087089   271.983980   164.525330   252.247771   227.358102   285.826575   578.188190   186.267651   295.843398   240.074721   245.358290   138.448337   132.101138   213.374899   229.338474   206.769702   130.211594   128.458914   355.846964   1183.599872   
89.000000   176.210411   138.726505   200.271747   249.719939   224.085754   251.799644   281.652049   348.439968   491.250314   520.163868   111.029196   210.805726   153.858348   147.086286   197.877565   273.110196   168.160567   253.399251   229.869542   286.589341   576.130292   185.743248   296.477779   240.453386   246.944288   139.571481   129.030169   212.930199   229.923079   204.726290   129.730945   129.576045   356.224491   1183.216953   
89.100000   173.923191   137.738100   199.301368   251.923857   225.944528   252.100026   282.296809   348.515278   491.686313   520.349881   112.278415   211.477005   152.799913   146.504693   196.575386   272.752002   167.041225   251.470194   227.146606   287.194608   575.828805   185.735269   295.856010   241.089053   245.062950   144.247976   128.788419   213.627260   228.718501   205.864860   133.869563   130.814515   358.142520   1182.255126   
89.200000   171.614337   137.507683   198.085944   249.225147   224.572430   251.904132   281.570160   349.281834   492.974167   521.744187   109.587524   212.187587   154.054277   145.435807   201.511661   270.813441   165.589818   251.832540   228.327770   287.175777   577.097173   187.719310   295.356326   242.875535   243.131167   142.145602   130.895122   212.701581   228.245248   206.172861   130.970512   129.161156   355.389906   1181.721192   
89.300000   171.702500   139.012880   199.817437   249.193110   224.035405   250.249995   283.695973   348.566289   494.146514   519.682501   109.464805   212.214490   162.093492   146.250198   196.812947   270.687070   170.750428   253.101677   227.771623   286.686260   577.228462   188.236169   294.933058   240.593590   243.974122   140.705113   132.572916   215.836057   229.580382   209.335291   130.693175   129.904737   353.930828   1180.701980   
89.400000   167.514095   138.595113   196.423024   248.446559   226.747507   250.240662   278.990790   347.974189   493.174229   518.958331   107.338623   212.543125   156.685613   145.243122   195.607343   270.499196   167.720199   252.516913   226.214680   286.583200   574.997273   185.849052   295.218282   240.197960   241.128466   138.688607   134.094700   212.869963   231.608273   206.076561   126.482083   126.756085   354.796220   1179.863551   
89.500000   168.988548   136.690175   198.636626   249.061342   225.816558   250.043412   280.297531   347.379138   492.563727   518.510467   106.976943   213.888740   153.285064   143.764620   195.972959   272.357474   165.568050   251.981764   228.806949   286.150302   575.094651   185.116075   294.844770   239.959547   241.466848   142.266240   130.236885   211.838741   227.492394   204.230983   128.983430   127.598407   355.204522   1179.573507   
89.600000   169.677966   136.409393   198.978655   249.561708   221.942882   251.289393   278.100937   347.826538   492.241610   517.680807   111.972945   211.596735   153.521471   145.882106   196.451118   272.268366   164.902859   253.596541   224.375355   285.189957   572.420860   184.169292   294.271985   241.887282   242.584897   138.749863   130.070209   212.721300   229.006483   202.804060   128.769380   127.472342   354.454920   1178.859454   
89.700000   170.424074   137.213550   196.749658   247.753841   225.061715   249.837514   279.926819   347.240194   491.605386   517.943572   108.570142   211.482033   152.785543   145.637403   194.893412   271.563354   165.912253   250.849388   229.360138   284.829432   574.534399   185.072346   294.474763   241.786829   243.455715   135.908089   132.519926   213.720482   229.897922   205.016781   130.858428   127.932735   353.693363   1177.788856   
89.800000   171.109075   135.054339   200.285509   247.258232   228.700726   251.089768   281.586073   347.186691   490.578167   517.704496   110.698248   210.960298   154.339882   149.453515   198.017084   272.006278   167.460645   252.295015   228.722539   284.903563   575.712549   184.424454   294.749599   240.772420   242.846630   137.737183   131.838138   211.505825   228.397959   208.396412   134.594340   130.745081   353.440243   1177.138672   
89.900000   170.279631   137.086088   199.095309   248.444908   224.003104   249.154385   278.610946   346.711203   488.746382   517.740845   106.853608   212.266292   151.698901   145.831813   196.265164   270.413475   166.297116   251.046348   225.586146   285.219028   571.463974   182.438074   295.112273   240.289132   243.091012   135.734132   130.442217   213.871685   228.323466   202.892995   128.625979   126.337980   352.652560   1176.539620   
90.000000   168.160279   138.659895   199.266464   248.070473   220.097460   249.071282   277.431321   346.225080   489.517171   518.716498   106.862130   211.064014   148.549504   144.844815   195.361643   269.669482   164.340822   249.894543   224.514597   285.141952   574.070691   185.239477   293.654719   238.776778   242.714023   136.838541   128.373723   211.122009   228.388180   205.399368   128.723159   126.446697   353.858608   1175.850546   
90.100000   169.351755   135.142855   196.734203   247.500947   221.064035   248.237656   277.572011   346.752250   489.286165   516.705728   111.449240   214.465437   150.457322   145.369754   195.228058   269.779736   165.222810   251.033566   225.488926   283.957103   572.970087   184.295285   293.280835   239.483777   247.132427   136.981781   131.008670   212.610519   227.349109   203.688680   127.484048   127.474227   352.182175   1175.014106   
90.200000   167.547356   137.831251   197.332339   247.867852   225.655968   248.135767   280.353394   346.556418   490.354269   516.166833   107.980044   213.249133   154.735735   145.720749   199.000350   268.833258   163.793234   250.876278   226.265734   285.254891   570.883261   183.714429   293.884573   240.238284   241.015912   138.571241   130.720833   211.064460   226.907552   203.816865   127.527017   127.559755   353.222021   1174.312920   
90.300000   168.827197   136.841592   196.696624   248.706081   222.233027   248.762698   277.978641   345.881361   487.286536   516.452527   108.206987   209.266607   150.091661   144.274141   198.857203   270.422340   163.545604   250.042436   224.511983   283.570419   570.501961   183.662041   293.579137   239.236417   241.757162   135.388810   130.665526   211.197854   228.263669   204.790229   128.633435   126.218749   351.639213   1173.759914   
90.400000   167.104592   135.808765   197.608510   248.073609   220.174044   249.121899   278.577763   345.738520   486.358251   515.943228   108.356810   212.043145   151.589539   144.633205   194.360396   270.284303   162.458343   249.455898   224.980027   285.865630   569.434760   182.945592   293.211494   237.879178   241.005978   137.435638   133.869654   210.453426   229.504498   203.712015   132.671702   126.578503   352.441272   1173.284611   
90.500000   172.555039   136.603071   197.682884   247.241028   221.564710   248.985915   277.201544   345.065930   487.437386   515.895048   109.500088   208.942492   151.407015   146.618680   197.348999   269.167162   161.874255   249.933031   224.672901   283.363541   569.906340   182.275063   293.060855   238.456988   239.945734   138.290433   131.292720   211.804117   227.901644   207.005726   130.673030   127.716282   353.654609   1172.182373   
90.600000   169.427056   134.846648   201.013219   247.727871   221.794396   247.613624   280.019249   346.176127   492.693678   514.702923   111.528230   210.737301   155.016507   146.219784   195.098655   268.565876   164.169373   251.424542   226.499393   283.260614   568.674996   182.319662   292.543623   238.791243   243.935271   136.865206   128.547302   211.177594   227.193870   206.944953   130.645052   129.058367   354.843169   1171.851221   
90.700000   168.029297   139.621277   197.127183   248.030209   220.745104   247.653815   277.261607   345.972410   485.733686   514.709783   108.567361   211.844043   149.127712   146.024088   194.453903   269.425984   164.294390   249.830652   224.515376   285.002483   569.099674   183.671947   294.261892   238.049095   241.300187   139.955212   130.501104   211.325451   228.592671   203.100804   129.892383   126.982260   352.043657   1171.151432   
90.800000   168.692304   135.134535   200.792048   246.739995   222.705007   248.175176   278.572351   345.370784   491.044811   514.598818   114.319886   209.611355   151.769559   145.754194   193.120500   269.555604   162.770722   252.931586   226.640437   282.774677   570.061386   182.205432   292.722651   237.241362   241.143152   136.025617   128.502718   210.353444   226.986248   208.673975   128.996589   128.274331   351.027663   1170.759207   
90.900000   168.426227   136.343878   198.832771   245.937919   222.329473   250.062945   279.300925   345.436662   488.047176   514.244911   115.640821   211.413997   152.771334   144.315937   198.306007   269.822224   164.216790   250.548537   227.408931   283.944241   568.953950   184.066196   291.849293   239.096087   243.311128   138.788211   130.992794   210.933000   227.293565   205.350244   128.026345   129.001050   352.741444   1170.485486   
91.000000   171.190513   135.410880   196.329374   245.753530   225.081967   247.971768   278.189211   345.501974   489.577900   514.707309   111.820346   211.429761   149.221999   145.279891   196.211977   269.832504   167.424547   249.384627   227.389720   282.508447   572.052194   183.098474   292.305795   238.157671   242.960995   145.322395   131.792784   211.387507   228.343616   206.323655   134.760624   129.975086   351.137996   1169.362694   
91.100000   169.036225   138.110415   194.648631   245.555526   221.259435   248.296098   276.938590   344.329043   487.421980   513.286159   107.707233   208.620219   148.614675   143.292799   195.810814   267.724426   164.321249   248.860235   226.626895   281.969323   571.337127   183.443640   291.313895   237.828026   241.121889   139.704009   129.260451   211.126574   227.874400   204.964596   129.999448   128.665745   350.400227   1168.330935   
91.200000   167.816309   135.667898   195.267745   246.703027   220.693268   248.028260   280.676118   343.331984   485.505964   512.824614   111.973168   210.261271   151.322608   144.554107   201.979379   269.479038   165.418796   248.843977   225.387834   284.093946   568.807562   181.282332   291.317204   236.587845   240.458658   139.390234   129.710613   209.288007   225.566468   206.823474   128.918672   128.442652   352.013306   1167.509377   
91.300000   167.087464   136.178769   194.631994   246.643259   220.245043   246.855420   279.122844   344.228053   484.082896   515.221188   112.919636   212.028272   149.825806   142.547705   197.577010   267.524951   166.090177   249.267976   223.026583   283.920047   568.657050   182.558081   291.357109   238.926656   239.776697   137.458672   128.947847   210.630595   226.046245   202.060117   126.965503   126.827695   350.920243   1166.953513   
91.400000   171.970180   134.321513   197.930277   245.688061   221.351548   248.434696   280.423447   343.884572   490.831866   512.731043   109.502546   209.983019   153.210730   142.753183   197.048549   269.019171   169.688100   247.992368   223.975802   284.037594   566.954963   184.809664   291.027230   237.991254   243.950433   139.152365   131.388774   210.553591   225.624765   203.739167   129.007314   128.958366   349.807442   1166.282231   
91.500000   167.087465   136.522085   196.487961   245.445565   219.709399   247.940393   278.817433   344.070423   485.133346   512.660299   109.456243   210.133579   152.499915   146.812769   198.623078   267.828372   167.523979   248.740587   222.451012   281.810445   567.580229   181.525691   290.852468   238.539176   241.690554   142.283274   126.377121   209.881882   225.207761   207.948363   135.413288   128.239441   350.509342   1165.873955   
91.600000   171.096654   135.640883   195.782372   245.221281   219.803247   247.385175   283.647626   344.666590   487.175917   511.622446   107.799037   208.208336   151.653945   143.211609   199.945672   268.571067   166.486900   248.835368   226.608067   280.937315   569.171582   181.952571   290.409469   236.648162   241.182436   141.473158   127.616893   211.404853   225.033368   203.092293   136.303505   129.793093   350.772504   1165.152421   
91.700000   167.688953   136.041828   197.428646   245.816174   222.265341   246.587434   276.068423   344.739237   487.148018   511.586050   113.618000   209.105871   151.801812   145.703924   196.629104   267.475367   161.990615   248.671667   222.179075   282.044583   568.300500   180.828284   291.328181   235.876932   239.630487   140.669607   126.966968   210.130447   225.430187   202.112607   127.551441   126.800380   349.190253   1164.076909   
91.800000   166.570142   137.462849   196.933000   245.970386   219.947275   245.869531   277.066540   344.262950   488.242807   510.921617   111.511646   209.709432   149.334354   144.702457   194.134430   267.425309   164.763099   247.594169   222.998516   283.031815   566.335277   182.194559   290.473729   235.963574   239.580399   139.114689   125.932322   211.936202   224.416923   204.990778   129.550372   127.121758   348.946751   1163.394478   
91.900000   165.682867   136.451349   195.503166   245.444464   219.929080   247.956559   277.441474   342.768005   484.577446   511.647234   108.278689   210.748093   147.935191   144.013048   194.743848   266.623784   161.866555   248.712574   223.222623   281.357403   567.079995   180.864297   289.698373   235.911313   241.686204   137.136144   125.806610   210.989165   226.446952   200.451955   125.806546   126.098732   349.296515   1162.986205   
92.000000   169.165551   134.612369   199.444345   244.817766   220.753380   247.879839   274.834772   342.180166   484.306286   511.135689   112.403957   208.887349   149.401143   142.720837   193.223469   266.689064   161.954402   248.298773   222.999295   280.968314   568.953641   181.803112   289.955731   235.097429   240.060964   138.582406   126.664491   210.225970   226.829140   204.314319   124.738267   126.234521   349.876427   1162.876268   
92.100000   167.658674   134.909325   198.836766   247.405533   222.161706   246.428925   275.500416   343.970638   488.115746   511.233851   114.560898   206.983477   149.281523   147.402127   193.023800   266.548942   163.423160   247.844573   223.519252   281.398088   566.611820   181.853610   290.058807   235.485830   240.695134   136.793436   126.618045   208.689537   224.774151   203.333513   130.953614   127.940556   349.808020   1162.008263   
92.200000   168.602857   134.396144   199.518049   245.848686   223.316670   245.819062   279.199452   342.290865   486.866167   511.637451   115.584411   208.642252   153.951814   146.479123   193.608997   268.765620   167.339252   246.580818   229.258498   281.277806   566.791321   181.625714   289.378776   235.984829   242.105631   144.238196   127.193550   209.694918   226.263796   207.377675   130.055909   130.703517   349.058944   1161.107348   
92.300000   167.101220   134.654420   197.510257   245.983154   225.088354   245.632433   278.647956   341.680369   481.968200   512.129554   107.454420   210.222997   149.907184   141.776703   193.204446   266.621501   163.089835   249.001625   225.112798   282.033296   566.359464   182.637059   289.904037   235.722607   240.146641   135.473462   127.436433   207.959551   225.568152   202.269187   129.966500   128.243757   348.681163   1160.494519   
92.400000   170.278936   134.797882   194.465924   244.998488   220.128258   246.244182   274.383500   341.358804   483.284323   509.787146   110.406458   209.529563   150.281990   145.494849   194.267851   266.471861   162.870799   249.005613   222.686191   282.012475   564.442717   181.068978   290.687051   235.102753   238.522468   135.800828   127.998960   209.605976   223.736544   201.902082   127.137908   125.913393   348.711761   1160.220419   
92.500000   168.137069   134.345091   194.855475   244.887296   219.890839   246.158643   273.424885   342.026009   486.056207   510.199587   109.726303   207.706059   147.514920   143.442353   197.149545   266.438370   162.062614   247.030678   221.935041   282.183218   562.798154   179.660771   290.922412   234.869585   237.694718   136.590646   128.835024   209.806604   226.022182   203.820862   126.612020   126.796386   348.906734   1159.211320   
92.600000   165.667816   136.194407   195.694563   244.968653   220.342107   246.458798   275.119232   341.380349   485.543654   508.708035   108.153681   206.214418   149.261176   145.262451   193.075919   267.220656   163.024698   246.311106   224.643766   279.922723   564.987397   179.569881   290.141018   234.688274   238.972737   136.316413   129.069576   208.539863   224.790069   203.698643   126.382949   125.668658   347.549851   1159.434792   
92.700000   166.624199   134.442680   196.147141   244.281071   219.415243   245.615485   275.062165   342.317212   485.921601   509.523322   111.219586   207.495978   147.076141   142.677444   190.781230   266.435118   165.881907   246.616605   225.447106   281.903168   564.820230   181.292344   292.132991   234.899461   240.027143   136.141807   125.395339   208.075504   223.272624   203.678075   127.178325   126.044859   349.979845   1158.103387   
92.800000   167.589254   135.374754   200.220587   245.203742   217.047400   245.062885   276.492738   340.400217   484.906828   507.977667   105.548463   208.563919   148.260131   142.640813   192.685095   267.915938   161.133549   248.005680   220.223744   280.857045   562.995756   179.848563   289.846995   235.452954   238.256737   136.876285   127.017669   207.751230   224.062031   201.038019   125.490489   125.013412   349.085319   1157.273636   
92.900000   166.832161   136.068124   196.672438   243.295899   220.038871   244.691581   276.026172   340.696689   486.183381   507.618671   106.165176   207.590274   146.523975   141.251032   191.767042   265.564489   163.242962   246.155288   221.135179   279.010447   562.520219   181.400139   289.985108   236.276688   238.121565   137.139152   128.200991   207.546537   223.834575   200.516724   127.129690   125.890578   348.527275   1157.361514   
93.000000   171.439696   136.586483   193.966440   244.416738   221.421756   244.992993   274.435218   341.740049   484.359014   507.005484   107.014179   206.385628   147.890286   141.501430   194.356748   265.555321   163.051538   247.020213   224.646820   279.157197   564.136161   181.060403   288.768057   235.252391   239.188548   141.435571   125.991740   212.179127   224.146839   203.420123   126.790327   127.838808   349.196654   1156.198780   
93.100000   167.040710   134.614568   193.643478   244.946489   216.247753   244.731742   275.004289   340.428344   482.434445   507.599082   106.815603   205.475067   145.198849   142.785925   190.649613   265.176219   160.085439   246.511015   221.421665   279.805339   563.086932   181.765741   289.332166   234.932975   235.858794   136.179188   126.415061   208.300703   223.116739   198.135896   125.534848   123.526640   346.780987   1155.920462   
93.200000   165.025100   135.233847   194.280763   242.999620   220.166889   246.725422   274.334080   341.406718   482.221605   507.474321   104.048117   207.367402   146.770716   143.314963   193.060237   265.853370   159.976450   245.902564   220.246704   278.536387   563.010722   180.604527   288.192917   235.389041   236.480184   136.804570   131.170344   208.020081   223.278196   199.580785   125.496403   124.029377   347.482390   1154.759309   
93.300000   168.777272   135.760189   196.122108   243.312647   220.608785   245.574462   274.353352   340.241202   480.653922   507.470813   105.876030   207.794275   148.936539   142.228450   197.871364   266.382560   162.227895   247.442376   223.140793   279.392686   563.155330   179.232146   291.257750   237.214753   238.302810   141.692746   127.601205   208.011470   224.675959   206.505520   129.837078   127.211665   346.776590   1154.391843   
93.400000   168.631814   136.976363   194.368047   242.898679   219.743388   244.830729   274.635781   339.581281   480.110144   507.993364   112.869439   206.880020   147.694593   142.496038   192.590552   263.582029   163.482196   244.736442   221.653199   280.940065   562.483758   180.709167   287.725194   234.906808   239.430612   139.902735   125.660694   208.002883   222.646390   203.344783   129.162610   127.451993   347.090459   1153.505913   
93.500000   165.088272   133.128989   196.693553   246.129347   218.984645   245.771008   275.660707   339.861738   481.205119   507.506838   109.357089   207.572984   148.861160   140.689930   194.627162   265.204981   161.113595   245.332145   223.932058   279.276610   560.552504   180.654346   288.967742   236.135595   239.383808   140.057977   125.985237   207.875038   224.155627   199.610342   132.664215   126.015324   345.845937   1152.803077   
93.600000   165.450758   132.583364   197.610413   244.384559   216.743858   245.303279   275.787511   340.423182   479.960560   505.983472   107.887593   206.142397   151.204555   141.089650   193.303950   264.918221   159.972030   246.495705   219.677708   278.118170   561.228350   180.430287   288.756503   235.247670   238.911202   138.077197   127.077497   206.676738   223.063082   199.805573   128.016799   125.803295   346.887192   1152.187359   
93.700000   164.360511   134.393713   195.084948   243.174344   217.797217   244.309394   275.064634   340.196727   481.077623   506.256849   108.458674   206.702402   150.149360   140.555778   193.998871   266.701988   161.722896   245.684393   225.350540   278.290758   559.995679   180.021130   287.879205   234.697264   240.337169   140.166724   126.361767   208.046245   223.999106   202.309209   130.665404   126.778555   345.800864   1151.497043   
93.800000   170.055101   133.426575   195.438680   242.072531   217.171557   244.725881   274.706180   341.920992   480.695115   506.035760   105.932288   205.943940   148.647872   141.346123   192.222596   264.181572   159.644626   245.289215   223.817084   279.134969   561.750677   180.058773   287.473074   233.563866   239.361723   134.572511   124.750067   209.769916   222.261563   201.305075   130.772890   124.876880   345.640387   1151.117619   
93.900000   162.809421   133.730699   192.633688   244.550498   216.212425   243.517306   274.423211   339.032457   478.401659   505.809535   105.860449   206.899897   148.732192   140.316666   191.139345   264.874120   162.180518   244.178059   219.861096   277.779995   558.249417   179.321101   288.046014   236.416696   235.776224   133.913645   127.108034   208.477040   222.064443   201.963885   130.498020   124.423434   345.317831   1150.749950   
94.000000   167.585873   133.220891   193.384667   241.951968   217.757999   244.675279   277.754237   339.284934   480.621827   506.521840   105.700909   205.233770   151.632354   140.131983   197.136996   264.612352   162.787906   245.936473   220.412350   279.848107   560.668455   178.703333   287.361265   233.964267   240.012518   141.875600   124.518077   208.381925   222.594168   202.182992   126.481895   127.016697   344.621159   1149.779319   
94.100000   163.650794   133.440445   191.594908   242.881695   215.077426   243.207703   273.075990   339.374783   478.772243   504.846210   109.293744   206.009836   146.087495   142.278526   190.221881   264.882986   167.416553   246.015288   222.507144   277.952815   558.755223   178.930896   287.020423   234.810028   236.278820   136.331286   127.446589   208.046416   223.022623   198.540669   128.009382   126.125027   345.788760   1149.284944   
94.200000   165.456696   133.120638   190.782597   242.762759   217.817092   243.171676   271.927728   338.630474   477.633282   506.813179   104.972493   209.205032   145.795050   140.946664   190.625830   263.428634   160.801465   245.074838   223.781528   277.648871   559.340977   179.866094   286.761368   234.892577   237.668084   132.450898   126.796588   207.525284   222.828028   199.262235   129.799242   124.279257   347.270007   1148.596051   
94.300000   164.461068   133.508770   194.181053   242.044809   218.492195   244.279321   274.365802   337.728972   478.832675   504.119012   107.736488   208.060664   147.293709   141.462081   191.572311   267.444109   161.235783   244.351822   219.606578   276.373106   559.314960   178.019377   286.568701   233.979458   235.647058   131.932834   124.880971   207.943217   221.865641   198.883219   129.556840   124.671644   346.430257   1148.279756   
94.400000   164.176870   135.938713   191.511967   242.547534   215.426423   245.613057   275.393773   338.994138   478.361542   505.827941   104.700856   208.456866   150.393469   143.425258   192.768672   264.830681   160.877076   245.078624   221.964623   276.253967   559.642355   179.919898   286.477088   233.253999   237.421545   135.074555   126.275040   206.011549   222.149466   201.801898   126.228846   126.188380   345.888174   1147.510657   
94.500000   165.770303   135.881489   196.312377   241.475413   217.539895   242.867832   278.810676   339.085025   480.456509   504.101783   107.720768   204.708172   149.419798   141.894430   192.203024   265.284352   160.838011   243.971368   221.653902   279.124459   560.188809   178.005348   286.214532   232.707889   237.154164   135.795971   127.445977   207.626734   223.776332   203.501766   132.949060   128.536094   345.427336   1147.225654   
94.600000   162.818259   134.730131   191.986654   242.277950   214.786056   242.819064   272.147447   338.772957   476.459087   505.014620   105.594577   205.038701   146.670501   140.684194   190.231655   263.963757   158.212749   244.205778   219.398431   275.979905   558.728080   179.977579   286.879006   232.997780   234.854135   133.727667   126.979041   208.066110   221.807456   197.778019   126.254687   123.797344   344.967683   1147.103847   
94.700000   169.743359   132.594152   194.285713   243.373940   216.284146   242.902520   272.722898   338.117841   481.116093   503.018770   105.938187   206.648866   151.607545   141.420177   192.335010   266.334431   165.657279   244.091212   221.299578   277.506390   558.005631   177.677552   286.420101   232.355894   234.986075   136.826610   126.602952   207.042900   221.783023   200.005820   126.690387   126.507753   343.701220   1145.855181   
94.800000   166.980786   132.950167   197.181061   241.401097   214.720866   243.222772   274.215179   337.496572   479.224362   503.297836   106.021964   205.782310   146.852747   145.607487   190.178453   263.583273   158.950664   244.034570   221.006808   276.937745   559.256380   178.694236   287.552914   232.911502   235.456456   133.050368   125.781433   206.682916   221.633922   200.727885   129.040861   124.505760   342.519742   1145.291810   
94.900000   165.221143   133.909977   191.424652   243.230878   216.752931   243.947863   273.667751   337.260844   480.068225   502.159914   103.114165   206.021171   150.839663   141.985053   194.246930   262.577820   161.474454   242.581493   220.992203   278.617807   564.158202   178.048865   286.681595   233.111580   235.906049   132.982667   124.290229   206.164791   220.639591   200.970050   130.329122   125.722212   344.187945   1144.534075   
95.000000   165.564078   135.012595   195.697945   241.169030   217.715487   243.349649   273.796717   338.202648   481.445270   502.575622   107.135678   204.388615   151.188141   140.808598   189.460320   262.568681   160.221353   242.774476   222.245153   277.191070   559.198568   180.003064   286.083241   231.819165   235.046690   134.616398   125.657211   206.329517   221.725182   199.700872   127.516166   125.568157   343.141941   1144.472414   
95.100000   162.152219   132.489868   192.042907   240.336924   216.171640   243.034405   272.309867   337.627081   475.541844   502.082109   104.988167   207.850036   146.706689   144.232800   189.597091   262.975835   161.167919   245.132196   217.968935   275.703305   557.179484   179.208238   285.730973   232.697830   233.604315   134.831994   126.082877   205.923750   222.351374   201.396517   124.384778   123.516946   342.728585   1143.869426   
95.200000   167.010339   133.109417   192.148577   242.094046   215.553527   242.005359   273.459263   336.920309   475.365343   502.191566   109.366900   208.480027   147.296683   141.498879   190.522509   262.231673   160.688646   242.498837   224.175125   277.180615   557.932732   178.772946   285.399482   232.184296   234.186504   139.451077   123.377460   205.976872   222.629323   199.203919   126.336528   125.975688   343.299141   1142.994628   
95.300000   170.462542   133.883548   190.653300   241.167284   217.907357   241.297876   272.192874   337.652887   474.704819   502.752239   108.821513   203.075987   149.900617   143.369195   188.317917   261.690213   157.800966   242.968901   219.167809   276.790327   557.187826   178.119402   285.458764   231.923594   235.135925   135.996251   124.084788   205.507593   220.957886   199.027852   126.988271   124.728552   342.724922   1142.111567   
95.400000   164.521525   134.135072   196.653488   241.813685   215.687486   241.677166   271.688937   337.113773   476.019866   501.264257   102.796537   203.934296   147.949715   139.901580   192.338961   262.102754   157.727917   244.763384   218.115434   276.576926   556.524735   178.241486   285.558578   233.371941   235.713524   133.023196   126.246093   206.130213   221.459385   199.023699   127.608322   123.252000   342.426876   1141.946269   
95.500000   162.911018   132.476627   193.446158   240.695539   214.728885   243.130668   271.481264   336.355595   475.213985   502.437124   104.401180   204.863216   147.974872   143.587684   189.801760   264.660036   160.629222   243.374670   219.693179   277.091928   557.145340   180.418957   286.246827   233.917143   236.382763   136.022138   124.680253   207.549648   220.996430   199.207912   124.744461   123.010828   342.177491   1141.039551   
95.600000   162.606256   132.114693   191.474975   242.255170   213.575280   241.260047   269.980998   337.827055   477.375453   500.763760   102.572301   206.865840   145.642354   139.087819   188.301026   261.562238   160.191706   242.765692   218.671793   278.211996   554.971779   179.654843   285.120792   233.373653   235.196356   132.082580   124.624493   206.022316   220.407957   197.730494   124.187077   123.222238   341.253838   1141.146224   
95.700000   163.651201   132.032530   191.372187   240.688547   213.977960   242.016772   272.955098   336.913902   476.686972   502.882742   103.951567   202.967679   144.941214   141.869720   190.583882   262.114469   158.594262   243.073933   218.864163   275.731757   554.717479   180.272701   285.066151   230.985009   235.174387   132.482342   125.995582   205.716925   220.767923   197.380147   126.049817   124.429860   342.134274   1140.218201   
95.800000   169.652529   131.204584   194.048205   241.708198   214.730737   242.143557   275.110822   335.881755   477.459757   500.437837   107.548339   203.258663   147.915667   140.501280   193.760453   263.685299   158.975170   243.198278   219.794208   275.000449   554.625050   176.743124   287.688659   231.647743   238.242149   133.676746   127.446700   205.261382   221.595441   203.777486   124.092417   125.614332   341.512581   1139.713093   
95.900000   162.732913   131.835521   190.708355   239.450073   213.325011   242.052484   272.948680   334.767526   475.542282   500.300085   104.165231   204.757191   149.817981   139.708653   191.399279   263.033637   157.851296   241.700649   220.075168   274.642084   553.330298   176.914528   285.339051   231.778950   234.413456   137.012370   125.043643   204.886270   219.619791   198.388820   124.165165   123.108893   341.299053   1139.109434   
96.000000   161.891138   131.999228   193.053949   240.001012   214.489363   241.516717   271.778611   334.687742   472.791666   499.534741   106.131468   203.621392   146.913941   139.873902   189.849109   261.981646   160.055655   242.270660   217.843549   274.932122   554.080983   177.607381   284.879435   232.062749   233.939270   133.200610   127.442040   204.809552   220.542304   197.268207   124.540755   122.079918   341.690318   1139.033070   
96.100000   159.758924   131.422878   190.347811   239.386454   213.916979   242.382350   269.817174   335.830280   473.288301   499.627260   108.124117   205.571644   146.878187   140.296375   188.967058   261.119695   160.482431   241.692795   219.061067   275.229135   553.306056   177.262405   284.921983   231.060509   232.308465   138.079261   123.965085   205.209158   220.350403   196.878509   124.258357   122.642314   341.342215   1138.547314   
96.200000   163.257765   132.048843   191.157934   240.464352   214.530935   241.278223   271.538077   334.596819   475.097196   499.176098   108.140721   204.358723   146.316776   144.796222   190.049258   261.525129   160.126928   241.682161   219.440196   274.897058   552.079385   179.033888   283.352018   231.876629   234.355822   134.149679   125.560257   206.138379   219.109506   197.467361   125.084702   123.322411   343.696705   1138.229575   
96.300000   160.916898   132.315746   188.900416   240.150291   213.975330   240.745378   271.440745   335.703704   475.843972   499.571627   105.908709   202.993924   147.130880   141.454578   191.061252   262.224786   160.949213   242.843417   220.402839   275.575434   554.615758   177.485678   283.133832   231.054506   235.758871   133.055315   124.480571   205.845004   220.474076   199.351692   127.454425   123.018559   341.445668   1136.814043   
96.400000   162.810311   132.394026   188.386828   239.027523   214.994821   240.541216   269.709141   334.961976   474.418107   499.859585   102.751439   205.618658   143.599126   142.366246   190.486099   260.967071   162.760205   243.401781   218.694982   275.192308   553.081812   178.330566   284.289579   231.135555   235.615105   137.410163   125.371843   205.889952   220.098807   195.972807   125.997033   123.133408   339.819647   1136.057855   
96.500000   165.524552   131.079311   191.928662   239.530960   216.575638   240.292452   271.472869   334.538780   472.526711   498.058326   110.874361   202.982815   153.241725   140.011907   190.325265   259.822628   158.338836   243.420654   217.675914   274.399004   552.190627   177.135307   284.428147   230.480102   237.435101   132.314901   123.058380   206.102327   220.749683   199.222732   130.161951   125.104298   341.047301   1135.700160   
96.600000   162.475587   130.241711   190.400268   239.017585   215.830358   240.566883   269.386312   334.914437   471.851702   498.420983   106.660983   203.514474   144.353565   140.737920   191.156342   259.789024   156.624093   241.447777   216.890720   273.818319   552.088271   178.694248   283.503628   232.219132   232.719017   131.712902   124.647978   204.365727   220.802687   197.443636   124.709725   121.660675   340.335441   1135.261459   
96.700000   162.243894   133.468085   190.230784   239.562728   214.113820   240.200694   269.439431   334.706110   474.302638   500.107716   105.332549   205.885060   147.638799   139.726024   190.337507   260.507027   158.874849   241.560392   217.526470   274.256407   554.908611   176.657006   282.551632   230.747876   238.201692   136.276748   124.781141   205.211940   221.499406   196.261175   126.719941   124.417050   341.412247   1134.742381   
96.800000   164.090874   131.033961   192.820709   239.481154   216.933080   240.432263   269.724452   334.126129   474.059251   498.885505   107.383140   202.028207   145.691639   141.675838   192.684628   260.537961   163.081795   241.738066   221.885503   273.791929   552.963321   175.714412   283.673276   231.294530   241.796864   132.250103   127.629110   205.540621   220.709366   198.506936   125.955752   126.434596   340.886551   1134.226855   
96.900000   164.788033   130.541535   191.017322   239.420081   212.081994   239.735901   271.156191   334.973666   473.057734   497.222434   104.014037   203.438475   144.545638   138.858196   189.634931   260.516724   158.714744   241.043528   216.675229   278.586044   550.931803   176.955571   283.397113   230.123038   233.517519   130.125529   127.995034   205.011359   220.439509   196.689213   122.456970   122.194024   342.861457   1133.715335   
97.000000   162.893348   130.664723   190.736761   238.861001   212.479726   242.237194   274.350908   335.241978   475.850504   497.618632   113.464740   202.344098   149.692426   139.535053   189.830566   260.831450   161.322381   240.841341   219.355926   275.176151   553.042135   176.821952   282.647932   230.701743   236.118450   131.080313   127.525732   203.652732   222.062593   197.803037   130.067962   124.343110   341.337267   1133.156031   
97.100000   161.123082   134.414500   192.098119   240.888056   212.634930   239.816771   268.765440   333.684532   472.978456   497.550084   102.112290   208.464713   144.228072   140.528517   193.282808   260.641255   155.614166   241.611191   217.979294   274.615052   551.040852   176.767049   283.057584   231.588301   232.722734   131.614955   124.042033   205.221965   219.098240   195.387983   125.615577   121.361901   341.751935   1132.354422   
97.200000   161.162614   131.745785   190.101590   238.495874   214.067701   241.156289   269.881403   333.478823   470.616811   496.359095   106.427236   204.293146   150.994385   140.641909   191.765026   260.287292   158.291440   241.082067   219.447936   276.206533   551.449052   176.846523   281.916617   231.057929   233.064448   135.440617   123.656484   203.503993   219.053218   196.128832   127.196429   123.101000   340.303638   1132.192542   
97.300000   161.025399   131.181109   189.228882   240.407610   214.178947   240.097185   274.803210   333.707987   471.417399   496.165139   102.342007   203.916914   146.842870   139.311643   189.472339   261.995375   158.926359   240.908395   219.485095   276.101186   552.064298   176.242978   283.629738   230.029160   232.434146   133.334854   124.231916   204.253047   218.623135   198.686957   127.485392   124.943206   341.337047   1131.600162   
97.400000   163.891925   132.877112   188.415281   237.864030   210.421111   240.357767   267.511952   332.732888   471.586672   498.148691   108.225624   202.732860   144.092836   139.952325   188.979543   259.627169   160.616925   241.163325   221.435688   274.041415   550.359994   176.693298   282.230847   230.092896   231.958952   134.246450   124.872051   204.143498   220.672948   197.144760   127.764898   122.943777   339.762653   1130.926627   
97.500000   168.050854   131.829584   194.112068   238.061676   213.496137   239.583162   269.897753   333.444468   470.845651   497.118683   110.567861   201.831327   145.909949   138.815102   195.285255   258.968063   159.522058   240.484953   217.166519   273.731146   550.456264   175.977792   282.987078   230.412809   236.261760   138.462804   124.474161   203.451974   218.343160   198.163229   131.689609   126.077115   338.602874   1130.516939   
97.600000   162.731011   134.142905   190.579443   240.430847   213.111931   239.429178   268.679541   332.916464   470.042297   497.046752   108.518904   203.396542   149.194335   139.494209   192.591831   259.112524   159.143861   241.989667   220.959332   272.964586   553.276457   178.253090   282.284943   229.944657   232.559730   132.405744   122.017952   203.487544   217.902912   201.718434   128.854671   124.352389   340.484471   1130.010309   
97.700000   165.192504   132.194582   191.402873   239.944784   214.164335   239.536687   272.240317   333.177615   473.741902   497.132545   110.427046   201.616598   145.815966   139.166968   191.556337   259.579422   159.095280   241.485871   217.478900   273.833052   551.101810   179.239260   282.265024   229.700502   236.651993   130.850548   123.851668   202.662645   218.510139   199.769378   128.386900   126.215833   338.809643   1129.526680   
97.800000   164.399140   133.336533   189.685568   238.059080   216.766970   239.301941   269.087331   332.604009   471.151849   495.422910   111.960784   201.461989   147.825535   139.246862   188.947905   263.009260   160.800828   240.025882   218.040086   272.906630   549.052572   178.955795   282.138346   230.361904   234.101055   133.654474   124.353724   203.875170   219.623767   199.550030   131.048278   123.593013   337.855688   1129.062839   
97.900000   167.337820   130.538928   188.460724   238.196941   214.095575   238.910209   270.589424   333.280505   471.457049   495.725680   105.454926   202.607155   145.268850   138.029413   188.470609   261.715657   157.155362   240.769766   217.044241   274.470062   550.725719   176.156111   283.192250   229.539506   235.706221   134.484496   124.364154   204.243058   218.501393   199.549436   122.255316   123.733279   338.938328   1128.216275   
98.000000   166.134027   130.727618   190.131127   238.867018   212.293950   240.258522   270.313521   332.497225   469.688918   494.842529   103.814703   201.581229   144.338110   138.599736   190.156918   260.676734   159.443739   241.296893   215.099845   272.214915   548.980699   178.559967   281.967812   231.936172   231.449963   130.342440   124.381730   205.641952   218.364105   201.577984   123.957393   123.893136   338.269232   1127.824264   
98.100000   164.133031   132.280039   190.518803   237.248922   211.788669   238.769894   268.547205   332.310146   471.604453   495.050441   109.800487   202.114668   146.124902   140.633730   186.198221   261.163620   158.661297   240.791773   215.185375   273.451162   553.416313   177.046972   281.185145   229.556776   237.015237   132.010960   124.768821   203.334749   218.729498   196.705729   125.802782   123.995633   337.589650   1128.246429   
98.200000   166.159023   130.438964   189.131125   237.749661   210.777034   239.467550   268.701587   333.456397   469.321117   495.727416   106.137576   202.051124   147.770018   138.007874   187.267343   259.050029   161.556726   240.302186   218.613302   272.941651   549.399799   178.360007   281.077324   229.027841   232.609102   136.587016   127.974834   202.677455   218.706874   198.098344   129.059542   123.441117   339.625602   1127.203126   
98.300000   163.791072   130.104507   188.255817   237.018196   214.526119   240.153666   267.566210   332.155256   467.759443   494.768984   106.332064   204.457678   145.829895   139.495548   188.656691   261.093357   156.712964   239.944143   215.664213   273.303095   547.624216   175.345449   282.288792   229.826911   232.499326   135.613990   123.317044   204.269015   217.891087   193.696447   130.014584   123.002704   337.610612   1126.464572   
98.400000   163.422077   133.748383   192.769606   237.388691   212.400284   241.003222   268.698049   332.561570   470.145364   494.305288   103.725211   203.699457   147.608745   137.854716   188.352885   258.872118   159.483987   240.187021   216.348866   271.608592   550.616790   175.425719   281.148010   229.574206   231.658675   129.810096   129.749122   204.895685   217.740320   194.060130   126.499128   123.206538   338.435061   1126.158900   
98.500000   164.036818   130.881705   192.702640   239.001713   210.013525   240.133922   266.675849   331.630395   469.964231   494.361370   105.237932   202.481979   145.485763   138.155367   189.569508   258.147136   156.970246   240.533826   216.276168   271.329632   547.129516   175.937683   282.981838   230.076318   231.834322   134.593776   124.320295   203.267532   217.597330   196.099059   125.953582   121.589203   337.701874   1125.386803   
98.600000   159.815862   130.269458   188.395025   237.668105   210.308298   237.847796   268.387496   331.841582   467.681965   495.693270   103.833127   203.801514   145.715020   141.161485   187.460551   259.350752   155.389114   239.311743   215.005142   272.612396   548.139138   175.792989   281.427160   229.432867   231.993888   131.204064   122.500024   202.590726   217.756227   194.674673   124.329995   121.591404   337.121430   1125.045363   
98.700000   158.764307   130.682804   188.656623   237.711086   210.305136   237.836245   267.446116   330.964977   469.494041   493.837007   103.291191   200.453135   144.231368   137.652722   186.185795   258.968903   153.911160   239.219536   215.180334   272.264124   547.641890   174.810913   281.729329   228.419705   235.142103   131.836527   132.207399   203.157102   216.814417   195.024194   125.442858   121.506354   337.230239   1124.843543   
98.800000   162.637604   133.200803   190.591837   237.250693   215.373496   237.571347   267.508194   332.414252   467.814202   493.236669   106.753046   201.590382   144.087505   140.335243   188.558369   259.157161   156.365579   239.723507   217.235391   271.903603   548.702404   177.845206   279.748712   228.431153   231.665831   131.504657   123.203950   203.564594   216.862901   199.012254   125.190185   124.153837   336.542331   1124.319107   
98.900000   164.253097   131.236925   191.076738   237.220805   212.524483   239.818531   268.670037   330.774311   471.961430   492.535012   104.968600   200.217011   144.195941   140.349536   187.939037   258.559832   156.277005   239.113436   218.262521   272.660773   546.416834   174.392458   280.117675   228.266724   231.937653   136.866944   123.417837   202.789950   218.531893   194.184080   126.196982   122.243174   338.303658   1123.672288   
99.000000   170.808226   134.382036   191.933208   236.476138   211.821031   238.381370   271.756608   330.985353   471.569509   492.663563   108.250926   202.028440   149.020933   139.181850   188.562571   258.801395   160.113344   238.720838   217.004242   271.999182   550.432983   174.141087   280.483266   228.049051   231.083987   132.455969   120.990787   201.500239   219.408614   197.668014   132.878924   123.831005   338.475595   1123.886572   
99.100000   164.097130   130.118048   188.412703   237.394320   213.305667   238.570196   268.085687   331.561181   471.810589   493.177159   104.052646   201.885192   144.404468   139.760223   187.668635   261.469923   157.623687   239.336341   218.685970   271.083068   549.023552   177.845030   279.866083   229.379435   229.951801   140.508653   123.271806   201.534690   217.597107   195.498430   130.197163   122.614736   336.574672   1122.711870   
99.200000   166.574522   130.095140   187.268865   236.583630   213.959664   238.346917   268.269218   331.725285   469.911924   493.265099   102.697017   200.953325   144.877442   137.344272   191.403154   257.978091   158.150386   240.936091   214.850402   271.806933   547.111213   176.635595   280.029340   227.946977   232.454505   129.492318   122.735329   201.329638   219.632765   198.975948   126.963975   124.918250   336.314626   1122.353708   
99.300000   163.224249   129.686261   193.444844   237.681098   209.941723   239.352424   266.542793   330.704778   471.114004   493.900807   104.638029   200.794223   145.362871   137.904856   189.190140   257.752728   158.136889   237.953540   214.864430   270.706766   546.907025   176.576181   279.997492   228.710638   235.194064   133.392964   123.031880   202.189844   217.847722   197.394075   125.517681   123.063819   338.630511   1121.520771   
99.400000   163.661408   131.812717   187.297515   235.733026   216.052275   237.244887   270.595437   331.081480   466.730035   493.900548   107.939303   203.508697   146.599766   137.148375   185.885202   260.505238   156.573949   239.487969   213.343062   271.111210   546.082817   176.058728   279.430182   228.494532   231.900069   135.681106   125.888011   201.966758   218.118474   196.717346   126.811400   124.064159   336.748452   1121.087528   
99.500000   160.799526   130.456652   187.223798   235.585691   211.314899   237.734805   270.531815   330.338133   465.608068   492.540685   112.068960   200.375331   144.859260   136.794882   191.040557   257.649805   155.535100   240.104770   215.079751   270.708915   545.450812   173.766034   280.625480   228.353753   232.889323   134.429627   122.817264   202.682115   218.586936   198.219961   128.384046   122.126023   338.824617   1121.011012   
99.600000   161.116079   128.881761   192.511952   235.984944   213.336483   236.687781   268.791298   331.111633   466.567672   492.470305   105.769755   201.936551   143.979607   137.038171   189.615753   259.551836   153.813525   239.313546   218.109338   270.830825   544.594737   176.531395   279.936256   230.031526   231.892854   129.436072   122.940158   202.832010   216.748594   197.529613   122.378095   122.466172   338.059977   1120.151705   
99.700000   162.009167   128.070743   189.123283   238.038268   210.475592   238.999592   272.402964   329.812710   466.692479   492.031249   106.589007   199.565418   145.381214   138.173265   185.329556   258.514114   157.845448   238.344022   212.471898   270.531218   545.205626   174.929335   279.614306   227.749929   230.205689   134.418813   127.589145   200.913188   217.280040   193.109703   126.576927   121.334526   337.770349   1120.016295   
99.800000   160.065158   127.963754   186.442984   236.222727   210.080416   237.250087   266.837696   331.631438   464.759346   490.461936   105.136542   202.408755   144.266832   137.169867   186.545642   257.345705   153.635121   238.810644   213.948973   271.531830   544.090537   173.629221   279.831518   227.734823   229.505116   133.735332   124.464938   201.390112   216.619522   192.927598   124.107129   120.344019   335.308589   1119.703556   
99.900000   161.835101   129.188654   189.025393   236.664512   212.874870   236.701836   266.854167   329.394249   469.348789   491.223366   104.406306   201.584504   148.795550   138.373829   189.323504   256.572743   159.489265   238.428017   217.331888   271.861801   544.636033   174.506612   279.479562   227.648353   231.410820   136.816708   125.272828   202.282744   217.540951   200.787108   125.483024   123.222776   336.319432   1119.031994   
100.000000   159.954340   132.560988   193.235919   235.142203   212.537325   236.783797   267.386665   328.980952   466.589300   492.105765   105.756076   200.745407   145.307007   138.575850   185.461718   261.276409   161.185007   238.616965   216.877236   270.435177   545.998496   173.357436   279.051427   228.078501   233.477560   133.374184   122.809932   204.332411   216.141472   196.352593   124.123580   124.439166   335.529680   1118.579952   
100.100000   160.896794   127.933840   188.025534   235.968130   210.914863   237.216208   265.543531   329.481389   466.016258   492.038582   106.734805   198.959559   145.461166   137.212103   187.871550   258.581548   156.776098   237.510670   215.557446   270.085024   547.287498   174.399678   280.201473   229.944844   231.954740   131.060805   123.252514   201.322300   215.992662   194.487820   123.079637   122.284526   335.477168   1117.857901   
100.200000   162.890886   129.958788   189.419561   235.958863   209.506967   238.666506   268.021216   330.239393   464.399781   489.556701   107.247380   201.915263   141.312624   137.370565   189.075039   256.538521   158.756776   237.244625   217.569420   269.737795   545.644601   173.719413   279.265360   228.668708   230.778532   134.838380   123.980523   200.509693   215.741489   198.759762   123.829272   122.642142   336.107851   1118.006762   
100.300000   159.608036   127.990695   188.506549   234.621761   210.865680   237.147785   266.227642   330.849259   465.163864   490.481215   101.504963   202.320820   141.614327   136.577227   191.289110   257.073388   153.030072   237.204058   216.481320   270.947197   545.283439   174.893604   278.461058   229.829596   231.926377   130.585172   123.635019   200.784198   215.338815   195.552079   125.160534   121.012892   335.706218   1116.927875   
100.400000   160.054571   127.496637   190.238325   235.038414   212.633203   237.170174   265.460897   330.103193   465.346267   489.394828   101.106795   200.282731   144.741220   138.460168   186.919556   257.946979   154.071429   239.317878   217.940030   271.037254   545.931956   174.097711   279.502519   228.649108   229.352473   130.051769   120.518751   199.768843   215.435417   195.546021   122.463721   121.872476   334.072112   1116.190059   
100.500000   159.579425   128.046776   189.565084   236.694207   212.848118   239.237839   264.622147   329.460187   471.488735   490.638801   104.079372   198.345166   146.441986   140.007471   188.437676   255.811803   158.810009   238.907235   213.816445   269.511520   544.079698   174.675726   279.499186   226.399267   228.602974   128.064267   122.793194   201.900675   215.919410   198.933070   122.966506   123.201280   336.384008   1115.878793   
100.600000   162.569033   131.834501   190.683900   237.326206   214.319716   237.867699   265.657497   328.732055   466.344689   491.113975   111.151582   198.979492   147.733811   139.601180   189.796012   256.540168   155.313020   236.617502   216.120639   272.635071   544.977190   175.519869   279.953195   226.820932   233.063914   128.474092   123.631608   201.165715   216.800494   196.015819   124.727312   123.161582   335.020904   1115.557558   
100.700000   160.813189   131.652128   185.404317   238.455509   210.556895   237.235909   264.704808   328.596632   465.211526   489.752121   108.533978   201.833052   143.276390   139.506311   184.459630   257.834979   155.505316   237.678932   211.978660   269.920787   542.689371   174.680315   279.167937   227.039717   229.757790   129.225055   122.573667   203.077295   216.480640   193.493682   121.458089   120.563749   334.735123   1114.954635   
100.800000   161.306847   131.379698   186.445113   234.407488   209.875196   235.622002   264.118688   328.561797   462.437875   489.288378   104.649653   200.589119   144.569967   143.252334   186.531483   256.042333   155.101516   239.054793   213.160405   269.351047   542.301026   175.050919   279.207785   228.066640   227.726937   128.439324   123.180639   203.213236   217.151425   192.484437   125.059444   120.551474   333.695474   1115.146736   
100.900000   163.873480   128.313925   186.731361   234.463444   210.587127   235.569273   267.101495   328.674366   466.699879   492.997878   108.199415   199.020884   142.639010   138.764335   190.810242   256.406862   156.397248   238.344860   216.419540   269.752946   544.225387   172.903211   278.764577   227.037148   229.534851   131.574334   120.567297   203.452712   215.757549   205.933922   126.695685   124.448758   336.263906   1114.181929   
101.000000   157.719544   128.161099   186.152020   235.104634   210.173309   237.221722   263.960532   328.717372   464.752029   489.293917   104.237537   202.690170   142.834890   136.488923   183.722913   259.368881   152.441159   237.631374   213.958284   268.783830   542.632428   174.911738   277.710227   227.048305   228.447129   134.627770   119.977989   200.405133   216.299201   196.698353   123.163455   120.581356   333.537431   1113.843097   
101.100000   163.161582   127.637821   185.715251   234.652913   210.369777   236.128651   263.854983   328.345031   464.736511   490.138185   107.970935   200.718288   144.300712   135.812199   187.003251   255.947539   152.814097   237.568119   213.687806   268.755526   542.962075   174.473985   278.487526   227.654101   229.091602   130.516602   122.374881   200.849954   216.008571   192.558815   127.917096   121.537313   334.162711   1113.505179   
101.200000   158.982274   127.599131   185.720398   234.850277   210.597424   236.631953   265.203362   328.728126   462.572546   489.883737   103.679627   203.008962   139.749767   136.566213   186.439045   254.158642   153.107374   235.999329   213.445751   270.078673   541.632096   173.921234   278.910394   227.030214   228.332564   128.612050   121.669319   202.662792   214.783680   192.988910   119.769841   119.801748   333.855235   1113.563324   
101.300000   160.376846   130.530168   189.828953   235.124813   213.071440   235.041645   268.983162   330.106804   465.243214   487.662199   110.562954   201.549695   141.236479   138.059093   185.587804   255.227639   157.551840   236.774356   215.045817   268.313507   543.117525   173.857310   277.628312   225.507298   231.205943   134.183621   122.408929   201.315896   214.954254   192.448891   122.466143   122.684125   334.049498   1112.671743   
101.400000   157.454019   128.697371   187.217879   234.890854   209.355504   235.647014   263.829194   328.273589   462.829185   489.015558   103.246339   198.990531   140.074354   137.255148   185.463670   254.467566   155.220814   236.694504   212.908901   267.796251   543.923926   173.358730   277.256858   227.418964   228.293069   127.707475   124.260645   199.774769   219.112489   195.665858   120.357921   119.401365   334.514345   1113.177827   
101.500000   161.229305   127.333263   188.506000   234.802985   208.042870   237.009698   267.760587   328.560366   464.509528   487.924302   101.956931   198.520972   140.785842   139.835206   188.511367   256.195808   155.040699   237.048162   217.706514   269.628866   542.820681   172.615818   276.726674   226.337735   230.019359   134.610624   124.934684   199.793631   216.233222   194.875067   128.456273   121.941545   333.403709   1112.657895   
101.600000   156.857474   126.945337   186.654853   235.287276   208.473587   235.425359   265.329580   328.108007   463.720568   492.394962   102.318198   200.506164   142.037533   137.124017   188.529428   255.010015   156.581074   237.362317   215.603247   269.900358   539.817507   174.256889   278.157532   225.379113   228.727494   131.790940   120.694057   201.979447   214.576241   193.216354   120.303199   120.727971   333.403223   1111.624132   
101.700000   160.302577   129.478680   186.642032   233.960820   209.320142   236.800174   264.174235   326.952091   462.124150   488.510925   103.988080   199.508358   145.568282   139.485848   190.082684   254.561137   152.471836   236.409221   216.567223   268.003441   540.967027   174.550703   277.184358   225.892334   227.375255   130.222863   126.560809   200.567920   215.792700   193.732782   123.884811   120.540853   333.334798   1111.136329   
101.800000   159.472087   129.632990   187.500915   236.149282   210.339021   235.333787   262.137883   327.003679   464.532691   488.029311   104.204681   199.183601   144.553642   136.723102   184.229103   254.424742   155.968616   238.492512   214.997376   267.771250   541.245955   176.916049   277.760427   225.132578   227.551985   129.675261   121.547225   199.368882   216.006510   192.807224   123.405295   119.456373   335.733653   1111.092483   
101.900000   162.684470   128.274779   186.143618   234.599968   209.147524   235.933913   262.901121   327.168737   464.047991   487.699560   103.172063   200.406447   141.913650   137.032989   186.101803   253.818830   153.967053   236.776561   212.909738   268.030600   543.908778   172.816970   276.593154   226.163214   230.279451   129.093362   122.167383   199.929361   215.020437   193.121356   120.572980   119.928078   333.756723   1110.128724   
102.000000   160.202053   128.094168   185.967327   234.434722   207.714445   235.433788   265.051401   327.281505   461.844360   488.774771   107.981653   199.393622   142.838832   137.830417   184.594382   256.876401   155.756978   235.503130   214.261518   269.760523   542.035690   172.464686   277.574248   227.450570   230.579537   129.192152   122.303356   201.298471   214.662744   192.380266   123.510138   120.813076   332.318914   1109.707842   
102.100000   161.156269   127.757262   187.934332   233.021234   211.262862   235.503839   263.999587   326.766321   470.853050   486.869258   106.708369   197.796951   143.048404   137.464276   186.179108   256.587051   156.017647   236.722352   215.297556   270.862124   539.249031   173.440030   277.846908   225.643580   228.440812   128.478891   120.394767   199.913808   213.981411   194.132595   123.050792   121.114863   332.611534   1109.832082   
102.200000   158.935921   127.169259   184.474067   236.599473   209.932478   234.006434   266.028461   326.822547   464.615885   486.131271   101.295380   198.265123   142.554258   136.718453   183.490124   255.336217   158.557241   236.091402   213.157431   268.543860   543.520524   175.855542   276.869549   225.041668   226.798367   130.065299   121.703967   200.465389   214.756274   191.614363   122.273347   120.656104   331.935569   1108.972728   
102.300000   158.368764   128.613023   187.738336   237.508771   209.784735   234.680761   265.053428   326.810955   462.661811   487.295429   110.398990   197.919285   140.902576   136.177900   185.600746   253.816817   154.960391   235.120901   217.935583   267.394365   541.548231   172.399835   276.403705   226.061429   229.100027   134.948978   123.147440   199.712373   214.714123   194.580866   123.572636   123.609352   332.890575   1108.552133   
102.400000   158.708206   127.260970   188.367746   234.271652   206.912179   236.165571   267.259231   325.959438   460.098961   486.689896   102.821352   199.421932   140.631541   135.460301   183.246945   255.538274   152.315838   234.817791   212.918504   266.661981   538.622736   173.356977   276.520713   224.978813   227.133382   129.575729   122.753388   200.031216   215.069557   195.637039   125.539344   119.990287   334.772895   1107.693440   
102.500000   160.712436   127.589537   186.445826   235.012275   207.430540   234.659309   267.779861   328.741861   460.833986   487.836836   108.162044   199.716235   141.136059   136.489575   183.366292   254.192375   153.461333   235.426949   212.126691   266.933032   538.328221   172.763140   275.966599   226.185112   229.084980   132.054334   128.118629   199.063400   214.614876   193.198114   122.900494   120.331185   332.085294   1107.599410   
102.600000   158.950660   130.055006   188.373551   234.057930   209.177907   234.491827   265.071827   327.865952   461.697803   488.714337   110.271831   200.514335   141.999787   135.505235   184.030111   254.929968   152.257954   235.636008   213.024088   267.095478   539.025418   173.234462   276.034735   225.743428   229.058608   129.808783   120.785205   200.145330   214.547032   195.684098   126.638494   120.678323   334.509962   1107.327342   
102.700000   157.847173   128.890727   186.159405   235.303761   207.834725   234.620974   265.817900   326.464410   460.175850   488.168823   102.890517   200.689197   141.324378   136.344222   186.483037   254.996625   156.577335   238.096314   211.708691   266.210524   540.723512   172.909539   275.664382   224.463394   226.871512   133.213699   120.401664   200.089265   213.540349   191.553691   128.283896   120.762597   333.357251   1107.388089   
102.800000   160.058201   127.139983   188.434027   234.573027   207.709586   234.205452   266.240604   325.973592   462.230281   486.230962   104.817747   197.406673   141.867350   135.616419   188.294012   254.200245   155.445983   235.838426   212.881984   266.787381   538.471582   173.804491   276.244747   224.714118   229.418411   127.576343   120.073632   200.067627   214.999845   194.370180   127.896608   122.316861   333.115089   1106.594192   
102.900000   157.817970   127.428625   186.602111   233.380735   209.919298   234.175484   260.357327   325.097991   460.885570   484.876666   103.605010   199.216923   140.754758   139.942759   188.903676   253.750525   153.521468   235.999338   212.360105   266.694466   537.031775   173.087632   276.731726   225.773279   228.114866   127.414548   120.063936   202.128231   213.835126   193.520679   124.601760   120.226262   332.489884   1105.847083   
103.000000   155.487058   126.317652   184.596094   233.260400   210.329813   235.196916   262.188382   327.092185   462.567560   486.854474   101.614548   197.560524   139.602220   135.696677   184.406798   253.385139   153.419213   235.239311   211.277614   268.286712   539.416112   174.256297   275.761075   224.185547   228.663091   128.826528   122.728841   201.222877   214.590339   189.924963   120.029281   118.775730   333.548419   1105.381830   
103.100000   157.160405   128.946555   184.195075   233.027867   209.546415   234.762364   264.251237   326.326767   460.614819   485.535111   105.248368   198.897760   143.841966   138.467467   184.704516   255.454750   151.832514   235.144056   210.362279   266.475896   537.949404   174.702419   276.698630   224.206639   228.256723   129.235408   122.955929   199.097321   213.578514   191.979408   120.185206   120.077759   333.485950   1104.962712   
103.200000   160.328941   128.045837   185.041769   233.342922   207.196330   233.564934   261.502222   327.004084   459.893783   487.260244   102.516333   197.249572   140.516057   134.964399   187.012708   254.581249   152.448775   234.607574   212.721957   268.012844   537.209845   173.384507   275.673948   225.696262   231.099862   126.315729   123.232004   198.018300   213.675327   190.431213   123.675161   119.766792   331.572787   1104.684480   
103.300000   159.698434   132.166286   185.489076   232.867645   208.182020   234.347863   264.092576   325.261280   461.100386   484.485994   102.513511   198.127404   142.234506   134.620659   185.378999   253.301401   154.988820   233.907565   211.447838   266.555597   539.191155   173.265409   275.182276   224.463471   227.200251   129.078307   121.542547   200.003510   214.673255   193.250543   122.032527   120.443089   331.682704   1104.378363   
103.400000   156.996151   127.270479   185.226030   232.026179   206.539937   233.442853   264.914644   326.241202   458.746129   485.805193   100.999031   196.394662   141.423201   143.769673   185.471427   254.694951   151.640666   235.053634   214.113432   267.445706   537.620931   170.952005   275.798853   225.200263   228.729178   129.486689   121.587334   198.553831   213.993995   192.897891   119.611792   119.205177   331.378886   1104.448762   
103.500000   160.546255   125.937822   186.738399   233.952068   210.090400   232.765927   263.546396   326.891810   461.043585   485.296801   103.274870   198.296735   145.580209   137.829754   184.525589   253.228717   153.883910   234.464926   213.200602   267.437888   538.275228   172.236102   275.287167   224.822280   230.351208   131.287061   122.188901   201.355359   214.150975   193.401567   123.554371   122.682905   331.636126   1103.642333   
103.600000   160.571414   128.893841   187.553859   232.502194   207.816787   234.340835   264.174445   326.222921   457.641741   486.914882   101.387421   197.309225   146.137659   135.918185   183.758862   254.559454   156.060011   235.458794   213.252080   267.431015   537.293746   178.392927   275.590354   225.735303   227.451652   130.124684   120.766767   199.212057   213.602420   196.126651   121.994421   120.516903   332.158426   1103.334877   
103.700000   156.317638   130.804231   191.539604   232.569182   209.091026   233.612983   261.074368   326.037081   458.326737   483.262495   101.516024   196.657071   143.573300   137.034051   184.940143   252.840336   154.932477   234.972339   210.766758   267.281711   539.122057   171.705287   275.346513   225.144802   225.857520   134.741939   120.950748   199.310902   213.553949   194.582399   119.334164   119.808854   330.596514   1103.473427   
103.800000   158.474395   128.666844   187.766153   232.918995   208.018944   233.826997   265.580271   325.275870   461.946395   483.205258   100.706055   198.516742   142.521220   135.612121   184.664745   252.976511   151.553423   235.830594   214.016019   266.923016   538.803731   171.084897   275.976069   225.030497   227.347565   135.670240   121.675156   198.888819   212.984736   193.380759   124.789058   120.863314   329.936378   1102.687988   
103.900000   159.481984   126.196660   185.543595   232.911852   208.186993   234.263521   261.452007   324.895167   460.401511   484.711443   104.644582   198.117054   143.943911   136.364633   190.347098   253.775748   157.403524   234.381540   217.589184   265.696212   537.905020   173.327958   275.632676   225.554554   228.040765   133.506090   119.641233   199.226324   214.460925   196.589919   124.498398   122.072237   330.617566   1102.311807   
104.000000   158.631823   126.667181   183.153119   233.649910   208.255674   233.754575   261.091724   326.731240   460.756983   483.112177   100.224986   196.363517   140.251179   136.715951   187.898105   253.142644   156.815363   234.150950   209.864270   265.747326   534.932654   172.872122   274.558422   224.345911   228.269035   124.856460   120.037967   198.294996   214.036912   190.777401   119.312279   118.850486   331.945152   1102.025379   
104.100000   160.974726   125.124424   184.109996   234.267432   213.285125   232.784532   262.137345   324.778286   461.305427   482.363377   102.800272   196.713295   140.780116   134.469127   186.107409   252.749605   152.857946   234.653071   211.460537   267.042834   536.030430   172.071800   276.404837   225.667583   232.013711   125.044416   120.843336   198.071209   213.821359   191.648200   122.633279   119.547982   330.744592   1101.781282   
104.200000   160.675605   125.070953   184.345804   230.968903   211.486919   232.688239   264.019377   325.978940   459.907445   482.367115   101.435601   197.640368   142.092254   134.298923   183.579374   252.574053   151.661156   235.860577   210.439312   266.895173   536.817408   174.867469   274.339689   223.127114   228.191850   127.255871   120.578124   197.598600   213.197876   193.097540   125.216984   118.965867   330.344745   1101.194232   
104.300000   160.176916   128.067880   186.995333   231.593243   208.880190   233.775089   262.426655   324.124936   459.734218   482.964014   105.200670   198.288741   145.736101   135.049318   186.225310   253.837824   152.216474   234.940028   212.197320   268.312657   537.002862   172.085888   275.207753   224.502521   228.842219   129.688229   119.715827   199.614853   214.477188   192.669803   121.924299   121.609712   329.986188   1100.798256   
104.400000   158.982913   129.090992   184.381989   231.814379   208.432826   233.545702   263.217312   323.154565   460.264905   483.816693   101.063878   197.236992   144.117876   134.562655   186.553715   252.203702   150.270022   233.296029   212.544720   266.414212   535.294130   175.192616   274.563349   222.420517   226.449648   128.510674   119.587038   199.118454   213.228720   191.148481   118.837926   119.950193   331.490960   1100.158649   
104.500000   158.492034   128.186453   184.577998   232.846266   206.410235   234.086910   261.944512   325.305484   456.583014   481.722786   105.539595   195.831083   144.683746   136.108330   185.103464   251.400978   152.145707   233.557967   213.134985   266.819194   535.722631   171.841715   274.419521   224.778145   225.475892   127.570166   119.822811   197.564656   212.875455   191.317910   121.938001   120.395306   331.790277   1099.729194   
104.600000   160.185173   126.501049   184.973423   234.800084   206.036138   233.479882   261.793717   324.662193   456.902125   482.672900   106.352764   196.702692   145.322051   135.524029   187.998368   253.219487   153.652436   234.782213   216.183355   266.176521   535.955891   171.360812   276.255706   226.315853   226.541263   125.610555   120.125430   198.511204   213.579496   192.635943   124.321314   119.822711   329.958395   1099.723081   
104.700000   159.121750   127.007546   183.769234   232.011556   209.737847   233.230324   261.085334   323.174256   455.215264   483.025919   111.686810   198.434501   148.153875   135.740514   182.647989   252.052856   152.169508   233.617772   213.157906   265.587720   534.735547   171.010363   274.110832   223.349037   226.815160   129.470072   120.066804   198.936921   213.192626   196.965783   123.659822   120.877107   329.229715   1099.745827   
104.800000   157.617645   126.562752   183.043398   231.179943   207.818617   234.044513   263.139556   323.366842   455.717601   482.735744   101.339475   198.217351   141.851826   134.851430   184.496824   254.974015   153.117859   234.995223   209.556459   267.123579   534.767176   170.936247   274.201887   223.228530   226.348612   127.985201   121.919892   197.481021   214.146757   192.132393   120.205914   118.509099   330.214535   1098.691883   
104.900000   162.173101   127.151914   186.303024   230.761516   208.255700   233.512592   260.954477   326.069582   457.526980   481.564533   103.132134   198.970562   143.581390   136.692133   185.652428   253.004709   157.210875   233.430753   211.483354   266.342967   535.426028   171.522788   275.206788   225.877226   227.611504   128.537139   120.541231   198.519737   213.438438   191.592427   118.317780   120.821126   330.053780   1098.706117   
105.000000   159.356612   128.661695   186.162396   232.378005   210.501952   233.286240   263.834487   323.289673   461.643334   483.656327   103.944498   197.812261   142.679192   136.525514   186.842856   251.643252   155.685693   233.963685   214.580241   267.143080   540.367963   173.368982   273.439645   224.280350   227.243753   127.400738   119.675257   199.097649   213.034846   192.797181   129.828552   121.949376   330.833717   1098.421700   
105.100000   164.049380   127.601036   188.133789   231.915559   208.833792   233.894664   263.249645   324.444388   458.915787   483.094961   101.991157   201.043642   141.785224   136.335218   185.459373   252.813941   151.113146   234.888508   212.800432   265.290295   535.544830   172.244532   274.551438   223.922369   227.886047   133.346539   119.997337   197.994883   213.330568   193.720483   122.481499   122.641678   329.765228   1098.131153   
105.200000   162.322248   127.707729   185.207389   232.297767   207.357524   232.369672   264.154514   324.026544   458.351408   482.007792   102.829308   199.851825   139.964919   134.567133   187.472061   251.201511   161.307400   233.261210   211.621811   264.488867   534.632262   171.258020   273.094196   225.919398   229.204161   129.458794   120.961105   196.994526   211.648686   192.058877   120.642934   120.624575   329.526427   1097.395707   
105.300000   156.925736   125.723457   182.774732   233.302149   207.028890   232.535733   260.580802   323.575603   456.056971   481.479693   101.025499   199.420408   142.047448   134.861895   182.604591   251.265963   151.903488   233.906797   212.459374   265.563925   534.024748   171.304170   272.877251   222.250789   228.495320   125.679203   123.915179   197.954484   213.564444   189.158747   121.479016   118.101728   330.612789   1096.922880   
105.400000   157.633705   126.016434   183.471174   230.965412   207.681228   232.361567   261.988355   323.505689   459.187747   481.472533   109.369352   197.664755   139.928047   135.009198   182.313132   251.468157   153.592436   233.394912   212.104775   266.079243   532.521852   171.569335   272.991023   224.296361   228.713896   132.266239   120.344678   196.895144   212.001789   191.011496   123.837205   120.460792   330.349548   1096.620605   
105.500000   155.806472   126.001444   182.811562   231.616815   203.839678   233.166122   258.787669   325.478274   457.316163   480.718836   98.729289   195.661001   145.293079   137.545676   182.056092   252.821566   154.559119   233.805535   209.913795   264.079660   532.556808   170.204219   274.687365   222.754368   228.195750   124.901843   124.460441   198.163012   212.306869   190.795622   119.837011   117.541810   329.428122   1096.257114   
105.600000   156.461986   125.728244   182.701244   230.154758   206.504655   231.397784   261.688626   324.496905   455.748692   479.933931   100.736129   194.698707   141.281766   135.525788   181.300733   251.813544   154.845566   234.088843   209.041031   264.807905   531.790862   172.462450   273.547265   222.390390   227.456155   125.754413   118.956532   198.433178   211.703414   192.122318   120.642045   118.068175   330.483659   1096.100150   
105.700000   155.582336   125.978069   187.707074   232.956903   207.090248   232.750880   260.009202   322.393988   456.366663   479.739199   103.821476   196.167236   140.214583   135.178770   184.921518   251.433880   152.100186   232.791963   210.422448   263.782152   532.356693   172.689465   273.409954   223.803233   227.792198   127.047927   119.341900   198.488083   212.544654   193.721038   124.366406   119.071916   330.580050   1095.746506   
105.800000   157.096197   129.995141   186.010795   230.972066   204.418891   233.045127   260.238944   322.520307   455.902780   479.753620   111.704581   195.343017   139.759513   135.160085   185.786360   250.615855   156.437018   233.844676   209.539590   265.505663   532.064220   171.232554   273.698183   224.721690   226.006214   127.804450   119.700347   196.250937   212.275683   192.225478   122.130820   119.479867   328.991256   1095.478680   
105.900000   160.110891   128.061881   184.092138   231.952867   205.497306   231.737242   263.023698   322.512231   458.666874   479.791542   104.210231   195.909489   142.052056   136.098009   181.331565   251.892459   158.427180   233.778394   213.121009   264.712051   533.460059   172.713088   273.378040   224.335560   227.648845   128.441317   121.165928   197.343342   212.472169   190.409875   123.389215   119.209506   328.780465   1094.936473   
106.000000   159.044970   126.434423   183.498042   231.262805   203.732303   232.282393   261.550751   322.887863   459.654336   479.583334   102.626452   196.343434   142.620104   134.211991   184.026423   252.323337   156.234042   232.339319   212.536281   264.745705   532.042494   170.538864   276.144755   222.585106   225.551005   127.830478   119.201545   197.780527   213.455033   190.721904   118.907783   118.318603   328.035755   1094.796375   
106.100000   160.417385   126.709517   185.956944   230.398869   207.998546   231.563205   264.153089   322.811153   456.103934   480.008658   109.905055   196.115723   143.437967   133.999881   186.091275   251.333782   157.079258   234.485112   211.695631   266.792008   531.256557   169.757581   272.759796   221.628095   224.911871   132.058308   118.983105   196.825749   212.230857   191.271623   119.895078   120.016923   328.355462   1094.221620   
106.200000   157.838112   128.012971   185.140301   230.682286   208.216491   230.928899   263.581654   322.974953   457.666228   480.078775   106.393200   196.144044   141.685105   136.729278   185.547974   252.385522   155.071134   231.959073   215.322005   264.746906   533.039518   173.065018   273.724718   221.597552   229.043186   129.084189   120.152730   195.962641   212.410191   191.550994   126.708411   123.164780   328.139268   1093.950168   
106.300000   159.057588   125.086616   183.425263   229.028101   207.824526   232.690994   257.906360   322.198576   454.170425   479.797409   98.217820   195.259807   141.043211   134.893938   184.296413   251.626228   152.281855   234.731239   211.692059   263.999697   532.074033   172.568659   273.030072   222.642736   226.463656   129.821959   118.657237   196.772441   211.733320   190.061907   124.351848   119.234436   328.323755   1093.400135   
106.400000   155.699894   128.904884   183.961752   229.841805   207.773930   231.371090   264.893595   322.821119   458.757860   480.990058   105.919524   199.843985   139.830263   136.845947   183.839671   250.975367   154.203216   232.601218   210.707704   264.236584   533.164435   169.371429   273.192066   222.935919   226.256122   131.849987   120.772139   199.552046   212.162192   191.876999   129.898859   120.876583   327.294889   1093.317077   
106.500000   161.841473   128.209532   185.292699   229.585538   206.894683   232.075370   260.931981   321.560175   456.148166   479.585503   101.580135   195.677322   142.011865   135.305561   185.884844   251.364715   149.961519   232.822359   210.064466   266.059795   534.286201   171.531825   272.176736   222.857322   227.531126   133.643109   118.308721   199.322787   213.024234   192.108797   122.067506   120.900061   327.586259   1093.058553   
106.600000   159.241969   127.312837   184.660387   229.722369   210.781239   231.926915   262.562265   323.877266   456.010146   478.941197   102.201043   193.584609   141.126955   137.543431   188.703395   251.741833   151.200816   232.575175   211.683387   263.858126   534.551336   172.448409   273.147266   223.231856   225.215011   131.008275   119.507595   198.378009   211.270802   191.085927   122.173449   120.566337   328.411522   1093.022494   
106.700000   163.989766   126.270187   183.522465   230.266372   208.623888   231.633491   262.281356   323.745682   454.571381   479.296599   103.483614   195.101431   145.096675   133.438588   184.748566   251.214782   155.485071   234.047422   211.582531   263.918130   534.154630   172.464823   272.516901   222.634976   225.757544   129.886841   119.257979   196.920045   210.869206   197.619918   123.984604   120.904352   327.987297   1092.685838   
106.800000   156.122266   124.016798   183.890466   230.525302   205.900920   231.839738   262.760021   322.504408   454.769880   479.298207   101.748917   197.044675   142.859149   134.716992   189.336791   250.469197   155.376309   232.770699   214.500537   263.377933   531.965947   170.225843   272.561900   223.590458   225.874144   127.159070   121.253192   196.237350   212.575347   189.541356   123.281138   119.074805   327.088493   1091.969865   
106.900000   159.591163   125.164625   184.901398   229.568202   211.403247   232.887746   266.420779   325.823942   456.811249   478.472806   101.797997   195.061276   141.619911   135.105561   190.362155   251.283574   154.580280   231.515200   211.360726   265.073690   530.469578   171.448544   272.615173   222.355060   227.162082   133.862538   121.571425   197.904869   211.331155   192.856764   119.835795   120.020238   329.762321   1091.752171   
107.000000   154.667726   125.016694   183.013818   230.113253   206.578395   231.831504   261.515168   321.911296   454.718904   479.331636   98.538949   196.041533   140.125014   136.180932   183.770947   251.531208   156.509704   232.018801   212.635650   263.789819   532.177869   171.953014   272.168015   222.818942   225.752601   130.586697   119.541552   195.796642   211.651883   190.434318   124.325121   119.086262   328.238648   1091.389863   
107.100000   155.862238   126.080557   183.040304   231.225068   207.534108   232.047130   262.089066   321.192899   455.140670   477.932358   103.982519   196.841927   138.494332   133.907587   180.928050   251.305774   151.409973   232.315323   210.195643   265.633939   530.138007   172.615222   272.149129   222.699258   222.353629   127.194682   119.029969   197.570574   210.751711   190.682053   118.259490   117.627761   329.896325   1091.025278   
107.200000   158.932798   127.826994   189.715838   229.251553   209.632386   231.575979   261.964431   321.255872   454.600002   478.952510   103.575270   198.130418   145.748569   133.904794   187.206375   251.435463   153.640218   231.572446   211.279273   263.613909   530.678807   170.116791   272.211347   222.260121   226.892685   130.067521   119.474729   197.152089   211.306049   194.088022   120.646758   121.778518   327.930463   1090.741498   
107.300000   154.025207   126.163731   185.997931   230.972323   205.335266   233.082136   260.950130   321.555222   453.304182   478.954934   102.744551   196.565025   143.706612   132.952875   185.149414   253.613911   150.611988   234.200281   208.729561   265.253834   530.182516   170.959536   271.645526   222.639115   224.531498   129.283475   118.846778   197.302824   210.883182   190.940287   122.843383   119.228387   329.094173   1090.664808   
107.400000   161.249636   126.242147   185.945198   230.530972   206.333358   231.042225   260.186093   322.141379   454.864062   477.525671   98.126180   200.285950   144.040859   134.256458   182.765061   250.510110   151.072721   232.854179   208.649682   264.598704   531.780627   172.912023   271.571328   221.899605   228.132458   126.658721   119.454423   199.750021   210.311839   189.833808   117.923827   118.158995   326.229034   1090.193847   
107.500000   158.992919   125.703644   181.850203   228.837437   206.778387   230.443780   261.596585   322.173941   453.943874   478.550319   102.507983   197.645569   141.034267   133.814182   180.941423   251.109250   156.752632   232.895076   210.572770   263.799175   531.333664   170.028169   271.722594   223.907350   225.554170   127.951920   119.191576   197.194704   213.367528   189.244953   121.294796   119.253901   326.248316   1089.597000   
107.600000   158.161373   128.337418   184.159675   229.398364   207.147097   231.151117   263.654949   321.057782   452.868460   477.213371   103.109168   195.019761   142.270825   134.328176   184.291512   250.188806   156.643042   231.856781   209.724211   263.404390   531.050468   170.910691   271.963815   222.345722   223.917306   131.662167   117.214514   197.115541   211.726604   191.446213   123.184967   121.188872   327.624780   1089.495740   
107.700000   154.811393   125.437066   181.325773   230.118403   207.161936   230.482974   258.651542   320.907857   452.187641   479.853229   99.195517   194.550918   143.277520   133.515898   181.230241   249.696931   152.910593   231.704142   208.568789   264.328528   529.459586   172.088581   272.581778   224.297329   226.504036   127.037864   119.846727   196.004524   211.017509   188.151348   122.336074   117.439278   328.678155   1089.107923   
107.800000   154.608138   126.174284   180.327273   228.737441   206.143663   233.013523   260.088967   321.429329   453.163184   477.721784   99.924193   195.167685   140.641115   134.353029   182.726847   250.513574   150.030594   232.724612   208.768008   263.357861   529.358865   169.843127   271.575508   222.560108   225.609038   132.090652   119.821121   199.918315   210.863969   190.923978   119.811629   117.497076   325.731707   1089.096028   
107.900000   158.404094   127.012434   184.962948   228.549163   207.558144   231.194777   260.858775   321.083644   452.735759   477.369228   104.002477   194.782412   143.992303   134.394605   182.319772   250.550319   155.719579   231.435960   210.717093   262.553383   532.316740   169.489438   273.439053   221.831508   229.197634   133.084200   118.709102   195.525968   210.956794   192.218561   123.025103   121.800293   325.399000   1088.866268   
108.000000   156.787885   127.889178   184.695468   230.844570   207.010174   231.434765   262.693721   323.225840   451.879426   477.870541   100.388603   196.654375   142.517518   136.863297   180.025297   250.763887   150.838438   231.137206   211.199979   264.019989   532.382590   169.792527   272.096408   221.120150   225.729449   127.632999   121.505667   196.065056   210.283775   188.755655   122.226928   119.962179   326.079388   1088.493527   
108.100000   154.806965   126.452944   184.398489   228.922184   205.876254   231.996213   258.727797   320.051669   456.808916   478.252029   104.678991   197.622921   138.523203   134.398513   182.182700   249.972847   152.590068   232.583964   208.004805   264.286645   529.361824   172.833058   271.433746   222.255644   223.018410   123.868165   122.390689   195.535455   209.729293   189.884562   123.065317   117.986963   326.261373   1088.306676   
108.200000   157.171234   125.930677   182.964957   229.627580   206.930489   233.186182   259.391097   322.413932   452.913525   476.981416   107.397951   194.934814   139.969182   134.366823   185.479383   249.857628   155.287886   231.763440   209.047035   262.451313   529.503848   170.529402   272.475836   220.740348   222.751033   126.238974   119.771893   196.026577   210.055874   194.234947   125.171855   120.625191   325.926904   1087.649980   
108.300000   154.129863   127.959505   183.827814   230.388351   202.780313   231.247260   257.270722   320.759977   451.135467   477.372296   104.561686   196.657612   140.322999   135.661599   180.456389   251.177286   149.967083   231.811964   206.086589   263.242879   527.987457   169.346853   272.844119   222.363456   222.913311   129.025411   121.143096   197.614633   209.345292   192.313918   119.972311   116.919156   325.395431   1087.628934   
108.400000   155.210561   126.046312   182.438623   228.987982   206.465667   231.502412   260.220645   320.522366   455.735706   478.304839   106.848681   198.625438   142.978507   132.031398   182.701146   250.290088   150.117674   230.509516   210.704537   263.087245   529.792900   169.040357   270.566432   221.131175   225.942912   125.567853   119.039335   196.253482   212.188778   191.107114   121.707127   119.811930   326.917676   1087.332414   
108.500000   156.111524   126.758120   183.107490   229.348626   206.744543   231.584170   261.280836   321.433243   454.082254   477.500590   102.162567   196.898329   143.704473   135.663485   182.255322   249.948599   151.275262   230.789508   214.266678   263.956660   530.241738   171.030909   271.045146   221.418750   223.864943   125.051524   118.707263   195.303998   210.783102   190.612094   120.431452   118.430445   328.137930   1086.725339   
108.600000   159.743044   127.897051   183.457657   229.891659   203.459822   231.574470   262.268264   320.840933   452.923378   476.340999   106.390564   194.568203   142.917982   132.613429   186.053795   249.711164   152.192158   231.882070   209.691044   263.230996   528.784907   170.980011   272.227158   222.725301   223.698549   128.563597   117.917284   195.896355   210.513741   187.143057   121.441873   119.546801   326.460729   1086.746341   
108.700000   156.316750   125.809200   181.711385   230.892154   207.605650   231.297713   258.983998   320.034338   451.878345   477.677005   102.141923   195.018523   144.056464   131.854927   181.773718   249.282980   153.681174   231.137557   209.872268   264.687917   528.314283   169.251158   271.628335   221.196629   225.564298   128.445111   118.660079   198.271485   209.848426   187.302549   119.478747   118.575806   325.854298   1086.223539   
108.800000   162.899374   127.485514   187.861725   229.457867   211.466242   231.594823   259.571650   322.092149   453.747603   477.018759   104.995189   196.053731   152.307924   132.234726   183.979501   248.456896   161.291867   230.096705   215.905628   266.897913   532.703062   170.134190   270.394431   221.463875   231.746579   134.019149   119.229404   196.225351   211.829535   193.123459   122.583254   122.962779   324.836334   1086.758851   
108.900000   155.661991   126.086024   181.317747   229.317199   205.152535   231.478426   259.117726   322.664716   450.199534   478.108604   100.829284   197.341416   139.982283   135.569128   182.097317   249.647140   149.485924   231.386296   209.637589   264.575869   526.738081   172.215440   271.819443   220.002489   223.359177   126.761213   118.893903   194.886509   210.543670   188.595006   118.799353   117.714473   327.705061   1085.837918   
109.000000   154.416909   125.550117   181.222713   229.118456   207.389199   231.987403   261.332813   319.841473   450.146680   476.812416   99.323442   193.179099   137.285490   136.179599   179.937600   248.573798   149.677752   232.111010   211.959028   261.993620   527.607589   170.965750   271.358981   220.668269   224.075462   128.835663   119.154755   194.829988   209.671892   187.580441   117.848526   117.031286   324.902125   1085.362306   
109.100000   156.169716   126.231215   182.494575   228.680131   205.414560   230.414677   262.121124   319.105427   454.617737   476.591755   112.419048   195.530921   141.080186   137.818611   182.819819   249.603496   152.249698   230.581027   209.904091   262.585927   529.855610   169.723225   270.702514   220.573180   225.198928   127.785522   118.731005   194.531190   209.902537   188.961936   121.214976   119.795531   325.448225   1084.938696   
109.200000   153.626250   126.469614   180.426779   229.528942   203.057777   232.830640   257.730181   320.057101   453.467591   476.014433   101.040535   193.266625   139.079024   138.879971   179.543336   249.638224   152.455574   230.272189   208.946565   262.384159   529.428749   168.555710   271.699022   219.511486   222.885791   127.495861   119.911178   197.159601   210.574386   188.284578   121.733041   117.019676   324.752994   1085.056287   
109.300000   157.799611   126.643372   187.243313   227.869141   206.173713   230.515496   261.219375   319.252531   459.861598   476.036301   107.259744   195.077734   140.438859   134.470725   181.655647   248.733826   154.512862   230.147998   210.477434   263.030743   532.483906   171.623733   271.310013   220.808558   225.965666   131.533320   120.273509   197.809758   210.914562   189.072990   122.846311   122.384316   325.030371   1084.543411   
109.400000   155.345484   123.615992   186.438170   228.158543   203.769638   231.484296   261.846450   318.580818   457.334358   475.255808   104.553995   194.748899   140.171134   135.802932   180.629805   249.174105   153.469406   230.064924   212.525824   262.416319   529.761349   169.624013   270.893503   220.192016   226.352914   129.301453   119.623829   195.511789   210.327959   191.675471   123.647017   120.621570   326.731362   1084.492759   
109.500000   162.764757   124.949314   188.369777   228.463682   205.134666   229.332271   262.445547   318.771008   452.932986   474.976089   104.091439   195.117816   143.474191   132.389633   179.711818   250.856886   155.593384   231.507139   210.943058   264.870177   530.860573   170.079604   271.068687   219.723634   225.448887   130.941764   119.143172   196.444578   208.888752   192.438765   120.526306   121.173128   325.168940   1084.137306   
109.600000   157.098844   125.977460   182.677281   227.726768   207.812966   229.365794   259.936980   318.933835   451.999410   475.850845   102.932999   194.682558   138.735767   134.102614   178.618119   248.700802   154.246460   230.890105   208.513179   262.469612   529.278360   170.663475   269.979724   218.968325   223.871242   128.002661   118.651717   197.159055   209.858799   190.537568   122.953027   118.496132   325.056145   1083.565252   
109.700000   155.156670   125.393606   181.756180   228.718389   205.350775   229.338389   262.982770   320.572411   453.234417   476.567575   106.140496   197.879310   139.501741   137.273116   181.996044   248.604616   157.735081   230.599408   209.403953   261.130503   529.054082   169.213957   270.252275   220.824465   224.409082   128.547685   118.966456   194.368774   209.700020   190.584611   131.169410   119.332374   323.718533   1083.474954   
109.800000   154.961583   126.675457   184.048131   229.313834   207.327294   228.936195   260.773379   319.970668   453.176282   475.269063   102.826025   195.348592   140.578189   134.169756   182.042657   249.341373   156.362546   230.404650   208.673056   261.330809   527.225674   168.766510   269.494653   219.200141   223.991306   128.938335   118.183382   194.167355   209.384209   191.350818   120.361344   118.776181   324.952780   1083.160698   
109.900000   158.023598   122.865027   183.861082   228.744455   207.563443   229.761925   259.183475   320.202239   449.368442   476.797642   102.140204   194.443324   149.261297   131.292341   180.050182   250.031313   147.460190   229.537048   209.395657   263.251772   527.547035   168.005007   270.475904   219.790803   228.369515   127.011645   121.269746   196.043403   210.239766   193.046583   124.350514   119.456032   325.775848   1083.063760   
110.000000   154.555062   123.530235   184.224297   228.515293   204.781003   229.769979   260.263454   320.882871   450.624347   475.601184   97.724302   192.747010   141.268056   132.248520   181.497394   248.908725   149.325167   229.924703   210.235400   262.875230   527.162748   172.218719   270.013185   218.947501   225.084343   133.618368   118.257748   196.026224   210.286601   187.495493   125.961098   119.024168   324.712256   1082.858671   
110.100000   156.995019   128.837374   186.898843   228.736155   209.052829   229.098529   261.073113   319.585084   457.215425   473.838921   103.384837   194.624407   138.895649   132.144249   186.480795   249.633156   155.874528   231.072648   211.204681   260.859619   528.458895   169.923291   269.454487   219.648500   223.667181   136.644758   118.263477   194.525368   209.393520   189.675902   123.301691   121.773639   324.855878   1082.385830   
110.200000   153.004490   126.686134   185.690348   229.400073   205.989452   228.527734   257.491120   318.883066   450.405480   475.894070   107.028401   195.349754   140.286059   134.397798   181.362046   249.658880   151.820778   231.458027   210.553191   261.533532   530.700656   169.760512   271.164753   220.773021   224.968992   132.126170   118.632587   194.276784   209.460477   189.348337   126.277394   118.818088   325.371037   1082.767600   
110.300000   152.971928   126.619856   185.608789   228.610400   206.594784   231.632348   257.299868   320.280907   450.172556   475.399422   106.430246   195.759878   140.580239   132.454495   181.566860   247.678290   151.712363   229.093064   210.107136   262.176712   526.790901   168.706472   269.860986   221.984207   224.179197   130.864122   117.064007   194.798493   209.551477   185.243624   120.459123   119.356358   325.350716   1081.924295   
110.400000   152.906277   126.040423   184.255832   227.864736   204.682619   230.111441   262.367725   318.666862   450.287219   474.819195   101.099730   194.540009   134.966063   133.891908   180.189263   249.549749   149.541062   231.405930   209.841395   262.154170   526.127223   169.502444   270.013200   221.457773   222.414364   127.994028   120.126843   194.791581   209.680491   186.899105   118.922173   118.244985   324.750604   1081.535986   
110.500000   155.282561   125.489672   184.432823   228.004400   206.959923   230.879410   256.291089   319.954970   454.057430   474.740720   108.632991   194.007626   138.651549   134.907945   183.887745   249.310973   151.364117   230.833289   209.346402   260.940708   531.364273   170.220262   269.945464   220.729653   225.003793   131.768604   117.700271   195.949991   209.377769   190.367277   121.972002   119.317988   326.985788   1081.318402   
110.600000   156.737076   126.317035   179.558909   229.619382   202.260357   230.662781   256.741955   318.548065   449.803710   475.533907   101.154665   194.715626   135.874961   133.021851   178.348179   249.173528   150.363317   231.543501   210.250008   262.936460   526.524928   169.007630   270.701113   221.748822   221.674308   126.216912   119.348269   195.663890   212.012980   186.508699   119.352445   116.409181   324.622985   1081.339119   
110.700000   154.659838   124.665723   183.508526   228.530128   206.498924   228.149619   259.474530   319.489424   450.279537   476.853652   97.539667   194.177539   140.216741   133.573312   181.219573   247.464527   148.868355   229.320777   208.823319   260.231771   526.675740   169.229031   270.676569   223.873090   224.244180   131.100064   117.827498   193.404717   209.514597   187.232127   117.687698   117.123219   323.512044   1081.074296   
110.800000   156.046491   125.118407   183.421349   227.684366   204.464469   227.929529   257.670402   318.281912   450.223921   476.784208   100.413062   193.764648   137.645194   132.967083   181.605645   249.442360   148.778973   229.893862   208.566883   260.498362   526.478966   169.951840   270.598413   222.182380   226.122106   130.634570   120.494600   194.889526   209.905214   187.880964   119.832855   118.191986   323.385775   1080.719583   
110.900000   157.376507   124.050601   179.305021   229.477788   203.115638   228.460222   257.092475   318.064587   452.204486   476.698571   102.422909   194.841443   138.150424   133.653626   180.490747   247.096736   157.163839   230.891453   206.603681   260.393361   524.774356   169.173754   269.256785   218.422421   222.115655   128.038583   118.585612   194.274882   209.336161   186.039948   120.510000   116.638170   323.275869   1080.714734   
111.000000   157.307652   124.596966   184.751427   227.427713   202.933929   230.280755   259.520024   318.047754   448.206690   475.616686   100.779197   192.143959   138.628725   132.837387   181.303442   249.584664   154.799471   230.106907   207.641233   261.432145   525.579193   168.884870   270.685843   219.157485   222.934280   125.400685   117.496922   193.787219   209.780420   189.654474   124.863629   118.613781   323.811396   1080.445378   
111.100000   157.453859   127.548319   180.821467   227.668669   204.151699   230.525181   257.406737   318.592631   448.721006   473.670690   102.351848   193.801539   144.763906   135.675615   179.329692   247.507072   147.975434   231.237406   206.225093   260.531007   524.328716   168.965929   272.605245   220.912777   224.258592   127.672476   117.099562   193.283994   210.382970   186.460493   123.244505   118.923941   324.181797   1080.046746   
111.200000   163.012969   126.846394   184.330446   229.013222   205.101474   228.813031   257.510519   318.837623   454.778665   473.679328   98.980486   193.919306   137.889983   136.013662   184.300780   247.230605   153.959255   229.792559   208.006117   261.502021   525.849272   170.247116   272.016472   220.464263   226.585298   126.704636   119.585403   195.032509   208.562847   187.528567   116.955907   119.202847   325.570896   1079.518677   
111.300000   158.609503   126.805461   182.892437   227.758277   202.358008   227.677514   256.807619   317.644184   451.463704   473.577008   98.799167   194.803325   137.175821   133.543535   180.038009   248.098893   149.692972   230.316150   207.811993   260.679567   525.625866   170.109299   270.194864   220.568752   225.844412   129.851828   117.098297   194.113668   208.480835   187.350267   120.226676   117.634847   323.918670   1079.581940   
111.400000   154.872529   125.738380   180.945102   227.978954   206.996824   227.314388   255.907398   318.948323   453.680647   473.249219   103.164091   193.662117   140.042193   133.967060   180.749683   247.235951   147.943072   230.391130   206.371689   262.019068   526.870901   168.428346   269.584897   221.148370   222.637347   126.702613   119.431511   193.588632   209.750150   188.244752   130.273220   117.919038   326.984882   1078.983630   
111.500000   156.811131   127.597672   186.912271   227.982795   208.757895   229.708561   257.359885   319.303863   452.265783   473.803659   107.307896   191.651644   147.153874   133.831461   183.720968   247.958245   155.464678   229.478299   208.326340   262.997598   528.276126   168.250031   269.765942   220.121813   226.031364   128.094635   119.932662   194.660450   209.172859   190.945976   120.995324   120.876566   324.534528   1078.955601   
111.600000   153.418208   123.641354   184.518332   228.003691   209.547732   230.572853   255.040129   317.655818   453.001615   473.096583   102.486900   197.026098   145.342994   133.390476   181.071979   247.214307   152.772641   229.719128   208.030210   261.602630   527.214270   168.427643   269.524731   220.294964   221.806767   125.598755   119.537424   196.883274   208.939068   189.131198   117.903944   119.388008   323.690816   1078.816612   
111.700000   155.283679   124.741366   183.444365   228.031061   206.646857   228.503328   257.299000   317.226382   452.303814   474.696365   102.840407   194.539665   140.422920   134.836053   183.493435   247.976266   158.495812   229.676126   206.851896   259.984206   526.775593   170.227323   270.198320   220.368539   224.824925   128.077516   117.976254   195.286529   211.492140   188.521723   118.437380   120.740693   326.356700   1078.991892   
111.800000   154.391502   125.172487   182.747474   227.509296   204.446940   229.283644   256.225093   317.912438   451.615534   475.943040   105.678576   193.660406   141.560908   136.379300   185.456484   248.336413   151.725573   230.336409   207.310224   260.745908   527.649081   168.634386   269.221637   218.517753   225.974627   127.237218   119.061502   194.594831   209.518660   188.408905   121.031649   119.681598   323.508310   1078.224651   
111.900000   153.753359   123.256330   181.813927   227.879796   205.341607   229.516462   258.968391   317.535709   448.602721   475.625097   105.065615   191.597336   140.907764   132.712619   180.415763   247.399252   154.725260   228.923442   210.621758   260.855055   524.544934   169.002783   269.740066   219.632531   226.300137   122.968238   120.609651   195.760490   210.350437   186.608232   123.501752   117.947296   323.325737   1078.098673   
112.000000   154.192390   125.697656   182.983131   227.787496   207.222343   229.149071   258.710179   317.555400   455.693276   473.131605   103.009401   194.584300   144.457176   136.018341   181.586226   247.500286   153.874523   228.980992   217.478315   261.399593   528.276094   170.403259   270.439012   219.613870   225.608413   133.425446   117.176294   194.277247   210.026110   191.008389   127.630198   120.490203   323.845369   1078.736294   
112.100000   159.047612   124.212207   181.098803   226.595221   207.718898   228.703594   258.657519   319.903430   449.618032   472.315022   110.111262   192.176710   142.880282   133.381404   181.948746   246.158631   151.562119   228.586189   215.567445   261.356107   525.479190   170.089488   270.723351   220.277507   226.871641   127.770340   116.504308   194.078575   210.111659   191.685299   124.926113   120.467540   323.920730   1077.547441   
112.200000   153.366123   124.452156   183.055738   226.498512   202.988256   228.858486   259.802402   317.798011   448.985475   473.657560   107.369994   196.081348   139.895829   132.066475   184.175749   247.153223   152.851326   229.157647   208.973290   260.387744   528.377676   169.086389   270.200547   219.292359   221.155964   126.169506   118.639004   194.252588   207.748619   185.676544   117.983062   118.003536   323.395209   1077.179497   
112.300000   153.970553   124.495071   181.172750   227.429068   200.588579   228.741027   255.861084   318.082809   449.920631   471.979522   97.547683   191.465795   139.893145   131.455513   177.855732   248.024039   150.319777   228.903077   205.994353   262.493957   524.252938   169.456219   269.118051   219.335097   222.056794   128.057798   117.202967   193.718560   209.127602   188.002864   117.442879   115.481311   322.262791   1077.358191   
112.400000   158.893151   125.213015   183.660472   227.629657   206.517915   227.149915   256.427617   319.129925   448.986296   472.363767   109.427209   192.225821   143.534256   131.867691   183.773542   248.607922   149.691116   228.556251   209.167446   260.357699   526.684928   171.812777   268.373901   219.898593   225.955923   131.936203   121.034697   194.153658   208.859878   192.461959   119.725830   119.738755   323.700418   1077.282693   
112.500000   153.299057   125.328361   182.382069   227.411722   201.305142   228.877850   258.316701   317.387379   447.175536   473.789560   101.118579   195.919691   140.494735   134.276414   178.596934   247.278642   150.039291   229.649728   209.139464   260.453150   524.336927   170.473903   268.778053   219.134809   222.098138   123.822127   117.677287   193.882729   208.591003   189.509898   118.447398   116.722491   324.555084   1076.993917   
112.600000   154.821600   122.838499   186.757101   225.810496   206.223311   230.572390   255.873605   319.003790   449.750473   473.070744   102.262219   196.371883   139.805138   132.787452   182.437284   247.167834   153.826044   229.931244   212.763395   260.332225   523.696972   169.805725   269.254155   221.278701   222.927980   129.363352   119.434772   193.511210   208.214063   189.367125   125.655778   119.295787   322.365063   1076.335168   
112.700000   156.654704   124.571124   181.465285   225.965243   204.776190   228.056741   256.570577   317.111450   450.656896   471.416419   106.612270   196.473145   142.356639   132.416574   182.547095   245.793631   154.841685   230.295269   207.908391   260.440176   525.638003   169.774076   270.680753   220.111695   227.816015   133.245933   119.613193   193.638621   208.897964   190.773378   123.496174   119.031595   322.458916   1076.716203   
112.800000   156.542107   123.472488   182.688257   227.098627   204.577475   229.767775   255.385498   316.185535   445.526911   472.146337   98.545673   191.163290   140.944601   134.974982   183.759429   247.519022   150.903138   230.056670   210.953863   260.362157   522.645330   167.684302   268.704643   220.513373   220.312116   130.756689   118.638344   197.012773   208.278214   188.392160   121.935780   118.059394   323.387719   1077.162440   
112.900000   155.222361   122.337093   182.972672   226.216744   203.007864   227.869043   254.388398   317.407281   449.950162   472.774758   98.717957   195.941757   138.837102   135.970980   177.556726   246.874631   150.567283   228.179757   206.875047   261.730984   524.040228   168.222004   268.535044   219.851727   221.703400   124.889435   118.282393   193.629382   208.932471   185.470211   117.918879   116.173092   323.499805   1076.189166   
113.000000   155.145840   124.058022   181.034047   227.759535   201.646725   228.451238   254.332276   317.385165   450.341947   472.491193   101.865695   192.502773   136.603653   132.001251   183.083194   247.622736   151.170292   228.126558   207.019981   258.922302   523.221493   169.308387   269.305936   218.547248   223.485151   133.106398   116.386128   193.264203   210.143635   187.992921   120.263390   116.541231   322.262223   1076.140909   
113.100000   153.888320   121.609245   180.850391   226.782557   205.161261   228.416325   253.853912   318.092964   450.857309   471.806959   101.128652   196.554348   145.896675   130.696788   183.354191   249.583238   152.154659   229.865136   206.877822   260.807222   524.332422   168.796856   267.901760   218.761569   222.753157   125.289907   117.105931   194.197160   208.154168   190.821074   124.675042   118.211350   322.696287   1075.657501   
113.200000   152.626232   124.924642   178.521157   225.510653   203.487983   227.267563   256.632715   318.026464   450.109152   471.914477   96.577289   194.428242   139.929859   131.982041   181.498645   247.687897   151.266080   229.970434   204.971207   262.138316   524.899259   166.948589   268.101091   218.146579   221.672663   130.179839   116.279797   193.605316   209.544962   185.214392   122.324836   115.899620   322.637652   1075.235123   
113.300000   157.325826   123.671305   181.829659   225.115335   201.434702   227.108121   254.418389   316.898014   448.620402   471.388180   103.075046   195.136273   142.273239   135.721156   178.987543   247.123180   152.819388   228.539855   206.453934   261.997486   523.609929   169.716046   268.764677   219.271424   219.723310   124.365756   117.482328   197.563191   208.629877   184.603604   119.101197   116.208927   323.649132   1075.136703   
113.400000   155.711400   124.288953   182.027005   226.435257   201.256202   227.158002   254.734905   316.643113   447.862590   470.931892   100.530496   193.332084   140.151167   132.978351   179.913936   247.825953   152.352269   232.392085   208.902189   261.421716   524.482826   169.405429   268.906842   217.728673   222.013299   124.960023   118.698093   194.544835   207.730698   186.271582   121.256022   116.365969   322.741093   1075.259115   
113.500000   151.659019   124.219275   179.960835   227.421064   203.425772   227.496176   256.934877   318.331163   448.509481   472.959246   96.657088   196.952591   137.322475   133.223900   179.458912   247.328881   148.323329   228.443329   204.812765   259.426721   522.325450   167.214417   268.074173   219.539887   220.562168   126.137078   116.199941   194.979837   208.224270   188.830504   116.651617   114.846025   322.788734   1074.972835   
113.600000   152.968548   123.142109   179.760509   225.571466   201.296501   227.980251   255.013147   317.071304   447.792392   471.486683   97.185052   191.125434   135.665566   131.924269   181.364562   246.919573   147.975911   228.153283   206.433931   259.885793   521.776409   167.927806   268.104317   220.297020   220.349040   124.205343   116.334429   192.936432   208.582776   185.216987   116.361240   115.329888   321.538803   1074.309818   
113.700000   160.404091   124.394581   181.443232   227.028154   202.345259   229.356320   258.003839   316.524932   449.380812   472.390308   102.495400   190.751133   140.281057   132.732301   180.360227   248.746850   154.491645   228.033263   211.516896   262.133769   526.579568   167.786577   268.189024   218.667072   222.545341   129.296683   118.906606   193.654119   207.319552   193.347297   123.580070   122.124088   322.298617   1074.470209   
113.800000   157.873150   124.099425   182.575767   226.948448   201.813803   230.189787   255.566892   315.659419   445.951304   471.431776   98.751942   193.016948   140.293873   133.909739   179.982690   248.401195   148.625336   228.625476   205.264189   261.486778   524.853570   170.760345   269.720617   217.913854   221.827305   127.541468   121.033716   195.345357   206.613861   186.187103   121.186072   116.465397   324.280792   1074.321354   
113.900000   155.729667   125.631350   181.576176   227.128467   202.642148   227.277734   260.517787   316.846913   448.394221   470.561142   101.921422   195.527336   142.613504   131.074258   181.103854   247.545651   153.218441   228.873088   208.355220   260.819649   523.181633   168.163746   268.675600   218.477991   223.312667   128.932979   118.672937   192.651606   208.381723   190.276642   125.734573   119.603286   323.998790   1073.592112   
114.000000   153.297363   124.055590   180.354312   227.842216   202.110391   227.345843   256.946762   316.461409   445.724828   472.153999   103.142362   195.324152   141.029974   131.702412   181.577479   248.101888   151.437559   228.822088   204.386410   259.910875   524.412724   167.759046   268.959019   219.139533   220.476055   127.066701   120.931628   194.671940   206.509144   186.603745   118.706453   116.506716   323.390593   1074.262281   
114.100000   156.277941   125.307656   179.161205   226.730474   201.957981   230.343332   258.094589   316.942073   444.944557   471.422836   101.709420   193.051894   138.634531   135.539649   181.151208   246.479047   148.169450   229.243249   207.521434   258.203325   520.687105   168.817611   268.695023   219.382585   222.455522   129.563147   117.816683   193.264080   207.661685   188.983084   116.100297   116.318939   321.870805   1073.442930   
114.200000   154.702733   124.461864   183.997566   227.650735   201.798160   228.828825   255.779780   317.350771   449.287609   471.866249   108.875446   191.169138   139.328847   135.528861   178.961906   246.594179   150.181033   228.241063   208.688808   260.223243   522.557881   168.380995   267.682142   217.711365   223.525684   127.753003   118.350076   193.939832   209.771919   186.482509   117.508155   119.880038   321.992658   1073.283976   
114.300000   152.551681   122.746877   179.871137   225.393980   206.498925   230.099258   256.777950   316.864110   446.339515   470.881234   100.010706   193.849496   137.973887   130.456079   180.023325   246.473803   148.535522   230.238493   205.578022   259.076253   523.782477   170.628433   268.055608   218.275511   222.827632   122.593858   115.037151   194.160445   207.679311   187.372689   118.998873   116.960008   321.444604   1073.150240   
114.400000   155.167827   121.674627   178.528689   226.471708   205.932245   229.455022   255.944122   317.873702   447.175232   471.704910   97.305044   192.605126   138.980745   133.901153   180.828149   247.071011   155.476856   227.904511   204.619006   259.049340   523.348642   169.167697   269.421608   218.371862   219.908798   124.125915   114.802508   193.303366   207.269088   186.093076   119.669269   118.572452   321.404778   1073.338159   
114.500000   154.759614   128.787784   181.911214   229.075059   208.394757   227.937939   257.512169   316.148542   447.670013   469.852442   100.519290   192.987965   137.664081   135.590605   188.353941   246.509769   150.022136   229.308628   210.292850   258.693491   528.150367   167.271043   269.616530   217.992488   224.541907   129.428419   116.998129   192.618116   208.534588   187.261206   120.077203   119.073271   322.133779   1073.893229   
114.600000   155.410863   126.902148   179.866102   227.857931   203.918260   227.696725   255.396305   316.062836   445.516123   470.601079   96.607633   191.933486   135.826804   131.922287   178.336288   245.906353   149.394264   229.542483   206.460922   259.351437   523.642520   168.113602   267.731543   218.092862   222.314813   125.620707   116.472525   192.994238   207.685645   185.385266   120.538795   115.236872   325.137854   1072.711396   
114.700000   155.971636   123.338467   181.480351   227.797787   202.195576   227.200148   258.378117   316.508359   447.945923   470.741600   104.507313   193.485189   141.103318   132.049277   178.126519   246.596106   153.659678   229.407523   206.920234   258.984940   523.226818   168.260735   269.106296   219.826574   224.010244   128.126357   115.957901   192.181311   207.034302   188.227087   118.458161   117.760195   324.787504   1072.343281   
114.800000   154.615085   123.053024   178.768462   229.249918   202.638345   227.251570   256.844791   316.139797   446.650241   469.936699   98.176683   194.863806   140.495199   134.142299   179.175319   244.658462   151.939373   227.830120   207.029118   258.534927   521.991933   169.176742   268.918094   219.156133   222.151933   132.306881   115.900051   192.418372   207.234837   186.121753   117.299447   116.940983   324.289164   1072.370415   
114.900000   157.110618   125.865547   187.283472   225.506033   203.751116   226.325145   257.237700   318.404659   453.135318   469.992929   100.790207   195.190484   138.088353   133.071211   180.422820   245.222446   150.119408   228.226136   214.895393   258.091408   524.690900   167.102488   268.127325   219.555142   221.725370   131.264893   118.539269   192.145398   207.289465   185.944596   118.046229   118.879242   321.849875   1071.943656   
115.000000   155.254593   123.621754   183.130333   225.564411   201.737015   227.100581   254.223889   316.469766   446.814333   470.733596   99.141574   190.893966   138.239806   131.442279   178.155088   246.845929   150.723253   228.885754   207.597506   259.790214   522.364176   167.940530   267.774201   218.716685   220.418231   124.447388   121.190037   192.382663   207.684572   184.550865   116.317977   115.948921   320.922826   1072.029157   
115.100000   153.975166   124.660602   178.312651   225.550221   202.601434   228.283510   253.946750   315.580714   446.840787   470.891937   95.987329   192.763782   135.979201   132.722491   178.206634   245.642498   148.194495   228.636552   206.023801   259.588819   521.184954   167.624668   266.890432   218.947079   220.119843   125.313604   117.409497   192.076462   208.160215   186.882147   118.654163   114.843913   321.439011   1072.020090   
115.200000   155.037624   125.235811   179.003979   225.079940   204.937703   227.363659   253.900735   315.960833   445.970966   470.285410   97.754466   194.076320   139.874298   132.038690   178.259510   247.451822   150.871845   233.293281   207.150836   259.217950   522.160721   169.522023   267.300797   217.504767   222.722305   126.587597   122.002465   193.044373   209.774434   186.396886   117.437084   117.950132   322.319121   1072.046729   
115.300000   154.144169   122.595941   182.221034   227.051446   203.438563   227.862385   254.141937   315.153217   445.994663   471.240567   100.653572   192.906327   141.207644   134.507207   179.095208   246.897338   155.231186   227.760133   205.815678   259.969168   520.249989   166.890164   267.994513   218.316848   220.027840   123.541175   118.175480   192.479134   208.670698   190.636495   121.686670   117.179433   321.187355   1072.140893   
115.400000   153.774852   122.761245   183.199053   226.485082   203.523774   226.211711   254.539319   317.548978   447.551325   471.318674   99.458249   191.075179   137.028159   131.628676   178.414240   244.843771   148.077574   227.384626   207.137043   259.251617   520.376593   166.528623   269.484323   220.429575   221.704460   126.992031   117.584497   192.243454   206.400664   183.403733   121.343021   115.485808   321.869040   1071.782649   
115.500000   157.644540   125.202682   185.414244   227.043116   206.003064   225.486317   254.804053   318.441607   449.254850   470.223827   106.601528   190.534710   146.297096   133.352036   182.912981   246.543808   151.823635   230.115239   208.246044   258.559461   522.820572   167.954942   267.332814   217.756659   221.678228   131.130774   118.530347   193.115077   207.326865   188.668523   128.327831   120.338141   321.930675   1071.223315   
115.600000   154.266301   122.350457   181.615658   225.090247   203.396707   225.767773   253.865981   315.727914   446.185727   470.897521   101.961891   195.976842   137.320152   132.021197   179.573999   245.208904   150.984431   227.628680   205.642904   258.911244   521.807564   167.328462   266.239790   217.087214   224.278866   127.269798   119.478991   192.274758   206.263143   189.718107   121.886948   117.510681   325.442966   1071.099842   
115.700000   153.464403   124.024986   180.340860   225.335602   202.895515   227.509626   254.057822   315.453105   445.268275   469.335602   96.546353   195.304526   136.675870   133.694367   179.148632   245.493296   147.512735   227.844136   206.608453   260.274401   520.113160   167.087301   267.322408   217.507233   223.075145   123.833126   118.665299   192.614373   206.636962   184.769466   115.122509   115.121689   321.489300   1070.918567   
115.800000   156.033672   122.657209   179.787693   227.150015   202.308267   229.438740   260.235815   315.960660   450.946206   470.905212   95.916419   192.525130   139.755158   133.632045   182.761069   245.446079   149.680781   229.081089   205.647499   259.666740   522.671324   167.254798   267.921127   217.937269   222.858386   127.852915   118.216297   191.309686   206.376919   185.436641   117.072618   117.472832   321.831765   1070.782186   
115.900000   154.104387   123.864818   178.203299   226.660113   203.643715   226.823782   255.927333   315.733339   450.980409   473.125181   105.978287   192.842618   139.425780   131.112406   180.277963   246.431397   152.544150   226.993571   209.001429   258.178408   521.144045   167.078035   266.952839   217.583815   222.695986   129.044452   119.143143   192.537327   206.118976   190.380206   114.779460   117.993804   321.425361   1070.402249   
116.000000   150.062382   123.985883   177.762457   226.220577   202.567356   227.943405   254.146594   315.477515   445.915564   469.757468   103.354463   194.877415   139.282642   131.287657   179.077116   247.956158   151.028205   228.120960   206.074910   258.379284   519.766870   168.398535   267.195882   216.924282   219.228610   124.032102   114.710438   192.243892   206.998685   186.790395   117.314037   114.593890   322.234889   1070.611631   
116.100000   153.863598   126.200457   180.862125   225.494488   202.108109   226.201309   254.310666   316.270690   444.472193   469.232629   99.878963   191.774686   140.455576   132.281106   177.574482   245.784297   150.900545   226.893481   208.754323   259.002034   519.643484   165.774312   266.787418   217.592826   223.927513   123.770167   118.121590   195.545437   207.066974   189.092207   117.947369   117.459917   321.956979   1069.904842   
116.200000   156.888104   121.940203   179.936760   226.693020   201.218102   226.369131   253.853457   315.379779   444.915248   471.800638   103.210228   197.247474   141.694182   131.858285   181.154656   246.399313   155.531967   226.798817   209.057920   258.560975   521.945537   166.778792   266.431813   218.066214   222.509146   125.687176   115.322445   195.755969   206.669489   188.790972   116.401965   116.999212   320.836548   1070.023759   
116.300000   155.763923   124.258797   178.365152   225.662290   201.352478   227.014514   259.902112   316.222927   443.511157   469.051487   101.456187   192.687253   138.485061   132.166414   180.570225   248.341009   146.208294   228.209900   203.963655   258.929205   519.518844   167.080155   267.917940   217.044410   223.192926   128.269298   118.457939   193.264610   207.022048   188.721240   115.669283   115.825563   321.593644   1069.745257   
116.400000   150.307057   122.190442   178.314006   225.615720   200.538466   226.843115   256.502513   317.037325   445.711335   471.134551   99.013443   192.899802   137.514031   135.883830   179.464451   245.232676   146.592391   228.434830   206.791227   260.405108   521.441485   166.377071   268.179171   218.384278   221.267902   123.389873   116.666960   192.354691   207.107072   185.771232   115.980446   115.175898   320.322737   1069.765623   
116.500000   152.726573   122.915126   181.831515   225.070506   204.497039   226.422393   256.505425   315.925842   444.919128   470.115177   99.008332   191.225153   138.710336   132.808306   179.504208   248.070889   150.072064   228.194071   205.395334   259.782573   519.525845   168.482214   266.900831   217.330340   219.459616   125.377159   117.034771   192.491507   206.081809   184.203808   122.490495   116.205847   322.832683   1070.211300   
116.600000   155.966738   122.715735   181.865630   225.998886   204.377032   226.309810   254.341275   314.819297   443.169698   469.779360   99.253682   190.401409   140.485250   132.506251   179.585967   245.276627   148.095326   227.829131   203.444513   257.276421   518.558494   172.771058   268.494661   220.452706   221.317252   123.445955   117.068507   191.627993   206.147257   186.136599   122.183108   114.345071   321.624888   1069.146085   
116.700000   150.162630   123.272741   180.826139   226.746567   200.892838   228.078460   255.866109   314.819966   446.646194   468.938581   97.666679   190.486021   137.437638   131.579518   177.550479   246.350415   146.458779   227.388747   205.353635   258.237992   519.367983   167.610441   267.219143   219.274457   221.058758   125.143252   120.141020   192.496373   207.507360   184.222716   121.463814   116.130851   323.368880   1069.828878   
116.800000   155.082074   122.562893   181.261150   227.169601   204.322151   225.968356   252.780307   315.449015   444.955159   468.744839   100.841461   192.097427   138.743540   132.841482   178.820817   245.522407   148.974706   227.918202   207.721077   258.678302   519.889627   168.080684   267.342312   217.409891   219.719768   126.989124   116.141810   192.215458   206.220420   188.076415   115.324096   116.622364   320.477628   1069.526601   
116.900000   154.299038   121.697423   183.470312   227.343893   204.367917   226.562760   258.865977   315.021640   445.482042   468.501960   101.223622   193.424780   139.278227   133.029038   180.212441   245.351244   148.863526   227.764824   204.311728   258.582079   521.308522   167.391917   267.225603   219.140539   222.927641   133.409619   117.824710   192.950346   208.324303   189.908779   116.914043   119.080992   322.150471   1069.651658   
117.000000   156.404815   121.537201   182.295313   224.944074   201.502080   226.031661   255.792810   315.047133   445.827409   469.835727   102.109129   195.467640   136.941648   132.845531   181.118236   245.920145   147.291591   229.399185   204.620822   258.130017   519.003766   165.926582   268.024219   217.080167   220.815251   122.600725   117.758259   192.260889   206.544191   187.224641   116.989610   115.645924   320.220543   1069.250274   
117.100000   156.898520   121.071865   178.962546   228.081754   203.061967   227.776198   254.256343   315.476411   448.716334   468.072804   102.549998   194.356434   137.009895   133.940001   181.337645   244.840267   151.423183   226.655458   208.238617   259.241124   520.578798   167.542217   267.699306   218.111805   221.697424   126.325599   116.934663   193.682248   207.307666   184.818640   118.782537   117.947286   320.821748   1068.840673   
117.200000   151.955189   126.344777   178.277142   225.958817   202.834966   226.373904   257.143382   314.411003   447.568905   467.803119   98.810907   190.378294   136.335588   132.657080   178.998760   246.142913   149.981955   227.769115   203.224199   259.009256   519.666114   165.797518   267.052224   219.351854   223.678305   123.010045   120.967013   192.241659   206.287862   186.829456   119.326545   116.492757   320.878298   1068.633657   
117.300000   157.696372   121.441356   185.421540   226.226300   204.628763   227.229681   260.572535   315.669917   447.801706   470.128618   101.637079   191.371394   135.548139   133.192184   181.232221   246.411789   149.371961   226.496847   204.524116   259.487051   521.186489   168.335593   266.521452   217.757198   222.191316   125.760653   118.034202   191.493220   207.913542   191.310782   118.785111   117.219783   321.514267   1068.097430   
117.400000   153.533360   124.200289   182.645326   224.810643   199.602210   226.739087   254.574816   315.625418   449.695488   469.543267   102.138484   192.440581   139.220295   132.093183   181.829884   245.510606   149.290490   226.633701   205.052406   257.925369   522.173107   168.287161   266.533772   217.880255   221.116941   123.382140   116.864320   193.229163   207.547918   187.059635   120.616092   116.686560   320.227515   1068.194960   
117.500000   154.578297   124.727547   185.264878   224.754255   205.524889   226.962772   253.758599   314.419669   449.763802   469.841685   99.509547   190.894387   138.408982   134.982412   178.036779   244.938885   149.781539   227.652246   206.180014   256.943373   520.313788   166.513123   267.076657   218.747569   220.453838   128.053080   120.618649   193.501761   206.063475   187.174464   116.998765   117.472646   320.048888   1067.880045   
117.600000   157.445781   127.100036   182.534074   225.941391   204.833205   226.265347   259.496922   313.904567   448.021552   468.392534   104.758868   192.296319   142.002648   134.661549   177.109465   246.041037   154.824474   227.767415   206.968749   258.028144   518.696976   168.291437   266.423533   218.724219   224.050554   127.146300   118.546260   192.929030   206.899455   185.184793   121.249330   119.397094   320.574951   1068.017710   
117.700000   155.747991   125.186390   180.157935   225.643560   202.358371   228.621941   256.703552   318.011461   446.232462   469.356153   105.429988   193.702293   138.357911   132.488558   180.178299   244.143519   153.472644   227.922622   209.189454   256.806065   519.271500   167.538941   266.195853   217.771555   220.379334   125.809699   116.511634   193.181105   206.623581   186.887351   119.064453   117.957239   322.318386   1068.005498   
117.800000   155.592187   122.866546   182.326682   224.426319   202.929625   226.548591   256.624774   315.763711   445.574593   469.037980   98.989126   192.488383   138.760091   131.399708   182.392705   245.736821   149.250453   228.864025   205.966084   258.117929   520.107078   168.048386   266.916207   216.702102   224.620267   129.388488   117.614374   193.450211   207.244020   185.962549   115.691847   119.026089   320.337942   1067.692666   
117.900000   157.179208   124.018915   185.437212   224.872526   203.577932   227.819386   254.857000   314.592407   446.552434   468.492242   97.546545   198.686367   140.537834   131.759187   178.210715   247.769710   152.548339   228.320555   207.018867   258.316319   519.754067   167.288403   265.931081   216.463071   221.459987   124.868224   116.791074   193.221274   205.533471   184.576593   116.293555   117.177904   320.272335   1068.559082   
118.000000   157.442427   125.447092   183.916109   226.784812   203.533099   225.979161   259.099728   314.667408   446.599245   468.801546   104.640931   192.155199   141.938615   131.517645   181.266379   244.913619   154.118336   228.414983   208.271285   258.321760   518.698696   167.031110   267.204617   218.669624   227.345332   133.025802   119.291023   193.252669   206.221913   187.974794   120.174995   119.840443   320.195086   1067.794717   
118.100000   149.133414   122.082349   177.762517   228.200931   198.945690   225.439089   252.695828   315.552897   443.766234   470.017158   102.675942   194.888314   134.877960   131.402306   177.890977   244.600344   148.626794   226.894604   204.300952   258.253141   518.195814   167.572565   266.092370   219.115146   219.259528   121.885607   118.840985   193.938086   206.770480   184.291992   114.023616   114.882809   320.476382   1067.667114   
118.200000   154.394136   125.688300   182.407478   226.383190   204.725116   227.137739   254.642452   315.688713   445.673352   467.860205   100.702503   191.648251   140.567073   132.105251   184.378104   245.187989   155.991539   229.282889   205.361715   257.748785   520.036642   165.292135   266.784428   216.778617   220.975233   131.132105   117.773882   191.740942   207.014043   185.137675   115.398377   118.354355   319.754759   1068.027137   
118.300000   150.498365   125.290781   182.691208   224.494272   204.845549   225.410155   254.091045   315.982156   448.960910   467.430544   99.152641   194.392708   138.294504   131.304988   180.556129   244.298787   151.730160   227.698162   204.490436   257.053461   520.804367   169.259803   267.170087   217.919567   220.314152   125.129525   116.217238   192.672529   206.567956   187.213861   116.715778   116.424748   319.861254   1067.294689   
118.400000   151.643437   125.437388   180.131677   224.925220   201.103953   226.535416   254.395816   315.013476   446.350154   466.949703   100.355590   193.055607   136.360873   129.257793   178.394686   245.014717   151.355284   226.755783   206.255307   257.568638   520.000825   167.420157   265.835277   217.918699   218.657141   126.216856   115.634737   193.097848   206.672570   185.922898   123.184775   116.541000   320.320143   1067.396156   
118.500000   154.010373   127.242641   181.500008   225.630052   201.103347   226.438376   252.689447   315.156160   447.139910   468.316009   103.416193   192.418690   138.136258   131.025783   180.475749   244.878179   148.188584   228.505722   203.527194   257.702608   519.346119   168.441890   266.541613   217.350821   221.699735   121.791555   115.872373   192.006283   207.792708   184.127172   117.316204   116.230293   319.565344   1067.667696   
118.600000   152.431940   123.748117   185.364632   225.980409   201.408441   225.565105   259.280543   314.611162   446.970987   468.355354   104.020078   193.995270   137.845319   132.494804   181.213126   246.662039   154.969611   228.414262   205.591646   258.392721   521.447043   167.344454   267.919413   217.224101   222.828125   130.223020   115.272463   191.992398   205.877717   186.895712   123.939483   118.460748   320.328330   1067.090487   
118.700000   154.703443   123.338381   178.963504   225.359307   202.443657   225.592969   255.596351   315.325732   442.235815   468.197123   97.218589   190.858760   135.133569   131.753684   178.821964   244.059217   149.436937   227.522691   206.325919   258.893106   518.306051   166.538576   267.227719   219.819375   218.416563   129.076563   115.120519   193.281717   206.261275   187.082107   117.002720   116.109245   319.635126   1066.957052   
118.800000   154.285218   123.209254   179.679358   225.412247   206.033542   225.287934   255.172602   315.049986   444.796647   468.220497   97.626605   195.630937   138.102121   133.916874   177.380730   245.832584   149.767594   226.179290   208.158990   259.032704   520.069009   167.429718   265.783409   217.221023   220.869894   126.529164   118.267211   193.699697   205.668342   188.622546   115.985870   116.550982   320.184049   1066.725167   
118.900000   154.244507   123.531210   182.001636   224.994821   202.926139   225.841899   257.694077   313.830561   448.187517   467.316403   97.118951   191.268974   141.710918   132.241950   180.674885   246.543110   150.195922   227.000618   205.196450   258.171081   519.740114   166.622317   267.029500   218.005313   221.268432   125.363085   116.044386   192.725911   206.488859   189.222562   114.791173   116.148231   320.580469   1066.733448   
119.000000   153.563782   124.115387   181.953945   224.338978   199.399190   225.479165   252.982790   313.992108   443.311715   467.810965   95.920098   190.395594   138.367734   130.015756   177.012592   246.373988   147.032229   226.463187   203.100159   257.237978   518.319960   166.862367   266.745728   218.830180   221.897679   123.602324   116.703632   192.418273   206.295798   184.416229   119.029011   114.253969   319.949034   1067.277291   
119.100000   158.768695   124.087156   181.697057   224.653104   199.607203   225.981862   253.772746   316.068861   445.469009   467.623243   103.974399   190.943820   137.461411   130.472595   179.595330   248.270714   147.729021   226.606152   206.740573   257.589077   520.519437   164.861472   267.272359   216.507732   224.147005   126.818753   116.705760   191.732557   205.869684   185.088218   121.838845   116.250176   320.143949   1066.228712   
119.200000   149.959646   124.272867   180.691220   224.991443   199.567091   224.920916   253.217357   314.771910   443.407919   467.815753   97.068012   193.254513   136.170065   131.849285   179.239709   247.020146   146.418102   225.711297   204.326766   259.046032   519.367920   165.886460   265.668463   217.057899   217.819207   122.847525   119.040267   192.420265   205.838430   183.819733   117.825491   114.037167   319.692997   1066.732093   
119.300000   151.272351   124.635689   180.006971   228.017482   201.266453   225.557980   256.155302   316.688449   444.466381   468.550837   100.947372   194.468306   135.942925   131.909359   179.041644   245.115748   146.873041   226.663427   205.170662   257.367581   520.513689   167.069149   267.308204   215.763614   222.072282   124.929373   115.992736   191.083278   205.984520   186.282476   120.014902   116.213424   322.090717   1066.927464   
119.400000   159.542202   121.534285   178.947134   224.501638   202.618402   226.395867   252.676612   313.956548   444.151288   469.065896   100.096433   190.703098   142.145517   130.596672   178.253786   244.325078   147.533581   228.157624   204.966548   257.772993   518.870023   167.869867   266.652527   217.844436   221.071064   123.409196   115.416807   192.914876   206.506929   187.715317   122.810790   116.013186   323.482441   1065.650579   
119.500000   152.839927   123.509124   181.054338   224.413597   205.520972   226.598295   255.246161   313.623659   446.934170   467.029953   98.236868   195.376128   141.553075   130.936780   178.356420   246.186943   147.745052   227.977153   202.761196   257.113610   519.722347   167.908207   267.288140   217.257987   219.480784   124.521388   120.903832   193.341244   205.569785   187.205389   119.844321   116.092297   320.124710   1065.974408   
119.600000   154.086441   120.901161   178.994268   224.656432   202.438196   225.232208   254.092359   313.654939   445.547208   466.731748   101.159294   191.752373   137.683997   129.907447   177.099320   245.247333   146.725384   226.565218   205.750311   257.722106   519.941097   166.288685   266.204737   216.318688   219.596220   125.099156   117.032763   193.747080   204.896075   187.074080   119.041011   116.134358   320.258836   1065.853243   
119.700000   155.128060   123.917609   179.217457   224.464293   198.988562   224.753513   253.760300   313.620971   445.438551   468.004778   97.801168   192.526747   136.237977   130.075929   177.511810   245.240802   148.851421   227.389384   203.046617   256.438745   517.376791   167.213889   266.237836   220.026559   218.813115   124.385929   118.084347   191.323162   206.073180   185.313395   118.943437   114.996974   320.499893   1066.462357   
119.800000   153.626321   122.608469   181.876303   224.726212   202.141938   225.417197   255.228262   315.277950   446.154467   469.107264   99.600078   191.030874   137.889688   129.947426   181.303055   248.230474   152.380592   226.429702   204.446376   256.427042   521.018770   167.154278   265.746175   217.218289   221.219219   122.669033   119.538489   191.339890   206.536006   187.245004   117.928657   118.809822   319.985865   1065.488533   
119.900000   154.144448   124.563020   181.190939   225.278259   202.402575   225.834454   254.195027   315.687510   447.768737   468.452655   98.754204   191.944143   137.203994   129.680989   184.902440   245.713696   150.048917   226.402241   209.117496   257.446505   521.418792   168.161367   265.571690   216.070693   219.883704   129.645305   119.727216   190.920143   208.370810   186.233634   119.682320   118.638061   321.335813   1065.500574   
120.000000   150.655927   123.447603   178.771221   224.542003   201.375208   224.872972   257.049256   313.406116   441.918765   467.139362   98.311175   191.077267   140.823425   131.811148   181.429279   247.847448   148.617938   227.201819   203.459556   257.818900   520.360037   166.678712   266.916536   217.295749   221.085352   123.889516   121.095383   192.646532   205.992469   184.594708   117.456592   115.514671   320.023272   1065.706485   
120.100000   153.135632   123.559730   181.049795   224.992915   198.617218   224.837017   252.646977   315.167058   442.352757   467.033908   102.351611   193.107047   135.244810   129.699829   178.838634   244.530804   149.723001   228.239024   205.467824   257.144896   520.028171   168.651336   267.349540   216.892429   221.998604   124.689514   117.592117   191.299185   206.374756   182.458013   117.565820   115.574379   319.647824   1065.608417   
120.200000   150.600542   123.998369   177.467634   224.029444   200.771256   225.357344   253.635581   316.018054   443.689129   470.621274   95.682471   195.758415   141.756580   132.231063   180.211512   246.534095   146.681239   226.034733   206.178824   257.677669   519.060648   166.491842   266.456789   215.671187   221.157244   121.367960   117.060138   192.002688   205.464592   183.833280   121.299850   114.749177   320.363081   1066.029896   
120.300000   156.165347   125.979044   182.288305   223.863235   200.358319   225.792624   254.411143   313.839088   442.084161   466.388308   108.140248   192.431235   142.175873   130.431311   180.163391   245.007252   151.041691   226.186573   203.579585   256.914741   520.041900   167.949091   269.175015   217.504897   222.338664   123.830572   118.215874   190.481775   206.582920   186.208075   118.432478   116.113439   319.444533   1065.587747   
120.400000   153.752000   121.893905   178.512044   224.245746   201.143728   225.792616   254.741814   314.670680   445.243367   467.830508   98.775323   192.579772   134.930390   133.171550   177.753362   245.013732   150.553061   226.444536   206.425558   257.223034   521.246352   167.870963   266.839350   217.515817   223.496763   127.837279   117.894822   193.142673   206.484675   183.991088   123.425476   116.482053   320.705382   1065.168301   
120.500000   151.498747   124.351681   179.934162   225.299323   199.875098   227.910017   254.314897   313.842096   445.778628   466.189918   99.576717   193.382627   132.786521   134.379836   177.394435   245.744106   150.169040   227.538584   203.852556   257.089649   517.475751   165.779776   266.207840   218.131597   218.553510   123.311322   120.159395   192.189435   208.464431   183.353817   114.672185   114.423257   321.333973   1064.924576   
120.600000   150.921967   121.756191   183.114857   223.743846   200.558379   225.065978   255.188944   313.934363   445.483287   468.185937   95.453759   193.318315   134.210688   132.769118   178.533934   244.127602   147.947190   228.722223   203.354801   256.990223   518.807076   166.618843   266.692363   216.333514   217.836192   126.057138   122.882228   193.384049   207.664168   185.819807   117.305351   115.011031   319.129907   1065.255809   
120.700000   151.592573   125.765518   183.202980   223.692086   201.827367   225.126189   256.538609   315.138772   441.498845   467.939440   98.526260   192.030142   136.781418   130.292574   177.897719   244.795995   150.189996   227.386222   202.700140   255.975769   518.148947   168.351714   265.556401   215.952538   217.860120   124.607238   118.180382   191.528528   205.840149   185.107775   117.936706   115.135261   319.757999   1064.785760   
120.800000   151.601849   124.588054   178.875824   225.369817   199.976541   227.781641   252.396146   314.320143   441.357467   466.705089   98.964566   190.909151   136.059972   131.417978   180.108116   245.088650   148.458821   228.858746   202.772250   257.010367   516.723022   167.080830   266.489438   218.030298   218.315956   123.287074   117.582363   191.677641   206.872947   188.100020   115.584579   114.866361   320.440752   1065.382040   
120.900000   151.190609   124.025377   181.979853   224.294626   199.562327   226.074507   258.053875   314.721051   445.420376   467.323340   101.118666   190.115777   139.214801   132.815361   181.133121   244.419264   148.790241   228.047182   210.231893   256.933123   518.580014   165.924008   266.527557   217.322171   219.316202   124.714557   120.218750   192.551016   206.706495   189.616369   115.916105   117.092247   319.577172   1064.577510   
121.000000   151.573772   122.312937   176.609728   224.508267   198.635277   226.746491   252.857551   314.671635   444.297469   469.317831   99.437415   191.993374   136.663386   130.837776   178.104208   245.094790   147.297773   228.573442   202.532895   256.577622   518.862872   167.159608   266.157409   217.163270   220.548714   122.130097   117.139372   191.370681   206.789997   184.485258   113.528960   114.498359   319.563289   1064.608104   
121.100000   154.846717   121.152121   180.322150   224.452551   200.698619   227.515748   255.259336   313.579688   444.954800   466.473363   97.559471   191.416118   142.927967   129.610759   178.110048   245.507019   146.761740   226.432568   205.445500   256.995465   517.867737   166.206546   267.053651   217.291137   220.798299   124.916280   117.842885   192.424509   206.018066   190.572906   117.163659   116.788095   318.818484   1064.339599   
121.200000   153.490227   122.406160   179.626424   223.855980   201.065927   225.618931   257.197615   313.621191   441.621541   466.819498   101.699507   189.502080   137.749479   130.327686   177.360807   243.981268   149.740055   226.023043   205.785658   258.296708   516.980333   167.456566   265.836250   217.305920   219.100676   124.414272   116.338204   191.681200   206.744682   185.008843   117.305572   115.693335   319.724332   1064.586265   
121.300000   156.031614   124.583909   183.586020   225.061348   206.641350   226.537152   257.069918   314.182661   446.635244   467.872928   107.224806   191.081103   144.806201   128.662293   179.642213   246.662028   156.100425   226.961027   207.415352   258.226695   522.043309   166.476934   265.212996   216.350737   222.844028   127.049733   117.996056   191.156719   207.813327   186.848961   128.692850   119.004179   319.631907   1064.483390   
121.400000   153.774606   126.023856   177.153395   225.270361   200.851579   224.947110   254.020805   314.671071   444.930358   466.993216   102.403640   191.316496   137.163914   130.077555   177.472383   243.724785   150.453581   226.454300   203.695213   257.756418   518.186607   165.862248   265.891876   215.622710   220.677479   125.171488   117.543401   190.462638   205.294836   184.619729   119.274641   116.009594   323.162254   1064.992700   
121.500000   151.903940   124.452579   178.782206   225.959322   202.425602   226.743841   254.615512   316.130404   442.593258   468.725495   101.673680   192.056857   135.936350   132.539051   178.413512   244.503259   146.014469   226.860108   203.927324   256.921482   518.738034   167.335752   265.859868   216.621437   217.871338   124.776215   119.135735   194.579806   205.810382   189.463817   119.663870   116.346285   320.010113   1064.595223   
121.600000   151.073730   122.598302   178.318571   224.401292   201.013806   226.486264   253.353481   314.468103   443.522716   468.791457   100.565340   191.889127   134.899019   130.244164   179.074498   243.831390   146.589397   226.487003   205.211006   258.468967   517.126511   166.128172   267.274208   217.096166   220.134566   123.397000   118.141233   192.594830   206.486840   184.260067   118.156129   115.870555   320.355899   1064.086577   
121.700000   149.047803   121.504288   183.382460   224.755895   199.977063   229.242518   253.829008   314.160207   441.135674   467.886531   95.232767   190.172900   134.976663   132.043693   177.669972   244.354747   147.824020   225.837634   203.333644   258.398817   517.462357   170.080991   264.929590   217.239358   220.476883   126.149626   116.951444   191.761020   205.331606   185.909599   113.833950   113.964361   319.766072   1064.244519   
121.800000   152.483028   121.503813   182.929805   223.451211   201.025910   225.294982   254.006106   314.563944   441.419646   466.902454   103.597708   189.175001   136.921404   128.782622   177.370266   244.105197   150.943770   227.075678   205.953569   258.026843   521.668423   165.890732   265.887259   215.853938   220.455602   121.687298   116.545176   192.744683   206.193024   191.243487   115.288303   116.684649   319.611987   1064.278698   
121.900000   151.402239   121.298069   176.590940   225.431093   201.678959   225.782668   252.499207   314.482256   442.123662   468.827768   96.179713   189.186897   133.578956   130.044619   177.239446   243.765417   147.730622   225.959675   206.390124   258.609837   519.371163   166.110943   266.206289   215.257139   220.438642   124.144842   119.167552   192.084258   208.015684   185.016118   116.443125   114.542589   319.020792   1064.451916   
122.000000   151.297870   120.179407   177.347473   223.899068   204.815698   225.489200   254.015095   313.055358   445.477038   467.284515   102.377783   192.921526   135.627145   133.613655   179.546600   243.978778   150.170256   226.312272   204.358209   256.495697   519.206088   167.048352   266.648909   216.368791   221.605944   126.030858   115.689196   191.381418   205.060820   184.705956   118.855118   116.127331   318.773349   1064.228624   
122.100000   154.166274   125.549202   180.535970   224.818243   203.581658   226.043359   254.740953   314.136318   445.340403   467.128677   97.496282   191.762689   139.325051   133.121694   179.550911   245.863666   149.896472   225.149040   204.371821   256.053553   520.423607   169.789108   266.465632   216.586776   224.124505   125.230144   121.008613   192.300241   208.261019   184.699057   118.773539   116.386758   319.785101   1064.842982   
122.200000   155.778509   122.231492   179.510618   223.768739   202.990086   224.823515   254.109272   313.632611   445.267395   466.132086   107.311562   190.993456   138.896615   132.496856   181.822531   244.284144   148.231999   225.283345   205.285300   257.288229   519.368760   167.217610   266.711430   217.291586   218.312348   127.465247   116.508554   191.524874   208.099678   185.904016   118.625109   116.893288   319.714607   1064.641382   
122.300000   153.510344   124.463355   181.956294   223.942647   204.609893   225.664994   257.904122   313.803573   444.169362   465.902112   99.200641   191.299706   143.951173   132.433628   178.110872   244.205705   149.863948   226.938534   205.462212   256.583523   517.905947   164.740539   265.968037   217.254766   222.390672   124.358141   117.884064   193.801469   204.821610   188.498639   118.140072   116.624427   321.917798   1064.154860   
122.400000   150.352219   121.188255   180.067603   223.719704   201.449736   225.618967   256.097160   314.682096   444.324309   466.540218   96.294626   190.713980   139.251910   133.098899   179.229398   245.919487   147.686568   226.086394   205.535243   256.641214   516.499028   166.032379   265.272611   216.026008   217.642377   122.486086   120.405538   192.724461   205.409088   186.890092   118.568367   115.884168   319.905513   1064.298113   
122.500000   157.231592   122.219725   182.699335   224.036715   204.120130   226.825083   256.095076   314.985089   444.651277   465.691505   102.421350   195.461830   140.431884   131.476748   179.219337   245.630692   150.109888   228.139539   203.553211   256.611561   516.440075   166.861866   265.538833   217.490633   219.037534   126.923042   119.406769   192.207805   206.507190   185.295313   119.899074   117.724068   318.515294   1063.897569   
122.600000   156.434138   124.684546   184.015530   223.859611   206.887357   226.529313   255.165466   314.272545   443.100229   466.733784   103.953565   190.901511   138.550360   130.382080   179.870865   243.464123   147.964616   225.957151   205.354730   259.018026   519.333268   165.773145   264.885680   216.460997   217.508031   125.515413   119.778633   192.849954   205.047881   186.954516   116.430695   116.946790   320.883368   1064.301166   
122.700000   158.431576   124.118577   181.008668   223.763285   201.790387   227.007980   252.489487   314.164489   441.054305   467.397934   104.639252   189.372672   138.983066   130.259419   179.209673   245.252311   149.667368   226.989568   208.085341   257.517929   519.085462   168.837854   265.716230   216.202745   217.551794   124.652033   118.244896   192.111962   205.345027   183.827022   121.263182   117.909824   320.130261   1064.207756   
122.800000   151.817494   123.136305   182.375795   223.804415   201.833224   224.576412   257.039289   315.396637   443.882959   467.137185   100.756486   193.065684   138.685320   132.301219   183.315806   244.360147   149.539467   227.610284   205.976209   257.711697   518.634659   166.465649   265.602262   217.482223   217.675765   128.616923   118.755124   192.349256   207.437705   192.961929   123.203200   116.967760   321.047071   1064.711191   
122.900000   151.606764   122.092852   177.689680   223.592207   197.882985   227.623592   253.521092   313.305276   441.790769   465.649810   98.894064   189.036717   135.561496   131.578572   177.343849   244.187262   147.729516   225.848845   204.182507   258.646371   519.374897   167.832641   264.617979   217.544915   219.280361   122.662954   114.805515   192.771770   208.767077   184.466722   119.862209   113.831791   318.915354   1063.831547   
123.000000   152.552576   122.044921   181.381371   226.861423   202.560988   225.576540   252.579628   313.860473   444.779985   466.166085   102.015098   190.285250   139.298776   129.690854   176.761809   244.381901   147.731395   227.409325   202.958264   258.908029   518.757108   164.896749   265.887405   216.074290   220.289513   124.137393   116.534461   192.483560   208.008109   186.851053   119.106220   115.949522   319.417962   1063.604032   
123.100000   152.567997   123.735724   184.071481   224.704005   201.717504   224.938981   252.445226   313.513010   442.413262   466.735633   99.284659   190.497501   137.273183   132.805074   178.144833   245.612701   152.894349   228.325193   207.263413   257.018138   519.894564   165.683105   266.675630   216.326209   219.666378   124.536531   118.941707   191.735947   206.695272   185.245211   116.890435   116.943511   318.849934   1063.943561   
123.200000   151.589843   121.896124   180.512160   223.231102   199.494976   224.558613   255.028165   314.680438   443.115252   467.896749   98.339627   192.971968   140.730437   131.546206   179.936002   245.557677   148.065004   226.130143   203.871390   257.486199   516.787166   166.751490   266.870236   218.297856   219.631786   127.329354   119.286356   191.300929   204.558969   185.609513   117.033857   116.867768   319.484025   1063.810856   
123.300000   156.921307   121.420887   183.098773   224.834342   203.237544   225.224688   253.327508   315.550861   447.240395   466.028012   97.080789   190.463698   138.208717   131.158474   182.508732   244.373845   155.311462   226.046181   205.555194   258.905430   519.170415   166.164000   265.499347   218.244482   222.685446   128.648507   116.106731   190.863967   205.094713   188.126433   123.373708   117.685110   319.975949   1063.686655   
123.400000   150.624128   124.455714   178.849291   224.305438   201.197230   225.351471   256.218328   313.513203   443.777616   466.114612   97.430700   190.632498   134.582567   131.579302   178.613804   244.983528   148.278858   226.785650   205.348712   257.956216   518.535942   165.961212   265.416126   217.391435   218.867026   126.728328   119.430063   193.135293   205.656785   187.539497   117.538723   116.378119   320.873027   1064.332957   
123.500000   155.604316   124.272966   182.610383   224.179774   202.658209   227.908562   256.856338   314.668370   444.582905   467.759770   107.730248   191.804846   137.742952   129.667747   179.357706   244.421943   148.811832   227.097082   203.890255   256.588417   517.709693   165.265245   265.926336   218.294663   220.280805   127.753206   118.129433   190.751222   205.328858   184.544413   116.802405   116.947356   321.002909   1063.629833   
123.600000   159.129412   123.755676   177.861784   223.564341   199.940977   226.473049   256.331338   314.444040   443.166783   468.152411   102.423402   189.809705   135.261262   132.503616   182.308564   243.744364   150.000330   226.307205   205.284769   257.841624   517.379207   166.273181   265.201914   218.755385   220.494053   125.316066   116.093152   192.385096   206.010669   189.179157   122.556742   118.665434   323.017680   1063.481010   
123.700000   155.139349   123.229684   179.100230   224.257741   202.868735   225.743872   251.600895   314.196217   444.816174   467.119502   102.148568   190.463778   137.489061   130.988558   179.046047   243.245556   146.392036   226.286688   205.677580   257.010585   518.047358   165.531539   265.365917   217.560776   218.416530   123.190114   120.796624   191.048659   205.440428   187.617123   115.156134   115.048851   320.057353   1063.488962   
123.800000   151.928293   122.659456   178.178788   224.732075   201.521245   226.382690   253.899559   313.232621   444.018276   465.610563   98.924529   190.010715   134.508588   131.402875   177.319342   245.837126   149.432822   225.592499   205.527474   256.619821   517.682168   165.050112   266.077487   219.233675   221.569573   123.392352   116.883968   191.156058   205.671230   185.181397   115.756812   115.563963   319.745685   1063.392467   
123.900000   152.477226   127.803687   178.929907   226.310161   199.427337   226.801930   253.853942   314.663437   446.063546   467.226927   102.254808   191.146497   138.534670   131.665574   179.353734   245.951673   148.290439   227.015290   204.804515   256.505696   516.480539   165.237693   266.421595   215.510795   219.542424   123.454937   118.408791   191.004353   204.682707   186.529458   117.173838   115.348492   318.219920   1063.976493   
124.000000   151.924921   124.339186   178.440207   223.140124   199.877255   225.207883   251.495666   313.478813   444.848529   467.630121   102.221635   190.318585   141.112491   137.454606   177.660993   246.923898   148.455076   227.474448   203.728886   257.887728   516.488621   167.948955   266.099933   216.449578   217.989860   123.878613   115.840985   191.924769   206.183636   184.680949   114.431112   116.001637   319.761489   1063.943126   
124.100000   152.115431   123.373016   177.743815   224.953334   202.258161   225.644244   254.576446   313.736246   442.518677   466.532556   98.731790   189.794551   135.752229   136.133768   175.583712   245.676753   146.246351   227.302866   202.373010   256.951326   517.383581   166.853696   265.912504   216.442579   221.594835   123.233745   114.091633   192.184509   206.487701   185.114908   119.475784   113.938410   319.124961   1063.480085   
124.200000   149.497130   122.980726   176.906125   224.216212   201.062648   224.977682   253.264559   313.505860   442.048928   468.721958   97.972412   190.724947   137.632750   132.106152   176.432551   245.256526   146.237565   226.977159   205.303879   257.661099   518.084493   165.288535   267.398698   216.608595   217.687000   123.882714   114.916603   190.722433   207.133832   184.408061   117.376090   114.585807   319.570538   1063.888446   
124.300000   151.690674   121.325579   178.677929   225.174831   202.293848   227.691290   253.136208   313.466806   442.619876   467.280634   96.725985   190.952629   135.347060   132.461739   180.075406   244.521438   148.621394   226.562827   205.047479   256.333760   519.830852   165.400133   266.274095   217.525457   219.231364   125.728988   115.253672   192.748249   205.715154   186.433988   120.442356   115.223388   320.310788   1063.406314   
124.400000   153.358506   121.396439   179.662105   225.296425   202.586747   225.946739   254.269340   313.268889   443.846249   466.100428   102.156918   189.903017   139.573907   131.982407   177.500054   244.001098   149.982488   227.156215   207.249256   256.050801   517.056433   166.510471   265.279135   216.152257   219.867791   123.460722   120.145790   190.750545   205.859844   185.139099   115.065455   116.318120   320.901987   1063.772457   
124.500000   151.529136   122.469808   180.372504   226.470782   200.433793   224.909529   253.464277   312.210175   440.966994   468.022997   96.505093   189.970537   138.986855   131.314986   175.023975   245.723614   145.592495   226.789008   205.037487   255.603862   517.325772   165.853488   265.539352   216.281586   218.283287   124.268079   115.869542   193.644670   205.715873   182.265933   117.486741   113.821716   318.710826   1063.431908   
124.600000   153.938534   122.997246   177.756006   224.003794   204.404579   226.527675   256.392467   313.514588   442.804946   467.164985   100.240317   193.003660   137.613073   134.259580   179.524121   243.826865   146.245409   226.107029   204.808994   256.620812   519.373439   165.699216   266.525543   215.130164   218.592774   128.804877   117.619900   192.426023   207.330462   186.100764   122.643139   116.595723   317.971069   1063.153382   
124.700000   152.605961   122.907851   179.299621   224.104776   203.968412   224.992230   252.753336   313.211554   441.734473   465.388136   96.613452   190.474177   138.711569   130.044855   179.401293   243.768925   147.443183   228.191838   204.187847   256.873412   517.298838   165.768503   265.992246   216.610037   223.751267   122.685799   116.052615   190.249569   205.392323   186.216819   119.534019   116.217920   319.314361   1063.465724   
124.800000   153.798132   120.410226   183.494713   224.712775   205.010277   224.689224   258.533709   313.215725   446.738042   467.289414   101.344266   190.332977   138.899218   131.847443   180.796404   242.984020   155.241684   226.429227   205.988525   259.205833   520.772401   165.812035   266.007138   217.276760   221.197474   125.987201   115.889866   191.781966   205.360675   189.652909   123.804816   118.667223   319.313778   1063.407520   
124.900000   152.044235   124.066981   179.309256   226.124947   203.537895   227.032110   251.495926   313.613852   442.741629   466.109837   97.840592   192.562797   136.562266   132.757545   177.341535   246.013792   148.454016   226.276620   203.427589   257.492242   519.222281   166.758260   267.148802   216.047028   217.418116   121.817314   118.788633   192.805127   206.869931   187.292735   118.875582   115.229453   319.284640   1063.323043   
