0.000000   439985.495275   373691.638450   376391.354165   119770.497983   283601.688916   138004.683084   449171.331326   197131.482179   556826.176224   249441.336498   54969.104023   480517.720059   255879.428576   186150.305473   281442.924617   637576.889499   149349.748274   413907.901382   254528.191279   705071.011806   192295.852650   258807.021753   336617.161920   333431.834535   243048.023707   301621.499247   289225.426404   614130.476797   293152.719765   300819.230971   100950.594699   253226.241953   2373894.207687   368358.814501   
0.100000   367389.269771   204048.762285   246281.161328   162189.702402   196805.441590   173417.883420   294776.588209   229933.785803   439775.358347   491148.315283   110120.805521   215596.765602   179488.376859   155951.575215   577965.555751   520738.374645   170528.443129   257673.893117   193224.676321   2085874.019370   508961.896594   172643.552450   305978.710080   261361.774907   180679.195317   208320.893781   194763.091194   312507.743336   260291.270357   181118.621047   134343.568375   197410.296729   7836136.120957   1157985.520547   
0.200000   205199.945990   133335.713877   132029.272520   102673.078152   139134.566157   113428.011694   220365.101506   151864.221477   354584.805996   324009.433473   84046.393798   118101.169551   115681.721589   109833.975281   254530.018171   300783.179652   114457.514464   183621.201459   129819.560068   477853.360485   358750.513095   134206.342839   190899.382139   183822.778294   147326.722625   166440.113869   98543.580704   147737.775724   152589.586266   107313.508095   89881.827360   140551.458338   1808456.971462   660981.971278   
0.300000   114154.949164   77316.611660   107805.841291   85332.961825   114623.599702   100163.660433   158855.490319   138342.957609   276829.803876   290457.580184   49069.760853   71740.696503   80192.612743   87328.782552   193056.178823   234859.733999   65454.151164   136784.150421   124913.542727   278536.698468   266260.680596   117003.104869   147200.085723   144605.411844   129108.782717   121782.994893   75009.547510   115386.458164   119434.173301   110419.474362   60228.253340   84483.514768   1090291.896864   606147.771163   
0.400000   93454.999504   68927.864394   105700.087921   81216.970408   105670.365777   91924.029191   145721.194887   113936.788295   187964.472838   230850.117799   59163.122225   65966.193651   71645.986712   65793.216372   134193.772322   156535.952852   75940.673178   102166.366593   128514.522312   209221.512572   239432.610445   76694.913830   110818.202304   113210.645449   123706.719940   74638.599372   58972.608097   99013.470193   112275.627559   99843.565930   63983.105644   84525.301784   790036.483414   555751.745186   
0.500000   85114.849634   63158.560912   91069.893683   85256.367896   93087.724273   100082.919096   146014.087915   130731.711152   231777.552800   244036.900311   52590.162932   55322.371284   78827.937836   70269.696846   139993.291948   141848.118987   73580.135565   112192.594172   115117.990645   179813.987320   244286.161593   85192.829729   116433.916275   123956.412588   109924.652204   95022.702791   60338.630131   98877.650864   117165.193636   97545.156532   63196.024574   70531.638773   628237.993658   582804.112650   
0.600000   71296.528732   55126.851226   81342.822760   75415.682862   81901.970764   89513.450147   123791.898840   110741.338866   203010.736199   189166.397783   42881.979716   45777.937559   63245.987807   59373.196154   164174.738723   121631.044025   64039.248930   95917.788833   88773.607139   151228.872658   196556.565843   69924.677561   98144.854197   100175.475624   81229.172430   80580.979572   53499.381840   88252.184054   101208.311328   82190.299115   57452.441836   75598.405367   504438.933289   435884.031548   
0.700000   61695.466938   74799.969887   90427.714281   105151.454109   122591.420936   126558.263422   177763.755022   142939.102087   303598.565671   262485.091041   48153.224588   50928.000675   87144.431039   71303.426402   161265.544051   126774.908686   59089.118346   110858.982412   128334.313888   150819.597016   296415.920854   86860.905836   127088.758217   138012.464335   136291.038688   100535.487845   69083.648277   117935.569615   145262.796252   112763.511557   64986.183057   83620.066221   442628.396988   688014.788229   
0.800000   58516.292814   44651.049023   73918.330838   60342.444307   92151.098265   68710.602117   125706.028280   106947.764202   195154.379931   200522.053407   43552.209208   35022.050127   58400.192819   49263.939399   123423.275421   109550.224824   61039.802047   69412.797274   94118.258803   135425.502157   201625.584484   61649.974919   92714.721512   103503.313408   99006.527717   72746.722632   41648.981898   69897.076423   82170.698189   84288.545645   52519.810405   79624.655714   373368.184067   510029.784123   
0.900000   82077.984892   58479.636120   102620.882338   78388.848029   107657.182246   93414.853686   189470.212731   152541.514776   318731.774891   314266.877491   62084.935687   46275.118109   72074.101058   58431.891015   150980.116787   136900.242460   79974.610330   103003.801470   117303.017419   160763.654250   336701.314485   79516.240409   116123.766143   135519.736126   127069.047613   96903.265466   54508.607462   81991.511434   103431.293853   107900.948525   62475.342185   58268.417542   338766.544861   777484.398311   
1.000000   37869.863217   47666.673829   60366.689551   45570.513586   74873.684248   68469.209279   162393.038350   128043.725837   253123.633160   235063.919025   22849.900212   31654.376927   63135.830394   43799.041455   143888.943092   109712.242758   45240.888502   63092.966218   79357.844681   132932.254169   256370.417939   63874.327859   93454.967318   109895.829005   103562.266578   92972.646712   31673.426137   59303.127879   70540.380525   61806.788441   42805.653831   55838.583356   298998.804247   547049.621584   
1.100000   52777.336959   44128.880930   55030.366006   47295.324357   56836.599164   68359.040400   131505.423992   101718.176595   228145.761202   186470.192448   36232.955556   32261.327922   47818.286153   37171.156425   126865.031044   80332.377233   49900.075639   56735.631558   48106.912526   125018.254855   200053.420911   46412.438139   90026.102043   106958.004726   89807.794505   71217.319230   32570.355967   58702.559941   67594.650606   49387.671807   34779.798326   51045.784348   274337.116587   485729.460636   
1.200000   45736.355903   37482.721828   56414.746455   47808.584475   55186.451254   53126.660787   97527.931851   80177.975811   186773.324890   169889.326381   31001.807612   29401.453782   45052.311289   35838.030708   98595.386686   73759.480077   45291.319840   55198.650888   57412.967466   95999.736175   173282.438836   42813.887014   64706.799022   71620.212789   64539.038254   56675.860056   33281.551777   52215.025526   58074.590388   57504.089264   40452.928982   43713.792280   246904.146950   415159.616380   
1.300000   42327.517565   29238.478122   59139.844098   43704.228214   62094.681547   62463.467064   127609.524735   106518.992674   210405.176094   203503.595169   29958.302320   21876.332712   54073.626451   40274.085128   105416.370281   90451.185346   41854.119955   55365.687906   64431.301822   108397.426662   209085.010789   53309.776578   76241.460931   84628.872950   83634.569899   69567.843203   31888.202049   57038.136279   59044.961177   61634.993537   39580.482423   48572.804392   228116.450362   486662.029196   
1.400000   39818.796027   46641.886151   63768.526919   55300.641345   72420.403978   59865.535499   119815.025570   99845.157149   201793.996428   201548.820162   28931.983448   38899.350283   49285.787897   39504.261476   90966.699585   90222.537187   43775.992732   56060.598585   81448.413179   94461.733003   210639.499105   50879.862136   77033.255601   80608.350092   83646.735152   65280.771226   43446.481799   58203.240933   62195.982889   67236.868290   42312.508137   36449.497836   212469.316591   507647.806229   
1.500000   35690.607344   35054.533788   61117.238568   50543.559727   75206.947142   68048.325256   142045.440930   112276.074009   223674.476939   221417.117214   27494.551510   29567.907228   52294.171553   45320.590238   109377.399620   102846.077085   43024.265553   52692.749880   80169.702729   102041.745860   232649.110643   57993.031132   85304.821452   86124.775727   96851.793070   68495.293492   38589.843158   63367.686806   61178.278233   70408.734614   41031.044993   46404.550755   197834.985348   503212.220152   
1.600000   44506.417904   27222.194559   53674.688634   43673.624174   58199.359429   62494.689547   121020.692335   112618.532828   194136.638831   204724.554408   30022.681005   24428.021136   48113.052488   49087.189898   97997.263734   101367.939640   44893.875297   51245.284115   52365.583033   100313.647785   200412.092218   64723.760578   85928.387672   85086.179276   82693.708950   61625.147291   30920.818115   56244.343591   64517.484837   50967.674627   34779.253894   47189.854484   186051.386749   456830.601146   
1.700000   31409.769918   25443.671020   34469.102624   33120.750013   48100.950821   44236.670062   86077.862140   62925.464153   132030.699303   124568.314944   24390.123230   24034.006575   33082.018939   30772.328501   72234.783219   63811.024559   30552.102570   42776.874031   48939.873574   72284.726808   135852.694089   37266.841342   53293.473470   60253.415677   59857.286768   42918.587433   25476.255221   41004.964804   45038.027473   43155.896043   23936.916203   31137.571171   173967.576783   313685.471676   
1.800000   36345.428278   30483.476201   46559.129995   42300.320255   42090.364560   48552.648427   92687.844507   68273.433400   164060.749757   146293.310907   26207.407087   33868.771959   33905.083860   35406.533280   85968.399933   66214.250255   40492.127792   44149.445749   45697.488709   74303.080221   157316.853841   39025.949693   58370.618608   60585.494274   58408.301151   47504.660203   37783.994556   47584.468236   44925.618530   39387.795037   28743.454632   32360.466009   164200.924152   394470.159920   
1.900000   34216.998519   25466.142567   32730.603482   33406.541068   42733.057046   41872.709126   74989.026038   65724.931461   136412.576077   134548.215807   22245.077162   24590.130885   35175.188756   26207.186930   71917.424503   66015.234516   30717.784427   41308.635884   41165.208333   67760.074862   138393.285643   34933.710997   50956.834651   60091.965691   53190.548699   45641.684071   25073.254830   38993.138137   51451.551960   31306.112541   27897.032034   39985.032130   155836.796968   290765.779687   
2.000000   35856.959707   25653.418890   46080.514547   34992.922391   53774.919371   41640.597725   89506.758978   77069.282248   150615.328710   168333.800303   20366.578345   19769.218550   34260.462985   31322.737268   68977.281103   81971.046028   41317.341582   37460.814370   65905.660637   62118.545407   175457.349786   42600.626283   52281.086832   51263.671819   62732.363855   42343.678607   25496.329148   39391.638552   40941.894100   51182.984560   28126.998186   36319.649380   148103.841915   364180.976772   
2.100000   35085.980330   28301.753025   43588.417551   39734.380107   45152.964833   37121.731030   67459.036883   55817.213233   106836.864147   113248.465474   23612.140687   26098.082610   23276.941708   25755.575900   57913.284215   60747.092853   38707.181112   39065.002857   50966.033020   56623.912177   122768.941440   32894.854627   41055.201342   44791.511889   50382.029509   31790.003259   27651.935558   38608.767900   40753.819595   40608.445502   23591.729383   37617.888779   140497.599723   257320.830239   
2.200000   36013.281150   43677.035532   50458.069277   45887.431593   38271.370424   32287.542813   65533.684859   58033.432029   111525.914863   109685.650414   28595.886151   35256.640359   25488.669239   20854.389796   62884.313938   53564.414584   40295.331390   49660.355781   39852.380785   56201.744966   112915.349421   28506.807143   41088.097353   44461.558441   45496.762672   31178.441278   30154.670270   35872.887248   42017.064671   40190.886190   27310.753738   32779.530546   135703.122663   260968.346657   
2.300000   28123.038134   32385.260651   39873.464148   42636.863688   34423.673212   34429.897043   62906.757056   54977.176669   110495.649373   110654.242466   18881.619849   24469.786468   27076.567947   28029.036402   52237.103067   55683.020863   30922.325500   44747.893608   35953.223973   51055.727727   113035.685766   34878.292422   40656.026015   40929.424748   43347.582956   34659.651304   27905.617381   38378.118749   37408.126564   35099.047790   21948.788509   25917.548840   128449.370714   258690.704550   
2.400000   22392.805205   30253.824759   34542.548101   47661.825101   40878.819362   45974.285799   75135.558926   63017.190198   127848.585825   121285.725890   15679.615061   26103.294453   31151.447556   32470.728501   61873.861165   52528.077496   23508.608571   44499.152430   42988.044440   57888.967418   127454.517289   35881.774970   51908.763569   51530.212637   53343.847859   40615.822754   35905.514417   46067.761290   46118.773676   37108.021837   22440.000416   21375.113359   122987.599227   305204.844394   
2.500000   21944.839197   27804.091945   32458.424160   40687.584918   35440.222370   33352.727390   61477.212950   53387.445596   106473.369578   104778.543455   15064.960133   22025.016904   26939.279653   22057.627143   50103.408385   49241.443348   23075.750187   51482.077094   35564.678348   51469.571139   107345.298680   29685.379280   41883.199501   51074.348093   45150.381553   32708.451752   21718.333353   32990.741103   45168.430637   32379.583544   22085.169923   20836.177919   117836.159386   253901.693670   
2.600000   25244.869150   21121.216599   37327.998354   27226.496925   36951.848286   36465.987344   67543.262304   55465.905048   124705.733447   128947.033093   16939.481443   16340.442335   32384.821719   25111.002134   59355.734899   55391.118699   29172.619781   39792.548872   37569.601344   49090.058486   128453.535557   30788.071604   42021.717683   42973.909970   45506.852344   39454.333001   22017.858116   34219.390099   40191.083003   34769.051503   25058.985872   22418.483280   114048.950512   316511.437071   
2.700000   21296.124512   22300.886026   35029.737391   32419.026308   44646.356058   38893.063679   78799.723688   64336.739420   135112.256329   137805.299248   14579.160702   16337.781561   32343.837869   29314.218347   61297.470932   62490.227057   27971.226912   40846.791943   43523.115249   55940.479049   146312.731184   35645.420926   49334.301955   49768.192753   54381.851348   40467.530885   22794.326250   37869.710328   38745.169428   41442.582503   24686.177654   23332.807782   109581.768116   324381.566472   
2.800000   22217.072989   27019.435050   29983.124761   35452.356067   37390.485465   33482.305796   73626.386074   61675.847811   125887.618573   137875.332597   16983.523787   22534.903771   24769.227370   28778.186096   52387.908066   61906.620542   27546.629553   34983.815932   40233.712586   49310.445691   145650.761899   36616.934921   42394.776231   38625.363617   45475.247400   33669.290002   27815.810189   34251.224257   34808.480875   31942.163683   23460.523541   23351.044231   106110.859285   315299.265672   
2.900000   25807.687080   24594.196708   35203.112311   31404.317919   31422.697816   33337.226742   64328.581990   51753.116710   114084.911963   121733.737288   18480.148590   20109.945026   24223.509271   25057.063582   47533.712481   52635.828127   28260.306820   37665.790512   34597.008631   46543.013976   126699.742487   31298.375069   39972.922583   40025.164576   39831.030979   29374.790362   24551.830987   35144.249505   36925.523910   30614.204019   22727.422021   24282.680419   102288.384320   290814.625207   
3.000000   23168.776879   23957.138942   34918.567635   31070.191935   37473.939370   35275.762386   59297.364931   45732.099729   103540.923006   98648.322039   15361.606955   16118.644997   24374.826821   20291.075730   50040.449804   43407.399047   27153.736141   40064.351998   37296.874912   44512.550875   104379.474365   24583.638500   39631.414003   45241.132278   39327.133387   31027.113932   18735.258174   33817.248975   42276.408411   36207.561927   20760.321501   27900.857295   99542.286532   249332.646283   
3.100000   20168.689532   31891.723071   41405.917688   43606.316889   34696.520489   41187.813544   50127.372329   48052.517645   86129.191420   102164.545158   14914.423957   22984.253741   20400.548979   24744.968050   42153.220728   49672.337210   30558.723099   51328.355180   40611.068583   46863.126636   94877.347201   29896.507769   44265.266581   45566.753602   35892.325572   23917.726239   26230.333385   44068.345547   47760.892849   39013.741609   19461.448797   42468.703630   95984.862414   219142.609942   
3.200000   17736.537408   15642.251947   20338.758183   22086.526027   19165.382742   30242.752873   41222.697820   48496.248082   82229.635503   106561.957990   10450.561659   14303.746746   13069.547922   26122.869582   32339.787394   51291.924023   17663.859213   28361.720145   20883.498125   40749.640163   95125.576309   32536.784078   37366.780634   35158.157563   21857.214664   17658.767382   21129.503631   28671.629514   30854.992311   17340.216789   11895.693479   24948.686280   92893.284815   220732.150436   
3.300000   16008.781449   22337.620879   24161.525128   29192.682030   25602.973468   34015.388976   40614.621275   38937.614965   67087.587431   72740.205012   10032.155297   15746.448867   16916.785116   22233.071196   31692.466552   35801.560408   19268.430636   35115.345061   27248.243416   35702.485733   72286.522775   23979.796132   36400.862158   37963.295752   30201.920327   21530.585881   19976.392737   32168.725772   37707.443823   26261.667323   17081.436539   25126.791119   89623.221866   165538.955210   
3.400000   19064.754313   20567.107553   28981.597699   32552.729375   32261.783467   32587.337140   47460.289057   44874.245378   77478.538660   84086.031522   14163.047204   16050.612569   21193.998309   22663.290295   32863.836347   41067.025305   21183.908804   36145.434012   36297.572890   35686.568806   85197.866629   27873.953415   37053.315657   34199.389039   35994.911942   23117.026185   19476.803768   34753.138817   37685.112505   33122.504013   20534.609354   19979.994641   87531.356577   175556.572528   
3.500000   27282.657942   22025.024022   37758.165469   30190.188588   32967.964115   25025.713383   47453.039338   39807.590402   80848.923359   93526.608074   18747.467946   13644.506643   23129.264397   16476.965904   28538.679684   40068.261065   29118.867665   33502.859162   31736.036179   34129.496768   92915.601560   21438.747434   32044.305986   32937.980958   34369.481552   23895.088004   17669.525035   24791.521717   26547.788823   36682.893444   24794.970580   13062.863522   84615.371061   204595.262246   
3.600000   23790.309883   19502.644384   29218.783968   22918.227567   24275.312912   19601.407550   42669.097111   32840.713613   67114.258872   74743.380957   16427.959099   17656.742958   18535.453620   15810.612192   30264.931327   33638.220024   25538.747014   23845.001576   28254.812489   29524.277731   83280.573898   19774.539096   23060.934799   23278.394047   29553.068716   20582.099678   19019.975235   21281.500841   20894.213459   25623.592988   19458.218678   16774.032635   82298.832234   163062.419751   
3.700000   22525.793281   25633.602538   30341.890076   30169.054750   28219.671131   25648.479566   40993.079748   31815.550487   67050.444266   65316.816838   15495.982464   18652.960650   19546.585620   17622.059807   35399.221032   27886.710418   23782.267773   36165.364093   30782.887330   34847.828583   69453.627285   20483.419603   28604.726610   31059.246440   32352.229550   24513.377123   19851.177991   28964.830995   32428.068060   28110.685779   20673.098445   19338.275519   80770.659748   159236.715165   
3.800000   23501.408241   22309.446443   39362.855062   32888.272268   40946.922206   32922.660015   66048.402300   54052.200766   108163.091042   109057.016655   16249.905636   13250.019558   25931.525846   22439.068613   47726.365062   44474.831734   27493.021977   43472.192290   42971.775327   45201.606695   114033.479886   29281.980444   39952.383530   44178.990225   47706.555166   28684.343962   20337.193626   33554.221306   43767.055625   41088.542297   24065.555985   16131.397189   79288.089197   264661.917847   
3.900000   16886.988001   15181.786844   24091.954556   21435.719975   29562.853138   23659.038849   46344.651875   38300.906368   72909.324990   76357.690223   13272.551053   10332.908409   19074.586506   17262.234177   37876.880212   35110.695762   16177.772822   26701.625473   32544.361434   35482.883891   79495.516919   21585.444004   27933.467070   33331.754604   36864.277171   25222.980325   14374.034718   23819.016278   26657.876129   25764.396340   14966.767651   16883.407339   76807.172361   170745.050596   
4.000000   14700.443423   12590.058996   20524.845922   23233.627105   23673.137787   25428.719187   41164.753984   34487.603674   60133.272262   71691.640785   11298.833505   8000.214844   15309.466526   16033.107998   25282.572685   34761.251067   13692.634596   24912.478835   29178.428270   30023.087589   76012.658429   21052.150703   26548.188465   26395.089360   30369.167764   17338.372041   13537.482483   24396.358850   22284.997317   20760.973516   12969.553572   14084.381643   73922.362822   153094.483282   
4.100000   14430.695873   14255.201603   21434.782999   19619.973920   22622.457283   21325.277732   32810.168557   24512.971531   53192.530456   55836.990858   10818.555959   12750.658934   12326.380063   14019.948669   23174.944602   27764.193493   14248.264163   19952.412332   23436.175188   27918.166812   57256.232054   15245.945534   19988.576544   22669.127285   25932.476245   15002.314913   16195.978586   21001.584797   21513.129188   21353.010278   13216.585064   13441.203638   72183.238105   137690.591489   
4.200000   16412.231325   15190.717332   20851.091826   16144.525453   19719.070290   15183.344357   27712.091372   21639.996958   42123.675243   46471.596531   10030.714798   9702.701366   10963.053306   10320.517177   19838.772080   22158.742357   18133.038396   19321.738874   20440.298087   23564.543793   46133.217381   11834.391390   18357.783528   19352.610340   20096.936809   14161.911235   10413.357934   14233.061699   21035.706322   19791.460527   10561.190571   12840.341299   70078.636924   107946.738659   
4.300000   14261.918673   12959.012775   15983.216023   17303.757674   16042.874447   15498.172078   26150.761015   21432.970279   42486.218024   42118.163811   9609.559501   10463.746735   9871.987910   11037.479047   23647.526331   19753.974734   14435.688076   16422.469129   20705.911878   25089.096972   42593.617113   11348.202456   16369.736285   19842.238321   19577.141004   14674.744786   12316.456422   15882.292556   20948.670005   17672.288978   9910.202527   14582.983798   68196.193207   96015.743173   
4.400000   14171.606142   15867.651888   20832.791047   18648.978466   24832.745305   17776.358724   39548.814967   27366.428697   63456.068468   61706.982480   10911.011345   12599.356587   16048.817628   12580.888095   33555.333841   27430.825018   16483.661137   20402.497724   24705.567795   27726.969674   67339.230581   14215.024222   20713.520262   24812.579744   29130.919676   18341.597964   14793.761045   19774.782039   22602.013478   21515.939524   11994.027282   12224.188185   67383.390810   147577.810426   
4.500000   22005.042538   23689.004210   27228.269617   27003.251604   33015.166397   25232.752843   36941.385087   30105.927706   56961.201083   55273.085145   15572.466973   17441.459967   16677.970875   13643.313439   25004.874103   22933.633222   23603.112159   27775.807795   32757.462260   29541.627100   58458.555040   15456.738003   27617.826106   28819.359005   31836.013843   17459.554331   18063.964117   25955.266974   29957.270303   31272.176114   15396.752301   14630.020213   66093.875223   137233.696311   
4.600000   24491.684719   25184.165854   29969.921981   31719.689050   29033.924003   30397.679012   36172.158006   33687.551407   62814.768726   65213.360543   21267.639415   18445.517085   15562.440341   18574.227664   28617.332269   29158.539819   29938.945074   30621.300597   34260.745753   29621.464668   65359.143566   20424.585450   32193.850035   33546.603912   31066.232137   16514.920173   20327.605713   31913.214736   33985.399591   31742.626835   18269.386758   16559.246118   64892.308539   166914.255764   
4.700000   25572.145055   24421.511751   24148.664868   21067.537216   26591.445027   23282.664489   48023.875443   36992.020835   85637.088131   74945.646661   21955.027828   19513.173867   21855.238923   17852.044155   40001.072997   31145.468148   25253.804775   26985.410188   24228.580186   34856.895140   81714.161941   22047.266742   28787.783273   31817.005258   32556.044542   26773.565444   14594.512613   22670.594462   27246.124585   25404.662043   19191.905360   18218.908892   64347.638902   194988.734584   
4.800000   20821.379960   21718.740919   24558.011982   20566.794220   28821.232627   24442.894651   41672.735330   35412.877702   68808.097823   70818.407571   20033.763763   14875.920489   20121.878601   17694.977781   36206.915613   34528.319581   21725.430887   20528.560680   26740.983278   28541.444601   71783.662769   21216.082879   28741.968568   28744.845353   30879.025473   22594.408961   16039.169035   21186.186307   22719.787469   25725.561586   21255.294094   15183.018471   62173.275963   178300.090918   
4.900000   14345.961744   19501.353874   21147.606658   23590.029589   20759.335002   21350.431478   30384.800096   21701.998463   54233.627635   44908.148214   14526.555764   15838.674933   18374.824923   12529.573345   28652.272015   21554.895226   11336.353383   28501.995845   18986.123466   25259.471401   48231.165496   13436.941001   20096.152509   24853.304788   20976.511628   20770.650665   16078.918380   23601.441547   30926.878531   19858.670319   16218.816369   15589.418639   60740.698862   123737.268881   
5.000000   11846.366534   15229.496193   16041.504542   17919.688429   22469.441990   19866.920582   29980.450548   24552.894751   42438.056672   42105.637211   10176.021514   10995.218944   13930.551812   12053.466591   26370.974598   20392.631379   15834.939181   20019.109294   23079.851999   24972.880422   47197.414713   14243.976484   21472.622189   26052.519063   24919.818760   17679.688481   12477.730885   20977.742025   24866.366895   19170.387501   11400.529934   13504.202046   59314.010782   91092.211547   
5.100000   11018.838708   16488.380290   19327.994627   20206.260691   18372.213752   19325.622502   25125.467605   23813.799095   38801.794483   36953.047670   8491.859789   12558.477853   10903.276196   12198.427077   22545.634524   23537.849334   8986.051961   25143.583746   19075.240862   22245.033070   38297.269158   15263.169759   19176.403268   20900.244501   19229.290315   13076.232575   13070.073160   19834.007054   23577.178885   19257.989602   11112.932732   11965.525040   57582.772923   78056.152954   
5.200000   10464.261568   13727.444209   16425.004016   19581.976230   22268.810482   16683.603850   20978.236998   17553.895980   38266.128407   38615.433465   8065.407254   12768.707101   11676.636882   11072.496399   18382.985960   21554.733218   11321.250723   23707.798198   22781.242653   19950.803181   38005.348190   12157.812435   16420.009239   18202.762834   20727.704511   13293.499027   14696.961482   17174.467098   22660.833431   21003.732323   11231.233791   15034.920268   56496.293702   98294.192738   
5.300000   16272.355132   15747.721229   29243.607371   26322.702203   28839.966583   25865.221654   31414.620533   23821.670744   45688.139914   42572.094477   11419.457402   12248.540114   14843.368292   13079.262995   26630.221937   21692.390043   16902.478299   29868.075210   33232.513806   26921.627232   44671.438761   15123.624747   24520.187653   31323.608497   29981.731742   17651.226557   13530.209595   28762.450184   35341.405177   30543.299656   14704.618789   13834.429605   55767.396680   87889.426780   
5.400000   10316.154294   10981.023404   17118.230616   17807.215003   20353.634391   18426.480466   28720.435886   23963.370234   47363.859938   48025.326714   9189.108371   11110.354203   12680.901024   12085.272642   24319.871241   25630.690015   14528.108560   22119.502039   22300.295615   23191.302639   49977.253210   14899.501720   19566.228423   21817.440433   22945.681085   15871.157242   12159.553508   20022.122266   24359.813736   19175.825228   10016.187662   15368.138505   54727.988178   109235.753336   
5.500000   14121.564857   11739.915074   22060.115327   22632.137361   27848.751283   23372.445721   32181.688683   26704.213696   45885.439947   48431.830093   9309.335451   10798.242732   14760.773847   14836.921489   22643.199720   26108.535622   16843.150072   23251.325839   32515.847585   23637.740050   52785.753891   17169.872788   22853.305001   25391.452159   28042.402256   15810.825087   14830.114173   25071.462785   27744.000438   26058.518939   10962.434729   13054.371270   53940.854839   101110.802668   
5.600000   15201.985317   13296.699047   23970.793921   25255.239586   23771.155027   23725.343533   27571.850096   24475.818816   53981.303446   50199.474668   13923.114175   12429.080185   12741.988439   10769.802424   24485.311812   19984.342439   15331.923534   29634.427639   29784.950076   22340.408083   53955.151054   12479.479177   21175.416381   26019.331263   21031.838307   15291.868718   14429.827934   27328.523464   35971.695013   24969.229260   12662.884584   11713.102732   52921.087461   123656.807890   
5.700000   11414.915360   12449.524086   19897.720368   17653.215029   25315.231700   21114.229150   30344.373217   23997.087924   42784.832676   43117.855891   11411.438296   10397.301141   13472.474395   10801.751263   22632.418812   22450.375998   12107.057760   20792.495689   27254.243129   23766.745056   45644.162486   13047.710556   20505.099046   24147.347260   25775.130221   16835.676232   13189.751475   21633.867066   28129.998405   23414.310974   13531.806495   7835.782049   52320.335071   96745.330350   
5.800000   12943.725346   14782.313624   23701.138657   27745.481960   26988.116002   22633.958651   23051.921235   20655.861162   36234.374887   33285.640732   10421.086434   13037.007914   11415.405679   13743.291776   17975.427565   17013.720814   14012.844100   28586.278444   32427.366373   20661.963615   35099.606065   13078.021747   21744.288640   25614.259291   22714.362536   14184.550913   15983.805389   26148.816755   35278.940068   27696.943597   10191.815587   8627.928582   50876.545774   82330.520275   
5.900000   10567.612195   13710.435113   17923.859178   17722.278232   25268.640510   22012.849710   36935.318619   30464.186635   54822.894410   52477.048941   9377.010771   10235.966177   15397.853970   13915.124022   23746.528620   23548.815437   10876.639178   22127.411267   26593.673231   26036.064047   56126.695780   15858.635590   27309.230642   29232.389506   29026.387580   17821.106114   12686.932948   20070.696906   25691.631918   22068.019041   10545.112310   13620.700204   50514.181375   119713.262442   
6.000000   7718.579029   13052.931868   13357.288126   14990.137726   19056.190088   14412.108666   17153.176110   15520.647538   23782.622454   26658.166261   6379.676518   8348.645033   8628.372177   11088.243840   14150.503292   15575.470374   8412.685182   19174.499661   21528.484522   16689.228395   26160.635289   12641.347564   15926.953272   20034.471228   17153.266625   9076.672038   6581.161806   15447.851531   21139.360675   18319.954124   6467.368314   11983.107933   48976.028372   61300.647297   
6.100000   13274.248883   14799.577960   24021.090427   18012.620038   27907.760056   18662.251425   23986.902403   22222.865678   37840.281365   42568.188008   10563.445987   10133.539508   13603.951907   9684.051484   15454.239280   20623.534860   18446.947862   24676.388275   30835.957151   17959.907026   43159.894558   11226.061340   17808.497500   23076.752488   24810.037822   12411.907063   10774.500711   18044.815156   29749.836218   28290.520772   12853.180151   13305.521718   48302.582207   90716.124089   
6.200000   14887.639992   19537.427317   21595.061700   25487.783984   21520.395497   18853.430682   20830.215954   20504.944776   30625.676398   35189.013566   11991.009868   11804.943533   11593.345284   10786.275618   14292.008341   21445.707387   16335.032415   29203.696492   25416.582658   17311.230621   37117.167862   13249.516370   17961.336262   17514.426349   19722.052987   9654.685230   13346.403129   21701.152611   29667.319352   24398.869841   13968.809699   13345.416353   47499.102238   63387.077548   
6.300000   11762.345282   14742.587236   23312.351986   22436.968775   32619.390750   20733.779463   31001.959464   22528.427832   40734.158786   41979.625829   9487.878785   9802.504210   15285.749730   11531.951132   18046.726232   22373.737712   12969.344638   24017.137543   35390.813660   21688.726518   44482.342127   12400.412427   19055.945417   22764.922449   28776.898098   14987.437522   12043.851322   22605.283132   29947.104089   33932.365710   13307.899762   13664.100045   46829.501639   88302.140928   
6.400000   14187.857663   12129.847902   21010.066936   17924.843534   26483.104915   19054.051302   24267.661957   22660.446546   33339.156893   36197.159957   11563.994597   8971.844347   9354.760612   11388.105398   14020.925453   19608.625724   16263.006869   22758.202759   32589.470047   20062.324606   39500.089913   12649.079835   19811.676745   22262.325384   23527.329453   10067.594062   11334.904131   19385.614242   27460.080037   27060.273364   10122.883315   11485.737771   46253.607750   67476.445426   
6.500000   13704.441005   21538.377211   21120.900357   26648.390256   20915.205660   20285.236753   21051.385938   18628.759143   29982.951856   29681.955870   12096.661247   14135.345950   11805.563511   10834.048516   16790.096450   14222.672022   16359.459890   34239.604334   22599.632076   19982.460205   29671.093732   10110.379517   19894.987491   24366.152123   18740.295643   11522.095459   14518.912322   21934.057878   33924.228547   23527.961989   13864.132895   13058.531125   45748.815418   72935.910154   
6.600000   13968.173969   15953.783105   18947.503749   22942.870447   19327.708251   19083.743344   16542.766102   16076.092235   30851.029511   25430.215903   12146.873199   9167.116920   10317.346017   9956.131443   18404.557444   12062.173911   14820.817803   29205.513795   24322.923890   16445.546897   28637.751418   7867.545188   17042.105323   19313.915866   15554.138074   10889.414729   11837.023580   22200.019689   30984.522997   22289.695698   11825.013963   8522.839887   44881.629728   60506.952621   
6.700000   14687.293839   13600.898928   21442.945995   23649.867881   22499.190437   18703.220531   17271.562776   16472.707372   24651.978710   26117.119873   11882.932673   11360.697106   11775.823132   7853.817268   12198.213684   14072.341637   16529.201453   32336.989651   27417.267276   16722.275816   26127.379642   7750.083009   16713.692515   20886.510648   19306.248184   10595.740680   12482.683211   22300.342257   33358.424205   25760.266140   11672.967709   7207.064372   44038.746444   54608.768087   
6.800000   14233.893046   13022.149722   23644.785138   24984.390299   20853.924715   19223.869928   17749.540585   13514.817576   28381.884068   30325.780403   9910.095488   10971.172680   11850.794768   15281.134005   12932.899662   13545.156277   15721.963831   34327.759710   24641.383977   17164.233595   31286.554128   11882.333530   14720.159840   19864.701766   17831.019579   11749.304128   15777.048680   22508.263187   32257.475758   23392.760131   12755.620468   12725.329958   43348.686762   63920.691543   
6.900000   12008.524921   9988.616624   22798.271578   24846.670006   22575.028744   23608.295374   16381.282797   12197.396441   21747.214073   21500.688730   10878.213302   8861.988993   12814.584279   10745.633072   13159.627254   13186.143691   15779.435012   28157.586277   27433.878854   17728.514649   20112.410802   10529.327900   16881.125946   19124.707534   16673.976574   11738.076861   12241.706832   25442.695509   30395.897348   25397.926628   13338.654468   11044.727562   42808.508133   46388.224756   
7.000000   15484.374420   14090.763929   25462.677669   31424.674005   33167.436789   32333.197301   35117.788983   29892.153213   44410.724196   44908.463666   12893.409740   10721.536991   17702.393550   17245.890065   23113.277894   21109.118510   14101.135876   33333.673038   34691.179061   26075.533983   49336.544953   16848.756602   27110.313081   32452.845012   29553.662487   18091.555945   20065.067970   32986.106009   38763.249148   33730.788194   17189.819120   9707.571563   43088.419117   85658.761971   
7.100000   14071.855858   13546.813190   26195.209483   23839.346068   17891.182342   18797.611400   16552.755310   13602.878285   26036.297182   26362.767096   10912.250581   10678.073307   10631.214878   12205.449752   12020.646359   15679.973882   12791.605759   31203.784221   22711.875771   15202.207499   27460.197728   12185.300754   13481.492065   13727.626796   12536.863625   10360.394484   13826.411418   23297.801891   33049.048251   23737.421738   13277.294254   8855.028760   41371.304481   64276.065398   
7.200000   11761.041280   12346.544715   19503.555211   22670.262664   17985.589091   16465.960984   20351.833927   16438.348938   28230.058361   29713.661320   9396.380106   11566.450586   8653.819262   10047.137398   13223.132454   15753.427935   13163.501031   25243.711480   22964.420877   16150.048824   31433.518381   11524.428965   16900.344947   16973.158157   16749.359059   10620.995594   13087.626928   19654.929696   26323.483733   21551.675074   9674.837492   7304.093159   41262.962596   59818.059036   
7.300000   12462.391439   16235.287847   19816.586901   30299.296818   20507.045912   27477.842723   22894.913712   21812.051691   32900.516344   33657.257669   10645.472215   13605.057393   12798.226646   13248.413279   18066.463290   17137.988559   11636.027123   33572.563575   26362.677609   18712.848481   33008.659458   13499.890687   24047.217182   22668.881335   17518.613029   12769.309135   17087.247649   30702.540229   36810.383649   24184.921935   14079.958674   11335.397193   40795.006460   69525.238722   
7.400000   12442.300366   12605.285280   19797.353889   28670.032344   20963.393236   25179.755976   27346.176589   18894.755280   37934.158767   31604.362627   10083.413148   9409.469965   12842.488931   10618.270920   19348.709217   15037.733871   12079.294044   34553.445772   28579.787548   20250.114230   35734.367663   9267.830159   20441.392544   23678.041502   21971.157622   13523.670766   15210.896209   29886.514508   37728.654957   22960.219914   11474.438336   10483.005266   40279.210824   65986.286650   
7.500000   14977.474728   16212.943948   24003.473817   29062.168423   28989.781521   26308.866091   24993.064766   20721.772474   26469.805271   30516.467022   15236.806924   12378.493727   15644.973385   11539.922865   15459.207410   18592.286748   13825.737505   33943.953974   33788.724491   21530.656095   32096.246414   13844.064753   21811.781140   28682.294699   23423.753531   14013.740134   15700.086545   30429.873085   41301.129907   32022.314770   17476.918538   11718.205301   39673.425079   56468.555752   
7.600000   16940.966304   17155.625896   32376.194382   33670.398740   29951.745072   27847.803225   24206.382000   18831.531562   34304.700050   31640.673374   13152.494629   12057.712883   13664.075394   13441.044669   17493.433908   16010.305752   16621.174972   39248.073042   36379.332511   19772.295022   32417.770811   13074.858558   19201.603256   22434.798812   20209.071668   12589.307024   15620.165286   34380.727446   45488.579558   36850.973201   15993.249215   13384.380058   38989.362038   64358.534368   
7.700000   15196.019624   18715.512444   34713.496942   43098.825870   32737.311420   35306.940002   21382.660521   16254.775480   28161.752283   23206.041372   11544.680671   13203.052515   16684.800184   18645.649670   15725.624447   15671.311329   17853.506133   48015.924059   41614.794786   16998.688771   27666.893290   18120.790404   21628.497936   26445.871426   20324.269022   14577.384713   20520.172257   43861.548855   56425.409742   41550.764472   17370.035005   17494.918114   38338.237972   52173.260636   
7.800000   15649.194827   20569.202907   28661.362235   37543.470319   34916.239823   35300.334711   16795.741455   17315.954626   21907.076272   23559.703324   13726.338395   16671.041366   19018.430155   16238.320622   14342.662340   15608.662303   15293.191901   46286.447171   38628.354046   20055.261594   22805.418348   14979.143859   23885.260932   31844.047404   22643.156397   16804.690179   22825.757533   40843.362386   56030.342184   39694.562239   18797.007330   23305.839394   38446.221965   51838.574562   
7.900000   16376.841249   16901.279252   29288.996460   35918.151334   32073.017517   34078.889161   15554.396665   14398.441765   20810.421013   19074.131832   12713.319386   15527.067479   21615.157439   17762.431754   13372.917093   13402.876857   16945.001252   37777.989181   43242.608746   14674.498813   20751.680568   16098.807970   21937.648894   24629.256700   19127.879082   17179.378886   22001.588116   40046.717387   49588.687984   38617.017908   20790.172116   15309.639474   37299.684466   39161.531880   
8.000000   13399.701962   11539.463324   27315.663089   25314.047444   25436.275852   20649.540753   18176.820275   16013.795367   22182.203527   21055.114676   12757.514699   9656.107653   17608.039239   13560.992043   15770.731572   12279.895876   12015.253602   34175.831894   30361.149337   15172.245930   24999.090757   11811.049310   13172.229760   17963.393198   17514.497596   15040.428097   15955.691028   26417.290874   40691.369557   31775.206808   19476.580220   9859.407184   36857.457973   41442.666801   
8.100000   9710.512549   9680.709287   30448.979928   36752.093624   32931.362758   35124.188121   16265.541113   15542.928097   20017.180850   21064.587108   7171.621810   7041.106528   13153.344555   17422.680340   11260.849305   13410.601125   11744.956713   41932.318445   46161.076047   14565.210310   23815.239105   15723.298467   21510.527104   23488.036965   19924.700892   11654.714335   16610.794507   43183.671866   56761.839257   41101.250266   14795.065937   11177.332982   36534.206188   39810.262154   
8.200000   12289.313419   15162.573228   31054.200170   35519.205254   35753.508941   25166.957344   14918.600604   12266.011187   19499.217843   19107.623459   10152.816205   9911.218836   16220.875891   10445.457851   11768.498837   12527.309937   13415.533356   40288.102717   35116.644130   13832.414475   21155.257599   9573.395523   15197.731697   18559.428018   16445.723395   12022.095031   11840.010535   34797.223766   47052.771058   42561.630433   16279.125109   9214.996727   35854.001998   39899.275063   
8.300000   15054.274698   18137.449199   34990.088978   43753.920318   32986.157188   34134.012906   13133.831335   11731.140381   18107.390787   17782.260561   11225.474286   13586.852647   16421.497343   14158.944590   12866.674601   11795.794522   16154.263964   43593.369379   39641.386296   12107.530757   21424.122803   11846.212928   19560.993182   20799.148687   18239.125714   14560.899733   19256.562152   43735.028065   52430.937846   41094.022759   17655.725392   11765.929578   35418.059954   41011.827993   
8.400000   16066.797189   10752.743323   25707.844952   30605.606896   23769.719948   23525.655889   19437.736262   13248.767764   22855.528671   21473.567875   12242.612338   8347.150759   12606.868776   10847.500491   14191.190611   12082.084145   14056.884483   31125.696009   27528.665641   14206.960924   24432.620425   10490.860911   16550.382395   17311.650813   19010.602921   11417.162025   12731.412782   28336.953941   33842.969858   28228.530001   14558.728235   7905.027488   34940.193111   45421.838115   
8.500000   14629.546996   16320.160101   26074.523961   40135.064590   26530.462823   28884.356219   24144.289300   16326.851697   28885.965245   26622.019570   11996.651436   12492.583880   15340.691580   14627.407299   15148.409637   13423.627286   17251.522345   35894.293730   28848.763516   18267.542288   28548.239302   13312.274819   17154.244225   19696.361065   21143.359666   13817.043301   18954.326880   36533.351482   40156.307705   29973.111300   16616.302392   10309.900267   34975.151748   55635.912799   
8.600000   15533.072421   12734.470666   28714.543038   29628.103186   28151.435342   23574.756119   21133.003780   18781.509443   25306.608279   24829.785929   11506.843420   10779.264106   15185.604757   16159.217926   15814.445772   14844.158087   15172.323919   30921.810666   31375.220240   16029.696051   29618.597635   15090.464717   19984.103699   21607.700247   22118.196954   14044.218211   17530.565896   27691.719545   32476.090213   33018.629156   15836.162425   8710.630515   34355.790379   54865.068584   
8.700000   13284.781884   12880.789069   25959.802412   33650.471099   26227.002526   21946.061207   15924.982603   15415.749744   20972.469064   18434.978136   10792.166882   9277.776483   15895.739280   11686.398556   14834.651057   11348.980157   14371.520313   31913.341546   27881.392255   15130.746323   21985.094129   11196.097473   20109.527377   20354.387087   18718.681047   14830.547037   14064.062655   27938.351787   30966.207204   29962.211959   17106.154182   10358.787931   34324.786805   41002.026923   
8.800000   15288.690903   11524.008869   23660.344826   26184.784898   20763.523814   23100.069771   11529.373809   13967.157603   13886.227080   15374.760178   13045.506639   7694.698000   11945.187319   13911.115176   9323.755777   12221.217205   13905.920925   26563.292656   23100.282442   12428.435388   17116.350552   12261.198246   17185.895503   16287.994255   14500.718524   9984.519267   14615.324303   25313.741906   25667.946029   23521.789037   14466.343764   10739.144668   33578.345543   34933.680436   
8.900000   13292.323167   12717.887512   24126.400547   29388.167918   24964.597159   21867.391477   14508.067451   16391.945839   14165.894330   16134.542053   9476.922088   11275.735968   13315.990785   14634.060138   10487.827029   13202.698554   12742.724962   27943.698381   24331.806293   14716.097624   17120.051340   12770.062243   17607.293699   21335.059409   17920.211814   10928.148803   17358.216381   27496.460425   30827.451075   27575.472889   12843.422911   7481.944367   33420.430281   29863.798183   
9.000000   12550.295096   11645.235730   24365.458202   23654.272458   22000.998589   14496.153860   14670.018904   10971.905147   14051.651467   16505.393540   10539.195512   9106.515909   11747.413247   8828.804905   10603.874307   9654.339249   10700.149545   25113.132415   17132.502219   13335.603588   16420.426306   7447.592603   12212.861094   15865.712516   18278.735524   10312.426701   13300.747133   19583.520411   22731.086716   23723.764460   13481.830080   5802.911524   33060.884024   26533.311764   
9.100000   13552.616816   16338.990988   21288.584806   31977.266271   26022.106775   27426.105515   25390.250936   22726.545969   23722.379530   24704.924520   13580.027494   9757.938633   13218.983988   12553.054361   16019.393697   14560.609221   11953.297155   30061.872834   28726.109163   21941.160032   26455.632709   13831.120119   26680.943528   30113.090147   26617.830046   12377.445029   14807.937899   28317.962252   31028.360592   23996.832106   15592.719333   9714.368335   33047.780726   42461.653560   
9.200000   17851.967200   19488.312852   28307.137339   34879.058500   25418.710988   23828.580779   19410.624029   14033.805935   18082.598924   16839.538148   13417.973630   13833.501166   16071.877879   8255.976625   15331.793796   10573.962568   21472.257730   33950.299573   23015.410273   15832.133773   18955.654296   7755.614083   16577.942251   19491.484347   21386.221487   14095.024926   14945.953661   29483.176496   31427.426234   29673.000220   17128.900189   7325.107910   32336.956072   31060.399552   
9.300000   14232.582535   16292.453752   23263.206046   30276.694565   21905.203313   26022.531765   15940.801806   16998.750846   15937.731148   16454.639524   10617.418460   11214.680162   13739.142668   14840.903630   13782.670718   12361.611246   14736.617994   27748.245863   19916.516965   17029.960625   15209.695639   13080.332702   21678.954814   22900.930268   19788.686089   12047.959486   15126.800582   28039.623607   27195.860824   21924.316675   12715.795164   11685.534693   31900.085600   27540.359667   
9.400000   17163.193041   18918.482781   28041.210995   22387.367045   22827.609003   15081.186767   14554.995963   11153.989804   16474.046948   14903.740512   13700.894991   14613.171688   13649.131161   10872.585760   10640.381715   9552.781640   18116.362350   26569.837362   19386.607485   12356.278276   15756.997747   8900.973966   13305.997304   14570.418206   18138.632877   11396.678654   14308.646842   17026.097388   20938.517434   24108.196033   15266.518000   14257.715139   31331.092448   36724.749464   
9.500000   15518.254079   20896.299234   25167.331328   30041.494122   19858.331837   24360.939395   16514.181024   15618.533439   14603.903470   15266.855470   13661.203002   14706.583307   13952.885491   12953.028690   11362.313071   10869.183600   18170.937321   29503.002855   18493.790435   15959.024730   17022.095254   11167.027980   20463.390650   22390.715002   17613.826619   12358.125382   18315.465089   24344.087106   23652.529063   22358.282213   13334.479719   12460.642038   31511.881711   26484.875905   
9.600000   15095.912336   14587.067962   32360.303678   34226.699353   30843.284718   24804.739580   16515.525083   15568.182534   14646.487615   14356.148505   9050.831142   10906.429664   14104.397207   11229.349381   11895.467991   11529.688197   19334.019614   33134.211042   27482.663010   13213.331291   14616.013570   10006.856266   17580.062842   20028.991263   23692.359023   11937.000490   15086.417674   30765.995070   31167.447874   34908.938841   14631.825856   7722.857700   30757.569927   26595.930747   
9.700000   13587.216957   13887.824112   25933.452862   25792.356539   25726.168619   20224.656490   14190.132891   14192.167053   14576.737704   14648.447430   11012.404852   7860.602277   14533.623160   10604.210024   9155.238019   10649.088964   11925.867667   30953.292397   21345.122555   14266.418326   16728.287313   9777.753521   16218.831788   19767.602223   18447.464195   11478.386166   11251.874379   22359.477862   27603.381813   27114.572381   16057.923141   10881.542292   30673.255317   26350.347599   
9.800000   10752.565864   11671.128771   20604.844376   23788.323658   26108.625994   21954.500895   15711.723395   13238.995434   16200.290509   14250.619483   8927.505471   11005.461374   14506.587976   10760.670252   12199.531887   9112.885529   11131.932455   25204.587943   24439.840308   13522.787927   16041.710007   9844.273899   18121.099392   19766.995474   19701.320434   12998.417167   14457.372904   24218.737410   27222.137893   25620.033259   12022.391770   8315.739873   30447.034195   28046.846697   
9.900000   13561.846273   13126.431079   23676.589060   22626.914335   21192.102785   16073.353010   15629.864405   11842.368380   15791.093558   13634.663636   9694.968569   9684.712002   13500.474333   7587.182550   10005.612929   9515.860052   12589.152035   26271.877260   17470.564157   13498.751586   16966.091820   7169.677907   11447.045769   15620.357134   18201.651749   10532.256860   10426.463592   17496.790987   21422.150823   22663.073304   13594.728807   7216.120841   29750.205362   27410.672414   
10.000000   9770.510396   12774.585393   22122.732825   30203.723837   20309.298399   19363.905527   13711.349109   12679.250299   16358.724539   15729.890448   7581.818893   11985.679955   11818.843494   13577.662823   10202.003799   10401.885032   13640.699427   29203.641045   19187.852621   13311.296612   16826.170074   9693.865420   14238.435591   15592.094726   15507.456451   10266.120762   20240.310570   23864.481047   23595.759586   22650.557011   11639.830298   10741.522773   29610.701169   25860.705190   
10.100000   17722.395440   14687.887205   36832.477619   30043.681603   20027.718901   22424.882311   11169.993293   12896.631616   14045.080711   13701.371255   13590.967473   8405.301849   13833.002866   12261.480945   9647.486569   10702.588380   16722.251278   36672.924874   18746.641611   12035.240058   13364.974156   10900.879287   17402.862211   15645.069780   11659.758679   9994.986950   12715.644640   25279.139170   26145.380075   30010.525084   19206.625970   6393.632169   29748.903253   26910.060799   
10.200000   12905.317880   10955.112457   22939.744746   21107.294668   21927.252258   14795.922203   11704.592422   11334.828217   11368.786188   10716.539330   8758.497415   5866.359910   11415.308844   9040.834616   9260.288419   9337.155092   13912.512353   25684.685320   17108.334385   12340.273542   10524.959065   7086.560860   11022.866801   13834.234943   14440.023349   8495.792176   10068.169263   16809.514345   19865.994551   25086.436080   13458.230587   6519.644180   29052.345523   19261.385655   
10.300000   12689.423179   12904.968833   23420.832731   31624.292135   20982.669381   19500.920987   13460.681613   11219.773940   14542.417518   12886.773173   10376.872030   10521.921610   9533.431688   10431.027314   11442.879437   8151.184330   13146.264718   34008.283477   18543.283269   11798.619170   14538.267586   8186.023289   14013.410105   13358.651335   16170.553792   9280.763762   13979.310063   24241.921700   23995.541227   23045.079173   12016.364766   6042.382890   28688.198919   31236.727561   
10.400000   14343.000192   11250.730567   18054.180704   20168.594397   12695.889003   17679.750467   15137.252498   11729.814907   19096.662946   15857.258397   9431.098466   9728.709051   8848.194579   12054.582857   12175.537070   9756.546018   14828.095560   25213.484271   14594.452334   12494.393996   18494.076903   9935.782813   13721.268447   13805.722526   12874.213615   8620.429154   14730.178671   18310.458724   18232.877337   15796.226332   9762.046495   6696.572928   28422.946944   31861.144192   
10.500000   14904.158462   10781.385741   21726.482126   17834.056082   15016.609946   17108.457302   15719.907152   16975.819982   17486.774614   19427.326589   10542.183506   8834.029664   9953.383433   8658.469768   10270.464817   11745.273612   12118.104875   20765.082257   14681.440999   13458.830822   20707.860885   9588.179674   17629.674511   16061.737502   14228.742775   8021.746281   10660.142150   17559.530454   16994.759612   18617.306938   11442.416519   6079.066309   28401.450055   32014.731174   
10.600000   13874.893612   12576.665459   23232.523993   22403.550945   14200.439425   12774.532141   14905.303468   10510.822492   18043.285286   15005.402429   8982.547420   7903.193104   7382.438090   7505.010357   10967.276361   8766.398820   13817.430370   27097.227675   11380.440773   10595.554772   18800.074642   6153.185037   8222.872606   9085.219117   13056.038681   7219.394315   9688.178576   17199.488607   19161.686006   17914.574206   11324.351117   6024.721658   27851.798044   30010.404132   
10.700000   15725.963471   15541.848002   23831.857569   22140.648111   16732.554430   13763.221941   16155.693097   9893.846430   17118.617137   13014.730967   11249.974452   11290.255415   7703.559930   9033.623451   10259.733269   8285.516844   16957.275798   26850.815626   15163.609095   12399.788841   16751.287647   7720.277780   10050.036223   13698.280361   14877.475348   8315.165170   12312.856560   16260.592719   21216.007153   20342.903351   11292.682724   9257.073024   27791.252951   24866.547554   
10.800000   11210.808127   12539.168290   16513.330025   14316.152265   16308.753287   13332.182695   13524.432340   11832.183013   13071.253487   10952.454929   8829.517225   7476.450890   11092.512092   5898.125675   10540.361504   7620.270081   10160.700780   18385.707768   13470.131745   11883.402062   12807.686208   5996.579927   12115.891843   13873.880860   12400.881147   9214.511950   7464.398506   12557.866127   16562.371270   17073.019579   11566.557263   8398.903245   27427.080422   20249.798556   
10.900000   12955.557020   19285.761248   17742.834966   18242.184204   14896.845360   15252.061065   11228.233546   9568.388778   12952.872589   10752.274920   10970.193122   14019.767515   8737.832143   5572.299206   9652.835118   6575.385985   15069.497459   25274.160116   14500.808380   11064.835885   13053.489329   5145.860275   12382.587529   15397.706522   12073.856565   7824.492772   12934.642359   15374.469894   21533.012405   16659.616090   10376.930015   11963.365725   27274.258084   21579.855476   
11.000000   13343.450983   12821.434399   16307.250858   15951.672240   11383.204423   11848.950150   10775.361440   8848.148644   10318.799419   10038.062213   9601.908038   9947.712031   7073.843751   7479.272271   7320.095160   7402.518360   13491.627378   16985.917082   12004.442951   9696.603557   12239.612126   5877.306301   9490.386305   9509.409158   10680.541437   6123.726106   10022.929005   14231.528603   13499.377688   14312.612649   9678.497107   10760.212983   26808.025039   15923.598890   
11.100000   12800.739507   13395.560964   16822.167573   20125.400914   11095.210107   14202.623198   17396.129506   14935.305875   17080.915070   14153.476233   8399.258365   9326.321321   6372.254132   7086.813021   10816.397888   8465.818675   11845.381503   21716.403711   15769.569909   14841.163229   21366.086764   8220.403516   15505.585368   16400.413217   15346.723617   7957.408433   9508.241383   15720.196546   14691.887662   11185.488286   8300.146044   10347.001128   27021.196888   22576.106376   
11.200000   8280.615423   8964.894265   10855.527219   15163.775022   13057.039752   12975.124223   13713.355077   9912.029801   13510.151112   12029.689005   5318.235038   7774.588863   6954.663840   8044.058484   9486.919973   7892.392835   9490.769962   15061.614193   14657.639704   11433.508723   14057.359945   6774.326215   11593.410306   14402.409967   13314.037968   7334.464788   10052.093337   13318.971097   14518.560248   12416.522402   7106.213834   5113.861372   26347.984414   18306.026962   
11.300000   9627.698809   9751.930182   12241.640001   12272.525348   10320.113005   9667.428804   9616.963891   8026.822890   8803.336594   8182.497023   6585.497721   7192.628496   6749.265677   6655.723140   7738.737266   6328.942760   10422.400929   14881.273238   12865.258433   9962.295185   10023.069276   6102.355690   9688.737575   11467.252859   9333.342745   6758.521210   8184.234381   11319.058725   10582.563387   11006.417274   6329.369951   7116.644277   26086.673259   18233.870667   
11.400000   11970.354730   9306.342483   15317.778299   14544.820361   11370.889237   11080.869582   11159.495996   10001.737987   10428.099695   11125.133058   7216.243835   6555.418013   8432.782281   6035.239567   8474.054058   8454.973097   12062.014643   18069.829885   12289.545363   11623.586005   12818.969391   6289.163884   11527.945326   14021.785353   10740.803303   7043.415474   7926.685739   12381.233146   15244.864834   13437.610530   8208.075233   8858.630445   26030.908018   16709.782317   
11.500000   8372.045745   6916.252398   13847.160341   14374.015637   8972.878469   8990.152356   10563.511060   10473.684817   11211.177487   11140.587876   6002.450627   5205.163048   7690.866070   7417.531871   9159.353491   8115.271545   6236.736153   17180.336274   10029.806205   10964.192481   11902.813255   6537.925534   9639.499873   9719.028222   9236.227599   7101.570199   6690.913741   11361.680823   12453.013034   10725.192294   6425.670351   6144.390471   25817.628388   18236.587813   
11.600000   8593.029011   9477.421303   12820.781172   12860.433516   13027.453547   11438.660260   10913.578128   8988.175819   10571.055504   11161.311243   6051.652013   6536.976692   6784.660745   8120.897752   8063.580324   8722.401235   8474.749624   15670.440159   13772.874637   10211.012851   11160.212898   7574.727217   10502.249800   11706.293133   11481.459358   5323.391320   7404.902931   12718.560348   14184.893817   12261.198397   7608.044087   6419.597506   25510.407702   18059.803519   
11.700000   6927.387218   5746.265669   9351.335843   12548.606441   8182.001508   9493.966289   11324.933963   10468.424268   10359.247909   12557.042600   4597.758361   5841.985337   7007.744159   6203.602106   7650.469581   9037.736678   7127.438724   11301.075969   10254.302012   9720.391047   14150.035571   6687.846344   10064.805341   9451.747035   8820.638656   6963.720394   7483.000015   10825.049247   10097.438570   7766.037439   5722.562396   7216.194539   25287.204248   19346.415014   
11.800000   10118.254346   8051.527042   13421.523792   16451.823194   8367.551122   11172.687585   8945.206019   7173.702001   10071.609768   8431.831635   7718.147671   7179.184471   5751.015429   8016.967360   6067.732099   6953.038490   9090.746051   15265.994483   12059.614271   8305.851753   10047.815563   5770.608873   7590.322705   8673.386526   8989.913222   5248.698332   9470.154379   13734.717716   12360.781934   9268.100864   7558.598019   5887.905043   24899.733726   17825.497799   
11.900000   10052.277600   9481.279133   10751.541100   10482.367039   10277.877100   7356.585777   8491.213994   6658.826891   7542.583332   9849.855227   7817.856980   7383.596288   5541.257855   7608.838342   6573.560821   8305.647660   8368.404440   11364.991373   10683.418609   7680.896062   9425.817528   5438.744665   5994.035507   6774.101918   8697.327933   5077.344518   7596.095379   9155.255884   10098.538724   10164.303422   6771.707290   8329.123955   24709.130545   16493.954389   
12.000000   7847.364572   12585.176021   10432.263000   16270.998180   9227.723731   8849.737350   10792.124517   8292.921687   8421.318118   9377.282900   5893.568201   8983.166207   6019.788343   6315.874650   5683.135202   6056.912947   6822.202207   14431.344267   9781.192831   8478.366875   10908.679279   4516.042901   7956.524708   8065.449438   9081.409210   3767.185735   9237.500995   11450.184994   11786.045585   10984.464020   7702.147551   7435.214061   24545.816007   15093.105469   
12.100000   8682.122494   7782.240333   9842.649635   10621.253995   9752.794656   8631.807388   10517.182428   7794.661584   8706.318388   8012.695338   5751.673996   6560.045857   7429.400513   6912.048257   6452.060276   6689.824161   7907.906653   12402.003457   11635.040072   9239.485025   10428.223888   4625.697828   8713.077290   10936.204462   9507.084214   5704.998967   6222.422476   8923.765938   11966.660828   11567.871877   7503.907396   8386.844647   24349.391383   15115.822691   
12.200000   8379.250647   8296.394662   15977.325378   16643.749982   16230.734753   13795.556591   15740.201741   9964.129956   12375.805114   11700.834676   5736.325443   5578.921249   9815.466635   6840.978985   9050.803648   7641.895138   11217.538717   21969.569651   17438.595656   10575.324157   14154.944756   5512.953867   11422.803118   13348.657475   15831.096365   9956.427736   7746.776388   15191.792696   17914.233331   17844.912003   8207.211940   7850.024919   24350.375584   20034.583789   
12.300000   11023.277449   8652.977761   15694.554315   10400.711365   10430.991751   8829.408799   12367.853017   10962.814950   8779.837120   9897.915863   9320.480500   6887.661720   7963.397543   9183.973197   7596.282040   7413.075901   11653.470984   11729.079071   9879.468175   9831.631886   10563.335451   6746.475032   9900.910984   10863.621245   13084.068663   6756.113674   8181.632578   9768.020263   10091.757524   11200.707957   9422.115068   9305.710802   24087.408103   19329.240369   
12.400000   7951.853855   9645.343347   12124.625409   11785.729716   11192.118236   9478.404608   12330.982930   9342.686740   10467.334950   7085.495950   6664.749347   7099.189269   8115.160666   6623.591354   7781.802142   6328.394742   10109.978792   11282.925970   11892.814834   10224.943655   12296.794419   5638.786423   9645.095969   10288.551773   10827.962627   7093.234559   8630.565846   10369.751711   10362.140578   11675.360017   8079.613339   9635.650737   23800.274080   13173.140790   
12.500000   12965.711668   15862.319682   14159.167763   21912.063406   11575.401037   17407.536404   11619.457167   14461.662746   10334.460432   10788.260091   8186.598209   11342.324817   4747.971598   10902.995609   7193.485169   8758.460201   14913.301124   21205.863051   11648.657567   12273.762197   11429.708955   9630.006315   15841.471163   16597.287531   11369.679461   6098.579658   12485.994247   19083.577784   20043.222356   12173.824721   6868.512139   12959.308691   23810.249624   16484.402557   
12.600000   6401.326559   14647.460662   12991.282479   18147.207360   9555.445658   11128.666013   11127.612083   11821.859565   10882.352124   9623.371909   4376.307697   7699.823165   5984.851846   11779.108074   7626.618435   7792.882469   9178.510009   18440.503753   9086.037916   9193.878007   12755.560956   8569.780701   10917.403479   10771.473091   10539.909992   5903.053522   12078.659089   14699.631472   15066.281751   10829.663914   6247.576723   10838.505440   23467.909591   20149.774605   
12.700000   10117.293291   9539.801819   17447.298768   13035.619780   10064.101541   8766.346551   10065.304603   10704.458802   10431.037177   9839.280608   6942.497316   6686.207676   7092.409579   7982.179631   8741.271082   6790.748987   10956.186219   16209.191264   8925.361150   10447.556735   10335.785712   6199.476007   9911.275626   10459.005526   9355.217248   7146.357951   7451.190876   10532.089426   11353.997296   12972.695465   8769.328409   8276.838220   23220.418193   20274.701813   
12.800000   9071.483097   6493.348950   10538.983748   8226.648656   6824.948465   7737.688272   8977.977176   7912.443241   7929.976849   9745.788372   5534.928278   5041.367981   5449.818837   6337.074367   5954.290747   7693.423228   8809.071520   12027.731396   7316.286922   8240.026305   10548.656394   5681.200087   7938.133098   6918.148531   8342.848244   4653.573448   6167.295124   8509.707089   9204.158920   8133.497997   7476.216527   5756.856364   23011.003116   15654.321527   
12.900000   10626.164930   7561.651188   13589.817030   12526.341722   11772.200273   8677.361107   13105.095292   12689.278046   13954.664474   14271.391997   5716.596536   6114.599514   6712.477268   6790.959543   9494.867603   10780.265011   10838.281616   13695.062842   9105.964867   10263.740724   14531.417597   7579.484262   9907.731742   9839.679775   12501.678330   8201.774586   6959.669692   9744.198525   11271.524237   12473.723354   6840.501539   5220.934636   23058.946177   18096.710886   
13.000000   8074.976433   9557.066718   8044.379127   12388.453725   10746.738608   9929.302814   12865.500990   9339.291593   9026.367715   8511.144297   5767.998167   5867.791675   7685.313788   10295.921505   8451.697644   6741.598187   6488.677652   14293.907540   9695.384448   8306.881217   9265.589964   7193.056956   10399.607596   9297.939217   13670.874063   7782.603128   8137.297544   11332.054643   11680.773134   8568.878706   6233.001956   7692.186369   22765.098191   14088.141940   
13.100000   8240.780201   9382.719590   9610.319687   11998.930050   11382.951742   9569.582093   9991.888755   8737.688639   6975.824980   7881.668862   5159.033398   5211.085214   6630.935326   6616.141782   5924.859990   6330.764336   9083.578993   14944.112592   12106.302716   8649.363400   7078.908168   5365.484986   9441.862720   9681.115550   10813.589855   4487.872577   6369.524004   9875.905260   14540.932803   10264.245049   6249.856911   7456.568878   22562.991691   12585.301271   
13.200000   7004.067229   7100.605144   9097.973330   10627.737613   11581.682420   8561.666970   10405.960619   7269.180176   8468.041298   7170.016778   4337.700929   5893.085318   8440.749121   6383.026029   6980.550984   6250.501863   7854.682610   11429.359222   12040.301329   7363.431697   7430.201574   5504.317611   7949.825721   8854.877222   10359.316579   6985.948808   7482.179863   9638.025247   12084.225219   10586.895992   5913.210977   6409.993871   22414.841627   12630.287863   
13.300000   9514.731491   8526.372100   12701.998287   9680.077669   10830.803255   8111.432763   10459.960615   12013.069166   9199.945010   10480.310781   5738.820052   5039.306553   7364.205200   7542.266301   7526.916770   7710.429744   11418.777249   10506.091400   11417.945490   8646.390816   11935.647294   6563.440122   9877.149179   8104.841047   10302.862027   6744.913065   5851.466418   8244.719448   9802.900649   11489.116456   8393.356507   7259.131908   22393.443104   13510.899085   
13.400000   9613.782403   11143.936873   10166.881742   12739.350806   6672.519983   10697.800028   7158.796180   11699.824948   7770.363823   8869.456541   6934.639987   6865.156410   6060.622209   8452.369987   5765.320001   7553.152631   11609.235019   13260.046635   7440.234881   9810.634376   9666.333224   7165.850971   11751.447115   10479.288602   7016.946014   5237.152185   8578.610312   10211.286110   11863.751247   8400.148868   7148.092469   6579.980083   22322.858034   14624.217471   
13.500000   6284.932369   8807.267838   10333.995553   12212.789602   6837.587193   9161.738602   8739.464433   11805.023416   7907.764104   10678.658999   3931.142455   4515.762342   5725.631528   8083.673070   6948.597919   7985.092930   7863.529696   15254.679934   7880.820381   9251.257192   11027.746647   7720.508595   9846.785105   10490.028114   8534.850254   6673.379613   7492.464471   10823.037458   11777.259131   8134.098673   6675.017576   6564.205933   22017.723874   13215.609763   
13.600000   6820.382807   8045.170940   8797.396579   10026.802410   7504.742538   8747.903235   9688.697339   8391.338655   8379.817552   8516.990310   4816.577231   5775.400235   5847.667462   8362.760651   5185.149755   7257.957368   10410.431602   13750.127909   8884.407159   8227.758544   10778.998831   6804.721001   8944.045684   9015.175287   9781.514522   5917.618579   6666.596674   9316.001842   12807.782172   8070.660183   5896.361462   6836.642463   21737.877484   13307.012524   
13.700000   6516.637474   8898.267138   8599.080168   11350.940910   9955.757227   9955.419860   11062.948803   9159.198633   8831.620263   6577.230147   4550.043202   4101.651220   7811.594391   7774.673362   5182.678262   6348.741142   7441.977613   11873.891366   11845.803097   8970.680216   10301.284360   4992.709620   10088.993408   10902.210959   11471.475500   4805.825824   6946.207133   10824.315144   11932.470256   9473.411807   6657.206243   8393.558550   21765.268485   12206.622168   
13.800000   11414.024855   8644.472243   12651.422043   11784.233620   13456.078037   9526.782277   12388.362004   8074.136013   10693.390754   8714.475665   7462.099229   6119.301695   7250.039872   10685.774082   7027.336425   6984.820999   11688.220191   14523.525843   12928.185953   10281.675712   11424.800927   6898.332527   9887.840153   12864.664101   11145.443343   5845.189453   8429.860077   10476.863405   13269.089378   13629.100962   7601.698547   11875.603435   21774.046074   13444.859011   
13.900000   10439.126318   7456.386329   11572.063780   8650.921191   11041.925861   7688.746609   10967.236527   10206.530336   6909.157109   7784.936630   7032.324181   5076.606194   7886.281963   7875.339913   5911.406870   7004.913238   11407.288822   11097.931267   13305.621093   9184.187920   8982.366643   5689.968984   8457.014699   8348.277160   12145.225829   6386.012825   6237.377964   8412.486160   9425.834070   11995.819796   6604.738798   11783.792479   21375.937432   13001.573167   
14.000000   12668.183490   11730.865061   11630.572713   11197.002990   9647.453016   12324.042997   8218.506662   9544.159009   8780.776682   8713.558529   9096.914501   8030.320828   7403.243841   8685.846025   7383.882128   6674.173547   12120.898681   15381.183208   13400.310276   9421.408307   9010.632382   6283.314098   12767.717065   12366.379671   9186.906674   7667.664666   7714.314772   11640.291833   12458.678562   10480.725795   7212.790374   11045.343563   21207.103886   13238.017419   
14.100000   8559.734048   11247.533745   11105.971340   13464.746774   9528.838575   10422.222530   10632.504580   10029.286397   10184.286856   9017.641208   6786.510504   9905.437400   10060.045752   8342.559502   6714.228789   6374.045499   8590.124637   15001.267433   9067.763080   8499.873286   10027.211905   5696.024863   11146.240197   10293.085051   10106.398771   7207.077127   10277.816345   11802.405423   13051.691708   10557.740692   8945.554247   8420.874060   21066.467926   13457.397169   
14.200000   11031.611151   9380.065804   10697.937308   11448.479675   9529.703125   10306.357436   9668.492255   10055.576163   11239.619015   9861.170833   8436.243347   7290.311172   8713.134193   6567.495174   8981.248180   6388.117364   8909.877340   13140.079524   11027.842660   9212.294627   12175.986509   5316.636512   9852.944013   9656.591968   8126.466843   7767.090743   7546.278466   9934.774365   11249.587004   10569.055629   9498.632725   11050.013989   20934.119683   11990.311086   
14.300000   11038.406995   9882.867768   11452.924355   10184.903552   9758.404057   9013.177030   7265.480578   7258.860584   7214.451086   8765.056294   7436.835255   5186.945667   6454.153462   7141.122236   5832.902770   6296.934047   12458.754572   13621.629100   11178.493140   8317.722802   7525.087377   4619.706623   7918.213076   10470.366139   7626.745455   4221.175239   6335.942872   9669.200033   13850.088734   11706.403326   7736.000554   9133.644084   20712.899081   10708.414992   
14.400000   7030.541984   10915.555614   11971.956071   11143.490338   11103.502298   8756.670245   10262.611142   10159.872297   8233.855587   7438.461894   4326.651678   6699.672247   6414.484255   6848.457593   6995.597241   6427.504110   9610.245062   13712.375382   10411.191907   8684.905819   7862.181853   5200.580390   9409.270174   9485.422880   11011.578506   4723.210794   7075.898909   10042.930332   11166.739975   11662.258470   6575.134992   6744.897366   20881.827008   9098.095267   
14.500000   6562.786823   8282.189202   8539.593668   9019.250036   8894.761942   8680.297555   12050.312592   11774.570996   10040.786168   9608.439432   4582.489115   4902.341859   6675.453645   5486.038921   6564.680254   7504.276531   8703.413183   9916.434847   8888.011125   9622.198473   11676.671121   4692.905892   9398.330387   11249.848783   11446.483220   6127.106715   5861.506254   8596.083942   10888.938546   9101.183442   5380.183940   6854.329601   20528.876349   10766.854101   
14.600000   7659.149535   9018.960606   9425.226674   9772.070924   8859.099586   8324.448086   8443.329367   8466.951166   8845.878935   7136.706577   4975.676471   5566.327246   7717.246719   5634.947171   8405.452575   5028.812126   8559.408903   11917.729957   8378.825118   7822.232395   9854.146016   4808.248228   8393.800547   9009.305602   8271.171326   6846.347053   6434.379998   8317.556754   10821.292227   8519.908749   5745.038807   6715.785901   20367.149392   10155.253403   
14.700000   8460.615408   9433.607577   11649.678591   9772.369082   9945.128573   10393.223562   7961.679703   9081.029508   7376.130382   6745.076787   5929.092208   6076.573602   9450.812288   7384.455282   6084.803158   5743.124052   8146.823584   12781.305250   8570.949752   8549.218157   7340.051965   6345.509694   10370.919484   9324.563656   8144.816392   5578.505335   5317.947562   10599.147246   12571.108272   10496.042626   8794.569131   7548.218188   20198.783574   10176.179346   
14.800000   10714.389701   8044.164828   13784.289148   11146.626269   12076.532782   10448.553659   8665.429191   9840.175255   7669.685260   8621.136175   7509.385264   4346.121131   6962.929740   8809.383840   6919.642155   7115.574473   10005.718126   12341.580809   12308.099084   8824.608232   9511.937786   6662.979595   10220.913699   9717.705819   10187.969735   5676.162305   5281.638620   11001.076879   12125.696594   12763.530994   7254.234001   9073.148649   20017.171603   11618.678803   
14.900000   8283.618840   6901.833269   6690.648443   6568.899922   9267.409244   8830.126501   9160.531684   9562.996208   9089.643443   9125.537769   5561.371554   4765.877908   4820.556376   7159.579881   8118.640480   7403.704089   8363.437167   10355.484330   11026.231449   8776.876572   9398.530826   6335.013825   9506.421651   10750.418077   9644.672129   6911.479019   5540.346638   8957.860070   9065.416259   7732.690232   5400.797099   6747.808331   19936.222356   12658.442073   
15.000000   8174.861381   10677.700515   7716.253546   7858.524084   7425.822078   8446.154921   8309.408324   10283.195108   8002.958590   9724.398573   4241.487957   6248.733798   6847.840753   5012.132025   6046.787120   7118.968601   8260.082082   10153.049426   8715.946511   8997.597775   10319.076346   5242.310389   10658.004886   10971.302693   8648.047184   5381.025535   5155.727071   8087.648484   8872.507925   7701.783501   5002.252816   4925.888075   19954.416112   11683.867819   
15.100000   5866.798502   9488.182744   6438.030468   8923.124768   9638.608096   7697.657494   9420.825566   7785.053342   7226.741515   6966.150161   4360.497227   6265.087481   5536.158730   4291.478279   6244.772393   5964.730513   6158.164185   9514.606742   8917.180873   7396.692063   6997.197578   5456.046023   8449.911330   8420.770577   10687.229939   5828.696832   6193.400306   8053.912961   10043.909106   7571.521886   4885.015315   6120.234646   19594.080789   8805.068003   
15.200000   7290.417555   11098.417858   8063.956824   10636.142944   8353.018780   8225.908794   7820.116216   9946.637468   7663.347003   7985.502792   4553.890921   7748.094184   8133.004629   6819.438312   7346.607300   6897.719945   7712.711306   9731.889676   9064.371933   7135.430848   8456.126470   5723.760383   8960.586864   7953.671516   8808.462867   8734.210908   7240.556381   8750.413347   9012.562071   7756.805639   5908.460919   6655.309860   19432.550654   9721.904701   
15.300000   9021.627989   12357.283368   12244.901086   14301.393833   8964.270616   12110.324168   9837.954432   12060.097942   10052.629379   10335.405624   5718.510511   7414.605995   7255.616619   7721.464843   8551.466978   7536.784224   12126.436462   14976.825348   10923.975601   9197.034340   10664.322273   6874.321091   11527.656710   11333.626816   8885.804154   7476.197198   8371.106469   13341.067663   15003.626929   10630.048175   5228.291820   7878.082338   19530.230831   14802.517593   
15.400000   6290.387653   12238.133453   5763.915164   12633.257862   7568.020859   10508.364765   8902.262936   7210.397962   8549.460972   6187.647624   4739.022722   8126.048850   7631.591281   7655.917357   8773.666610   6310.703836   7966.277741   13272.897619   7580.156591   7843.417779   9764.589152   7244.209977   9745.029036   9858.450365   7665.685354   6533.138007   8636.081958   9573.871683   12846.792292   7039.096303   3034.364420   8052.321033   19271.216538   10624.467161   
15.500000   8150.486633   9922.801509   8069.177288   11418.638233   7787.316902   8128.388227   9963.683016   8759.566347   8139.900598   6842.775548   5221.276094   7707.650563   10670.919169   10217.968084   5951.188904   5819.280890   9985.187826   10787.157610   9519.174488   8499.244931   8727.071785   5924.459525   8948.544714   9069.993835   7957.461767   7035.739211   9066.537274   8724.555039   9600.561281   8773.806295   7823.276413   8192.268720   19144.231738   9444.470209   
15.600000   7584.076907   10895.606303   8505.874600   13563.087840   9962.100660   10241.089839   5908.284716   7962.369453   7090.730896   8867.988647   4998.594926   6681.196085   7148.219237   7728.848746   5526.216162   7053.947451   8921.422815   15274.434360   8629.931621   7990.713179   8691.213149   4568.100345   8559.073694   10671.974519   7851.598682   6508.313408   6294.030221   11758.323329   13719.356682   9182.429158   6247.346715   10563.016384   19116.909263   8988.594847   
15.700000   8448.056476   11651.935835   8045.822701   8859.278304   6366.271369   8877.358478   7128.192016   9231.460690   6853.425016   7518.783396   6124.211826   6615.656973   6039.738134   6507.851043   5503.869925   6239.526728   10744.898724   9459.912826   5958.840912   8521.433632   8730.633391   5281.346328   10386.814995   10138.019253   6207.308163   6038.236521   6049.036110   8918.705934   9984.555129   6245.845761   5519.764287   8220.743069   18931.278506   9196.551034   
15.800000   7696.955956   11380.935643   7675.579339   12018.282828   8843.476440   11828.767613   7429.888621   9076.510524   6666.467041   7258.426602   6201.035726   6773.790681   6990.939864   6776.486727   4413.984903   6838.250315   9856.728290   12517.373280   10669.527426   7379.648643   7024.764314   6145.271174   10257.961104   10172.705163   8349.056336   4183.464076   6864.340284   12687.014992   13685.635692   9155.968995   5545.907713   7763.717977   18768.510703   8490.487004   
15.900000   7951.867579   8807.286869   8407.482185   11628.778661   8613.558371   9759.125800   7530.134901   9493.716717   6987.204903   7628.350375   4970.031328   5495.485929   8263.260811   7435.900258   5219.621790   6929.208466   10395.669763   8820.655779   9271.297654   8379.281637   6379.309279   5662.109128   11172.947772   9236.246590   7988.775212   5930.545048   6455.860931   10321.186487   10312.771941   8534.972451   7805.270665   6401.717118   18684.525423   8726.856334   
16.000000   7632.269236   11633.359549   12048.913217   9978.509197   13324.137414   8314.912782   9879.091074   9470.500172   8393.462654   8022.064482   5361.911059   6539.472734   7437.879669   7944.993090   5882.144311   6352.202264   10190.935940   9308.326719   13574.767270   8867.944579   9020.686306   5504.342645   8460.221051   10491.727017   11710.488936   4918.570099   7240.659670   9021.907173   9943.462816   11784.556938   7452.696802   7318.646948   18917.929801   10951.489885   
16.100000   6840.609026   8543.657018   10721.451020   7235.711209   10274.678733   8125.175089   7498.131759   7813.320694   6965.084461   7849.563870   4804.618980   6035.218270   8238.894025   6575.593226   7680.290761   5130.137939   8940.291511   7330.507971   9098.287580   8297.521662   6838.918511   3576.143153   8619.683407   10563.654895   7895.519853   6145.300713   6061.544951   8249.387725   8660.056533   9678.838351   6742.850370   5821.503644   18491.433058   9746.080933   
16.200000   6958.641518   7249.441375   8798.840468   8148.158685   8861.750172   7611.982280   9880.500251   7483.838121   7441.358301   6439.148863   5126.772749   4944.994280   8812.905070   7789.733720   5890.573826   5166.399345   8657.722777   11077.999660   11877.205323   8127.200346   8176.908465   4002.271076   8341.103574   10371.489109   8757.472848   5582.191923   5886.002375   9333.994420   11901.186348   10058.571893   8228.789570   4500.713045   18319.142125   11326.232065   
16.300000   6406.248887   7647.266793   6886.047599   6487.945728   8648.604979   5748.750343   7186.872475   8252.334132   6069.522771   7656.210874   5041.233253   4688.729476   9900.543070   5131.577293   5393.394832   5242.398252   6797.517210   7519.129651   6598.027789   7799.147524   6480.243630   3725.397188   5903.697823   7054.845579   9408.310608   7098.805493   4087.068934   6492.060256   7304.272951   7526.729709   6360.763938   6147.801819   18182.652362   8301.824668   
16.400000   5221.746830   8113.833140   8259.846233   9668.932785   5905.055528   9810.015302   8321.729698   7750.128288   8216.955143   6456.996546   3358.062218   5977.863754   10981.219236   4809.367402   6269.508938   6329.962608   5310.176170   12939.894829   6254.310245   6817.554774   7720.668209   5402.179261   7961.421950   8121.423888   8694.951295   6080.197172   5778.143250   10094.565510   11489.376625   6732.957105   6440.428496   6990.981292   18046.049093   9265.736502   
16.500000   7855.463838   10973.529865   14394.375362   10885.609198   12859.143081   10449.034899   9526.335847   11870.218076   7512.114438   7288.353924   4806.566533   6784.389660   10411.478959   6977.104166   7544.801013   6684.091606   9662.404969   14579.099292   12678.593391   8476.940996   7131.068119   5880.920510   10765.025774   11035.362972   10632.683639   5488.934111   6442.536345   9937.439994   13755.164526   14039.392119   6754.952277   4590.712639   18112.629702   8133.598367   
16.600000   7247.848080   8267.465090   7853.208203   8920.822661   7816.420787   8181.895991   8612.953140   9659.493111   6401.960051   7510.479279   5192.627907   4840.087999   13217.652628   6372.817417   7086.469734   6906.726323   7762.605170   9714.697501   10405.878050   7101.295372   8350.601652   4517.038959   9011.404147   8038.415370   8627.063971   7992.568051   4311.442820   8187.843061   8995.606823   7487.783896   7289.569563   6975.430863   17775.112122   9068.080044   
16.700000   8013.727465   8920.301795   9415.305160   8550.279282   9261.560355   6684.752294   7214.010685   7192.819893   7202.469914   7280.578136   5400.240108   4986.893877   9301.016090   6124.190133   8129.391173   6173.656125   8683.562189   9148.260769   9312.100565   7076.491176   8651.475027   3867.384068   6139.431159   7403.525889   9241.900021   7765.575489   4540.890765   8061.900096   7353.995954   8856.500997   6872.602566   7095.099831   17747.229207   8882.059099   
16.800000   7035.000415   8736.411276   8312.445704   8062.306545   8207.892382   9081.580677   6217.387766   7334.999252   7627.949546   8826.325209   5228.091327   5838.426437   9550.030120   7590.661421   6479.529684   6990.961477   7577.852139   10387.635348   9799.882816   7172.118945   10336.548486   3881.115190   8256.600357   8381.883738   8204.328955   5992.762538   6383.749090   8822.303046   10343.060509   8100.398396   4923.750311   7660.941415   17669.347396   10262.032051   
16.900000   6845.964515   8102.881325   9546.958662   10284.137560   8977.931996   10875.237489   8164.036304   9008.858939   7530.882678   9171.555150   4881.418403   6353.027432   15745.934971   7482.249496   7100.582017   6069.129291   7805.156300   11378.334231   7877.846189   7557.107588   8795.986684   5413.090266   10774.150553   10093.874143   9725.460490   5325.839393   6800.573915   10359.171198   11394.696491   8967.594401   8288.242172   9556.849858   17633.367980   7835.930427   
17.000000   8040.697280   9225.742042   7692.345761   8656.640992   8226.637322   8783.964259   8577.708987   10837.822305   6556.757446   9700.983836   5566.272910   8167.983851   9660.509699   10817.461270   5873.058729   8767.050125   8508.784080   8811.529765   8668.754962   7798.938766   7378.210447   7735.120244   8778.969254   8493.452561   9636.989539   5297.764174   8316.338523   8746.721926   9865.232198   8013.545952   5840.631329   8563.646323   17716.652523   7739.159865   
17.100000   9011.933319   9776.917212   9734.733364   10044.275631   9401.116452   10526.436818   9701.654008   7559.568727   9324.886241   7759.151717   5899.239562   5544.814113   9460.428915   9594.270902   7518.147451   7130.020520   10094.667901   11593.723869   7667.006809   7362.851605   9442.039896   6985.323923   9242.591204   8570.233383   7907.115755   4855.731254   7929.054315   10249.253397   11291.578406   9308.525544   5778.001257   7693.007689   17365.183170   9341.777695   
17.200000   7189.462295   9285.732293   9016.865625   9870.397563   8319.960592   9595.496026   6895.456680   11173.187411   7201.560614   9398.637624   6250.571872   6125.953693   14196.012178   7578.555279   7409.467012   7983.456234   9179.905234   11612.306667   8683.088219   7992.331970   6455.723436   5974.204992   10082.145804   9262.109076   7574.299912   6499.271113   6788.473236   9802.371664   10960.693473   9461.564717   9069.716129   9035.703263   17362.141321   6932.553160   
17.300000   10066.220535   11780.303947   13242.647630   9520.017755   12073.282939   7440.188512   7513.897592   8282.106166   7038.170350   7760.418958   7628.431032   7128.578091   11624.735701   8274.913454   7366.524641   5070.868432   12097.039164   11175.155927   11101.396924   8818.251257   6739.041702   5130.116052   8348.984272   9760.588138   8826.655950   6565.863044   6190.106859   7928.244331   9882.399094   12261.878658   7067.114594   10886.623882   17173.805135   9217.847280   
17.400000   10337.840938   10611.301199   10105.502992   6695.507027   8782.739993   6202.231710   8217.363510   6119.260140   6767.809052   5550.337905   7429.596096   5783.159019   11663.534898   7529.362278   5795.425996   4323.436556   10889.895854   8964.839872   7760.702131   6921.198051   7362.930162   4520.989873   6855.099725   7901.910447   8845.223030   7092.730787   6112.684842   6274.006600   6752.184353   8901.051968   8530.701940   6552.776607   16990.733426   10643.715060   
17.500000   7455.406492   7863.329613   7446.294587   7716.739945   7334.401897   9441.353507   7176.579756   9388.535399   6064.249979   5950.819186   4518.880276   5381.172558   8403.567892   8762.156410   5637.861529   4637.773567   7114.201873   9265.172452   8061.485297   9397.505356   6112.973782   4881.574203   9918.978445   11765.380801   6777.314677   6017.849912   5794.591231   8129.286246   9586.578107   7284.948984   5410.499275   5206.499036   17123.787799   7498.288868   
17.600000   9009.064434   11070.566799   11734.338038   9237.458587   11962.745969   9749.997172   8688.868440   9372.817808   6085.412893   6132.294867   5677.596361   6066.915754   12965.611566   8793.025442   6363.457275   7006.415940   11297.601025   10201.126400   10878.549761   7836.563913   6525.307368   6885.504149   9937.118643   10903.898694   9727.358092   5409.147854   6581.779122   11048.342661   11484.293746   11256.998814   8512.787755   7127.929021   16890.510119   7843.250106   
17.700000   8032.372759   7327.072740   10434.898704   7620.554443   7598.238929   7708.572637   7168.486901   7250.480438   5623.576633   7062.345137   5543.797678   5194.572311   13160.072602   8525.038240   6780.816417   4737.153907   8227.392422   6681.918068   6079.984242   6978.027534   6140.587116   4213.530203   8077.818075   6479.589100   6775.623587   7121.415121   5512.944703   7979.301087   5975.833580   8488.147286   9006.732774   5878.598020   16746.407400   8309.092018   
17.800000   7423.233286   9683.240806   9202.592710   10277.109731   8142.726232   6180.883269   5833.172432   6075.264603   6508.003220   5927.980489   5327.064720   5287.001248   8623.404846   6394.054563   8582.195709   4634.677212   7693.434851   10408.790732   7375.506100   6847.876180   6392.623612   2723.663681   7036.544780   6996.546825   7161.138189   5356.139040   6159.047317   8320.131569   8946.091326   8799.909801   6381.698362   5579.851379   16722.745636   8411.923557   
17.900000   7371.606635   7185.032707   13412.940155   7387.732222   12338.997502   6127.070943   7876.166380   5962.360364   6775.724604   5556.927922   5806.357383   4020.568669   9224.867111   5159.885485   9575.609774   4609.013028   8309.712196   9333.202354   8996.180039   5967.841347   8427.286316   3688.731560   6931.911069   6535.060504   9644.693177   6384.338124   4623.499366   6851.163441   8169.238013   12293.630704   6547.359449   5983.819898   16485.559381   7401.345871   
18.000000   6821.200754   7555.781271   9451.676237   6390.522781   9386.258871   8062.243517   7172.540647   8249.745863   5313.053660   6376.976911   4241.457807   4295.603952   10232.849835   6851.997728   8495.009482   5807.223628   6679.511599   7670.897425   7671.068528   6472.938508   6851.202723   5125.767606   8611.609359   8735.404024   9629.923195   5858.202342   4552.190951   7458.085458   8115.388481   8398.880798   7909.856721   5775.686470   16504.029606   7228.787607   
18.100000   7024.452553   5329.082818   7218.981150   7236.817538   5358.031100   6099.424787   7323.427215   7288.771321   7022.441315   6924.838055   4238.167897   3563.292554   10053.205440   6792.215436   7541.801228   5081.904651   7638.806874   7587.502463   6221.654557   8105.839695   8586.793200   4212.674230   6656.340992   9143.277835   7868.416161   6588.014247   4226.948013   7240.497054   7219.724280   5328.825937   5256.956632   6733.556697   16666.405341   9306.006520   
18.200000   8359.701232   6854.728547   9022.882682   6639.541258   7925.450577   6770.839250   7886.116619   7156.847894   5178.165333   5085.119637   5139.011323   3656.480953   10423.705486   7728.745716   5673.709729   5195.822024   8101.941998   10854.190724   5894.894655   7166.475941   6012.614850   4841.662067   7682.594313   7855.808244   8819.372509   6278.932515   5528.421286   6266.511815   8336.539213   8722.366277   8523.377363   4724.988706   16454.679767   7907.417227   
18.300000   11533.023473   6484.000838   11525.865543   6745.557999   9654.128795   8649.183201   6802.333765   8335.572217   5598.365368   6114.809532   5960.696528   3850.191348   9097.985356   5836.605171   6758.189313   5484.020653   10166.107191   9663.503614   8200.510027   5580.428574   6130.044867   4414.433082   8845.468055   8413.673264   9516.362042   5980.138138   4576.682735   7364.949403   7778.660843   10032.225563   7689.038290   6123.936759   16332.470775   6440.771862   
18.400000   7574.275595   7470.397276   6225.511265   7555.486085   8078.181247   7827.986610   7095.199980   9449.974205   5237.303397   7806.971194   3696.482082   4693.746249   11225.330761   6625.606924   6406.907176   6509.268897   8031.289495   8439.959917   7342.409869   6773.556853   6178.058740   5471.763274   9430.411897   10507.379188   8689.378860   5611.512886   4885.708852   7351.814923   6850.845514   7335.925977   4726.021754   5814.889457   16225.366939   6394.031624   
18.500000   7522.602051   11333.970100   6897.857230   5983.230658   5579.165806   8581.982204   7904.854629   10752.271238   6351.617446   8327.825496   5095.416033   6041.292063   12980.473961   5942.394248   7522.493364   6587.490882   10617.552805   7423.568932   6107.373155   9706.176145   6580.996827   5793.292587   11838.814413   12765.965359   8241.509476   7277.055469   4410.960566   7884.821550   6925.106203   5060.045260   7521.132182   7566.284315   16438.150852   6067.307243   
18.600000   8994.424912   6613.345850   9541.759105   6130.660819   7705.420379   7160.420491   7835.759027   6527.744780   7509.852959   7269.687550   6054.292301   4272.704785   10248.399094   6221.127369   6243.664049   5573.954578   8937.763286   7770.425636   8752.512022   6414.309832   6841.972257   5228.791126   7245.437943   8895.767001   6985.412896   5221.027994   4867.714176   6903.257799   7079.440363   8190.010245   7197.885825   7784.478682   15947.738324   8082.845441   
18.700000   6796.105151   12188.802766   9275.495064   8759.913573   9018.974195   6870.507963   8046.750167   7909.606670   6370.810416   7956.526970   3925.106298   6838.274490   14407.994470   7130.431684   6870.971252   6486.941521   9817.284013   8596.484561   8049.878581   6371.708513   6476.620065   4906.775674   7277.625773   7559.448923   8738.017191   6924.172499   4848.970665   7725.439104   8027.584260   8914.016097   6924.396976   7286.641876   15951.644067   6885.243819   
18.800000   7505.967516   10953.532528   8154.532207   7528.650784   6646.665216   5363.496499   7658.341058   7712.664928   6160.748993   6908.801484   4899.376808   6066.158242   9390.960273   8464.536058   7698.424775   5218.357151   6781.524805   7881.385370   6155.986714   6097.348320   6402.644831   4620.879442   6390.967947   6319.644471   7489.949878   5166.474824   5259.427904   5784.626588   6493.331785   7372.509171   5635.162495   6266.606585   15924.739625   7517.800090   
18.900000   7029.902686   11209.920715   6640.270360   7256.818320   5528.023265   7076.258113   6090.364364   9085.091755   6752.503189   8302.644895   4660.967147   7718.820507   11968.761956   6264.363369   6201.864654   6653.935227   8460.892458   8926.702674   4669.149236   7297.968547   7204.172482   5714.477264   7744.989586   7623.586062   6788.803322   5435.598355   5223.711829   7300.319088   7237.339504   5471.175163   6647.777058   8557.204808   15803.830846   5278.828381   
19.000000   6435.672380   8581.604739   7060.302598   6191.805147   5287.084888   5279.373701   4828.399238   5442.285712   5943.841695   4377.125646   3255.836637   4744.934062   12688.804611   5579.012366   5136.335795   4588.173307   6761.348335   6297.431077   4604.869248   5226.083209   5967.769638   3873.528079   4968.615618   4980.744661   5363.142438   6946.809871   4267.121040   5960.406382   4977.985182   5345.072769   6380.552117   5097.104115   15661.254851   6048.954209   
19.100000   7783.253868   8149.404386   8011.133112   7319.188894   6628.376577   6792.682030   5270.608723   5517.161190   5586.154378   4501.533574   3629.840269   5544.680509   11580.128402   5380.555565   6214.119595   4930.199729   7288.840318   8601.239863   6277.990262   5016.027950   7052.141195   5113.759567   6233.350829   5718.235752   5527.939044   7326.168941   4537.819297   7351.308050   7828.849711   7146.434703   5633.291145   4288.876415   15570.578998   6422.333943   
19.200000   9154.082600   8441.513188   9493.752210   6604.737044   6848.031242   6161.166652   6236.568762   6368.623593   5354.646684   4889.001401   4407.792540   5669.800019   7886.665565   5235.693388   6473.032623   4464.350585   8879.191432   7347.103171   6923.273438   6242.883595   6136.954711   3161.655970   6429.982641   6381.952062   7358.140178   4507.963352   4272.103473   6036.767692   5126.470813   7824.251519   4975.735064   5231.375579   15554.467011   6480.605163   
19.300000   7486.799533   10520.587725   7129.414244   7515.651890   5441.479838   5822.671270   6121.993094   5616.014242   6349.347565   4005.539200   4796.939513   6133.378787   11748.383385   5930.961362   7806.781087   3892.370265   8414.511302   8324.503447   6201.294681   6587.658210   6079.855182   3815.924642   5756.204637   7668.227817   5249.329198   6552.563598   4989.228209   6519.509032   7769.483519   5875.965143   6143.900530   6400.782698   15467.385082   7536.792840   
19.400000   7739.376152   9230.772151   6297.585953   5351.984135   6321.479822   5130.265633   5765.215879   7490.669040   6982.362346   5475.211606   3932.758821   6363.026999   11006.700609   6336.633247   6382.063715   3448.657255   8628.335800   5844.786643   6007.559328   5557.345504   6061.701573   4312.951733   6122.581850   5866.075280   6322.548321   7597.027332   4997.397045   5615.872772   5907.122968   6239.258293   5117.148610   4421.376663   15410.181267   7027.740785   
19.500000   6170.382869   9274.340659   6721.591497   6777.210507   8777.795544   8147.630951   8626.520396   4884.147745   6054.323079   4672.847564   2952.256887   4742.940670   8748.788977   6034.141279   6527.751316   4156.852790   6642.446702   7865.883948   7890.361176   6116.727229   6418.500736   3748.154650   7773.092033   8345.560083   9324.182354   6221.650612   5058.164490   7325.780615   7164.135291   7015.482522   4302.511041   4324.587758   15281.139028   6489.320277   
19.600000   7507.486826   5696.269377   7066.683829   4819.987376   6041.785446   5175.436467   6669.943359   5475.707903   6206.560947   4848.706503   5515.937816   3477.816449   11016.400732   5764.760795   6923.911990   4719.926303   7518.821856   6987.541703   4579.639987   5721.198874   5336.059066   3241.754697   6309.453723   6024.448051   6090.867105   5008.665142   4372.162412   4793.159272   5361.128215   5327.915964   7171.355251   4201.563578   15263.597565   8044.217622   
19.700000   5657.642478   6585.999886   5428.057042   5518.276073   4775.940447   5862.266895   6602.418319   6196.602272   6193.110099   4506.590133   3636.938917   4928.245788   9145.193208   5744.049243   7608.332545   3909.418440   7520.779807   6932.373673   4083.068722   5384.938630   7050.679762   2829.698221   6789.860500   5832.661155   5405.840141   7094.712554   4716.151043   4715.898239   6102.101768   4563.788944   5129.018311   5707.794831   15093.732094   7194.212807   
19.800000   5885.644340   7594.235659   5768.822719   5456.645104   5263.285544   5658.734753   6250.226142   6124.339304   5514.738375   4421.723076   4222.660103   4549.823265   8625.016983   5981.967910   8119.987132   3723.430447   7709.611058   6117.326620   5805.119964   6050.854322   6051.767060   2551.634833   6178.086952   6224.505048   6051.068716   5978.540390   4185.974811   5959.383372   5838.185380   4844.624498   4946.510539   4038.049360   15071.694968   8183.772128   
19.900000   5769.479186   8978.995869   5782.101834   6590.192909   5964.539625   7690.732356   6625.124652   8571.358068   7135.368137   5747.742927   4703.980537   5893.713249   6877.665350   5900.611152   9646.953883   5033.266140   7334.824654   7380.619234   5298.356888   7047.468124   6129.569247   4779.132324   9026.106782   9602.203123   6350.831688   6146.350319   4884.338724   6641.527830   8256.729404   5101.773114   4262.650069   6814.446385   15188.222008   5975.218923   
20.000000   4885.614444   6793.779889   4841.043610   7277.193675   6540.256004   8213.789392   6639.865743   10402.416356   5892.338063   7161.366077   2741.772463   3657.970496   7607.610525   8125.155045   6328.969708   5853.926812   5339.472406   7761.138481   6821.573487   8236.785308   6391.131457   4532.712129   12012.147054   9777.181177   6693.871092   6845.445603   4587.152399   6639.115299   7387.048304   5062.120486   4262.184202   5782.325108   15591.734648   5781.841564   
20.100000   6696.740537   10235.340768   6976.658551   8033.259619   11931.523903   8058.374166   9919.636095   8365.524438   6684.906315   7405.404269   4433.471808   6228.247520   9515.811653   5666.821288   7654.811794   6018.412641   8440.526384   9788.994452   12635.509638   6627.407961   8322.637119   5012.309300   8409.309929   10795.228187   12687.115658   5472.884249   5104.003730   7548.651404   9712.430231   9574.248040   5079.525869   6656.534951   14987.158702   6726.932177   
20.200000   6948.256106   9879.631628   6346.943900   7781.188013   7603.231669   7553.764481   6531.911722   6833.854260   5840.885249   5063.340551   3897.989804   6154.367623   9389.876756   6006.903052   8206.688661   4134.553240   8126.113896   6764.811428   7094.696913   6172.527737   6370.425440   3669.706689   7461.078308   7676.271500   7944.865071   5601.680859   6444.370964   6963.045249   6931.191681   6230.945164   5069.248972   5295.238143   14911.531899   6429.182773   
20.300000   8090.272497   9326.812672   7029.611737   7923.190213   7967.713164   8084.096512   7503.643262   5994.642045   5951.218931   5426.532386   4601.480220   5099.369608   12507.310495   8724.535411   7886.648838   4415.250347   8075.207449   8678.946349   8291.607494   6696.404821   5207.408363   5616.741489   7676.929416   9535.582547   7534.450612   7169.072342   6135.117981   7362.065815   9306.477303   7695.881183   7721.717253   6700.345367   14720.889285   7700.410539   
20.400000   6608.113217   7809.685353   6292.608145   5535.707537   6475.489159   6243.845492   7001.473928   5674.871017   5271.908766   5415.962508   3718.837900   4804.673116   9392.618482   5900.834100   8389.672569   4194.626415   7480.285759   6592.689319   5071.489509   6827.971679   5014.048565   3898.479865   7219.359845   7969.633261   6804.262465   8293.600172   4204.084614   5016.953079   6288.869377   4896.485978   6612.309818   6174.686993   14600.884604   6893.462331   
20.500000   7630.258180   7912.685252   6721.938621   6425.984645   5718.763119   5651.346600   6221.291221   6174.719954   6559.720977   5144.891124   4961.358952   6156.557587   11869.820610   8281.417164   6616.972266   4158.815309   7820.285158   7064.280750   7355.402519   6033.035178   5408.067989   4097.455375   6549.318154   6894.728890   5335.955900   9081.588146   5499.595209   5874.808902   6471.904496   6160.451993   7305.735906   6888.015196   14529.941968   7247.111911   
20.600000   5225.923028   7852.798873   4985.323229   6534.978646   5540.283905   6019.697650   5329.669961   5622.487890   6318.941909   5463.350228   2630.256900   5238.034094   9390.787711   5728.550791   9338.729373   4470.679510   6212.170044   6349.232989   5360.387355   6240.306678   5792.649730   3177.073751   6652.837542   6426.668317   6251.119099   8021.470385   3984.373843   5943.440176   5611.406103   4990.209254   4507.437849   5753.399617   14416.063230   6012.984985   
20.700000   7077.780877   10330.170015   6008.617311   8517.327918   5524.000152   7152.918758   4169.117370   6036.881593   4522.729369   6229.906736   4127.132824   5875.248019   9053.966751   6601.579598   8277.477433   4312.856572   9649.067252   9249.143518   5082.968781   5625.451601   4539.577487   2929.856492   6480.883192   7357.350931   5059.822179   6004.057789   5291.547172   7696.247209   8229.389005   5222.027153   6555.397270   5347.292704   14371.670125   7008.735666   
20.800000   5771.847077   6431.028787   4161.653893   6684.559348   5652.466919   5928.402882   5289.780018   5191.844169   5695.164384   5028.656856   3515.773500   3789.827583   10686.494244   6079.152644   8336.483642   3392.088044   6653.796608   7361.808467   5996.601490   5672.989865   5238.846781   3103.239765   6058.890363   5917.188048   6981.002804   5060.564666   4343.532342   6380.196943   6561.196965   4748.339118   6134.803847   6034.436188   14306.897223   5999.024271   
20.900000   7192.956313   7073.408574   5785.638107   5751.110437   4927.266038   5487.321117   6262.638498   6675.509457   5350.536890   4114.524718   4009.626340   4289.402920   9295.850064   6425.295455   6237.147679   4278.419440   7702.571268   7181.432284   4468.628381   5739.707554   5000.833378   3743.128699   6348.475787   6293.564253   6433.661026   4985.496461   4031.716322   5983.767927   6965.141837   4659.060817   5036.427077   5547.564616   14240.828425   6159.082306   
21.000000   6247.005305   7634.749853   7243.118859   5779.872854   5898.791806   6055.425378   8885.651463   5263.566950   7037.339947   5613.009455   2772.438237   4482.000926   8048.131629   8225.124304   6432.536075   5148.004657   8249.488544   6975.507215   6863.371450   6017.863477   7226.863936   4120.829957   5791.260058   6197.205421   7754.628859   4668.699855   4690.535471   5909.459885   6190.849584   6484.209301   4846.947701   3835.401123   14236.514608   6000.360809   
21.100000   7698.813394   6804.416168   7191.912723   4868.021707   5214.885930   4528.394421   5078.739068   4275.966053   6234.193832   5044.219768   3941.673131   4262.673871   12968.099054   6524.249962   9118.197174   3404.784837   9540.958439   6810.209751   4550.063751   4864.654497   5192.184196   3335.858781   3575.398311   4416.946099   4666.251335   7248.634529   4359.630420   4760.404351   6038.134956   5492.173651   6707.207421   3879.582651   14085.820832   5572.009850   
21.200000   9515.793998   7201.187580   6473.264224   5812.192401   6545.580642   6537.374396   6653.927899   6738.745494   5370.866250   5134.232864   3905.652347   4341.018262   10936.957141   7336.134945   7140.070936   4263.031943   9220.041199   6155.772853   6993.653423   5293.902138   5449.606831   4871.935613   7511.628598   7664.123505   8968.409315   7022.964961   4787.574228   6318.478261   6874.496058   5444.216269   5318.057170   5495.830622   14241.111109   4958.458135   
21.300000   6736.776827   8909.090139   4773.038282   5907.992021   5682.614895   3985.106624   6635.440497   4983.198332   6295.718542   4821.080690   3226.891147   5724.335131   11526.654905   6903.656345   5898.292227   4099.652043   6627.128270   6497.309770   5552.918544   5657.693744   6612.142569   4113.770282   4644.574440   6537.479959   7002.661349   6846.600594   5042.104143   4483.709193   5696.208827   4610.159426   5228.431987   4474.293051   13994.974984   6230.089467   
21.400000   7780.810682   8546.018371   5721.431061   6302.127487   5494.971802   4291.828031   6909.102085   5276.954621   6763.888932   5071.451518   4020.132478   5208.754782   9587.573728   7688.444051   7180.173099   3986.632744   6917.786090   8446.607682   5834.455029   5651.006277   5860.877233   4388.129468   5172.151730   6991.888129   6896.075827   7055.889928   4479.240268   4948.814061   7192.168998   5491.868231   4991.991071   5366.062245   14041.867288   6434.912056   
21.500000   6884.566236   8106.252592   7766.565885   6977.441187   7643.596764   5764.195330   6150.277487   5606.786260   5489.685291   5155.123780   4703.410078   6459.348129   8769.064979   8370.573229   7940.498331   3854.721141   7559.479125   7642.461115   7243.900033   5025.348424   5382.320684   3304.208104   6383.657918   6807.331084   7143.986593   5293.782005   5754.271789   6484.850395   7274.537236   7747.765073   5989.018148   6335.651161   13886.414186   4805.361969   
21.600000   6076.192700   10267.839806   6284.064578   6055.649742   5725.299001   5607.386188   4146.831053   6290.931842   4316.227671   4330.760120   3717.017763   5606.100264   11084.487866   7378.381486   7068.970696   4304.326122   9038.286968   7442.342638   4942.796363   5974.380200   5358.639740   3715.628300   7393.120332   7019.951633   4822.711335   6963.449187   4965.017347   5860.717620   7033.656052   6109.085316   6666.548072   6396.532373   13975.640676   5309.213455   
21.700000   5720.928452   8248.715687   7518.651362   6651.710480   7151.418145   5221.103182   6291.262378   4882.453299   4825.794922   4077.383510   3489.101358   6053.827561   13718.771252   5743.100484   7048.230873   4182.190246   8756.867579   7302.553423   6883.110575   5429.110830   4965.239514   3686.975659   6268.588801   7115.849154   7249.629403   6533.155978   6308.144408   6283.670604   7228.770690   6712.618276   5388.906318   5958.138266   13888.696291   5853.738613   
21.800000   9211.943217   7234.818777   8311.438628   5840.021220   7985.819961   5529.142158   5934.639363   5671.907819   6254.260796   4822.609910   4670.481913   4557.360047   9263.041087   4651.650015   7365.166842   3519.629943   8618.812025   7150.217854   6104.101052   5108.124097   5890.211430   3235.527686   5182.469974   5670.715972   7141.796558   7793.729341   4665.200733   6593.256324   6257.088106   8047.578789   6636.281100   5766.149053   13811.126390   5406.513232   
21.900000   7158.314058   6866.908678   7489.318378   6709.443237   7310.686379   5812.378052   6443.651502   6930.927913   6355.890402   4802.401290   4400.277741   4375.018782   9871.286772   6223.465737   9588.384562   4610.550635   8367.371949   8050.257564   7107.667012   5607.778398   6387.731711   3013.456240   7468.168865   7383.502436   6957.226365   7272.005315   3946.305945   6638.378290   7223.946600   7677.953120   7934.257997   6521.451526   13731.565477   6429.904498   
22.000000   6981.824291   7141.013496   6340.623376   6775.530906   5945.242430   7509.955031   5302.592791   7825.668482   5599.559289   6395.302278   3984.994765   4597.892232   11449.742598   6947.116513   9911.047548   3829.008913   7502.108547   9078.735342   7524.421255   6810.247427   6032.906207   3894.582924   7916.244512   9119.121971   5878.182675   7637.177875   5395.419302   8056.903845   9400.168969   6805.581121   6788.656039   7934.991764   13695.113560   6193.355711   
22.100000   7346.102384   8971.530879   7151.646571   5315.321539   5174.378738   4422.814294   4976.369119   6318.365632   6407.267388   5496.099903   4256.712993   5356.174677   11592.401817   4522.142536   8096.943261   4435.412912   9092.652211   5893.713583   5033.069707   5172.503633   5541.541834   3210.652388   5491.165846   5536.816239   4699.943625   6450.400024   4432.801694   5061.195639   4679.601687   5338.496161   6220.889842   5003.880938   13590.214273   6438.855205   
22.200000   8253.515250   7920.471621   6007.459899   5223.424207   5781.892713   5631.085484   6479.858505   7210.187473   7088.527882   6481.085656   4323.736999   4203.046009   11341.935003   6155.430407   6533.821484   5146.656085   8394.228768   5145.653792   7147.313313   5412.631809   7424.116578   4638.828825   5880.293841   5410.204874   6693.586302   7627.939570   4670.080852   5474.120315   5944.059379   5337.170832   5998.802512   5281.609483   13435.952312   5990.240971   
22.300000   6440.616070   8461.668859   4882.532117   6189.316471   6324.124420   5298.468419   7261.615451   6991.577009   6919.415912   5630.949285   3581.704451   4034.112714   8647.678308   5636.713281   7198.536528   4225.095073   8041.837656   6825.112005   5689.847921   5928.592049   6517.204673   3567.023572   6376.668038   7299.987086   7998.586545   7050.764181   4303.408092   5893.285303   6761.570372   5466.745537   4048.568580   5088.916103   13560.362242   6171.971260   
22.400000   6245.165644   5825.131605   4561.316005   4470.533263   5088.913994   4227.064777   6504.991861   6535.041392   5573.481236   4690.207295   4119.094728   3202.311904   10012.637409   5589.041696   7671.283357   4406.196380   6278.415324   6080.931572   4238.893614   5748.921937   6111.350636   4303.622994   5864.227043   6885.065243   7092.487759   6649.461968   3087.716098   4289.862130   5296.757961   4550.576439   5501.220016   6056.003549   13378.811773   7809.531110   
22.500000   9409.503874   8236.151360   6625.717899   5788.598872   4516.085372   5755.869444   5554.446622   7534.744758   5385.329820   5901.981873   5492.215718   4517.877724   8093.599567   6420.502179   7049.518639   4373.772803   9034.961356   6351.722869   4573.253771   5395.615920   6622.623762   3535.521994   6303.369429   6357.755201   6046.003990   6140.045975   4681.766722   5589.738308   5492.227318   4579.219629   4867.275917   5456.566207   13311.414510   5582.428627   
22.600000   6186.989304   6013.569748   7654.070503   6435.204984   8248.774706   6054.218111   6320.416347   5286.685138   5142.091522   4514.687488   3475.232298   4463.892597   12173.770896   7070.025920   7910.904318   5188.863845   6337.376722   7270.317233   7321.723341   5100.902414   4135.447537   5000.562130   6324.483456   5729.371735   7664.475634   6039.159220   5291.461201   6937.937009   6713.787057   8186.455810   8349.516973   4784.097482   13226.336555   4949.978773   
22.700000   5906.233343   6390.547905   5488.793421   4280.045935   5795.330712   4733.543492   7147.019512   4471.465007   5771.906322   4376.743660   2928.897480   3713.319766   10206.479660   4235.658711   7226.926975   4585.839791   6038.238924   5425.375895   6391.122268   5266.236570   7432.519309   3746.090307   4924.411960   5289.913198   6506.435790   4197.981270   3568.145568   4697.011544   4765.311525   5776.536453   5734.220740   5076.480951   13228.374120   6664.395675   
22.800000   7554.290561   6836.135512   6394.591464   4355.701837   6610.788537   3190.746085   6446.272282   4216.693256   6625.823774   4780.853123   3632.971800   3485.052569   10384.673342   4248.306276   8167.492117   4402.189919   9044.928197   4931.562660   6435.126701   5239.023254   6845.393266   2938.435096   4626.303311   4871.056851   6642.243442   6534.201680   2979.429075   3821.744008   4645.598048   5841.631213   5648.234536   3923.313448   13010.357588   7432.505205   
22.900000   7726.917157   7520.638230   7212.845601   6419.678458   5166.268827   5807.353905   6155.749551   7229.556181   5506.240832   6625.379490   3841.880710   3157.184130   10646.348818   5772.561002   6260.587502   4825.969110   7785.762718   6801.801207   5139.295305   6250.351014   6357.086812   5395.111596   5923.469792   6213.741525   6194.395823   6252.507719   3769.619886   5250.711954   6514.308716   5239.276069   5113.764260   5276.722179   13091.385461   5343.097426   
23.000000   6435.300533   6765.146230   4180.177605   5754.815435   5403.198619   5993.929146   6516.438847   7260.869644   5069.209064   5928.802518   3579.614099   3157.425960   10760.902515   4379.849706   5144.832273   4981.801929   6183.953324   5420.785090   5597.361076   5272.684975   5716.580424   4420.962166   6359.028479   6624.612738   6886.880125   5019.623723   4309.877284   5907.106149   6496.047619   4585.724263   5456.440158   5336.878825   13171.011870   5550.620344   
23.100000   5893.587181   6745.184232   4893.216544   3964.301427   5679.845065   4111.659478   5636.232410   5563.371832   4761.572868   4993.868882   2475.942167   4573.555952   7257.236053   6383.955978   6741.157449   4060.750875   6217.718872   4051.519612   4550.989325   5125.754454   5310.054565   3673.104041   4956.085285   6586.490968   6326.437192   4906.586575   4726.890912   3960.364253   4527.145801   5082.493315   4692.204637   7406.564690   13047.700220   5573.029405   
23.200000   8368.422762   7005.254483   6501.382778   4979.703824   6797.699678   4480.323501   7665.232179   6502.365057   5832.106674   5423.210403   4277.978523   4497.707897   8902.124174   5030.020538   7434.769851   5018.887341   7805.310245   4751.541280   5576.850332   5030.211360   5706.645931   2957.312180   6000.045001   4809.064453   7981.839249   4982.699317   3358.271595   4433.778527   4458.537583   5787.569066   5039.845683   5367.111691   12907.817457   6657.392811   
23.300000   6612.914795   7760.252309   4373.894699   6485.122312   5405.613279   5814.094538   5947.222105   6083.637736   5786.918106   3626.980443   3014.844522   4416.413308   8122.447024   5995.323579   5388.964947   3496.028232   5946.831902   6652.716599   4871.825848   5006.891240   5723.320693   4368.625029   6106.167649   6793.026447   6463.697026   4494.050545   4897.069152   5496.752532   6003.332996   4285.756566   4318.350112   4371.847174   12846.968093   5669.618940   
23.400000   7668.568246   7750.547769   4531.793391   4807.444495   3425.441941   4192.832586   3431.692775   5295.369441   4620.842186   4370.963573   3007.630471   3996.310177   12390.394805   4590.330516   5929.266643   3893.196325   7985.998836   4888.747748   4698.786611   5151.830935   5688.140027   3541.684613   4912.621277   6009.295617   3950.610278   6061.399301   3193.736835   4600.510823   5113.637331   3716.599887   4928.953998   6804.684932   12846.434672   5524.323236   
23.500000   8010.123442   6387.023508   5757.913992   3913.189909   5020.822175   3565.967290   7450.725154   4392.292443   7473.416470   4433.053454   3946.831170   4831.529038   8683.949987   4677.175729   7201.675403   3084.613010   8793.107299   5469.831106   4221.316140   5204.531867   8806.231816   2999.106324   3694.105930   4708.787488   7038.400348   7778.168232   4029.628249   3836.060764   4897.166196   4367.244645   4434.866924   6366.847589   12721.141633   7002.613195   
23.600000   7696.608373   6669.581668   5787.265356   5132.407735   7472.509055   5185.475862   6587.658174   5489.054640   5941.846095   5488.375351   4362.243343   5271.509989   11290.852219   5458.895431   7419.110983   4759.338155   8700.859740   6001.474285   6470.421328   5238.803359   6344.144498   3845.079224   6065.228444   6814.447298   7638.533429   5513.013029   4213.537559   4473.614841   6212.016802   6028.175665   5997.894484   5020.491583   12804.890195   6194.476787   
23.700000   9726.243161   8272.585496   7696.235658   6078.275904   7137.876472   6522.554473   7674.572649   6115.186844   6194.579669   4742.852663   5403.379447   5170.930194   9311.728992   5175.322292   6877.481581   3776.478568   9206.664418   6865.585279   7825.624719   5981.274401   6979.374645   3968.974578   6639.890553   8145.412563   7398.733537   6144.763520   4395.691990   6062.514624   6497.737277   7222.653913   7494.875748   6749.135474   12724.011704   6076.690368   
23.800000   6824.631646   9999.021806   4741.175488   6420.339063   4847.970868   5018.038754   4656.808034   5621.209752   5021.121574   4326.622048   3856.789853   5228.683844   12241.631320   6720.639245   6477.285993   3542.244275   6707.309930   6378.210764   4577.002244   5052.764765   4087.353113   4397.113338   5342.157687   6191.952180   4872.683258   7443.519865   4980.698541   4925.913382   5650.863801   4555.574599   7612.025342   5557.904805   12613.319214   5439.824029   
23.900000   8071.745013   5834.610030   6136.087523   4285.608060   4656.903137   4129.124756   5644.307113   4986.245730   5605.875047   4944.345617   3712.629233   4190.871643   10218.865211   5739.587263   8550.876839   3815.015159   7505.257073   4938.464749   4573.519924   4167.620474   5444.380596   3294.091907   4249.657952   3644.096618   4533.930554   7257.803165   3746.239549   3786.949607   4297.044065   5088.417645   5784.563918   3257.918919   12508.502166   4703.753088   
24.000000   6908.466928   8464.652063   6059.503091   5051.340620   4813.278814   4627.882086   4402.980878   4185.641697   4892.817816   4205.807508   3465.334764   4872.063387   11759.301229   4841.167657   7211.227154   3752.095220   6921.177573   5183.883312   5411.767069   4115.282922   3753.579372   3318.640900   4226.930876   3937.835703   4542.276157   7212.060503   3915.931300   4307.200712   4588.564915   5299.039333   6365.913265   4156.789702   12450.940893   5210.202539   
24.100000   4908.068845   10014.149486   4729.963322   7049.291707   3572.232268   5791.871892   4998.824479   5782.591594   5231.441145   4470.307363   2638.262690   5474.111310   9909.480069   4521.433690   6978.668774   3845.776647   6074.605768   7475.615809   4162.065602   4845.567723   4774.242803   3426.670778   6255.085235   5659.582285   3912.926690   5307.983564   4967.148576   5986.268010   6488.757785   4054.455842   4713.549748   4124.740377   12402.624571   5806.271941   
24.200000   7301.888576   8245.870700   7225.065547   5329.629124   7072.781585   4547.029969   7418.312090   6064.827179   4516.894505   5330.970426   4385.542034   5013.506823   12667.038723   3508.062469   5268.445280   4606.763724   8341.481039   6399.513703   6219.706533   4629.186666   6054.313234   3694.202310   4688.104095   5122.258637   8645.289712   5060.165507   4189.477966   4742.843462   5443.885461   6254.564742   7247.180286   4038.728183   12512.051638   5185.743132   
24.300000   6442.612934   6047.371735   4645.279647   4765.321085   5402.845776   3884.028448   5817.569317   4688.051187   6005.369186   4799.223259   3439.115454   3456.256030   6601.088944   4965.015183   6355.007421   3808.915309   6790.287462   6533.492660   4618.947539   5085.223483   5804.585528   3944.053753   4205.045068   4859.510040   6137.746908   4747.335801   4217.449733   4380.740574   5273.172688   4728.737416   4282.744977   5594.485232   12374.308031   6020.001111   
24.400000   5921.353412   7035.557736   4200.885841   4493.314770   4662.128549   4583.958400   5413.474353   6298.408594   5374.985146   3953.851276   3242.478583   3781.983747   7043.668530   5835.704561   6148.469947   4546.243205   7005.466508   5799.715348   3290.314318   4551.584243   4654.325575   4318.383090   5243.282073   5214.850147   5457.631403   5083.322772   3658.184988   4353.121119   4640.032810   3869.537613   5728.828452   3876.311339   12583.919447   5679.785025   
24.500000   7068.719567   7444.674274   5656.505531   4713.599981   5982.082308   4843.006643   5475.244135   4785.515867   4457.929855   3874.675051   4814.019744   5491.253555   6857.422782   5672.346233   6644.640262   4059.885582   7447.621553   5838.728516   5641.804335   5599.478397   4465.275479   3804.632126   4926.164986   6761.252947   7814.516435   6603.267633   5018.869592   4636.241186   5207.715277   5228.323191   4656.005736   4811.848303   12283.810813   4840.324036   
24.600000   6923.759447   5849.506611   5758.375862   5181.661031   6411.263310   4683.718919   4891.170540   3924.448740   5120.803863   3763.074067   3736.414934   3544.424495   8000.182585   4905.424340   5159.334441   3767.850657   7327.070988   6189.312619   6799.188180   4998.329268   4745.946585   2908.849414   4434.639955   5640.542799   6864.542340   8507.874960   3688.881996   4799.539151   5753.604494   6423.952095   4461.274047   4801.515068   12212.880933   5214.924190   
24.700000   5602.963386   5038.407018   4402.450086   4714.346481   6030.980428   4599.270267   5638.168403   5849.601494   5442.623790   4938.991864   3420.245530   3071.630788   11344.123116   5295.844111   5930.569145   4899.130067   5825.509043   5789.345485   4735.772097   5278.433299   5324.916651   3171.675768   4897.448402   5346.369359   8204.256249   6565.184194   2986.126629   4553.379305   5012.763043   5129.867354   5891.917691   4973.890079   12124.875457   6089.616437   
24.800000   5817.441694   7524.223831   4837.011597   5540.441593   4541.952449   5682.328652   5095.836852   6043.869500   6648.845814   4137.773686   3773.948303   4405.966335   10285.229261   5383.777561   6834.689489   5238.946734   6051.854283   6682.726643   3858.143962   5244.328232   5428.019657   3195.981799   5412.041556   5998.033406   5318.739847   5679.614692   4084.147338   6242.765395   5695.114333   4032.038773   4038.586623   5448.627375   12345.324421   5797.721408   
24.900000   5698.239921   6693.064017   9438.925864   5862.288508   4904.233746   7513.572391   6999.721912   11469.495795   9367.476937   7565.574857   10188.355996   4068.488741   8099.364603   6106.546578   16468.604523   22897.898605   7319.610817   14961.965471   4404.476354   7993.406741   10484.613111   5179.030825   5734.923033   5412.861000   6262.200967   5499.101177   4663.500865   5521.942089   4841.189757   4924.279749   4544.279916   5974.365225   12253.739247   4989.474983   
25.000000   7235.992583   6294.418282   8097.075739   4939.490874   7118.007347   6226.950255   5814.597580   7657.761270   6440.962885   6711.841657   7528.021768   3513.068714   8445.193247   6115.131047   6951.281773   9548.995203   9169.609683   8410.186503   6542.507937   5629.888279   7062.167214   5329.637882   6050.650789   5347.348687   7804.920494   6414.848498   3703.892820   4400.415956   4614.537903   7033.573381   6440.141716   7898.043581   12109.574360   5105.243108   
25.100000   8583.042378   8400.706996   12988.483669   7241.062660   6565.030175   11842.777450   6096.570874   16103.485451   8483.905440   12018.689587   14877.475626   9235.305873   8398.985097   11423.211329   9665.270691   13077.459794   7868.263305   17723.644343   7612.718047   9281.367387   9844.530383   4266.410009   5349.112791   5464.966422   5404.634236   7911.593658   2787.303912   4572.246582   4019.926105   6738.296179   8553.043124   7192.809286   12228.672691   4411.328518   
25.200000   6868.124813   6936.572973   4782.414229   3240.861605   4302.960351   4278.293729   4595.010018   6118.914497   4703.895601   5723.460021   3866.707500   3761.272282   11292.918316   5394.394209   5388.037533   5167.984262   9327.566923   6300.608732   5256.979300   5440.917645   5331.668009   3098.183083   4903.169075   5372.274654   4771.813058   6796.747818   2668.020802   4337.228994   4437.718250   4578.997761   6082.632401   4518.693196   12009.625737   5268.185761   
25.300000   6606.323831   9044.200320   4596.867985   5754.541792   4100.110573   5630.148775   5401.445377   7514.894658   4520.094938   6620.173929   3881.759323   4291.817092   8722.464994   4260.606568   7286.785528   6285.268341   7901.364057   6672.924832   4716.568275   6255.687171   5737.792486   4457.545213   6741.556830   6652.025250   5080.094658   6524.157970   3951.554411   5552.932909   6758.694065   3939.162648   6139.666405   4630.882082   12040.805702   5445.419737   
25.400000   5403.821984   6718.950002   4864.650358   5252.799212   5847.834790   5989.044742   5166.384679   6327.091496   5265.065588   4500.063413   3041.395387   4877.781355   10316.280215   6685.113386   6386.849246   4354.729080   5033.988698   5320.028630   6202.826665   5455.115045   4267.896673   4069.823196   5832.099755   6815.625527   6206.853107   6643.127924   4243.348174   5783.349783   6149.670687   5517.103167   6083.892646   4257.239562   11991.128049   4889.292898   
25.500000   5607.540550   7015.291797   5245.086918   4884.109322   4785.576751   4455.016854   5134.710505   4050.383269   3714.671368   4329.212542   3942.053720   4698.997236   7793.271276   5594.256223   5181.616192   3628.705456   5408.884645   5060.365076   4162.226219   4374.727472   3228.550753   4240.623458   3609.154755   4629.841146   6581.551570   7915.226678   4202.130303   4535.819047   4506.288233   4588.734373   5138.299993   3623.144723   11813.553118   4684.477283   
25.600000   6906.048458   8719.643137   6313.980880   5412.686980   6699.859037   5817.843181   7819.255508   6624.139604   5370.852553   3706.665500   3011.511137   5000.385657   8610.410744   4512.325550   3698.316871   3292.264834   7122.276906   6686.015356   7011.945982   6248.414392   5053.995299   3169.088594   7172.675254   8132.373002   8472.251717   7812.850340   4593.945507   5728.088080   6109.326497   5793.286493   4896.831493   2711.758769   11999.673099   5237.115410   
25.700000   8048.264558   7251.864263   5905.677905   4371.674645   5132.931442   3694.478359   6751.360875   5867.838177   4685.104372   3649.626575   3461.709201   2976.653850   9244.841401   4361.932272   4909.004328   3541.541925   6449.624074   5575.822086   5758.823810   5074.673224   5392.732371   3871.466002   5131.362191   5197.676371   7336.987659   7571.832101   2668.338331   4026.123595   4862.396499   5226.442410   5750.756837   4318.010607   11888.966747   4770.130198   
25.800000   5962.396256   7567.721686   5469.388020   5674.594459   5664.539343   6168.071998   5340.537645   5594.936526   4823.993209   3957.522014   2742.543148   4574.348417   10054.517600   5105.569441   5606.096696   3537.090257   6120.682875   7299.486117   5210.972520   4613.888631   4688.830816   4038.848595   7958.748429   6678.543648   5059.260838   5748.147680   3907.643054   6288.267962   6567.914049   5330.848153   6162.053869   3901.988378   11657.402848   4680.507211   
25.900000   8204.718789   9200.521829   6446.159147   5465.633278   5375.761189   4377.846352   4733.569316   5753.768255   4348.386659   4511.388236   3792.020255   4025.241879   7333.078682   4254.128595   5131.513988   4026.952603   8485.719955   5499.806041   4678.995119   4557.443215   3270.307004   3015.426005   5924.818585   5702.948654   5731.107927   6107.691722   3567.558353   4555.047434   4725.345447   5745.590584   3651.595829   4649.101047   11712.614830   4159.913186   
26.000000   5044.949103   7165.279694   3963.146920   3968.376636   4297.616188   3866.670352   4317.168787   4210.699338   4231.543590   3288.704444   3193.883125   3861.647088   8939.050858   7266.943466   3961.947267   3180.462037   6872.939294   3775.201284   4143.015996   3885.410704   4403.952127   3493.479715   4772.115084   4645.871381   4613.822935   4906.013533   3953.515803   5020.477499   3811.567262   4023.465804   3562.140310   4094.568638   11486.343231   5822.352759   
26.100000   5586.983775   4955.225829   4777.690884   3068.129005   4397.532680   3436.334520   5002.021102   4974.049506   4021.457605   4131.028947   2765.815238   2850.759073   7144.055770   5093.225151   4454.572381   4075.830975   6716.557371   4015.503304   4363.346949   3966.971797   5201.915883   3623.148128   4331.418831   3450.871227   4605.499573   5045.937045   2720.198730   3643.830162   3611.081026   4329.891705   3360.210570   4030.793173   11491.391511   5148.670144   
26.200000   7775.628374   6940.159195   5558.112833   4674.256020   4603.081637   4895.918582   5333.266196   4403.472679   4038.543688   3905.718394   3219.858726   3397.852498   9720.624253   4990.045174   6406.800827   4371.374518   7813.182918   5003.535446   5221.953746   3949.135522   5663.590422   3365.504489   4609.606006   4060.882411   5419.757183   6637.076461   2877.297583   5044.061662   4237.371465   4326.954332   4540.478116   4770.281712   11428.227197   4286.828459   
26.300000   7471.723028   6881.598064   3596.233848   3799.575254   4403.070745   3605.677256   4530.571460   4861.015987   3297.747119   4540.652829   3649.518599   4618.430473   8987.759465   5577.445949   6272.006941   4141.216263   7078.410924   4932.372012   4806.154749   4490.685182   3727.046729   3181.842576   4390.796258   3440.126338   5065.751859   6793.179407   3111.858538   3644.625123   3655.614754   3571.151393   3658.470411   4080.526991   11669.640567   4372.023350   
26.400000   4846.372432   8729.232555   5044.686914   4855.760366   5713.650650   3513.698351   5463.115887   3526.786166   4082.120204   3272.519989   3476.540012   5318.709096   8789.523578   4830.484204   5746.605318   3175.602052   7136.472362   4443.081060   5655.616140   4454.028312   3691.590460   3273.936373   4033.276853   5048.619529   6975.946487   7550.700159   4112.190518   3557.507442   3838.838645   5336.804244   3673.333589   4536.235903   11421.563961   4512.491895   
26.500000   6571.340078   6579.099510   4907.724973   5289.319031   4099.981305   5278.738417   4980.268076   5689.299460   4340.184970   4893.165304   3454.353901   3087.983897   8458.689312   3454.222995   5209.053247   4636.302411   6990.830932   6423.107997   4904.226896   4185.430462   4741.839158   2999.992310   4716.828482   4957.505722   4484.662131   5316.273888   3306.884416   5533.584321   5685.552497   3915.800741   4048.882961   5320.252116   11405.349038   4565.629483   
26.600000   7936.177811   6174.325017   6655.990943   4127.386841   5415.026474   4886.787784   6378.814642   4340.015565   6449.081991   3382.145791   3200.493375   3819.776922   8701.701573   3553.380915   5728.816665   3466.470676   8177.518896   6044.946015   6420.325464   4124.408167   5298.086651   2799.773705   4783.314055   4024.242718   6467.514622   6128.487237   2664.365859   4263.672154   4872.270091   6071.012307   4735.820400   4738.835640   11282.389495   5524.846252   
26.700000   5422.809955   7551.155455   4227.066183   5094.264711   3889.253591   5174.214874   3595.847246   4404.315030   4074.786333   3764.481189   3262.452691   3903.034637   7957.430508   5075.768260   5799.581063   3566.541740   5266.883798   5875.880033   4644.596921   3883.457947   4137.168507   3517.750541   5201.428828   5327.432085   4457.334237   6983.595026   3607.328960   5204.029543   5100.819797   3332.878947   4505.914389   4820.733507   11258.001107   4429.669497   
26.800000   7504.829424   8933.634979   5801.542807   5224.043824   4698.632374   4396.598620   4937.927305   4491.525978   4879.079686   4144.099201   4759.160995   5149.337727   7904.239647   4194.219103   5581.526181   3144.727658   8122.815028   5070.345571   5118.930808   3979.042778   4901.130972   2803.603826   4981.052263   4312.839167   5077.295417   5632.137946   3775.861316   4599.618471   4376.689101   5162.664499   5924.461369   5049.746039   11228.980157   4920.247481   
26.900000   4845.172494   6623.227403   3871.132901   3303.129467   3829.349076   3051.278290   4418.040780   3602.837620   4457.238827   4351.936984   3016.643864   4593.257503   8255.269527   5637.224230   3554.481612   4211.665253   6267.003673   3172.953775   4507.477087   4066.309940   4754.348935   3087.806478   3340.032998   3314.494701   3487.969193   5587.296250   3594.954872   2944.698247   2755.330913   4156.477056   3542.653060   4269.293752   11185.066738   4526.011066   
27.000000   5296.842607   11178.871081   3631.962896   4632.368367   3228.965756   3477.952237   5016.926438   3113.778580   4701.139004   4051.295686   3298.755114   6522.587306   7480.551992   6646.485440   4555.738689   3600.926843   7306.799728   4316.412139   4063.008270   3929.315108   4498.131127   3725.094838   3459.862475   3592.983277   4086.162191   5393.913113   4988.818649   3575.153624   3353.551937   3601.515828   4899.000272   4140.473928   11084.295015   4699.721170   
27.100000   5810.452123   6628.981178   3380.128180   3418.099253   4339.590327   3786.926910   4516.884879   3323.113279   4774.161826   4241.939474   2454.561167   4087.965588   7459.288019   5260.864637   7519.901201   3998.088199   4647.060206   3032.516057   4052.368892   4109.254044   4045.800003   2963.379915   4064.570167   3702.113432   3944.085327   6912.608921   3700.714817   3722.093137   3407.867891   3952.917590   3837.340558   3009.604130   11157.186725   4537.385115   
27.200000   6522.634869   4888.691545   4352.626761   2656.817864   4799.057110   3411.009859   5337.763877   4179.377478   4038.574372   4253.783801   3307.667790   3227.419584   8229.957107   6259.459181   7441.307993   3133.597692   8295.025125   2790.810948   4968.676998   3751.510769   4534.420968   3646.416471   3633.079294   3363.366709   4977.592018   8456.805063   3221.514563   3236.076965   2990.327381   4031.724499   4323.754524   4225.804241   11145.303321   4778.875603   
27.300000   7896.090335   6933.991311   6040.774451   4339.076290   5388.504027   3692.855313   5398.345645   3439.026185   4859.348177   3730.550706   4625.385664   3919.718925   8398.607881   5341.354085   4767.990054   2571.589194   7345.076083   4353.036600   5568.113180   4151.951841   3651.414713   2824.821227   3728.442150   3656.576536   5615.073000   6449.294511   3737.961789   4011.160128   3913.671667   5156.458979   6253.462479   5046.914430   10965.369237   5030.572205   
27.400000   6692.001449   6945.728966   4900.268000   5750.525399   5201.277353   4666.783801   3569.766520   3959.977464   3649.683427   3388.739935   3118.725969   4105.004359   7557.957444   4807.817072   4020.026293   3327.399969   5678.994863   5221.965874   5792.189277   3437.127464   4463.388526   2742.773782   4649.829595   4210.834149   4745.385926   5418.408720   3936.738206   5376.723438   4937.368395   4874.157056   4902.274380   4317.081656   10943.105710   4422.728851   
27.500000   10032.125499   7100.725537   5569.262878   5044.294320   2969.750148   5022.936019   4315.360026   4211.321269   3948.668312   4688.780134   4617.422268   3865.779860   9490.784356   5843.751046   3765.767816   3809.148272   8638.211201   4608.989218   3985.916518   3425.354470   2810.139636   3660.540170   5236.843475   4523.958365   3535.531300   6696.421597   3294.067750   4555.882575   4693.683969   3404.182954   5219.439650   3449.435601   10982.795744   4796.732199   
27.600000   4292.795544   7740.491848   3988.747371   3603.860336   3397.017185   4172.015846   3186.354054   3695.396796   3393.189868   3390.365828   3028.557912   3786.453800   7082.852806   6684.841500   3977.150192   3428.178401   4775.256346   5039.082618   2963.783050   3537.584686   3545.527231   3602.636139   4403.533540   4494.305205   4629.841966   4563.789707   3156.558228   3737.961019   4205.121460   3270.599063   3852.383590   3919.074511   10993.517207   4574.090343   
27.700000   6170.598542   7223.039011   5128.579349   3501.549692   4986.902240   3094.909744   5125.253875   3899.681143   4478.481097   4613.015172   3217.587678   4214.226565   9925.525497   5332.791878   5982.661031   4091.091299   6133.955793   4481.233571   3820.848863   4437.607921   3940.435327   2883.758906   3410.117996   4207.136582   6295.484192   8470.970933   3596.636250   3185.362658   3901.885137   3963.787311   4561.515227   3566.757033   10852.090190   6028.690582   
27.800000   7421.087723   7357.577328   5355.993511   4659.765192   5419.658543   4437.538819   4062.648662   3118.400306   3834.924879   4437.886240   3755.891863   3811.533526   10917.792497   6575.660203   5355.540432   3648.739014   7824.120922   5242.577774   5208.883467   4071.997953   3354.304687   3200.307412   4137.433696   4623.407382   5446.294788   7415.790940   2972.046314   4196.117425   4879.740722   5396.320979   5608.367610   3907.905689   10813.939445   4567.291802   
27.900000   5753.254992   9920.928932   4302.620346   6000.843069   4547.596663   5543.446553   4136.032773   3982.683522   3999.442933   3627.910136   3120.130161   5247.872491   9634.283954   5471.484308   5037.910541   3788.357730   6766.367200   4909.840970   4168.937860   4918.897001   4092.616176   4052.652180   5381.771698   5721.270534   5345.419710   5921.822125   3553.476696   5394.769546   5193.030364   3366.657005   5073.590709   4653.922455   11105.746068   5311.479036   
28.000000   5967.220662   6455.284749   6061.379912   4683.776806   5159.565784   4609.104919   4228.884174   4502.753987   4195.385428   3683.603243   4026.848027   3477.525827   9575.081578   5060.848718   6046.605366   4131.446270   7111.235999   4611.218117   5641.964495   4072.933782   4271.990343   2772.510446   4414.248117   4438.102623   4978.682057   6180.791644   3669.326590   4675.586557   4795.326860   4566.113755   5742.820322   4296.940592   10838.713828   5729.440866   
28.100000   8588.899334   6687.768109   5297.660140   4413.373899   4923.667745   3622.411693   5369.889658   3441.867976   4408.966311   3837.001834   4354.534600   3357.657309   9766.773777   5085.715942   4036.583621   2964.749680   7467.364586   4978.660635   4959.300123   4344.871875   4984.439633   1964.364993   3414.607887   3891.257633   5462.232163   4448.248124   2968.999927   4028.841019   4492.421213   3923.993315   5361.671891   5207.482733   10763.364465   6513.491807   
28.200000   6610.813773   5476.836702   4211.009841   3003.336918   3252.096566   2779.876834   4109.687841   3928.977811   3743.454021   4347.323546   3327.258698   3107.349363   8059.069153   4642.751718   3589.013236   3522.466966   5396.532115   3849.345079   3798.755752   3824.828980   3640.222015   2951.178522   3389.638333   4135.570483   4176.778611   5455.547643   2448.955877   3033.322952   3950.871275   3407.371451   5877.437455   4244.654513   10728.952379   5065.798452   
28.300000   5675.964278   7001.180081   3314.566598   4213.627998   3474.953216   3934.271535   4244.488088   4876.449560   3372.307764   4972.310141   2631.164607   3496.867107   7037.849720   5301.743340   3516.972478   4655.420718   5475.912133   4868.269391   3432.072473   4017.166257   4330.776938   3514.663504   4467.672699   3685.389904   5040.552233   4898.618163   3472.846221   3885.179544   4481.581915   3236.097870   3576.945737   4530.888941   10909.575429   5482.847523   
28.400000   7692.454855   5876.762784   4453.954996   4424.036270   2904.287094   3199.309470   3297.992628   4553.170862   2982.208758   4341.588217   3424.206041   3230.111499   8156.624498   6201.951288   4734.906227   4314.738701   7427.693804   4565.242384   3597.397174   3812.880201   4508.917379   2917.455970   4243.366455   4480.992104   3482.770278   4213.363773   3651.375749   4573.212194   4407.050245   2940.508009   3033.057413   4124.529245   10683.610587   5044.471602   
28.500000   6381.942585   5991.469980   4815.788875   3462.077866   3803.451518   3380.756079   4400.938321   3685.917179   4257.142714   3210.864710   3332.212128   3472.839029   9706.072113   3920.706501   3755.348333   3366.946778   6488.881648   3177.684926   4233.176799   3895.698840   4641.987977   2543.263531   3579.883341   3655.401682   4521.622474   3895.582341   3118.773265   3448.878051   3436.981839   3765.470671   5599.836507   3891.522926   10618.071906   4369.162502   
28.600000   7064.052779   6880.382819   5331.003797   5025.248485   3821.956468   3871.370508   4055.672568   2435.289058   4285.585834   2838.243661   2799.139545   3064.497769   6614.773873   4729.586691   4634.857183   3217.367665   5471.153343   5223.297275   3866.484020   4069.660764   3528.788313   2923.427282   3498.725399   4129.542267   5045.501989   5284.782864   3653.995390   4626.083268   4852.011342   4184.558540   4545.640908   3539.343713   10577.830888   5492.798997   
28.700000   7833.932324   6654.504636   4345.468567   2978.584567   3211.994721   2816.442701   4314.247526   2835.189132   3591.114154   3162.408492   3019.441645   2898.880308   8442.983618   5442.943362   3820.208731   4133.939549   5983.758886   3570.560443   3102.098934   4180.680128   3780.819208   2753.742747   3233.707401   4092.417418   4244.605305   4991.320123   2985.786257   2710.509677   3324.518756   2767.605642   4838.925331   4280.758043   10526.086571   4973.787133   
28.800000   5103.687918   5895.280261   4088.619848   3830.307962   3966.285483   3837.088571   4156.821319   3310.539733   3656.903553   3655.335994   3175.350275   3392.937063   10224.472114   2502.786150   3925.760471   3527.105578   4245.400037   3679.165783   4198.411108   4030.940039   3883.189466   3687.267181   3783.334125   4816.994958   4677.512985   7221.475225   2875.717141   3661.691147   4006.860131   3681.556472   5362.545794   3473.423183   10450.982405   4711.008972   
28.900000   4566.596888   7421.025634   4345.284718   4199.315362   5221.502423   3233.356205   5232.160193   3704.097731   4048.573750   3431.946562   2967.413034   4633.245312   7711.489299   3283.939940   4102.695543   3300.880372   5088.679930   3237.439235   4185.823814   3901.813951   4696.261494   2992.039953   3928.934253   4007.005107   6543.844582   4735.523842   3151.548422   3281.013681   3409.244533   4378.950108   4512.683532   3597.375934   10494.157664   5712.783714   
29.000000   4844.339939   6218.616390   4115.933201   3626.407931   4153.771324   4176.983178   4335.723401   4815.753979   4157.484325   3899.958584   2425.787463   3751.719155   7299.893576   4353.481221   5770.071941   3136.795396   6202.421882   4608.918210   4096.939739   3964.020141   4014.492561   2805.797556   4166.975574   4722.936130   4657.282353   4689.421030   3819.015845   3480.546534   4207.406273   4279.102352   4668.508721   3386.754408   10577.196660   4618.536945   
29.100000   5886.534463   9208.448523   3739.435720   4666.602596   3632.818944   4074.430331   3751.311514   4344.449959   3950.899355   4207.922626   2581.786012   4236.288271   7497.667123   5695.194128   5225.141402   4189.885164   5317.983046   4898.845389   3910.330657   4145.672109   4058.206539   3153.002612   4074.691278   4707.657305   4255.780718   4951.386329   3698.036961   4050.633751   4250.685368   3863.922162   4739.419704   3986.834999   10484.084909   4106.248395   
29.200000   5274.578131   6554.137752   4505.422444   3906.576630   4342.044250   3549.734207   4155.188218   3997.563720   5384.600619   5638.770751   3154.338712   3852.963332   7352.048291   3461.219858   4651.935987   4710.469348   5778.219153   3479.030203   4192.751639   4244.123632   4923.667093   3328.763439   3715.651668   4258.083721   4185.676452   4817.988112   3773.122926   3541.859031   3315.841913   4007.664388   5004.887589   3689.943915   10418.252274   5219.269518   
29.300000   6887.542904   5551.851323   4870.325474   3739.110063   3950.142483   3614.267894   4004.938744   4117.317316   4625.054263   5061.098858   4059.633281   3081.878523   8087.186595   4705.806513   5453.072967   3734.089085   7383.253386   3709.910583   4382.888947   4851.508132   4644.451518   2641.954143   4559.286211   4042.419640   4705.814542   6624.215975   2876.424292   3313.703159   3909.107330   3800.951399   4641.270071   4282.606043   10439.112459   4494.478006   
29.400000   5959.707637   8162.210023   5314.089932   4277.656268   3908.010282   2921.148817   4479.226659   3857.189869   4439.424222   3745.715675   2695.558805   4301.426143   7679.670730   6129.488589   5866.164750   3335.443562   5711.930319   3916.418095   3775.237937   4161.698055   3836.005990   3746.746337   3289.995436   3605.510361   4791.114450   7283.556525   3996.786810   3408.728156   3674.603598   3538.833216   4431.699848   2921.458716   10269.559866   4033.318380   
29.500000   4682.659536   7637.473380   3610.627742   3327.602602   2831.694348   3393.328082   3256.150640   4448.277954   3205.370059   5391.970203   2329.186447   4215.856505   6816.537956   5772.323592   5969.197407   4634.095806   6426.930393   3616.431646   3051.849808   3958.257842   3669.327886   3681.473823   4094.862756   4424.253482   3280.059400   5841.961544   3047.756532   2889.876505   3622.072205   2937.331985   2563.839081   3831.659124   10372.554616   3972.717010   
29.600000   5060.929273   7721.146833   3972.499438   4997.293440   3503.862046   4475.785749   3827.219260   4369.085155   2911.953955   5225.074546   2656.670487   5746.983837   9555.355309   6965.523271   5055.221764   4111.334781   4017.906415   4586.251108   3555.144456   3924.518577   4101.181015   2993.555827   4149.640403   4064.231277   3617.624452   5665.068360   5459.480101   4559.886219   4550.955956   3670.258134   3930.716711   5800.157707   10343.093762   3874.140147   
29.700000   4919.179353   9529.823975   4867.988453   5002.371808   3275.606812   4329.081414   2822.380300   3278.306224   3298.985496   3768.501958   3282.074861   4908.869605   7147.671374   4565.332936   5110.584163   4239.374742   6939.584481   4790.773322   3608.802027   3691.258545   3294.203905   3126.247016   4092.840239   4225.992636   3271.016044   5847.318686   4258.769823   4773.571489   5358.057332   4018.760503   4108.781423   3433.466027   10257.728297   4142.022394   
29.800000   5565.503575   8043.623789   4173.125033   4149.573072   3965.438211   3813.792567   3210.369480   3463.356093   2892.101282   3421.160543   2684.811241   4834.381733   7625.117479   5469.001538   5635.566525   3052.097905   8080.772335   3552.599306   4372.066186   3922.217829   3523.086223   3773.006528   3596.306577   4282.980520   3540.713620   6064.834053   3663.263473   3648.326914   3518.464611   4117.467974   4492.214389   4807.568617   10307.155847   3968.746986   
29.900000   5361.894136   5931.597521   4002.819814   3959.461912   3380.450885   3270.748991   4840.143590   3576.521546   5012.966661   4234.567555   3260.196774   2774.057284   6913.159797   4885.294111   5848.490610   3404.193327   6802.465173   3766.963484   4410.317822   4992.079997   4767.889673   3266.764093   2752.232118   3848.348063   4578.382848   6575.703170   3201.235198   4083.518216   2825.344153   3514.190006   3529.825427   3209.514104   10217.312763   5092.704711   
30.000000   4049.899786   6137.946510   4591.641945   4201.985576   3822.188132   4769.475365   4840.236956   4185.471199   5040.028092   3698.238683   2366.218401   3136.539211   7187.860468   4528.889260   5073.829854   3905.918949   4925.857579   4619.546041   4494.892158   6840.208385   4688.546825   3852.227109   4314.313450   4660.813933   4984.869764   5166.818134   2890.379185   4498.082540   4046.808729   3806.390560   3909.439653   4721.393588   11234.505060   4574.883743   
30.100000   6163.599233   6247.787594   4347.009245   3362.976302   3123.751385   3263.943216   2851.390279   3348.815797   3284.934233   3174.800189   3090.212268   2673.024773   7500.007513   4602.450692   4713.681747   2793.720432   4947.608155   3330.476351   3877.514493   3373.914811   3413.537849   2821.942937   3027.827492   3385.117262   2666.223830   6747.753737   2504.012493   3226.969928   3675.703216   3984.577130   4869.134336   3705.741719   10158.604269   3887.801598   
30.200000   5678.948384   5759.016108   3880.246112   3087.028689   3045.865397   2534.657279   3816.399765   2685.439877   3778.353909   2664.121074   2228.642657   2513.151600   6659.032702   4688.689811   4578.693887   2680.792021   5242.383849   2896.609065   2863.547848   3311.275555   2715.112682   1743.660227   2965.208379   2583.914760   4402.763549   6277.779002   2003.911351   2727.188110   2703.831601   3254.654783   3389.550003   2400.167718   10004.007287   4698.297364   
30.300000   5861.025785   6772.662683   3301.406843   2861.124554   2743.400606   2001.806218   3106.643902   2924.313062   2839.685329   3107.853967   2087.959665   3366.497083   5373.552558   3081.950501   3851.279651   2961.211965   4865.762581   2348.408290   2710.034874   3419.625420   3432.360095   1827.140601   2211.363969   2897.188008   3313.028078   4887.203350   2659.037854   2134.500755   2237.318839   2476.971141   2808.492635   2334.264925   9994.980528   3947.659273   
30.400000   7013.407170   7673.424074   5003.638299   4514.346441   3883.249527   3160.454631   3423.750703   3329.994696   3310.681943   2608.881243   3607.946164   4338.796615   6528.198012   4301.374600   3600.865838   2842.817069   6409.732394   4662.245712   3554.971200   2989.318441   3298.665723   2711.824129   3660.043772   2692.646265   4159.446801   3815.989980   4236.031916   3442.428322   3422.327597   3779.652329   4052.279518   3184.291121   9884.126706   4188.006106   
30.500000   5263.013882   6139.947450   4052.900792   3483.699135   3174.437144   3045.021623   3490.220930   3777.574330   3350.385338   2911.002262   2017.733067   3295.007449   8844.718268   4273.618116   5106.423670   2528.759889   6581.233499   3488.110397   2934.195650   3592.365788   3200.603656   2400.854188   3565.917382   3658.996108   3517.632217   6063.580305   3145.984032   3426.685673   3356.089838   2997.361944   3715.138007   3135.356737   10020.274121   4606.823025   
30.600000   5875.563132   7678.668388   4093.829266   3361.765051   3384.522724   2990.800846   3857.028952   2826.481208   3468.484270   3211.410236   2425.797476   3336.372001   6214.840961   5721.247831   3838.880600   2883.437261   7352.004887   3600.207649   3676.758924   3564.431964   3381.108541   3963.385871   3087.207263   3776.826782   3765.474083   4427.219825   3214.994707   2915.076820   3054.841190   3448.942804   3451.798912   3565.702526   9973.493312   4550.390776   
30.700000   4559.977595   6416.693804   3461.856457   2788.062964   2966.999889   2504.617610   3978.705667   2752.395489   3002.293029   3499.078172   2427.267358   2901.924131   8011.235182   4546.049905   3981.701765   3871.354319   4521.748300   2978.360127   3285.337227   3073.481497   3261.325252   4228.004821   2792.579562   3320.719575   3937.291513   4776.406434   2753.417227   2949.930956   3172.051977   2715.955580   4722.865146   3612.739340   10010.992452   4031.111610   
30.800000   5995.889614   8482.185861   3043.509623   3278.866016   2755.664210   2477.370364   3025.461876   4106.840483   2744.202613   2942.810538   2848.655120   4573.898365   8847.319990   2947.513305   3692.283481   2699.676400   6150.087760   3483.209304   2511.919997   3226.065891   3114.544735   2293.503099   2981.052519   2588.013857   3640.351038   3828.836897   2685.504837   3070.700918   3203.693094   2396.186650   3925.961231   2861.316662   9849.815121   4439.777364   
30.900000   6025.163165   6871.726195   3077.986662   3153.044599   2810.879982   3025.648473   4091.876825   3953.871823   3569.306258   2948.314657   2426.040391   5169.362607   6814.729636   3642.777729   3894.398213   2583.344010   6662.971646   2748.227719   3718.095865   3669.146862   3628.185574   2217.165627   3916.957662   2975.585968   3649.541296   3206.015038   3049.686768   2809.148145   2760.608923   2555.417675   2873.742939   2663.189712   9799.333775   4578.441326   
31.000000   5273.463778   6525.443364   3958.972971   2982.208167   4153.314548   2919.531396   4240.410426   4032.977875   4027.073423   2909.445911   2913.235472   3813.841968   6704.982482   5208.699062   3838.527332   2513.850508   5621.519719   3544.199147   4503.001015   3376.012790   3578.021254   2220.763272   3080.475348   3015.152077   4463.802743   5437.998988   3109.445551   2433.277888   3071.949855   3772.249074   3651.100627   2706.149016   9755.776171   3902.161632   
31.100000   6208.678028   8003.491957   4352.137849   4028.652028   4406.051121   3393.174820   4835.878492   4148.990398   4176.651270   3219.611557   3170.119551   4085.058176   6200.932234   5191.524188   4619.735845   3090.250508   6246.263412   4412.961399   4493.001771   3691.902760   4561.451862   3262.091348   3166.244536   3453.924022   4827.152276   4011.855444   3544.305245   3302.959092   3682.803191   3591.938955   4327.816743   3643.019670   9797.259878   3970.366118   
31.200000   4569.123749   6100.091479   3138.047080   2728.996851   3848.314700   2431.827174   3937.394312   3593.609254   3410.515661   3180.557317   2440.701435   2910.537003   5320.502767   6411.139481   4263.352833   2932.796727   4071.129888   3209.159914   3582.319159   3032.075805   3597.528056   2984.495964   2812.615307   2937.774990   4191.877523   4266.714885   3060.371471   2625.399065   2744.738430   3369.355022   3288.023108   2664.474264   9836.834123   4432.592572   
31.300000   4185.907855   5937.075454   2676.332032   4015.680240   3131.849985   3446.993207   4310.663571   3623.696688   3715.986775   2872.468524   2041.033027   3037.120902   4479.814163   4472.829435   3643.367602   2608.035046   3973.849071   3832.794182   2749.171949   3357.905527   2948.577316   2341.552514   3067.244025   3735.302800   4981.831344   4058.394209   3118.829470   3196.963586   3566.103551   2571.492319   2407.644674   2938.291632   9712.816447   4458.939915   
31.400000   5307.709752   7930.043934   2998.312629   4094.264833   2811.266784   3367.011848   3793.930568   3819.479987   3983.990632   3509.891467   2429.885663   4940.817080   5479.862168   3818.901505   3068.530480   3046.937334   7009.969660   3592.219017   2983.373597   3471.641604   2912.470840   2372.010824   4103.596281   3712.036425   3905.510259   4327.924840   3069.739768   3687.885155   3250.244914   2546.399417   2879.433694   3543.330498   9650.554153   5057.059558   
31.500000   3116.716278   6167.012696   3050.886999   3779.698265   4126.178906   3602.819721   3625.403921   3779.314136   3270.937133   3179.790690   2045.620041   2919.130997   4335.136917   4185.118095   3894.440199   3032.743511   4428.075177   3715.402271   4095.335525   3292.497885   2928.671416   3064.320901   3770.217181   3768.003108   4868.799958   3938.757548   3330.362978   4178.387819   3509.881379   3480.963329   3219.332483   3792.210990   9655.051344   4721.627500   
31.600000   4562.449342   7878.194284   3634.337885   4109.322428   4294.297336   3374.605436   3081.044178   4184.422655   3869.517685   3771.794580   2318.018068   3907.624396   7170.248322   4467.932597   5313.817685   3362.448243   4629.424356   4274.912220   3170.640255   3180.006485   2645.793754   2252.319112   3069.153048   2925.384421   3857.108220   5456.110437   3439.549503   3801.828355   3791.578364   3449.259111   3293.612134   3415.100279   9699.149430   3716.210995   
31.700000   4046.343414   9610.340034   3040.490429   5270.844012   3719.335114   4017.579651   3278.332529   4300.377078   3880.171203   2951.134909   2242.432399   5132.352438   5772.573404   5159.000189   4315.258408   3135.906071   4205.961484   4375.805819   3116.744801   3439.052455   3622.957261   3269.739677   3996.101939   4209.930242   4409.552257   3995.546841   5057.260580   4888.189123   4327.588821   3612.654907   3765.627931   3538.198461   9691.597786   4095.781064   
31.800000   3705.112360   6587.236998   3903.587556   4353.148831   4174.118831   3724.838775   3277.997809   3804.381737   4329.748245   3360.948331   2542.308450   3335.000674   5263.989230   6137.196501   4359.617507   2915.131445   4466.936805   4385.643250   4073.516004   3632.892780   3754.292569   3523.037732   3447.022522   4333.704163   4172.708229   3758.889235   4428.515505   3544.743998   4475.791941   4732.850690   3917.728370   3840.930522   9564.962298   4271.727328   
31.900000   5133.069127   6126.233668   3455.228958   3221.255987   4033.633447   3208.110272   3862.550572   4028.690179   3501.658394   3881.663628   2461.840415   3106.182613   4343.783802   3729.390416   3727.813152   2756.970489   4951.966787   3404.587152   3469.578039   3499.848899   3721.007561   2995.484400   3044.265634   3233.343554   4627.352112   2888.317094   2820.712007   3086.444487   3226.620688   3713.848369   3951.289356   2619.442240   9634.563454   4414.078180   
32.000000   4757.942391   6806.445804   3916.150966   4072.779679   2388.521864   3653.606332   2797.457060   3734.072789   3513.510567   2933.755301   2415.721369   3234.857898   5700.417538   4853.413368   4335.577891   2897.553195   5187.547969   3695.906628   2194.891095   3461.439063   3562.830541   2979.265425   3441.123494   3381.015712   2676.854116   3626.829332   3939.844740   3777.935370   3766.178035   3005.117165   4130.910444   3552.564051   9693.178522   4453.123552   
32.100000   3826.934493   6740.006187   3209.602679   3904.307739   2686.403961   3248.176515   3327.909961   3187.342015   3690.106416   3063.637217   2114.501392   3825.473137   7862.004322   6181.514978   3218.406093   2928.513825   5195.732464   4019.390988   2664.084989   3416.376836   3681.237365   3228.268137   3222.406059   3012.733588   2825.208394   4391.863587   3834.307242   3746.408619   3415.316007   2347.934204   3257.485047   3269.520489   9422.635190   4388.112013   
32.200000   5732.671554   6529.008458   3609.544480   4464.435772   3507.679302   3656.343257   3826.017205   3372.971154   4699.609217   2459.834189   2627.926692   3921.429709   5104.763164   5911.806476   4156.656867   2288.597798   4716.426391   4135.160513   3719.197451   3095.490652   4137.278626   2703.523560   3768.001684   3555.815997   3890.056816   4062.864377   3527.514886   3923.601933   4013.171720   3302.859342   3365.688235   2929.076730   9405.653260   3800.547002   
32.300000   4335.545845   4982.673607   3791.587163   3977.905360   3272.769207   4164.186369   3724.052258   4488.341731   4364.466100   3436.036471   2855.252813   2948.746726   5617.783232   3858.659211   3440.586922   2032.447936   4470.548253   4353.976466   3843.236963   3861.958158   3765.822606   2717.514431   4534.643658   3812.362290   3301.822334   3999.449582   3218.165458   3981.760555   3665.684428   3033.495946   2892.526649   3689.815763   9584.618800   3711.790071   
32.400000   4812.709568   6239.580867   3066.447610   3943.479679   3304.391506   4498.238460   4624.803961   5314.058428   3961.979788   4090.350651   2393.367272   3603.718168   5147.620508   4417.809677   3130.950255   3549.829069   4416.346043   4485.559707   2843.664684   3874.893871   3351.397626   3248.177090   5320.432440   4209.056924   3900.261918   4556.914317   3971.454590   4460.855966   4152.737251   2861.785116   2549.039089   3548.958997   9588.448513   4553.153852   
32.500000   4191.270052   8396.419283   3983.219115   4524.998060   4409.890811   4523.149585   4239.251518   4950.075343   3620.635196   3965.396045   2743.883855   4245.260016   4572.869508   5755.679402   2471.615343   3197.204496   5019.713349   4306.496351   4240.315768   3790.720663   3300.331299   2188.855940   4502.469580   4148.684538   4748.961329   4469.057481   4105.878593   4108.000334   4328.533149   4190.577814   2950.362811   2937.441458   9429.139938   3958.332739   
32.600000   4256.274335   7217.317650   3876.327083   4266.105013   3486.029508   4084.039327   4055.895272   4183.938039   3087.551101   3253.570352   2440.530132   3516.789871   4483.858054   4573.268469   3355.011776   2942.023273   5563.055904   4240.572959   3294.299857   4069.527994   3099.855377   2907.021477   4500.841431   4015.748064   3424.392664   4499.459738   3604.160276   4412.421169   4218.281737   3189.160525   3768.880709   2840.049105   9507.835771   3188.238394   
32.700000   3877.969595   7290.804551   2927.554329   3128.194505   2855.462314   2548.774585   3352.923857   3392.002774   4051.190734   3980.120311   1809.212742   3490.021272   5177.444923   5700.290452   3494.755350   3577.018519   5008.860022   3146.428991   2732.859221   3352.694095   3613.949751   3204.877699   3034.802464   2675.809108   2998.157895   3492.596971   2423.697046   2548.780348   2657.110374   2207.049798   3494.582272   2795.775145   9375.876154   3513.506417   
32.800000   4750.650895   6284.540340   2921.530192   3502.603867   2359.991635   3130.839830   2664.062672   3185.904570   3202.691699   4074.402485   2693.728175   3077.884990   6169.846620   4159.339403   2831.497887   3132.750156   4530.130050   3712.227014   2217.360996   3774.111701   2464.963367   2238.858924   3581.677255   3239.481902   2881.111718   3272.545751   3052.503573   2833.706788   3491.725761   2173.033368   3496.538927   3358.742961   9366.534201   3420.022331   
32.900000   4238.372565   8999.352296   3572.666834   4106.202603   2396.967056   3061.012767   2210.694414   2549.653409   3569.496738   2940.549197   2460.536700   4493.004311   6425.568131   4569.989652   4131.076894   2596.023736   6065.177109   3695.416975   2611.316994   3163.498144   2724.844538   1969.722141   2753.860283   2385.237786   2541.426954   2798.523319   3444.210462   3216.643084   3130.588692   2547.677569   3524.353845   2437.559808   9268.580384   3593.192841   
33.000000   2898.486010   5727.430435   3179.491391   2531.398836   2435.431591   2145.614012   2868.194026   2248.089396   3286.444784   2827.119052   1339.995028   2288.603370   6364.754697   3779.301122   3761.481864   2910.002930   4654.235670   3459.113565   2203.528661   3287.043235   3025.547541   1979.354670   2111.054259   2091.776616   3272.378942   2712.218350   1726.840618   1665.734520   2379.470726   2147.617749   3669.020266   2159.114982   9287.745982   3636.599902   
33.100000   3299.795756   5150.566975   2570.223790   2947.724477   2629.193958   2343.839599   3025.213610   2885.415012   3429.597129   2637.190804   1864.636754   2282.718202   7408.498579   3693.976988   3732.992762   2772.326349   3757.496755   3361.362009   2508.158224   3389.762066   2651.629524   2139.164630   2482.674100   2904.706226   3628.779662   2527.427162   2279.055735   2616.299454   3166.161534   2336.260105   2986.125810   2504.697093   9404.798041   3631.462834   
33.200000   3870.283952   5957.078001   3389.571886   3674.982430   3084.135700   2808.697833   2965.515937   2145.037088   3122.339200   2699.400254   2245.400461   2883.485009   7083.596002   4644.572214   3959.969651   3000.373089   4088.334004   4067.569735   2945.987987   3550.786000   3099.720412   2528.343271   2648.206838   3288.631588   3350.699867   3644.454965   3326.405167   3000.654145   3413.801105   3370.714857   3405.101524   2529.110007   9107.408419   3557.852002   
33.300000   3382.463463   4832.850041   3064.575147   2316.883269   2936.160737   1799.912100   3338.329327   1903.543427   3496.233526   2120.433972   1860.946028   2526.625537   7894.867629   2946.373090   2899.059770   2446.338491   3255.430246   2500.157932   2408.298437   2775.982082   3080.858423   1624.130384   2064.846851   2298.191847   3551.314191   3804.435915   1924.768623   1978.159940   2358.828954   2635.001000   3058.064899   2791.072439   9115.746882   3448.975896   
33.400000   3949.839573   5264.686185   3230.582909   3025.597766   2644.601796   2607.723337   2105.985535   2186.802753   2436.624135   2259.563632   2464.542000   2834.874136   5685.337818   3865.546198   3541.871065   2603.591938   3983.602663   3311.877353   2602.118486   2881.630193   2496.416610   1742.924755   2425.755338   2421.167572   2475.020541   3611.140786   2626.002062   2639.563405   2609.944062   2633.556842   3125.789170   2178.479114   9095.660782   4064.172361   
33.500000   5187.087427   6334.825887   3878.483324   3625.364642   3742.180900   3364.681194   2620.041093   2739.162359   2557.223787   2314.216117   2914.209056   3225.356897   5393.943247   3296.861205   2817.326083   2477.380108   6588.095723   3872.210125   3350.349294   3266.129867   2575.728548   1909.310610   2862.105953   3080.957918   3859.949510   2540.026738   2878.505501   3305.428761   3596.233942   3677.845771   3140.265104   3474.559376   9102.056216   3878.699345   
33.600000   3764.102222   5797.030918   3013.062954   2959.163949   3291.959493   2416.273761   2541.618256   2427.592716   2711.633809   2096.113954   2161.159857   3572.746881   6068.355381   4133.400468   3271.074430   3070.494889   3697.990779   3242.130329   2846.581050   3424.444770   2387.744978   2575.117748   2480.099859   2637.997065   3420.204658   2217.208236   2737.209718   2521.868420   3235.741008   2967.520366   3252.665033   2467.594010   9187.324288   3220.064562   
33.700000   4761.401843   5013.844703   3177.195215   3242.250738   2908.903987   2967.417702   2190.329233   2711.641072   2514.401961   2875.068658   2451.201702   2794.928026   5787.319246   3868.621515   3148.843272   2759.518271   4924.164779   3616.951025   2708.303512   3312.300404   2540.358980   2249.529819   2964.797384   3646.775327   3328.894656   4234.624981   2893.802223   3203.910071   3005.786661   2680.499769   3211.691712   2770.775888   9033.854109   2911.527451   
33.800000   4168.922601   5790.611861   2965.816406   3321.190535   2843.506008   2854.772075   2881.041078   2684.513949   2526.986088   2474.472003   1728.629527   2746.209899   5379.310722   5276.231871   2483.971064   2560.991260   5251.229189   3040.560287   2780.757349   3078.490413   2196.971352   2773.084081   2929.862250   2586.222580   3524.357110   3355.419307   2920.868054   3030.650539   2704.073780   2409.118667   3017.315058   2424.859134   9042.576478   3281.950253   
33.900000   3858.448426   4149.643648   3325.533550   2166.315396   2573.718607   1990.900241   2745.241476   1596.379884   2613.766381   2560.146527   1693.125810   1762.460138   4796.932592   4473.867917   2987.627347   2962.495458   4652.007858   2607.740612   2582.148621   2908.714159   2045.212010   2526.510068   1837.382302   2002.973938   3357.577144   2859.385992   2276.275221   2078.917671   2252.157712   2726.771739   2845.645296   1827.852351   9047.561495   3096.168249   
34.000000   4145.077087   5332.780862   2751.601619   2614.752391   2598.358463   2194.430531   2151.790063   2365.244037   2156.617872   3011.596538   1612.412518   2754.976074   5516.807303   3924.686210   3792.460953   2847.359171   4713.524591   3296.332083   2661.804643   3038.377723   1992.352713   2898.949008   2529.295342   2442.275468   2636.052961   4243.690326   2243.180969   2669.386169   2664.719854   2347.011745   2792.497588   2245.122949   9024.945177   2878.820964   
34.100000   4089.777372   6112.191956   2710.687391   2691.812231   2976.181088   1620.278184   3156.282758   1280.807095   2549.098984   1948.554430   1548.240683   2590.411498   4910.833571   3164.731723   3217.525046   2497.062403   4871.166116   2589.493151   2525.941261   2653.837365   2707.987714   1860.780982   1829.289090   1960.501853   3969.558219   3620.748259   2048.055305   2064.227917   1835.126339   2418.884479   2617.270091   2036.861746   9013.867056   3204.554713   
34.200000   3630.979040   4837.858098   2495.171991   2736.820276   2489.324560   2350.105502   2299.782849   1829.378331   2033.885937   2449.433460   1306.970133   2514.466901   5103.989337   5286.127145   3044.226984   2667.949888   4599.615353   2461.061320   2170.003781   3200.331245   1996.282221   1867.541458   2379.783127   2646.530157   3267.433953   3097.241430   2723.406209   2449.717122   2358.820819   2248.154254   2931.199651   2376.382091   8973.071732   2893.296088   
34.300000   4248.274252   5907.602393   3055.743092   2865.390124   2888.256566   2110.225419   2662.482480   2260.910925   2273.696220   2392.429560   1674.814501   2867.647477   6055.711897   3602.665097   3040.136167   2079.446084   4946.330062   3262.210122   2189.057252   3492.019954   2222.477175   2037.691023   2408.212624   2390.007159   3264.990528   3399.207763   2580.821162   2605.196724   2455.714091   2522.500560   2531.477196   1753.485352   9030.352809   3451.904685   
34.400000   3802.778363   6115.974983   2942.588695   2866.596559   2665.022414   2391.414957   2955.043316   1603.418847   2262.257296   1972.155447   2158.896451   3266.928489   5726.112105   4081.701316   2778.361079   1854.341295   4184.025983   2709.570269   2769.418360   2959.087846   2192.425928   1746.488552   1961.552049   2183.100068   3312.854578   4172.701947   2602.132881   2746.589080   2364.628810   2724.613929   3330.681763   2553.422357   8835.451629   3418.697502   
34.500000   3183.278751   6364.028432   2700.992342   2842.558405   2824.942636   2679.487506   2865.495553   2302.891559   2646.991529   2027.878493   1732.176534   3389.013186   5074.162200   5001.968098   2083.446923   2085.597264   3761.307165   2934.212640   2827.132186   2900.197801   2388.222376   2110.552502   2694.669499   2680.437771   3519.278605   3063.828703   2506.795880   2568.352382   2688.461144   2397.520747   2804.270196   2123.967156   8841.953397   2897.249461   
34.600000   3612.231046   4672.072245   2734.976436   2972.486923   2925.272111   3224.823567   3066.446601   2471.787071   2735.721827   2095.417791   1540.044188   2847.045327   5475.842251   4757.655274   2814.041748   2027.238788   4294.168232   2979.785946   2756.628324   3190.031303   2640.613698   2313.465929   2989.665279   2736.212345   3110.105677   3963.629080   2487.573789   2680.316544   2825.891794   2541.426564   2191.073751   1921.189302   8922.342762   3085.113698   
34.700000   3715.633795   6396.590660   3042.146187   3358.054391   2573.060023   3098.867248   2740.899019   3058.165492   2682.242828   2540.446787   1431.458529   3038.249883   4566.552835   4293.046491   3070.933567   2179.640928   4235.630008   3178.897219   2812.072462   3386.978278   2366.013442   2217.526363   3050.789508   2838.619938   2974.240690   3826.952445   2926.455560   2865.869882   3180.030363   2515.637392   2273.025068   2847.428786   8908.584779   2992.226774   
34.800000   2700.663829   4784.899758   2315.779056   2229.277553   2560.771845   2056.574591   2053.868002   1920.196983   2458.602218   2078.350389   1543.354768   2694.014257   4176.479804   4460.624728   3617.909462   2372.568342   2806.493643   2469.783893   2382.671515   2837.824292   2062.926412   1727.068338   2332.421659   2372.247525   2774.697914   3671.304982   2209.017515   2322.539579   2352.276834   2149.544152   2438.463523   1987.222393   8836.112108   2902.829172   
34.900000   4353.147587   3217.198573   3541.548366   2146.117369   3472.083765   2265.736575   2885.666563   1889.231894   2967.734229   2135.244252   2353.631296   1604.321575   4823.045768   3424.923043   3481.595023   2128.881031   4686.674705   2713.086421   3047.102497   3188.544909   2522.335422   1417.758632   2808.072587   2585.171589   3701.873427   3146.418112   1756.702145   2276.239098   2216.641299   3146.408619   3640.820494   2492.377782   8691.420583   3063.107374   
35.000000   3159.367790   3942.063983   2606.075738   2248.216281   2194.350135   1973.707234   2386.887540   2012.072071   2500.435022   2328.195665   1629.674583   2449.958469   5677.087968   3495.005200   3020.286718   2185.394031   3812.450460   2595.626521   2387.475494   2639.550259   2009.131544   1281.078795   2385.227797   1898.150748   2541.068856   4123.452026   2100.603977   1925.810987   2226.542273   2203.150461   2947.618661   1892.046076   8683.405954   2693.784460   
35.100000   3285.845384   3494.845011   1869.577100   1660.534394   1651.907327   1388.197574   2465.157151   1586.044946   2583.888173   2442.781419   1342.731171   1937.458328   4935.722941   2953.968445   3144.211106   2005.091210   3846.691895   1844.228671   2007.266756   2644.297751   2020.432878   1086.659903   1871.114633   1743.954582   1998.218501   4424.687828   1491.437974   1707.517312   1543.303181   1807.349309   3032.468012   2279.331868   8725.120143   3330.264870   
35.200000   2491.496623   4485.218408   2270.324692   2480.879623   1973.416433   2017.201554   2500.927637   1856.739854   2816.443163   2334.439532   1229.394533   2341.160709   5297.103225   4224.152684   3124.211599   2184.678635   3683.826206   2496.597816   1895.918679   2702.793057   2408.358543   1771.091847   1901.786978   2190.472611   1880.288687   3799.622693   2314.703922   2258.850336   2137.156363   1795.367427   2456.191813   1940.330428   8697.348331   2948.251488   
35.300000   4651.981979   4773.115348   3033.218144   2327.353254   2697.251963   1798.861883   2132.217488   1693.734276   2290.989151   2599.242902   2009.354239   2458.194718   4709.823561   2368.097012   3177.910464   2073.239633   5148.089977   2185.424537   2555.778374   2863.510051   2652.175285   1485.356779   1758.383275   1990.236114   2619.067177   3318.216979   2078.940426   1963.708975   1964.714296   2753.448787   2765.020918   2376.596232   8559.745431   2649.956297   
35.400000   2567.172068   3630.408990   2010.834758   1490.937933   1740.554376   1329.268099   1615.592187   1407.080542   1940.025418   2107.231032   1419.451800   2012.991492   6803.309524   2919.613641   2924.307615   1545.615220   3200.532848   1714.176191   1788.277163   2495.292904   2175.275350   1249.964222   1608.565835   1512.023016   1622.528543   3083.461035   1857.718897   1673.854332   1704.893207   1822.316161   2559.943307   1721.265074   8598.000655   2824.610485   
35.500000   3498.420262   3612.373140   2224.505361   1959.784118   1892.718496   1423.408481   1670.691777   1830.429487   2109.706710   2193.534324   1431.642888   2167.663717   4489.994326   2758.893634   2141.310357   1692.664677   4247.920235   1923.968544   1801.361477   2472.387405   2157.407825   1287.916770   1557.936564   1605.839354   1936.740027   2736.141729   1587.397179   1698.574940   1652.226818   1880.915188   2244.121599   1646.884680   8562.232294   2824.200097   
35.600000   3538.792882   4391.537214   2014.000774   2017.792060   1765.250790   1832.816369   2123.829897   1769.767068   2662.722431   2476.969836   1511.067724   2317.269301   5414.875877   3823.991174   2841.357158   1645.520919   3832.352348   2103.763249   1571.071836   2491.653521   2202.884085   1234.050815   2053.210729   1983.589045   2122.249607   2250.503819   1964.020810   1776.523762   2073.711286   1587.160338   2266.708064   1747.036721   8558.885813   2661.333657   
35.700000   2874.656980   4394.585470   1972.957941   2097.508368   2175.822377   2240.547707   2138.394135   2487.746853   2151.455813   2472.124321   1088.574432   1891.864856   5023.958139   3100.774872   2085.580973   1707.967913   2985.923243   2826.129743   2203.084960   2703.316912   2148.921434   1363.030083   2360.847293   2415.026808   2526.193954   3515.916328   1863.259003   2209.048179   2044.436224   1524.959025   2288.521520   1719.401488   8556.345029   3340.803937   
35.800000   2369.647624   5395.080895   1789.005142   2796.109901   2160.010458   2065.600663   1594.397914   1926.963091   1784.670114   2259.386374   1367.493420   2660.544332   4986.796338   2594.721690   2364.380801   1805.657110   3743.376981   2513.014558   1808.441011   2566.898209   1871.736720   875.027490   2276.269928   1690.134629   2383.165569   3285.278551   2743.073156   2149.060452   2274.633015   1585.714102   2090.736320   1384.972585   8486.362476   3068.379788   
35.900000   3787.588836   4384.107564   2100.062805   2106.399462   1913.318102   1903.784437   1841.327875   2212.092521   1950.595828   2131.462035   1353.093250   2349.934702   6149.413390   2739.673240   2627.881714   1669.270408   4243.804928   2255.914438   1251.664606   2998.628908   2020.799307   1063.829271   2203.236778   2045.897348   2422.096047   3972.515259   2187.669783   2029.136832   1681.779611   1478.362719   2595.623070   1702.502755   8610.980834   2784.522802   
36.000000   3906.112554   4453.792911   2391.088575   1834.258104   1988.401709   1451.979273   2033.546559   1888.559510   1976.125002   2246.091248   1773.182518   1755.551249   5135.113415   2521.932225   1695.216865   1655.540483   4102.862148   1708.207692   1632.404541   2611.382139   2093.284692   1058.263660   1669.789686   1584.990552   2143.851828   3661.779118   1384.732361   1880.730961   1416.505534   1861.294682   2802.580050   1670.183278   8504.353732   2726.836148   
36.100000   3922.865899   3502.226650   2572.599256   2062.044300   1912.416715   2621.089424   1831.687117   3290.562436   1955.657712   2961.313881   1720.948729   1600.081544   4598.535314   2808.328691   1753.075951   1656.442418   4353.621838   2673.989184   2058.971229   3030.512831   1881.685845   1271.151042   2954.582179   2447.480295   1846.625760   2857.161468   1588.637184   2496.610877   2064.588421   2231.860325   2552.408562   1877.258512   8471.671836   2884.703448   
36.200000   3328.580432   4020.674230   2825.309992   2643.144397   1825.688517   2607.920799   2088.689161   3122.886892   2093.249880   2422.518104   1559.222104   2383.540279   6057.357470   3738.069302   2292.210016   1489.453940   4728.974820   2976.099912   1989.334709   2942.566303   2008.215427   1320.764015   2649.502968   2469.815632   2174.975443   3307.100415   2539.141972   2527.532636   2418.939223   2200.430512   3557.728420   2450.985751   8598.733839   2948.938820   
36.300000   2769.116397   3287.494803   2062.004528   1516.870962   1939.778305   1763.896700   2089.040861   2230.288107   1828.539674   1971.384343   1384.362450   1572.336335   4930.111928   3303.777727   2591.033390   1658.322853   3310.624173   1929.815150   1605.636077   2995.581306   1808.580462   1328.777837   2099.392594   1978.853507   2440.565066   3441.200062   1595.386895   1484.569319   1607.778664   1762.273390   2763.612316   1610.701378   8498.548750   2900.624549   
36.400000   3491.058387   2847.105601   2060.578911   1163.836521   1958.449082   1152.877648   2013.413285   1856.442372   2102.068908   1842.332419   1527.611909   2056.858763   4330.698024   2286.606839   2900.673926   1635.494762   3244.442092   1718.139004   1881.355423   2468.111404   2147.459620   1037.185479   1566.651559   1235.514694   2220.133818   3355.794286   1468.499356   1328.137724   1175.886183   1867.111439   2163.149377   1591.064757   8405.192243   2846.800190   
36.500000   2204.020884   2985.111522   1459.343533   1423.585882   1812.770809   1687.812408   2233.668053   2213.909773   2415.036130   2214.508573   1026.208708   1974.472056   5541.439053   2672.126008   2275.406604   1765.200046   2212.234295   1362.497960   1690.901759   2615.162402   2159.977152   1256.466951   2014.678871   1702.979137   2329.656567   3736.725922   1440.275012   1556.758936   1492.268440   1498.146754   1615.744102   1208.241267   8303.511434   2789.457318   
36.600000   2415.939582   3872.870695   1701.928151   2237.086483   1734.236299   1860.102009   1750.597360   1814.450809   1899.658900   1793.544320   1220.414773   2314.266760   4152.505429   2194.015937   1703.819332   1761.816345   2535.558734   1841.151966   1528.382594   2398.381035   1665.756463   1406.547858   1896.442271   1624.871885   2014.589451   2695.965162   1663.071662   2112.139860   1714.126165   1543.157102   1897.763011   1121.797302   8378.830468   2621.941773   
36.700000   3046.150967   3438.574888   1894.367999   1790.056494   1920.207028   1529.174868   1550.877701   2048.461252   1949.549833   2407.234892   999.889874   1889.337769   5892.300432   2856.467730   1899.204665   1824.094512   2737.064961   1755.610541   1340.630046   2344.030593   1558.354372   1515.034738   1561.273629   1483.478644   2146.366430   2713.869064   1661.135977   1648.622779   1410.817120   1586.878209   2175.412275   1603.634509   8375.891373   2688.169580   
36.800000   2267.538367   4471.807674   1443.463251   1981.321640   1506.378058   1717.576206   1622.811943   1727.594500   1970.891592   1988.629937   1116.004363   2306.770695   3913.889719   2510.305642   1920.472731   1618.453795   2731.576390   2061.836288   1542.210649   2623.248049   1883.145876   1296.977786   1787.040842   1951.996974   2023.064600   2857.452677   2032.380573   1886.172775   1962.548895   1409.339694   2174.963591   1705.493602   8343.825072   3065.358982   
36.900000   3159.779466   4762.951947   2162.246444   1971.468148   2174.989211   1532.928155   1739.346395   1747.760709   1794.929266   1819.901674   1564.208358   2313.013533   3950.180568   3262.847794   2226.980324   1567.533734   3872.231768   2233.476797   2042.542316   2344.562974   2129.245649   1489.367575   1634.438071   1795.638084   2678.633863   2802.846768   1933.594336   1899.823609   1623.603439   2105.401979   2117.973630   1917.900662   8316.873191   2933.311232   
37.000000   2961.537287   3016.704682   1828.456183   1567.474038   1794.624223   1422.720323   1563.791589   1573.078575   1735.691851   1760.149699   1235.617292   1721.855652   2449.219801   2477.105466   2169.677351   1561.428047   2481.778859   2078.661863   1544.299014   2614.631521   1853.057597   1202.439024   1392.758985   1618.510817   2278.232555   2299.407038   1503.225953   1672.075935   1603.516854   1491.259188   1672.298880   1606.380771   8301.588682   2737.686241   
37.100000   2656.334432   2897.105942   2280.211400   1643.735612   2239.933865   1382.667324   1667.959538   1139.275708   1884.258934   1867.743763   1041.598995   1559.169989   3359.931084   3772.552022   2245.704684   1694.193970   3204.023745   2299.631505   1704.893243   2363.268008   1687.456312   1590.302220   1577.113366   1475.261089   2306.320441   2437.093829   1579.887321   1617.539512   1866.266745   1940.942823   1253.041514   1129.416901   8204.104163   2463.812874   
37.200000   2560.453614   3457.360221   1785.355387   1771.027355   1726.615206   1486.907186   1544.877951   1572.701627   1471.231334   1643.488248   1069.446642   1914.668464   3460.437004   2932.266746   2222.527764   1667.250218   2818.783687   1852.875411   1540.194210   2636.651915   1538.464108   1429.170596   1722.120267   1636.729644   2187.728747   2522.504678   1513.854891   1756.519074   1683.128682   1374.094553   2113.212555   1555.148158   8238.022267   2545.855054   
37.300000   3270.414929   4849.555912   2038.337305   2458.033354   1970.400439   1733.495105   1495.073978   1453.280553   1456.825691   1796.587080   1203.092007   2339.235922   2773.822482   3486.409413   2782.462537   1728.819425   3851.092281   2184.752816   1775.842674   2747.878565   1679.447861   1694.764838   1497.074867   1655.480061   2368.738335   2929.998092   2322.694408   2102.301363   1949.540957   1701.731837   1590.257335   1573.160998   8178.745550   2567.681379   
37.400000   2084.715825   3295.530555   1595.263288   1451.788488   1869.171356   1139.871190   1890.704211   1522.125944   1679.488452   1753.734463   1116.201871   1669.744999   2933.341837   2487.774609   2366.496204   1695.158732   2696.223351   1578.932748   1526.977832   2537.048817   1682.444854   1067.982644   1473.900316   1382.432051   2511.452171   2261.560381   1482.047182   1400.424384   1370.686576   1650.509130   1805.071065   1513.493180   8216.150517   2797.755125   
37.500000   3467.788082   3266.738655   2150.481132   1653.900467   1895.328968   1305.778558   1684.329645   1719.146371   1692.702464   1523.562242   1741.037641   1408.195344   4235.619996   2395.763458   2054.728534   1548.958434   2791.533487   1832.883089   1714.275722   2380.732742   1560.517509   963.348355   1666.590719   1478.226108   2405.992782   2638.034195   1215.695946   1564.712989   1488.982517   1934.076170   2403.245192   1464.397150   8215.693960   2680.853370   
37.600000   2932.392362   3500.737349   2346.194097   1629.435353   2215.295913   1431.819306   1783.985123   1643.213705   1829.998478   1467.870017   1456.739308   1804.157080   2970.003565   2497.062761   1948.888169   1483.227338   2650.778733   1448.593173   1817.060116   2518.614283   1808.295603   860.391842   1503.308690   1570.610491   2341.781941   2505.454491   1389.988104   1587.749074   1703.350466   1900.666061   1770.319292   1392.804878   8128.539609   2528.707374   
37.700000   2383.919371   4157.896322   1988.061862   2158.259898   1763.454612   1628.134346   1406.623520   1371.909956   1442.990934   1480.929996   1251.936102   2302.723613   4083.493470   2703.624069   2544.041002   1537.152503   3261.851072   2055.345796   1513.951617   2463.281318   1408.879366   1117.108681   1527.852682   1404.051864   1883.804101   2324.891178   1918.314839   1827.860354   1645.594111   1680.720685   2295.981367   1024.228323   8155.593750   2468.616057   
37.800000   2490.084811   3418.373274   2010.972397   1963.094637   1658.295671   1687.632886   1620.128924   1774.078287   1510.146967   1611.336441   1109.814727   1740.894352   3354.733783   2316.695952   1676.125636   1931.530812   3059.833644   1987.251370   1540.932345   2542.419478   1771.850171   1244.246009   1719.166427   1641.399103   1732.122290   2179.390754   1645.338028   1773.836201   1630.169528   1565.726901   1881.458271   1276.407486   8125.526433   2400.730807   
37.900000   2094.848589   2909.085991   1515.576425   1509.288439   1269.100095   1239.200492   1398.361313   1434.812207   1486.564195   1641.765680   850.566436   1627.167184   3209.518197   1372.161815   1928.685773   1484.318651   2344.270070   1655.832139   1183.070682   2522.941449   1413.542040   957.920522   1534.463027   1272.221945   1812.988089   1605.757800   1350.897358   1425.193024   1358.157618   1234.746706   1441.441259   1021.695346   8033.579890   2565.220727   
38.000000   1899.765117   2876.071917   1346.940519   1345.893544   1225.490909   1232.651745   1353.368335   1755.823857   1556.054031   1642.150737   593.068688   1334.884450   2829.807348   2342.023712   1736.390612   1537.687116   2144.758450   1529.208626   1146.208040   2400.213203   1403.608527   785.656259   1416.863962   1360.409490   1623.148148   1620.188017   1245.585460   1372.055370   1213.513507   1142.200183   1507.084037   1025.068101   8008.398222   2471.333835   
38.100000   1899.302943   2777.432846   1708.675925   1308.934735   1734.947437   1237.733831   1334.920674   1405.027913   1573.199051   1274.850756   1076.203946   1696.707863   3294.271929   1680.817427   1940.552375   1448.061670   2030.672631   1366.996640   1578.124931   2246.269789   1530.917396   795.676703   1625.209085   1517.517760   1752.252276   1755.672483   1317.692058   1213.196901   1254.938324   1488.322930   1246.988705   1029.313543   7970.105947   2806.194647   
38.200000   1904.807621   2214.260888   1449.377983   1173.967412   1160.346294   1183.331046   1230.172345   1653.617204   1755.121419   1477.625894   1026.068464   1389.060398   3333.911388   2407.149689   1948.244493   1410.250848   1833.667866   1300.358351   1167.398159   2291.833813   1687.224544   879.489009   1414.460082   1470.005352   1161.366612   1675.483070   1376.970740   1286.494710   1159.972263   1074.211877   1528.799721   1383.132459   8011.143410   2706.648420   
38.300000   2302.568222   3039.096107   1669.533745   1536.306901   1287.322957   1086.900776   1342.135697   1159.368860   1574.074160   1228.949395   1092.108203   1740.633613   2748.903774   2061.605885   1536.159024   1256.885216   2760.468143   1596.396423   1368.812040   2092.645721   1522.980343   1174.324566   1249.720779   1076.157267   1286.225683   2095.274255   1497.999660   1381.234029   1346.020621   1250.626782   1616.362833   1145.091002   7946.769315   2387.690280   
38.400000   1846.195312   2656.947381   1806.207239   1379.238397   1639.523573   890.382453   1516.730958   1143.880219   1731.461425   1251.704322   1105.390052   1640.921589   3450.540593   1853.739899   1705.453022   1189.981987   2225.927045   1464.383894   1414.050685   2180.988062   1659.530756   1247.975193   1102.884175   1057.147142   1658.223824   2079.197435   1434.793465   1168.856567   1223.989997   1492.921336   2004.814273   1122.504120   7931.221836   2576.124796   
38.500000   2026.661917   2268.002953   1556.724377   1016.529163   1317.907763   973.604240   1247.824594   1162.202788   1723.180062   1346.337251   814.405649   1312.646622   2635.344327   1912.285120   2315.078270   1215.655127   2270.620433   1205.598700   1119.488701   2190.991455   1432.553616   1141.264802   1191.469692   1158.781477   1266.542986   1509.592301   994.521219   1184.763887   1185.629402   1165.253778   1187.790248   1109.934299   7900.094282   2495.072737   
38.600000   1668.468210   2917.607547   1307.780824   1561.962377   1212.639050   1466.608891   1318.432952   1204.859921   1557.346955   1359.745470   1002.244941   1395.607377   2501.485699   1216.430761   2117.770895   1347.458244   2255.274509   1386.137981   1235.597848   2434.473678   1369.862098   925.366223   1351.125215   1408.904413   1469.489153   1533.782016   1246.268189   1500.177984   1437.002094   1112.471210   1242.330873   1041.601399   7911.539534   2523.604352   
38.700000   1668.448743   2138.398041   1297.123870   1265.392319   1238.956348   1307.128852   1277.875448   1160.754789   1662.580395   1394.370536   800.889312   1067.993388   3350.782161   1273.800824   1972.751603   1322.913489   1706.355899   1462.986126   1068.576356   2108.755404   1248.912539   778.880134   1342.682319   1364.567872   1241.704760   1738.255298   1090.014611   1406.772722   1271.046745   965.436166   1498.514470   889.909973   7915.303741   2800.355280   
38.800000   1746.513440   1946.169500   1263.533970   1181.885944   1104.899350   1207.922598   1494.989191   1149.765702   1599.080956   1499.594723   737.886760   1000.284667   2280.967457   1970.354316   1768.672588   1335.631920   2142.926228   1310.170178   1051.715648   2122.973119   1326.884529   1190.541137   1306.075125   1166.621457   1357.110609   1345.831527   1056.278738   1327.323268   1078.736649   1000.817930   1248.713043   981.147567   7911.630112   2566.508642   
38.900000   2795.553804   2013.760450   1797.222209   978.204807   1537.752636   922.485606   1514.086347   1008.964404   1700.342920   1541.556655   1023.345473   1039.904028   2517.507788   1366.531593   1968.552732   1192.710918   2631.202430   1122.121175   1156.632474   2113.890701   1471.029506   972.727728   1070.242478   1082.115791   1610.395529   1487.318490   873.648509   1092.707912   990.280993   1321.603250   1929.971602   883.364973   7843.694609   2629.607766   
39.000000   1873.255205   2573.705333   1295.720270   1435.183400   1264.748408   1237.136539   1379.373608   1145.223541   1572.736065   1539.445873   789.932622   1350.943811   2433.070480   1841.948034   1764.670988   1363.448570   1797.563699   1536.465650   1074.967177   2345.938801   1373.595885   1164.481601   1349.344523   1231.099352   1633.079985   1378.311096   1382.359455   1325.104651   1261.677695   1225.848137   1051.311952   973.893548   7852.162066   2309.242036   
39.100000   1755.261526   2208.286084   1312.508916   1272.030951   1186.732628   1186.351381   1212.660167   1054.266633   1507.504539   1208.460779   766.470487   1250.037404   2481.700635   1751.136776   1777.639261   1341.580777   1523.632940   1333.924456   914.599399   2149.081675   1325.018833   954.802037   1302.479572   1170.463250   1455.702469   1468.340113   1105.832351   1374.374053   1164.318519   1089.417380   888.577255   1074.013505   7779.122825   2196.866809   
39.200000   1771.591550   2262.866975   1420.727610   1031.809185   1233.465095   899.138257   1279.960352   961.058457   1341.474501   1244.720583   852.902863   1269.331407   2040.450227   1351.149053   1457.057258   1291.412457   1517.529651   1100.546031   1076.659456   2194.872995   1313.165790   851.638264   1070.962075   953.203426   1299.226448   1393.432692   952.451270   1036.078333   953.230025   1136.025713   990.595391   916.810715   7793.400014   2393.941643   
39.300000   2066.418045   2436.486920   1462.910739   1391.450706   1393.938598   1196.421144   1300.342441   1051.633074   1344.055595   1309.278603   987.869341   1402.114591   2471.784477   1911.761632   1460.783906   1425.218386   2102.291465   1358.666675   1230.580407   2189.781019   1361.766800   1053.340701   1340.079406   1283.756014   1580.581810   1516.869181   1138.724794   1211.419000   1265.254122   1302.894859   1340.367854   1109.328647   7799.249348   2437.131188   
39.400000   1478.329116   1965.547786   1057.422592   1160.746459   1133.125187   919.790768   1063.975855   1035.465086   1119.052394   1128.782191   808.940248   1209.076781   2036.373378   1637.746387   1624.217843   1254.247368   1520.012847   1204.252049   1054.285743   2097.814414   1174.453546   925.908079   1166.941180   1024.456709   1174.257354   1535.381977   899.910187   1036.405296   1088.796897   1008.654399   1208.454174   850.516549   7748.290533   2360.534912   
39.500000   1521.261141   1600.178394   1194.457806   1108.992210   1166.087031   1026.778673   1125.500813   1081.839977   1232.144207   1293.793846   705.076560   1065.874922   2069.443821   1738.998402   1378.802309   1270.532232   1535.603927   1162.224252   1111.674143   2179.891631   1201.414689   926.251830   1239.227719   1052.687029   1210.720714   1463.570097   1058.230021   1139.858773   1149.842129   1135.348086   1115.564106   760.780650   7704.571390   2166.808786   
39.600000   1638.916980   2263.270508   949.049121   1051.135175   944.430775   946.057497   1133.527950   1037.756171   1243.816704   1288.018454   577.804227   1063.506578   1785.483067   1627.881040   1197.876451   1134.252673   1350.571592   971.885688   825.342462   2138.499353   1229.782978   891.172887   1081.581894   880.599680   1237.178343   1047.905237   990.257454   942.263013   889.657491   852.020072   923.804454   671.000217   7753.493864   2157.060845   
39.700000   1603.784698   1591.770169   1259.581628   924.809375   1095.518019   890.463477   1234.880244   967.397489   1227.135053   1144.902969   668.699261   988.512158   2192.140601   1892.682837   1398.931637   1169.483128   1408.908821   1085.991214   959.454694   2146.559649   1180.841034   1093.299445   1033.297616   886.246563   1392.228181   1210.668239   744.518630   929.889363   914.519380   963.447585   1209.792420   744.005694   7674.860160   2189.363184   
39.800000   1618.017971   1786.424095   1151.432708   947.289972   1188.177787   830.778489   1284.596990   1001.553228   1327.173451   1107.328037   619.888612   1082.130110   1558.512276   1715.649680   1401.103202   1216.785442   1644.219965   983.235556   1091.001595   2028.524407   1249.530047   1005.094034   1095.599490   874.941602   1442.730133   1142.559944   999.065004   914.270290   791.242192   1020.232217   967.291043   831.945511   7666.134073   2369.351264   
39.900000   1378.965059   1204.838919   1155.362462   746.067565   1030.903251   837.533457   1144.512249   1012.789371   1233.371020   1194.012351   640.707681   737.680788   1806.764812   1674.479201   1545.173468   1190.570180   1237.995619   954.804771   985.111355   2114.925003   1316.694202   875.048758   1118.814518   939.040751   1312.904978   1446.222713   740.905091   957.964492   778.830769   978.953680   891.165510   862.872744   7665.166997   2160.569764   
40.000000   1149.152776   1224.688886   926.718461   794.752548   1068.784504   944.291370   1400.435932   1057.050681   1274.467466   1212.342517   553.005435   801.521534   1653.984862   1610.901703   1476.050293   1146.813877   1101.238438   965.432162   961.911650   2398.292093   1255.721246   948.492635   1206.570729   1054.676886   1452.214193   1372.822244   917.833974   937.067189   969.807569   937.414674   1036.710629   752.719513   7798.955953   2184.556572   
40.100000   1234.006634   2181.351930   934.749418   866.715825   975.623342   876.185524   1351.869467   1013.579490   1116.854926   1144.039673   585.178706   929.505460   2010.611295   1482.606041   1382.289805   1208.857157   1525.095977   950.165325   870.269266   2099.909911   1116.242432   814.850494   1087.772337   1007.565945   1229.884434   1095.118097   832.187375   900.809313   809.958739   757.808375   983.756781   599.953926   7667.428253   2179.158819   
40.200000   1009.597707   1629.985775   950.054663   916.596825   859.129917   740.546895   1131.367704   830.900274   1211.128980   1217.663289   544.485304   901.605271   1831.762341   1485.315562   1267.343347   1148.224445   1269.857315   975.904994   781.800482   2107.615793   1139.154210   796.244782   912.448221   951.757393   1100.622078   1090.396281   774.535891   905.873835   835.922003   745.442589   1108.557893   618.447869   7634.602290   2205.371791   
40.300000   1317.177005   1636.569672   1055.882881   865.332811   982.225363   771.651723   1127.693868   831.982574   1095.358119   1154.604945   709.797277   775.929394   1395.944286   1456.733933   1328.314514   1115.509917   1318.618861   952.607320   846.103169   2041.349240   1146.629895   707.106054   963.260522   977.297161   1114.454040   845.582940   705.173376   882.099151   883.076311   891.348834   1023.274510   818.527209   7582.881611   2147.365700   
40.400000   1300.597691   1976.134071   1024.767887   1064.592652   1021.405557   816.581128   1195.602993   1023.952800   1243.284739   1287.591779   628.471480   1065.221523   1273.905651   1319.058323   1191.878400   1180.072753   1399.838515   1118.069006   949.556132   2125.409169   1274.293136   883.116190   949.974786   939.708082   1206.513505   962.433361   951.277092   988.107054   926.593862   920.769132   754.721491   668.545572   7559.330462   2101.653201   
40.500000   1190.801419   1508.597094   1087.294469   875.596297   1088.402624   774.585638   1074.814894   1066.770045   1175.678396   1178.277453   582.457640   974.179732   1228.729577   1349.175627   1472.097540   1118.004886   1021.196177   895.138253   970.539300   1972.802124   1199.321338   764.661336   909.613441   901.223421   1147.790414   837.236537   906.486749   928.244392   881.865423   932.923039   723.469891   664.383835   7529.360255   2041.455978   
40.600000   1165.354587   1132.691354   928.785508   759.518829   734.109628   709.269218   819.825379   948.260029   1078.562965   1155.488676   587.263723   832.415071   1904.348323   1525.611841   1351.921479   1150.296815   1107.310698   857.036621   713.412853   1960.698437   1112.073599   762.085819   905.901542   801.643276   782.776694   938.645104   735.999600   875.531120   774.674037   680.511558   998.238160   724.832720   7572.282082   2058.489680   
40.700000   1019.154712   1413.081021   991.248637   919.059828   938.527456   854.502690   923.044354   797.399525   1059.723075   1147.464141   622.964910   946.662785   1640.505984   1043.386640   1256.081399   1105.888968   848.935052   969.755772   916.576972   1933.053159   1090.043592   605.304241   941.042692   900.737043   1077.768501   909.350834   685.283210   1034.523128   920.362856   868.128314   941.787426   634.921579   7518.713218   2028.525878   
40.800000   1313.662604   1154.943980   890.471322   619.821279   828.612920   558.319006   859.266037   692.440429   1150.986991   1097.564826   623.353743   802.898876   1427.727659   990.929513   1455.183130   1101.492732   1144.903336   808.875622   834.522269   1993.247853   1177.464170   625.942577   769.128369   670.720400   835.648884   887.913020   657.719798   772.584936   698.956871   774.695618   872.974979   717.194751   7541.045349   2103.492607   
40.900000   992.984090   1653.273581   865.134502   915.628980   909.977616   721.795061   890.579806   821.752415   1175.640785   1059.577203   446.480105   975.646628   1350.726032   1034.821946   1251.946823   1079.609986   1076.540313   978.254405   827.262666   2048.119428   1169.633092   691.307160   851.294400   839.019678   885.695292   774.526822   869.780785   937.714056   834.829271   757.982306   698.720470   692.237108   7467.680800   2095.655660   
41.000000   1132.070140   1615.358351   932.108574   779.070491   762.431910   622.466685   798.887335   811.617636   1103.578821   1019.958578   429.710635   927.032002   1287.101468   932.264991   1195.539629   1066.230040   994.790016   840.710848   714.376024   2037.103591   1073.811168   699.549935   823.435334   711.882784   818.118644   835.390791   809.216423   809.403661   722.225224   728.069946   605.058699   574.087493   7471.102157   2110.151990   
41.100000   1204.379057   1287.379097   830.409251   756.105003   673.335800   708.933946   755.574385   825.980088   1054.565166   1120.312071   488.781350   855.284430   1493.645310   1002.382028   1171.792705   1104.329472   1163.036478   841.989873   699.807794   1931.763949   1073.848020   765.400427   891.327261   747.922172   669.805602   811.279520   742.481283   801.801844   758.894388   647.994050   760.863234   586.258205   7423.991849   2073.942348   
41.200000   1267.897230   903.516756   901.134988   621.108335   707.556008   587.626714   748.654573   866.418957   1105.424613   1196.428029   499.174228   674.169480   1358.424846   1215.247967   1204.792166   1102.039732   1126.690455   791.184172   710.109924   1948.605366   1095.319917   732.201822   858.833957   753.645784   641.973569   1024.110414   621.488869   731.350403   699.959251   713.639956   786.671631   667.887288   7407.685758   2095.894370   
41.300000   1080.533313   1184.671685   889.048314   664.462322   756.331737   688.394481   715.841188   939.936831   1047.920769   1145.497117   467.495033   765.122898   1381.907402   1004.390891   1192.881483   1085.618446   832.219181   825.782484   657.069240   1983.004462   1040.169113   700.545406   977.485875   820.328232   676.173864   974.167841   744.942833   805.771736   747.631809   672.249164   565.491530   646.621779   7385.899717   1984.801160   
41.400000   1111.432461   1124.019216   807.145698   592.341756   733.893406   626.749057   710.354478   809.979602   972.038458   1069.025921   539.582025   679.223161   1203.717770   736.771376   1105.007826   1040.028434   720.446311   762.972451   677.044551   1934.469609   982.846592   592.097252   861.223638   712.009995   723.388021   942.370585   587.239260   770.296634   677.517650   653.442963   598.593722   553.144732   7382.171355   1970.793211   
41.500000   1166.554097   1076.246344   925.909998   739.419559   825.704786   724.411664   728.028639   924.390908   987.192779   1090.361865   518.425780   711.385618   1038.933201   932.850037   1099.018926   1054.237394   914.927459   876.098137   709.855121   1892.243466   965.592285   649.603864   912.001780   837.362357   778.857921   894.043848   684.522824   878.113222   790.603308   734.094192   882.835311   655.229693   7367.709661   2001.933852   
41.600000   862.895501   1261.747308   747.253226   891.526307   748.676040   887.285642   746.699386   1055.872828   985.553362   1142.506793   440.325452   811.883584   1172.575914   710.616721   988.560795   1047.811102   835.848007   911.628635   643.794484   1929.073921   1016.509189   522.444487   1049.955035   880.230363   692.806344   1172.118517   733.835905   972.472499   890.038700   642.927800   709.417976   673.406259   7351.204823   2019.970445   
41.700000   961.485599   751.381023   699.601191   675.693818   641.324516   797.819831   652.765349   1041.810523   974.374053   1177.177469   435.308920   688.942808   849.905135   736.931545   1015.101746   1080.568207   856.234620   858.505286   592.389780   1909.907789   978.325746   503.448386   1029.318162   876.943930   697.934207   853.615867   599.852335   873.180003   772.344297   598.807917   545.623537   746.975507   7327.531196   2018.446890   
41.800000   867.240664   1128.117704   755.926323   690.497957   709.305869   779.117888   721.414336   1006.928196   997.389173   1161.557444   464.317440   699.668838   1240.921045   663.745729   1075.903785   1067.797656   802.257933   887.938828   632.584027   1862.091268   1019.022908   586.504988   946.151760   890.169152   774.712471   789.304076   578.946357   832.154065   783.338199   644.020152   690.473268   647.983147   7323.710602   1986.576620   
41.900000   999.188286   1139.740574   826.273111   725.387224   707.646052   724.135160   721.645567   965.769334   975.760197   1101.198089   405.844773   700.548706   1201.523151   719.276021   1082.110161   1073.228646   1138.871497   859.528580   687.329474   1878.247562   1026.446899   565.856328   913.671231   772.709323   782.657347   951.871629   653.261430   833.624067   748.261791   708.492537   702.211718   574.080708   7281.008095   1967.876359   
42.000000   877.034669   1161.529265   764.189576   657.195282   716.665072   633.850383   708.086443   912.365284   982.177349   1074.679949   344.262648   602.789824   957.797648   733.507008   1023.160813   1071.759996   847.039737   828.916220   625.156827   1844.214978   1005.890962   585.576666   835.023916   721.598123   772.356195   881.869977   567.243752   803.530463   722.537861   637.912711   542.921752   474.871769   7270.130408   1934.079725   
42.100000   977.686531   893.085956   894.610739   628.365075   802.232722   639.006231   725.557776   844.358763   999.330732   1011.893609   466.244356   621.050143   924.702313   678.608323   1128.185570   1069.858987   792.189861   770.434157   752.995218   1820.902388   1037.395458   552.035186   836.395144   701.165612   824.595041   773.659088   537.116530   764.847134   697.956578   775.559647   616.273418   521.945301   7265.978582   1941.504108   
42.200000   1097.149249   986.643610   858.548913   667.222502   745.956666   589.477510   693.028419   753.609227   972.892131   995.609617   467.903671   655.460785   758.367801   664.922140   976.057719   1032.570001   1033.958256   769.127020   719.387895   1885.875774   990.614401   516.501597   776.608144   636.189790   765.745813   718.558811   584.040798   773.263393   670.356344   709.256334   569.957732   503.945387   7240.699354   1955.682693   
42.300000   918.625020   838.411761   733.150378   556.216386   589.938368   527.976915   648.022459   743.064845   930.544692   996.879470   405.215503   569.284060   854.305123   544.605464   935.440144   1016.447946   935.651999   708.693968   569.947664   1848.982771   973.750457   431.963426   754.419647   627.960757   629.774722   643.591129   508.760733   705.488064   634.445639   578.814682   512.953448   491.078778   7241.848845   1984.095099   
42.400000   776.528549   892.024365   642.712987   555.491916   613.435694   548.730358   656.501567   746.017101   938.769306   992.221170   323.769310   558.562199   1023.900002   627.633216   888.206627   1036.751285   717.242986   702.724535   592.472573   1859.545919   972.295867   458.271556   722.754727   652.154349   681.743805   770.203517   477.039128   730.373245   637.940154   574.218033   539.770695   492.578677   7210.636066   2060.730065   
42.500000   787.269063   726.723443   683.125792   572.512070   639.039266   587.915956   638.024199   740.907120   926.556482   947.697965   350.354342   538.822633   759.408509   629.707130   975.042731   996.736395   664.551549   741.593022   573.137680   1850.110034   924.743652   460.263673   767.258292   708.116632   717.570180   720.619695   486.510018   712.427662   672.763111   567.898574   469.673965   472.141105   7198.413444   1978.377469   
42.600000   799.228876   898.184478   665.157722   534.956153   594.022540   494.480702   656.399837   636.936909   976.310038   924.914038   372.829031   633.888276   800.180293   499.486189   966.652527   1005.670593   651.789808   687.942689   549.194986   1839.780089   959.511892   457.197014   685.726099   598.259812   665.782468   790.020565   532.805903   718.194123   586.303732   537.893154   418.971624   470.571986   7196.175852   1925.110526   
42.700000   806.154367   874.805305   678.810830   557.845226   584.113089   535.193743   626.501228   637.147306   914.856179   942.131658   293.641176   604.987472   793.613541   646.741145   967.330654   1016.714867   667.833370   727.151483   538.939082   1845.890628   929.848811   461.581962   713.041645   643.250052   616.207835   599.862060   534.409995   709.764090   615.977198   540.054465   400.515158   494.671050   7155.705590   1920.822721   
42.800000   718.906882   675.980593   646.896658   476.318539   571.649395   463.806429   641.364959   608.874976   926.954158   953.550020   255.714929   492.488219   826.511685   527.640801   903.960220   1017.494899   527.660147   650.564123   530.822321   1797.880067   931.327364   463.947233   692.415165   594.919162   675.083158   608.904576   428.542941   648.549345   574.402413   536.019032   381.685084   466.621684   7151.556919   1897.122736   
42.900000   848.481698   722.679134   752.488863   468.447470   647.551656   458.353291   639.758490   615.789703   924.941436   938.697183   350.472182   491.515239   658.407219   535.805797   911.441737   1027.194589   806.986052   661.654323   598.333434   1792.357893   938.062741   408.268415   668.392815   585.940309   670.864535   508.054275   442.655514   651.450601   572.129958   624.758101   485.240837   515.172986   7125.581953   1889.761714   
43.000000   691.262648   660.012695   640.939274   463.894014   527.636879   481.133961   582.258899   610.143790   933.062212   916.106773   266.613383   545.269251   532.330638   543.408441   985.710524   999.407392   510.957517   633.128987   508.305475   1820.709253   915.925880   410.413235   681.621539   609.633551   554.777712   548.231649   499.235329   665.354924   573.926821   506.578702   396.365154   504.008253   7106.782746   1876.756897   
43.100000   763.700251   701.192667   708.895684   471.284113   599.685755   462.545976   632.293537   578.993905   953.718765   931.696305   307.414732   539.035368   650.406010   452.373254   974.990709   998.749530   679.727173   665.126615   562.429225   1846.069095   945.413910   410.063026   641.587064   583.918540   609.378848   541.358487   457.767774   640.841596   561.109995   573.850880   498.092194   496.638724   7107.138305   1870.033684   
43.200000   736.992971   744.227523   623.115428   467.345004   582.064462   446.385300   651.038067   521.485891   939.214950   914.676657   312.874176   521.702958   604.318842   491.254164   937.170374   993.489167   606.490290   619.437376   540.906072   1779.547543   933.182770   399.393825   641.598454   593.214431   588.752643   506.686189   422.101973   629.029452   557.502961   524.008507   404.567629   430.227516   7085.037200   1888.856334   
43.300000   723.758231   634.557733   604.572060   434.846858   540.118493   436.334716   623.609903   538.501440   919.209745   915.417651   294.797662   487.554028   566.825516   511.586238   913.919443   985.296603   598.908482   618.025956   532.050358   1770.944769   910.822455   385.439133   637.469879   573.359023   547.795497   467.444362   407.927768   640.568340   542.887034   505.759890   359.103391   435.481736   7062.130486   1889.331451   
43.400000   734.357545   660.533265   626.024620   443.388428   542.727021   439.275483   630.096682   499.577930   904.289689   907.673885   325.070570   504.070589   633.752781   404.807758   901.097927   977.043693   546.791707   616.933284   525.223428   1760.806864   889.436907   364.946448   632.045960   562.915288   554.283219   484.403216   410.728227   645.203692   542.277975   522.859304   428.478653   452.633212   7049.938070   1876.134458   
43.500000   727.369531   687.422725   620.381038   461.670330   517.688303   457.922202   589.903640   540.218981   905.378637   921.181921   280.846276   510.250176   709.295536   463.753324   918.035679   987.853468   561.029171   649.096894   497.429567   1760.726333   900.330507   373.541092   644.466952   588.032195   525.516760   501.974908   438.119736   654.921403   587.016904   507.551641   439.447388   464.400616   7035.006969   1859.904583   
43.600000   732.737175   648.014280   612.292780   467.469958   543.309798   424.764447   616.947316   514.707535   921.854045   905.914214   292.232755   506.278864   569.435069   444.420291   918.916118   971.879429   563.779633   633.399030   500.719236   1772.235032   891.779754   355.402611   624.858752   557.233574   584.560541   589.025564   456.344733   633.997601   567.050485   528.416216   389.182649   463.144059   7027.720354   1848.662700   
43.700000   722.227614   678.726080   615.836179   417.810665   562.501079   424.310235   629.396990   494.771693   925.520449   899.819331   330.241695   507.944970   439.311843   403.380325   847.988959   963.546577   548.021993   595.881920   498.201126   1760.334268   884.751777   364.156509   625.922147   559.307800   579.614811   484.141477   425.867197   626.484331   537.413808   512.506548   363.192367   437.556536   7008.999073   1841.599249   
43.800000   801.171284   633.322532   688.716186   425.115224   565.864367   417.143411   646.241536   475.726688   913.834328   898.633298   320.977077   501.695464   562.230107   420.097895   863.854914   973.217905   642.577054   605.617871   524.776266   1762.285716   889.927743   379.715041   617.056960   559.656593   593.411935   449.908613   416.166594   628.054866   536.782666   533.984659   391.023647   430.019035   6990.895073   1846.451570   
43.900000   732.626029   565.843367   618.312505   419.814902   514.731638   419.010612   622.497227   481.604942   928.013606   905.976376   283.728662   465.243597   532.901159   432.350426   842.706035   974.285754   478.980022   588.664031   492.003756   1750.599880   897.872135   360.047194   624.814735   549.224591   526.411241   561.086488   395.176339   614.697169   535.831935   482.593602   319.033503   417.839853   6975.805426   1834.247027   
44.000000   676.219246   522.014161   594.977889   387.104386   519.979070   398.095788   628.626526   471.171982   912.699422   898.238620   279.902586   457.210478   513.715178   414.519377   860.936994   966.046489   544.665597   580.406985   497.921712   1731.371451   894.049035   346.223966   602.432519   549.387497   534.127593   482.080530   368.660336   607.589746   526.094319   482.776480   355.041150   427.223137   6963.824598   1831.511134   
44.100000   651.559234   541.306014   578.633582   409.759736   519.179976   401.379877   609.120999   465.457493   908.350433   890.593029   258.769064   470.163470   531.831116   431.331833   867.254520   967.829791   481.147195   604.618354   487.801708   1752.129783   895.260495   359.610664   599.460119   547.347013   540.314481   509.510054   398.512152   610.409104   536.410423   483.078889   343.802765   433.440441   6947.532837   1828.217651   
44.200000   635.455380   508.831436   574.525715   397.571947   505.781214   392.604754   582.951280   460.164931   892.719627   887.472069   241.835295   435.141969   511.154122   384.234897   889.825879   956.659669   475.900036   587.417592   474.511829   1743.311472   886.538481   357.486116   598.357846   535.017083   512.309623   447.308135   370.462588   594.777861   520.601240   463.683287   328.893736   407.926259   6947.348551   1832.891607   
44.300000   616.388369   474.892061   570.816125   378.710368   497.266730   383.460701   590.431203   460.832016   892.411544   883.715507   254.157461   435.393277   578.649560   353.246651   864.191911   951.125570   430.182793   571.803688   462.282986   1732.049879   884.153198   357.167337   590.569284   523.444083   515.444248   466.723608   365.863132   584.059266   509.268718   451.633326   347.733284   406.380328   6919.714899   1815.009555   
44.400000   642.669647   519.970364   567.091693   376.876820   487.189184   380.764808   574.842423   458.859505   882.921131   876.431578   237.650842   448.900154   604.296210   367.623608   852.491413   949.527899   397.280255   568.083494   463.628593   1740.674457   880.927050   362.476893   595.992663   525.888743   480.244269   437.920294   364.861315   585.525451   500.991209   452.568754   334.112790   403.853661   6902.867833   1808.569383   
44.500000   636.383474   491.802264   570.933759   382.063991   492.343637   398.114061   563.917004   469.604588   883.963645   876.295817   248.719646   443.670425   421.097787   363.088376   833.869031   949.023443   393.474614   568.058975   463.297434   1716.249837   880.017775   376.961445   599.904385   529.392111   474.554521   420.046941   362.862982   592.877454   505.755837   446.393348   306.854337   408.916865   6888.739646   1806.656496   
44.600000   605.888788   465.059806   557.180527   376.083482   481.146814   380.447009   561.226807   461.720026   884.237893   868.066817   229.231462   435.582582   431.870542   416.029971   830.790232   947.111102   378.696992   574.411210   449.317764   1704.668038   872.426536   358.409154   589.356672   514.685154   475.927295   438.312128   373.629580   586.104813   503.627590   445.531996   322.667578   405.788371   6882.267946   1804.139367   
44.700000   615.981551   446.799709   547.017680   371.487222   473.806285   375.492771   552.780214   459.247074   870.670357   871.377451   239.462203   424.069919   435.793972   397.410041   813.033724   949.160461   401.396837   562.845723   444.666491   1708.928299   856.989303   358.383135   584.461211   515.549926   459.824004   433.265924   359.108786   580.275400   496.997876   439.443259   309.847443   394.117915   6864.973374   1800.754732   
44.800000   607.197130   467.554780   559.189096   380.931539   498.215470   390.971414   563.249088   457.787378   868.120905   865.133436   235.050801   426.082988   418.656553   359.020423   827.200019   940.177649   372.936334   574.515544   457.438038   1711.169531   856.959857   360.156971   591.203270   517.669568   492.533576   453.524326   363.036257   582.702892   508.506707   451.082366   309.360618   394.237095   6851.873587   1797.601379   
44.900000   591.318305   443.311050   543.824937   369.257929   474.912347   375.605244   552.670179   457.981972   865.093094   859.148584   223.031220   423.938826   393.089526   336.751976   824.687350   932.999604   345.651886   557.655875   447.691863   1694.098423   854.454299   351.710833   588.850415   510.283703   461.888586   405.932115   357.486544   575.685588   495.537910   438.201868   286.202666   388.590514   6831.285221   1790.885684   
45.000000   623.524352   487.565005   545.348906   370.325942   466.714623   365.595241   538.125727   450.420333   853.001636   855.893749   225.276036   432.798546   460.646305   349.583696   816.729453   931.271119   377.555370   561.346053   439.391574   1694.930674   850.762463   350.492105   579.343757   510.598970   455.632604   422.716615   361.241066   573.510495   496.228404   436.364289   307.160761   388.491292   6819.817929   1785.649739   
45.100000   599.202284   462.706206   546.429363   379.173855   469.292773   367.925765   543.676166   450.347721   855.638668   855.333944   231.650271   426.644325   401.283742   349.363705   800.497745   927.768912   372.864686   557.612679   445.274485   1693.089464   849.901318   351.198560   579.961610   508.257621   463.868773   390.829349   354.128819   576.587058   495.602480   440.768340   310.407089   387.417791   6805.192743   1785.732969   
45.200000   591.803884   447.515604   547.262715   370.322100   472.459180   372.155090   548.695364   443.578271   851.971930   853.188292   231.384365   422.473654   369.644742   325.677941   791.938478   926.146955   359.923268   560.566665   442.280256   1688.503074   847.943596   337.935023   573.254700   509.127235   461.190384   392.815871   356.066083   573.138632   500.570769   436.798706   296.297477   380.606238   6795.126893   1782.358083   
45.300000   593.705243   437.197817   543.024353   361.222474   463.440069   370.420518   534.310123   443.292094   850.767002   853.284013   226.869617   425.614482   367.435231   311.660764   793.056499   926.502965   346.671302   551.355822   437.693512   1685.982927   845.169077   337.670874   572.187228   501.995864   442.215253   385.640934   351.433033   575.215276   494.508832   434.464524   289.394522   383.995649   6780.666528   1773.676061   
45.400000   580.158208   447.070236   540.467143   352.168745   460.885782   361.106787   527.032154   438.760078   846.971051   850.272671   217.938221   417.684809   389.332715   312.331913   789.007404   921.588778   335.796710   544.413336   436.723535   1692.337275   844.426492   330.692214   570.407144   501.828512   441.929742   384.645598   347.165617   567.856135   485.421649   432.289710   287.951231   381.196194   6769.308537   1770.757401   
45.500000   592.527500   446.150623   540.845972   372.684868   460.680691   373.078840   529.561327   439.336198   840.692941   850.541863   229.409277   424.501945   369.913599   324.385524   784.416402   920.222453   370.880879   550.676734   441.890774   1678.100837   840.367234   328.984212   572.395132   503.225430   426.405072   391.195854   353.220881   571.804404   495.971224   427.336068   285.685174   376.205790   6752.218912   1766.269572   
45.600000   581.779057   453.202191   529.615441   363.394649   455.195018   363.335271   526.120435   435.607341   841.951392   848.385509   224.727619   423.585916   347.116402   310.946206   784.265989   917.096500   333.867809   543.805659   437.231413   1674.630914   840.124448   331.454071   567.581704   497.300809   428.018625   387.508768   351.076033   566.038875   487.398235   429.627175   275.400519   377.599758   6741.434561   1762.622045   
45.700000   585.190544   435.296759   530.948643   352.378974   453.022655   357.465105   524.143644   437.809891   840.795681   845.928274   214.713563   423.030444   348.137771   325.831777   780.810737   915.902452   338.474345   540.483874   431.277580   1671.322471   835.964625   336.072044   564.690747   499.412374   429.060041   365.241839   342.864859   563.019301   482.207260   420.987232   272.533885   377.256924   6726.103053   1759.878036   
45.800000   586.954617   432.463710   527.157827   349.992991   451.152689   354.794744   524.146283   436.926442   838.771347   842.200202   219.495014   417.310512   358.971347   318.463831   777.653594   912.837125   341.000285   541.680807   428.774362   1665.410221   836.680367   338.783940   565.507843   494.550522   423.659687   364.810982   342.582475   562.731102   480.637076   420.314396   268.835780   376.852179   6711.250740   1754.758989   
45.900000   577.116705   414.479904   525.246934   354.592638   451.106369   358.343619   524.436455   438.075981   838.755493   840.635292   216.778430   407.400529   362.867232   304.345836   776.979732   911.399674   344.884602   539.373428   431.279251   1659.428972   834.379065   328.949690   564.881851   494.491937   422.692776   364.436332   343.780610   571.273237   482.736213   421.500387   281.260413   374.900557   6698.988765   1757.112386   
46.000000   570.963575   437.387995   523.389920   352.413851   449.720016   355.477918   519.928119   434.732509   833.187283   839.012352   212.834856   408.832397   339.321982   296.347634   774.707133   910.098047   335.888776   537.562565   426.659607   1658.199740   830.494871   332.256309   560.678658   491.050657   424.079846   354.970460   339.534731   560.263095   478.921588   423.457397   267.636383   374.172610   6685.663880   1752.367067   
46.100000   571.418087   416.194825   523.951773   348.783942   451.914518   349.194193   518.490130   434.146271   836.082367   839.203693   210.359097   405.483681   343.993273   298.734334   776.111726   907.505980   341.166747   533.538837   427.953315   1656.020466   832.480955   330.039006   561.013833   490.958215   422.229151   351.537594   336.965861   557.853354   477.055120   421.305237   280.073666   372.753403   6673.815691   1745.817254   
46.200000   585.551220   425.786722   529.908606   352.330339   448.826552   354.807952   517.340804   430.123337   830.659217   836.465139   225.446082   407.490148   348.586663   291.110311   773.271840   906.295972   346.816663   536.009020   429.105459   1655.146437   828.634284   329.991844   556.948577   488.189141   422.381939   350.207138   344.785167   560.776857   476.567929   423.071423   286.898292   372.865504   6659.999231   1741.491400   
46.300000   570.262046   420.013645   523.128205   345.225471   451.963984   349.283190   518.309948   430.144454   830.269208   834.248866   214.624325   405.508659   330.405590   290.749043   770.624804   904.002385   329.845811   531.068544   427.968886   1653.275333   828.295047   328.116934   556.499358   487.310961   420.904497   352.102789   340.437524   555.142891   477.260514   419.330109   271.093066   371.301065   6650.008764   1739.328956   
46.400000   562.372634   410.771687   519.822446   342.836292   444.593669   349.604158   516.110988   428.887772   829.342450   833.901406   212.659278   404.541748   326.307103   289.952832   768.107100   902.829352   319.362494   531.069415   427.533387   1642.798974   828.416372   321.716955   554.725395   485.324729   413.885512   354.277164   339.343896   554.382207   472.869071   415.973803   261.585254   369.934352   6634.977492   1733.712365   
46.500000   559.877231   405.200616   516.907524   340.443544   447.161734   346.778722   515.288033   430.444379   827.963663   831.793001   204.076489   401.102346   321.116395   295.140091   767.735133   901.607553   313.329360   528.829496   423.419489   1639.739025   823.823003   322.285888   553.905869   486.899708   419.113842   342.578879   335.146978   552.588058   474.591786   414.101957   260.732718   369.121697   6624.188034   1731.073692   
46.600000   561.020650   403.126957   516.398056   339.698965   443.973227   344.443747   513.222117   426.933059   826.049625   829.748674   209.486577   398.665926   321.353871   289.971708   765.792886   898.616189   316.910033   526.047550   419.848619   1636.324821   823.342372   323.148103   550.842789   483.596203   416.187611   341.162258   332.433636   550.037334   471.109295   414.201961   258.755567   369.177057   6608.947084   1726.923751   
46.700000   558.279654   404.300389   513.107056   340.116307   438.214880   345.345711   509.163481   425.254165   820.657502   827.400996   205.933717   397.825634   319.815573   286.918763   765.824356   897.766757   308.509740   526.841871   417.726652   1634.742451   820.441260   319.635028   550.134573   482.145850   409.000498   338.910669   331.669572   549.361765   468.569091   410.862336   261.059296   365.503264   6596.513479   1724.676589   
46.800000   556.564433   401.698403   511.597315   338.467816   437.268533   346.546798   506.492879   425.985205   819.873000   825.552004   203.622718   399.838627   318.785754   291.965218   762.679412   895.924962   306.603042   525.198536   414.975380   1632.348161   817.293716   320.232521   550.774285   483.767184   407.108667   343.711587   334.181831   549.461527   468.353033   408.042193   257.331232   365.808001   6584.245413   1720.510796   
46.900000   554.518572   396.737579   509.817828   336.715633   437.259575   344.258666   505.503985   424.422675   817.050719   824.257507   203.880136   395.043995   318.081906   287.312637   761.986626   893.759586   305.547185   524.916379   414.895494   1629.817268   817.330319   317.295259   549.033034   480.989789   407.279417   338.584522   329.641682   548.394860   468.404543   406.876868   258.706891   363.788835   6571.571467   1717.600076   
47.000000   554.088137   394.033484   510.099394   336.849249   435.649154   343.479931   505.239341   422.985615   816.437508   823.087029   203.362467   395.316302   313.915658   284.441320   757.889199   893.367126   303.165510   521.798377   414.664059   1625.496533   813.825833   315.398966   547.057024   480.733929   405.674974   337.385863   329.440063   546.846694   466.466199   406.494917   255.466104   362.726680   6560.082115   1714.276348   
47.100000   550.066597   397.334927   506.656596   334.407834   434.746291   340.775692   501.540502   422.535095   812.740877   820.988707   202.293724   392.033043   312.903164   279.823601   756.803541   889.253529   302.783772   519.994915   414.518277   1622.988163   811.756145   315.499806   545.575814   478.460007   403.866918   340.267351   328.811721   544.517573   466.134372   405.995578   254.182674   362.676664   6546.769803   1710.974013   
47.200000   551.042776   392.492849   507.027379   334.122298   436.944244   340.505107   504.918197   420.409566   810.956462   819.143605   202.378251   393.935414   311.087737   281.400781   756.259773   887.867219   300.595277   519.236098   411.698922   1618.039436   811.657458   314.500895   544.565193   477.360706   404.830155   335.649661   327.302654   543.791260   463.923382   405.798253   254.232630   361.421129   6535.596101   1707.003701   
47.300000   550.640316   392.460056   510.964178   333.889550   435.649540   339.912276   499.922371   419.439719   808.882720   817.413275   208.739369   393.009091   314.676348   281.973366   754.708718   886.162148   303.835093   518.395675   411.827077   1615.288197   810.295890   313.072638   543.233306   475.866743   405.649123   336.378577   329.663334   542.844192   464.088562   404.062049   257.376536   363.145548   6522.456829   1703.823925   
47.400000   546.421842   390.914239   503.837041   332.416589   431.871800   338.460192   498.378065   417.884687   807.943779   815.784063   201.524511   389.373264   305.083112   276.000302   753.226789   884.778631   299.990355   516.854322   409.841880   1611.376588   808.029711   312.680335   542.102035   474.756399   401.261355   333.242551   325.010034   541.520361   460.550238   404.763388   250.408698   359.618219   6510.201430   1701.135743   
47.500000   546.275544   389.878665   505.366154   331.944600   430.828161   337.266416   497.129666   419.158648   805.698077   814.368848   201.145455   388.189263   309.282999   276.123173   750.952505   882.932219   298.078807   516.413122   409.296822   1608.239984   806.683060   312.369222   541.400812   473.594444   400.637504   332.509832   323.914806   539.664069   461.253238   401.929783   252.827410   359.738050   6498.706007   1697.559869   
47.600000   545.525349   389.402499   502.895784   331.061483   433.198576   337.019287   497.535207   416.800844   804.653610   812.923664   203.819756   388.150522   308.753087   276.125621   750.129641   881.338051   298.813205   515.162551   409.715043   1604.272894   804.734545   311.774719   540.187134   473.232817   401.312399   336.595148   323.542501   539.612365   459.582360   402.681181   251.373364   359.147785   6486.329800   1695.204271   
47.700000   543.658465   388.347891   501.867906   330.101137   428.987931   336.697302   495.779425   416.490407   802.123163   810.418847   202.803519   387.644899   304.382766   275.262225   748.242548   879.256442   300.269884   513.613001   407.193302   1601.904693   803.190738   312.022885   539.752779   471.970271   399.857555   331.409275   323.477837   538.240075   458.458769   400.241607   247.978050   357.711794   6474.412923   1691.171178   
47.800000   543.067950   385.983940   500.853885   329.942873   428.882326   335.860702   493.914365   414.878679   801.277926   808.941182   197.477498   386.407302   305.105844   274.166933   746.600653   877.431415   298.187842   512.885852   408.096763   1598.417584   801.951931   309.434844   536.937953   470.777934   398.888635   331.808641   323.143063   537.247180   456.835741   399.324303   248.302348   357.004083   6462.634790   1688.157995   
47.900000   542.198814   384.336829   500.273343   328.094113   428.485657   334.114338   493.978439   413.522530   800.123262   807.621012   199.510278   385.918589   304.316574   273.929289   745.399062   875.885225   295.612785   511.524611   408.525435   1596.195693   800.944658   309.611180   535.902002   469.569304   398.156617   337.051244   323.098517   535.632132   455.906979   400.708113   251.083831   359.392979   6450.078039   1684.992488   
48.000000   539.413282   383.648261   497.813213   327.592895   427.393876   333.987769   492.560268   410.946197   797.705590   806.596154   196.544274   385.657830   302.776904   272.933692   743.402657   874.715294   293.495174   511.362735   404.076252   1593.287097   798.222642   309.122001   534.794250   468.803927   396.629120   329.414612   321.566203   535.071992   455.334055   399.607006   249.590621   355.512045   6439.052406   1681.847197   
48.100000   538.766737   382.175062   498.174443   326.993550   425.890867   332.988344   490.576976   412.211949   796.587693   805.474654   196.098414   384.944837   300.609209   270.947532   742.540202   872.821529   292.998718   509.831325   403.901822   1590.475936   797.568615   309.635754   534.526076   467.917594   395.089357   328.373555   323.736301   533.484369   454.955438   397.542227   247.264798   354.539802   6427.436148   1678.819047   
48.200000   538.775035   382.560925   497.412515   326.833851   425.579730   332.405639   490.821138   411.266572   796.827475   803.759305   199.246716   383.224131   301.297289   269.880151   741.708301   871.672773   294.460575   508.931749   404.095795   1588.207436   795.501983   307.563732   533.191015   466.861403   394.867892   327.120123   321.057005   532.798524   453.582001   397.729279   248.293235   354.904114   6415.756999   1675.617333   
48.300000   536.880968   382.023089   495.434337   325.608544   423.637372   331.984153   489.188824   409.952916   793.950261   802.088322   194.944074   383.695216   299.645309   269.310459   739.477941   869.899829   292.410929   508.581912   403.235113   1584.613295   793.932057   307.125359   532.638425   465.939817   392.412618   325.712819   319.520425   531.772517   452.915101   396.262777   247.216055   353.205082   6403.414530   1672.796082   
48.400000   536.158123   380.631919   495.638312   325.388932   424.234783   331.180633   490.004155   409.812937   792.582134   800.507337   198.595739   382.518516   302.622257   270.071250   738.198256   868.291228   291.616259   506.789489   403.060075   1581.576845   792.208456   306.713515   531.078601   464.905685   392.654051   325.061095   319.088551   530.877605   451.994983   394.638155   245.452456   352.723734   6392.477588   1669.788111   
48.500000   536.060029   379.496741   494.499032   326.069144   422.618221   330.311635   487.596631   407.014249   791.936610   798.836798   193.991390   380.784968   298.382808   269.092887   737.306696   866.499516   290.827022   506.347594   402.004954   1579.303060   791.279013   305.118359   530.213271   464.228576   392.314521   325.161305   318.310452   529.792163   450.774085   394.792311   246.275346   352.208817   6380.848858   1666.510711   
48.600000   535.395899   378.955465   493.378654   322.932054   423.497773   329.133697   487.560241   406.085792   790.389424   797.950185   196.049431   380.101983   298.022364   268.444322   736.703726   865.137542   291.708629   505.020245   401.996393   1576.331760   790.673780   305.403237   528.874005   463.971369   391.042355   325.201733   317.504221   528.769852   449.736293   395.014555   243.532857   352.183612   6369.404210   1663.475757   
48.700000   532.566778   378.166395   491.792317   322.792161   421.088347   329.183096   486.438992   405.653438   787.522524   796.191933   194.985159   381.458765   297.838885   269.212862   734.673352   863.607707   290.786427   504.203870   399.827473   1573.734771   787.362923   306.980308   528.365238   462.715024   389.856286   326.414228   317.400795   528.180497   448.644993   392.551801   243.597473   351.166101   6357.921177   1660.649723   
48.800000   533.535010   376.812149   491.693404   322.977604   420.227157   328.404910   485.015541   405.540479   786.466827   794.359847   195.925429   379.266997   296.367125   266.986456   732.673620   861.858706   290.299517   502.656399   399.033193   1571.644355   787.451326   304.169836   527.148534   461.663955   389.930771   323.858882   317.329905   526.683445   449.474992   392.268285   244.056394   350.318440   6347.210181   1657.615930   
48.900000   531.447340   377.434889   490.246902   323.165512   421.159711   327.857308   485.319275   404.310232   786.119252   793.154095   197.308557   378.900619   295.015339   267.499764   732.304473   860.442508   288.588834   502.375401   400.177041   1569.484212   784.976469   303.893959   526.237798   460.872662   389.232037   323.368886   316.556401   525.533158   447.447413   394.086014   241.929451   350.783184   6335.544717   1654.879030   
49.000000   530.086623   375.737430   488.563083   321.074607   419.278032   327.639634   483.372849   404.292596   785.065886   791.963805   195.248715   377.444488   294.356286   265.857758   730.846191   859.496630   288.030476   500.710638   397.183578   1567.384929   783.516722   305.613020   525.392936   460.252148   387.701506   322.841781   315.252761   525.122353   446.441590   389.697841   241.324394   348.797532   6324.857429   1651.591451   
49.100000   529.558514   374.902325   487.781554   320.619291   418.196523   326.676905   482.523678   402.476292   781.991191   791.122948   191.923451   376.735796   293.037786   265.383527   729.079397   857.676834   287.629882   500.235231   396.600427   1566.339823   782.520196   302.679123   524.063685   459.350355   387.591509   323.093595   314.457023   524.072219   445.567319   390.515736   240.971173   348.051268   6313.700087   1648.655402   
49.200000   527.613292   374.345340   486.246645   320.619887   416.497448   326.474391   481.417120   401.608143   780.595831   789.110835   193.931518   376.555060   290.846556   265.109418   727.356930   856.504475   286.413745   500.573270   395.823943   1563.951726   780.409354   302.039754   524.037877   458.330412   386.458927   321.271396   313.747981   523.150444   445.042614   389.503196   240.582429   347.118516   6303.012352   1645.546473   
49.300000   527.515321   373.591312   485.104596   320.150776   415.585029   325.344167   482.398314   401.253583   779.560264   787.252757   192.258546   375.718405   290.685940   263.865894   726.255992   854.505323   286.048458   498.237083   395.658981   1563.176055   779.577875   301.726563   523.164413   456.913712   386.588172   320.437247   312.892313   522.628345   444.778890   388.175161   239.147598   346.648716   6292.674999   1642.745351   
49.400000   526.559576   373.269031   484.774379   318.926691   414.795072   324.605303   480.734821   400.648348   778.164553   786.393585   195.177962   374.582373   291.412862   264.400723   725.460240   852.413352   285.904466   497.441929   394.434875   1563.949915   777.385449   301.099479   521.614270   456.601092   384.725348   319.052026   312.371870   521.593189   442.752877   387.160675   239.802244   345.979608   6282.777997   1640.132756   
49.500000   524.821781   372.210338   485.328466   318.690801   414.472631   324.131176   478.589540   400.123450   776.879213   784.639271   192.064748   373.797797   290.237346   263.741513   723.754802   851.311905   284.624522   496.031281   394.484993   1565.637042   776.725699   299.680722   520.127551   455.402203   384.700766   318.796721   312.548719   520.191884   442.319749   386.671158   240.278514   345.756936   6273.161624   1637.118635   
49.600000   524.330802   372.304947   482.855937   317.254779   413.501744   323.351346   478.805853   399.063977   775.453775   783.094393   191.202114   373.625105   289.098604   262.781331   722.815270   849.891371   284.375431   495.147294   393.497684   1570.999916   775.991536   300.425116   520.404236   455.026093   385.156663   320.071435   312.164106   519.346167   441.655218   386.900144   241.134327   344.925835   6265.283416   1634.039561   
49.700000   524.851864   371.125308   482.321230   317.033070   414.619941   323.366752   476.875006   398.248399   773.962052   781.790441   192.549834   373.562193   288.928314   263.600648   721.854896   848.351265   284.156781   494.361180   392.933322   1586.346952   774.237487   299.206984   518.840282   454.447677   385.984592   318.704164   311.310114   518.374663   441.022345   385.933807   240.016017   345.192940   6260.630147   1631.695218   
49.800000   523.661132   370.712760   481.612347   316.743400   413.999093   322.342516   475.785431   397.992017   772.026328   780.676051   193.104802   372.608332   289.198383   264.928524   720.281600   846.862521   284.088239   493.492471   392.044400   1628.259085   774.252380   298.797350   517.846300   453.440385   382.951071   318.375131   310.926746   517.606025   439.780220   386.124506   241.788946   344.576143   6275.541955   1628.413499   
49.900000   522.053019   369.426211   481.497272   318.531549   413.970355   322.881221   475.008139   399.120392   771.745835   780.565391   193.405013   373.100844   288.818737   263.728988   718.902022   845.956017   284.152471   493.348678   391.468947   1795.606134   771.249196   300.499511   517.955459   453.169931   382.883626   320.089413   309.682976   516.418910   440.406522   385.557840   237.418676   343.489827   6310.574923   1625.760611   
50.000000   576.892227   380.670847   512.085077   637.914855   500.981115   512.867761   578.426086   548.936200   811.247720   943.233938   380.722477   582.471168   454.546890   438.081670   727.295227   890.294128   420.931855   638.027194   405.608255   15932.466364   871.670446   518.497413   601.468077   567.306143   449.667803   598.817459   373.878538   549.095813   467.529039   451.645168   240.202327   398.479060   18853.740650   1628.961914   
50.100000   520.724919   368.165668   479.073626   319.191990   410.462921   322.836395   473.923657   397.523950   768.231345   778.364727   194.442869   372.188320   288.992302   263.949224   716.547076   842.787420   284.027408   493.101642   391.669255   1883.283295   769.169623   299.597259   515.676747   451.632906   381.519013   319.594364   308.885210   515.939279   437.924188   383.849389   237.480133   342.467993   6326.866675   1619.932350   
50.200000   518.818391   369.028340   478.119946   314.388252   411.234267   320.837643   473.156152   395.229543   766.933393   775.452413   190.547789   370.386186   287.885735   261.684140   715.207584   840.998688   283.764967   490.753876   391.300641   1632.327338   767.825128   297.997616   514.158140   450.317780   380.027728   316.780926   308.209275   514.064864   437.274628   383.983773   236.946013   341.583030   6237.913997   1617.081607   
50.300000   518.072493   366.834557   479.285945   313.384691   409.785337   320.417519   471.938031   395.076884   765.759760   774.193072   189.096775   369.115870   287.332536   261.357303   713.883589   839.559439   279.893331   489.233154   388.279353   1573.539880   765.592856   297.371525   513.118348   448.919855   379.962183   313.969654   310.059496   512.693041   436.201706   382.498100   236.241172   341.432595   6196.986435   1614.347856   
50.400000   516.008507   366.168246   477.536892   313.854877   408.041686   318.934590   471.012738   394.126819   763.708151   772.193453   189.057233   368.768713   286.055663   259.622695   712.663255   837.880891   281.216397   488.251663   386.852536   1553.176905   764.500872   295.697357   512.166434   448.124312   378.490762   314.569352   308.280064   511.634798   436.308749   381.296033   234.958277   339.583722   6180.598184   1611.401716   
50.500000   516.580247   367.206015   475.981726   312.794533   408.536609   318.332142   470.406430   392.290117   762.804011   770.924848   190.882864   369.428931   285.458814   259.527992   711.554545   836.373411   279.370874   488.658258   386.129326   1540.475178   763.339830   295.324070   511.267697   447.674798   377.451423   313.570590   306.961200   510.880194   434.535977   381.580435   236.483840   339.755925   6166.390851   1608.774577   
50.600000   516.582708   365.169793   476.015599   312.099758   406.577681   317.930252   469.710584   391.607062   761.477071   769.729632   193.126160   366.898967   286.349611   258.480352   710.611363   835.451263   281.069306   486.224367   386.701634   1532.763139   762.392194   294.400327   510.742942   446.857776   376.495457   312.884073   306.440359   510.542888   433.697501   381.303510   236.081689   339.073729   6154.027940   1606.289435   
50.700000   515.958199   364.911456   474.344757   312.190311   406.443383   317.476568   468.321106   391.527915   760.840722   768.093014   186.821963   367.536510   283.460679   259.645538   708.666497   833.562590   278.409708   485.600713   386.872766   1526.629995   760.586621   293.698771   509.624748   445.563906   377.041053   312.602214   305.724798   509.076215   433.402482   378.290565   234.214056   338.315959   6142.435877   1603.433168   
50.800000   513.400158   364.506717   473.785750   310.640065   405.445229   316.440994   467.449901   391.022162   759.450205   766.934051   188.040272   366.029758   283.363459   258.372396   708.086701   832.263710   278.924457   485.175260   384.984716   1521.588695   758.681443   293.372890   508.611780   444.534642   376.550642   312.164220   304.287397   508.409950   432.404681   378.921073   234.848520   338.152166   6131.217117   1600.459856   
50.900000   511.877939   363.428657   472.231428   310.680772   404.400600   316.560602   467.314356   389.558362   758.373861   765.890832   187.689473   365.917277   283.252074   257.236597   706.734730   830.773780   277.962909   484.020718   384.569781   1517.570761   757.347896   292.797147   507.657758   444.418574   374.799667   312.233457   304.424748   507.837432   431.568045   377.082278   234.155838   336.875510   6120.091955   1598.078797   
51.000000   512.244253   362.693746   470.901084   309.744168   405.495503   315.793641   466.730484   388.935173   756.212064   764.652507   186.638232   365.160743   282.171591   257.076993   705.986378   829.440420   277.431399   483.470264   383.488177   1514.214140   756.338953   292.806083   507.464075   444.196428   375.367915   310.300514   303.805515   506.489242   430.917664   376.061595   233.280304   336.531024   6109.559922   1595.294869   
51.100000   510.547475   362.205793   471.659854   310.211709   404.279265   315.045935   465.374781   389.051577   755.621414   762.978969   188.019950   364.881586   281.623202   258.029841   704.538264   827.970196   277.811196   482.902543   384.059126   1510.723160   755.068512   292.817025   506.521542   442.971240   374.226886   310.105075   304.375825   505.573934   429.883668   376.209875   234.436442   335.984148   6099.356408   1592.670828   
51.200000   510.730463   361.979771   472.041494   308.874441   403.467296   315.618832   465.973643   387.889583   754.649588   762.316128   191.858788   364.575813   281.213321   257.585520   703.824553   826.883885   277.640257   481.622871   384.245743   1507.772988   754.405062   291.896992   505.627343   442.223314   373.928682   310.905595   304.508842   505.265228   429.545624   377.241658   234.474938   336.114722   6089.030999   1589.897846   
51.300000   509.017658   361.163813   470.107668   307.488460   402.716515   313.637533   463.719603   387.016702   752.860541   760.774381   184.712270   363.973480   280.597664   256.108372   702.551243   825.980454   276.458419   480.858443   381.282740   1504.792465   753.172347   291.123752   504.786000   441.607657   371.600662   310.198906   302.151855   503.822421   428.255461   374.893587   232.501672   334.886175   6078.671710   1587.198041   
51.400000   508.514418   360.918559   468.497547   308.365329   401.334036   313.424553   464.300670   386.807532   751.131933   759.466771   186.268038   363.407381   280.186403   256.333954   700.885483   823.975635   275.616645   479.581087   382.936252   1502.328251   752.865978   290.864002   504.890699   440.615000   372.740075   309.198759   302.382509   503.314907   427.551405   377.984478   234.013141   334.818709   6068.526233   1584.306870   
51.500000   509.299454   360.259056   467.269359   307.679743   400.785855   313.086916   462.400915   386.398056   749.801574   758.016673   185.625609   362.026264   281.607964   254.836758   699.600437   823.219566   275.804104   480.271634   381.702377   1499.208947   751.663915   291.076966   503.672024   439.855272   371.904753   308.952906   301.406832   501.945965   426.681102   373.416258   230.865609   334.095067   6058.086718   1582.008046   
51.600000   507.524927   359.987990   466.919527   307.211443   402.308256   311.745304   462.208554   385.882467   748.706707   756.858820   186.565072   361.418418   280.164978   254.409279   698.819937   821.119315   275.799611   478.561442   379.063102   1496.505110   749.445350   290.102848   502.195012   439.312122   371.609218   307.727572   300.875262   501.826783   426.456868   373.363028   232.984656   333.567287   6048.077796   1579.487260   
51.700000   506.105592   358.871995   466.493914   306.281063   400.550513   313.451373   460.238665   385.131309   747.970633   755.451708   185.731709   361.076173   280.796678   254.599077   697.453055   820.199861   274.122020   478.899385   378.712861   1494.061190   747.810976   289.441435   501.336022   438.628856   369.980907   309.195094   300.322231   500.403299   425.844963   372.694085   231.933814   332.471069   6037.874129   1576.799479   
51.800000   505.533279   358.058237   464.853924   305.673669   399.504938   311.616059   460.053667   383.997912   747.074347   753.974697   184.338420   360.756148   278.433301   255.521726   697.025581   819.148556   274.282753   477.354483   378.636003   1490.890184   746.374532   289.196812   500.805854   437.688451   370.863402   307.796419   299.882110   499.589944   425.353004   372.992785   231.409439   331.976139   6027.837571   1574.177461   
51.900000   505.652505   358.374398   464.712030   304.696219   398.749284   311.357068   460.339800   383.504225   747.462246   752.930928   183.398693   359.770275   283.838666   254.368556   695.872277   817.513618   273.950833   476.154579   377.426753   1489.124320   746.059987   288.665944   499.815220   437.034939   370.718230   311.505351   299.487571   499.200349   424.327781   371.715879   231.684000   332.304109   6019.121627   1571.757227   
52.000000   504.315892   358.256037   464.407538   303.850866   397.918365   310.090105   462.089319   383.786830   744.185119   751.823566   183.205777   359.115549   279.897736   254.343726   694.958320   816.464841   274.162465   475.532504   378.115984   1487.311697   744.344467   289.768212   499.281801   437.843113   370.072767   309.361409   299.830152   498.941944   423.261903   372.223546   232.681707   331.634296   6008.264734   1569.081759   
52.100000   502.788898   358.703521   464.022408   305.260688   399.675754   309.860958   461.598824   383.467858   743.662680   750.241284   183.875037   358.767141   280.669196   257.405933   692.823558   814.654222   273.958306   475.275594   376.752540   1484.250510   742.545399   288.493437   498.549788   435.823093   370.179184   307.866466   299.116951   497.695461   422.295800   370.171037   230.090440   330.961269   5999.060042   1566.417527   
52.200000   503.352741   357.402931   464.390499   304.124139   397.127475   308.922160   459.585061   382.394787   742.040675   749.210153   186.084320   358.114671   282.000934   253.203735   693.720090   813.596335   274.192975   474.123236   376.340256   1481.343415   742.223467   287.006794   496.988895   435.498652   371.352177   310.414506   299.010191   496.990185   421.306941   369.819868   232.438611   330.564754   5988.550767   1564.046787   
52.300000   503.013845   357.417709   463.425453   303.998907   396.074346   309.025572   460.430697   383.060820   741.867680   747.964491   181.768795   358.070686   281.015137   254.858476   692.306677   812.517821   273.345086   473.693562   376.535988   1478.723418   741.040647   288.170243   496.557251   434.748108   367.984503   308.658558   297.940213   495.750964   421.343122   369.800048   229.057416   329.772266   5979.391428   1560.995909   
52.400000   500.800442   357.322809   462.395102   303.325822   396.376678   308.610428   459.841054   381.650635   740.072494   747.373722   182.659836   359.964312   280.097496   255.766464   691.425283   811.074309   273.968144   472.591161   374.672993   1476.643677   740.956349   286.090474   496.324294   433.611933   369.451706   309.372266   297.700737   495.187455   420.475406   370.050078   230.138746   329.561592   5969.204372   1558.601680   
52.500000   499.660855   356.635872   461.096204   302.728790   395.899943   308.702786   458.424272   380.616499   738.578232   746.078842   183.814297   359.526449   281.400485   252.366197   690.638592   810.013791   273.496080   471.412715   376.981825   1474.746095   738.269540   286.290689   495.912684   434.610586   366.673436   309.726014   298.045558   494.626292   419.453802   370.339752   228.523600   329.365401   5959.595558   1556.829913   
52.600000   500.300216   357.331528   460.550509   301.338128   395.222388   308.225513   456.808622   379.689271   738.426823   744.954893   185.001664   356.409537   285.701103   253.412265   688.790174   808.209089   272.863945   470.842595   374.601416   1473.503694   738.132995   286.506396   495.498037   434.150885   369.921871   309.000500   297.246353   492.974898   419.423670   369.457532   229.343039   329.113428   5949.934686   1553.925759   
52.700000   502.674142   357.592510   462.214133   302.887432   399.392651   309.617959   466.313165   379.960875   740.382843   743.585542   186.012782   357.750790   285.494260   255.159020   688.291449   807.272087   278.033298   470.000671   378.018179   1469.832968   737.495129   285.776754   494.129553   432.384377   378.778981   306.549538   297.235043   493.869203   419.623752   369.935759   236.248353   330.753376   5942.138434   1551.856990   
52.800000   499.884944   357.256520   460.164911   303.191657   396.227177   308.112382   460.781894   380.040941   737.302576   743.573331   183.351087   359.068675   285.960815   255.584274   686.663195   805.653694   274.071606   469.977271   374.661472   1470.249408   735.475587   286.594017   493.299304   431.284446   372.375174   307.095525   296.497462   492.383581   418.530403   367.780234   231.932509   329.655881   5930.928512   1549.313518   
52.900000   499.703238   355.717914   459.519037   302.030529   395.422750   309.163692   458.254811   378.251837   736.714985   742.288708   185.544469   355.436486   281.338021   257.232220   687.790190   804.748535   274.203442   469.523272   375.610602   1467.176153   735.210739   286.846696   493.216259   430.427455   371.782500   312.164172   296.991135   491.025773   417.330652   368.625931   229.990865   328.250468   5922.622207   1547.321691   
53.000000   500.552047   357.947585   460.223065   303.060614   398.682561   305.328453   462.809713   381.693412   737.029429   740.870264   185.091821   354.176269   283.788941   254.975544   687.886545   803.522305   276.060783   470.364871   372.774762   1463.957189   733.758938   285.348260   492.937382   431.843254   374.697769   317.751551   296.465939   491.641602   417.970318   368.654124   235.108834   329.036215   5911.756449   1544.281965   
53.100000   498.507751   358.858808   458.535222   301.918148   395.028014   305.800902   461.770264   380.474545   735.254336   739.941612   184.221051   354.373421   284.170397   254.110939   686.668624   802.508313   276.795461   467.971762   373.628527   1465.388622   732.885532   285.691021   493.682419   430.801355   376.251831   309.858798   296.419078   490.109562   418.950548   369.450028   229.335841   329.440645   5903.427726   1542.109933   
53.200000   502.603383   359.212581   461.669082   303.614758   396.926275   308.767050   460.580997   387.829868   737.706126   739.745385   187.233421   354.724624   286.486425   258.589627   685.427192   801.869888   282.002889   468.970886   373.318871   1465.228628   732.064328   284.512899   493.387802   431.380085   370.415117   307.189448   295.975536   491.080893   422.197894   368.558397   233.165112   328.131153   5894.411371   1540.856804   
53.300000   504.406018   357.915737   459.154691   302.592491   396.470320   311.883069   459.025663   390.719168   733.642260   739.441023   186.301140   354.890922   291.848291   260.895075   685.443307   799.992033   282.139144   467.671591   372.966871   1458.793443   731.473823   284.241303   492.288139   433.691553   374.408944   315.763144   294.961545   489.028208   419.737795   371.179520   236.647039   330.155636   5884.801867   1536.430688   
53.400000   496.655611   354.518524   459.531475   300.515545   395.654692   307.863007   457.479948   388.379528   740.194750   737.335755   182.046437   353.243074   293.211096   258.441691   685.323466   799.638256   276.766573   467.684184   374.319900   1457.064001   729.574117   285.326078   490.915796   430.635627   374.245911   313.141668   296.071792   488.460547   415.668066   366.289481   235.337345   326.591139   5874.868210   1535.644527   
53.500000   503.257030   361.781854   457.001813   300.884533   394.730278   304.853358   453.982545   382.716731   734.987478   736.178714   186.010403   354.905512   291.758666   262.021066   680.432485   799.341297   277.643864   466.388909   373.540863   1453.822160   727.873075   285.005932   489.632851   426.952381   367.085296   308.853881   298.699924   489.462799   414.433423   364.139076   236.249455   325.947871   5868.310475   1532.617775   
53.600000   499.069237   356.636062   456.906363   302.815228   390.672764   307.044905   453.722027   380.162268   731.301795   734.403927   184.087890   354.815093   291.060063   256.445126   678.054349   797.394951   278.597289   465.337740   370.162189   1453.410943   727.769476   284.921226   489.885729   428.670844   369.066496   315.859159   294.281504   487.531341   413.832709   363.966909   232.237251   325.454124   5856.824194   1529.993722   
53.700000   501.765832   365.286125   458.796668   299.967281   392.341319   307.683997   453.285790   382.802910   730.449118   734.720659   188.351499   355.988461   305.165674   266.873936   679.534870   796.057303   289.028248   466.631302   371.415726   1449.531583   727.150247   290.956162   488.216676   426.152618   369.428983   320.226492   294.432872   486.958824   416.327061   367.680905   230.930229   324.937478   5846.968087   1528.769189   
53.800000   496.140806   379.729138   454.287378   299.722445   391.556772   305.049840   452.917866   388.971546   730.396215   734.081241   182.502207   360.064624   300.127942   270.180328   682.374444   794.985621   278.959636   462.617442   368.236792   1453.813752   726.304403   285.625356   488.165296   426.583960   375.122132   330.864302   296.036458   485.544980   412.980625   362.268600   233.361924   324.415857   5841.909366   1526.036993   
53.900000   507.733829   375.399053   461.559136   303.347245   404.811995   303.949506   469.532352   377.800529   742.477278   733.658728   192.395926   361.201947   310.402461   271.106673   677.567605   793.989133   303.853918   465.474325   378.639691   1454.605310   730.873749   286.524124   488.801173   425.658112   385.707409   329.837173   297.742727   486.817243   413.974002   373.129927   244.851509   330.128259   5833.405013   1525.677566   
54.000000   511.323988   369.530485   459.621957   300.305478   401.825755   305.310336   479.074444   381.076067   743.846748   731.797824   195.508468   357.076064   322.345135   306.139476   679.291380   791.758314   294.857865   463.890270   381.330677   1456.808053   730.734129   288.685510   486.651383   425.243387   391.692311   337.840790   302.993146   486.613026   413.121349   371.616377   257.782772   330.754361   5821.720481   1523.038106   
54.100000   502.391050   364.329392   461.022935   305.903553   399.038327   308.795041   471.871518   391.052046   738.614508   731.297976   191.503251   358.798793   305.726241   280.882728   678.820141   790.587339   305.962613   464.447699   376.622885   1445.008365   727.293215   291.218497   491.212734   426.683583   379.867239   345.817604   295.303672   487.297803   415.209109   366.558579   245.272640   325.928828   5810.629830   1519.742887   
54.200000   517.078597   373.989012   467.280920   314.311898   400.978830   312.087377   485.287856   398.543819   755.702135   732.069773   205.010538   364.935062   302.088589   277.759277   677.388517   789.963465   327.469105   466.682620   393.814326   1438.055563   734.145252   293.126037   495.892973   430.555740   390.160054   351.173079   304.737308   487.716020   416.077690   371.964713   254.764120   340.718399   5803.402683   1517.429064   
54.300000   511.010497   372.522187   458.109522   305.989714   394.227776   313.705023   479.142456   406.875193   745.001917   733.057690   193.369568   358.100385   311.652285   293.481623   677.648595   789.340331   314.935298   470.122832   379.605832   1434.754561   729.074037   286.340558   490.645889   430.849502   372.019406   360.878363   293.788344   485.985947   415.419408   365.945368   245.773478   325.011659   5795.373064   1514.966874   
54.400000   507.345667   367.473372   466.314237   303.317001   402.492941   311.031011   477.710265   411.071378   740.963889   730.957096   191.327084   358.313877   309.182534   283.268459   690.135625   787.056714   315.045673   466.666285   375.818168   1438.587697   726.582061   289.287858   493.415833   431.542186   377.871373   415.653546   297.314586   486.092451   413.667816   368.141876   237.954455   327.558539   5789.976335   1512.567316   
54.500000   519.999559   392.269975   468.520039   312.233673   405.185433   316.803675   474.110852   409.566317   743.843488   733.128376   209.868197   356.865018   323.313041   299.653359   679.231921   789.307423   340.046745   472.174604   385.282181   1442.797021   728.397370   284.576254   499.629579   433.639551   383.634817   357.616468   300.322743   487.479495   419.465611   379.456929   260.362021   325.709694   5781.712297   1510.929726   
54.600000   526.756705   385.518970   474.834183   304.982370   407.786107   312.592310   484.136176   411.355303   743.219580   728.264847   203.260922   356.064823   296.400022   310.467493   681.530792   786.104310   328.114412   467.617390   391.408597   1435.128143   733.853378   290.218071   490.533623   435.268726   385.823402   363.233632   302.997422   491.196654   417.260853   377.560354   256.897928   329.188631   5773.255451   1509.078727   
54.700000   524.557157   395.227193   486.406540   316.394260   431.663584   316.588387   494.794268   407.790225   766.009930   730.952314   219.962362   366.966819   325.533302   298.291396   684.938346   784.313668   347.378140   473.774141   402.353927   1436.865065   737.211342   287.184333   491.576289   433.092792   406.286153   396.926588   301.529123   487.080654   417.507243   392.946770   255.761187   334.743174   5766.462934   1509.516861   
54.800000   541.246148   427.087659   495.491505   323.843847   419.501702   326.556829   491.649733   425.525258   757.175494   730.880137   216.177285   366.644597   355.305221   304.968319   684.514304   786.415778   382.658476   478.741895   398.665314   1441.911447   734.304282   291.984916   495.234933   435.876966   402.819891   344.790710   302.739769   491.180509   422.552756   389.939282   275.209853   337.145713   5757.929988   1503.072960   
54.900000   536.754717   440.981600   483.099446   318.934810   418.484079   328.018444   482.461795   427.116252   732.961972   735.727305   214.697188   383.980837   333.949724   308.739046   684.686778   792.003050   359.562326   477.362301   392.662610   1437.641434   734.812638   296.494234   497.861595   439.023879   403.376058   338.111845   311.524533   497.516570   419.357062   384.071047   277.211009   337.605649   5743.044738   1501.905253   
55.000000   545.041301   424.690790   496.191112   324.863859   420.539379   327.793121   492.600239   436.034667   742.640597   736.458169   228.715662   369.505574   330.526382   304.237338   680.742258   803.990870   360.577076   487.981250   405.886829   1447.329912   730.923048   298.317310   494.266476   445.787430   423.418600   342.954758   311.554537   501.292280   425.521918   403.299085   303.410493   331.289073   5740.168325   1503.208340   
55.100000   525.508029   437.323591   461.529479   320.941258   406.286475   324.415933   483.786189   434.742674   721.615543   725.215198   199.297997   365.656446   352.363722   283.835770   689.267835   795.340789   359.243620   483.014490   389.090417   1434.243414   724.116138   308.887749   499.788969   436.120843   407.073258   351.467210   313.909365   491.880879   423.580341   384.142400   257.018397   329.862533   5727.703622   1498.346304   
55.200000   531.412238   401.854446   471.902426   335.847178   430.341402   343.799115   477.990180   442.374566   728.364224   730.581589   214.540697   374.420820   329.524695   307.160754   688.332646   792.519147   336.140737   492.508187   404.975605   1439.574065   725.310794   308.558224   506.355904   445.940005   421.421492   350.481426   319.768736   495.022460   440.024710   399.265650   275.214055   350.494244   5722.303271   1501.215287   
55.300000   561.127571   395.030494   499.580293   316.163106   430.568992   318.487293   484.032787   429.645770   726.317002   725.435584   221.759742   373.037629   384.679736   303.723509   702.073827   787.297409   357.267369   467.424643   398.595555   1429.489111   726.720257   310.269086   492.794211   428.629677   423.197952   404.771506   313.136906   485.198700   419.810545   405.535596   317.365417   352.116312   5712.139295   1498.675372   
55.400000   529.297748   387.375782   463.763930   309.080845   398.267813   317.597175   448.912169   411.811950   718.879475   729.052177   215.569290   360.006483   448.982834   337.313379   714.567484   804.893256   318.764345   465.261945   376.978478   1450.077923   716.907303   330.921831   489.849105   429.413786   370.678724   411.006301   307.159093   485.546946   409.613082   374.162793   284.292627   327.799251   5708.046007   1503.242264   
55.500000   542.802608   442.666381   484.970894   347.122704   417.212798   346.978247   473.796692   433.479363   737.101554   733.516253   209.885425   382.874327   372.701214   373.992193   706.497405   798.449582   381.800666   490.493935   394.968921   1429.328680   725.187381   339.272161   509.845856   443.712792   387.227008   383.230470   325.454284   506.468105   431.043442   392.672390   286.600335   335.323774   5691.480315   1500.504737   
55.600000   571.286894   465.563100   478.376270   334.125728   430.183121   331.417411   479.053438   415.959190   745.579826   731.000564   207.112517   382.550764   374.747295   389.172888   695.247505   800.060299   446.971637   489.932213   394.737207   1428.280819   728.628979   320.202053   514.707445   446.849876   386.330038   468.409912   326.378769   489.737697   420.884508   387.348929   276.012155   356.486065   5688.283483   1488.597590   
55.700000   575.966176   465.903431   536.404297   342.453018   485.335579   348.844228   503.700379   439.367546   758.405612   726.361278   256.711800   395.468416   435.002318   356.242958   739.604623   796.067780   379.785513   490.451730   438.103281   1423.303011   734.524961   314.020666   517.845390   447.067632   468.271095   483.479735   320.855360   497.311547   437.058108   446.740955   366.075587   350.069654   5684.289292   1493.730910   
55.800000   557.563002   546.873184   507.350126   351.586038   474.180165   349.554214   535.996973   446.395126   809.549516   730.826890   230.997204   412.083422   445.503697   344.708852   740.345929   797.485041   397.845172   480.911036   420.759684   1441.841891   770.059759   324.475035   503.722893   441.842311   464.568833   409.188610   326.493880   501.984647   436.694537   439.002292   317.308181   406.933155   5692.894388   1489.197669   
55.900000   541.380260   556.380061   492.997602   378.374876   475.107782   383.143787   518.737042   474.638399   782.644557   746.299201   228.098368   426.395974   571.841027   390.081670   759.504773   796.931692   437.460890   488.015218   416.584870   1430.844221   747.464466   321.623026   513.934677   456.891197   447.836451   436.376284   349.712118   514.408602   451.376886   435.013324   381.300024   416.858703   5671.215733   1499.441947   
56.000000   552.893243   616.738035   470.649368   386.971909   426.376798   366.286103   471.814119   475.027043   749.559806   749.526598   214.129682   456.846764   631.137686   459.979140   696.531538   795.371333   444.391704   491.797386   379.112162   1443.433711   725.386325   369.673461   523.812981   453.112280   411.935738   438.952972   374.870979   515.454065   440.544037   387.084282   374.134239   359.217033   5657.226282   1505.245442   
56.100000   546.046957   461.989391   471.543413   371.015612   454.561127   372.849982   510.842390   463.405386   762.607910   738.005535   215.067934   382.432506   548.032604   395.761047   727.169737   791.146762   389.884892   501.424450   399.908151   1418.144245   732.111063   359.630964   520.816429   456.454815   450.407507   453.666244   325.356146   522.386451   445.646983   401.203115   327.499377   350.399942   5640.754367   1485.759327   
56.200000   548.665672   548.970421   479.979176   335.060194   474.287410   355.614426   526.376045   456.921198   780.640532   744.613117   226.130787   439.420795   556.724914   509.015623   726.896678   806.494214   428.579070   486.592382   415.431937   1412.136919   729.942431   403.186225   522.226301   452.231590   470.591532   457.336689   370.926095   504.741788   441.458490   428.322037   324.577572   370.175481   5633.136673   1486.689003   
56.300000   569.509593   534.268981   481.226951   323.710695   515.435402   347.481055   523.277970   413.397595   764.969437   730.601719   251.480025   438.915871   632.944097   444.177723   704.467772   798.678666   443.073254   481.589547   428.714445   1417.503408   742.492168   358.133019   504.348086   445.863720   531.613152   534.253370   341.619481   488.667866   436.413204   459.758383   388.379246   380.898803   5624.598673   1478.157697   
56.400000   602.443797   483.211208   536.095446   330.787869   538.191262   326.186223   555.716258   423.095666   820.923955   754.749484   268.638269   416.312625   495.942446   449.008850   713.735508   797.719058   456.684413   481.412003   461.596246   1444.245403   767.168077   363.823952   490.465377   446.101660   516.895516   517.685356   342.271228   483.571072   433.064761   467.530393   384.093297   384.509961   5626.872584   1483.242173   
56.500000   638.906426   476.378981   538.684563   342.879424   523.558181   331.413296   557.856379   391.542570   786.345368   743.036214   325.525064   421.452974   544.151318   547.982586   737.529890   807.156511   513.975979   495.385370   486.893064   1433.805880   757.178741   341.142506   493.083768   451.795981   522.692271   490.874697   350.488643   483.760198   446.354471   481.227502   399.826497   409.960722   5615.798685   1490.672241   
56.600000   662.817224   648.846287   529.794787   382.220781   465.442261   365.780208   482.645296   396.040400   735.913038   741.725487   283.463398   460.827650   730.758040   459.973812   723.431838   782.998714   565.964820   522.262258   411.311763   1426.921185   723.793209   330.982400   513.124726   442.884884   470.980991   620.371125   363.166717   499.327895   456.155268   452.138082   437.039913   343.401984   5607.965620   1478.433467   
56.700000   721.939513   634.859860   532.763126   380.123520   493.441688   352.968512   517.205433   412.268297   760.347661   759.999226   253.373180   468.023523   650.094060   500.919171   740.629715   796.877589   631.519179   536.075439   418.213986   1411.280127   735.387527   408.695448   522.242058   437.806015   520.069293   466.753324   390.646690   503.279820   436.306513   454.890950   343.208945   415.698228   5606.317654   1487.516086   
56.800000   607.004464   678.898198   511.388062   401.104744   454.441915   384.874746   531.382280   407.779857   760.090319   767.314401   249.334729   476.967723   621.122433   628.934125   721.491913   789.493263   538.756296   515.614077   414.779385   1442.508219   758.087881   402.111562   539.971908   453.195605   469.799337   448.469270   379.606735   527.603416   451.187243   429.528510   334.927819   403.308333   5586.460335   1499.089037   
56.900000   654.458607   692.891257   555.271717   453.947575   461.579358   431.753196   493.343512   490.086670   765.950142   772.182536   273.822005   501.933339   521.663116   538.544248   705.491820   794.139638   586.063792   555.876545   409.975444   1431.405021   753.730959   389.314177   577.526231   477.403801   500.596107   479.886121   425.972792   550.594178   492.935343   463.820786   377.256503   401.701895   5589.803443   1474.825607   
57.000000   705.033569   522.992281   526.772086   377.030383   420.606271   403.378503   510.114929   483.444933   789.512686   795.857071   277.114712   456.185758   562.715975   516.060822   730.054501   798.019484   666.957836   524.263228   396.169715   1472.145773   736.282951   433.383682   578.719753   471.708985   416.651028   491.752790   381.748968   525.008460   457.434186   398.197195   358.961269   367.738250   5578.331808   1509.161703   
57.100000   734.891241   534.351465   595.478275   473.522323   552.091130   502.839949   543.471148   569.097217   776.348227   770.865221   354.631025   462.231654   618.585564   580.318619   733.184810   809.716921   609.971427   625.004791   502.575797   1448.074969   753.042160   488.575782   635.677292   534.550844   507.140839   486.164758   448.168200   579.692827   533.196081   510.694382   444.869011   363.169663   5592.872661   1531.633694   
57.200000   817.465917   562.113244   555.428648   399.553727   480.183859   438.212055   540.052909   527.308889   821.259239   767.526703   340.340404   518.852325   601.820916   587.610342   804.849086   815.005755   661.428784   567.564851   423.007832   1417.160443   753.228145   449.267738   589.208419   526.343331   449.368759   667.637323   414.623537   537.808832   506.716074   440.932199   473.064674   448.196360   5569.840176   1498.505475   
57.300000   753.387599   707.743351   579.615165   434.742254   517.528220   431.291989   581.927298   564.341598   866.874918   814.239128   364.119278   499.475475   967.933386   450.149177   742.365339   817.467162   709.776317   578.376303   470.680512   1438.012299   824.283229   450.724705   612.298297   523.229542   561.817692   671.528273   364.513824   548.166707   499.585125   520.635470   529.339524   520.556344   5561.201174   1501.541072   
57.400000   963.243566   744.191285   635.158144   461.413870   554.563218   427.650626   525.894221   530.316707   791.259260   763.665759   431.589613   479.576498   1063.458886   663.383588   785.244625   792.848665   829.678875   604.883602   493.163069   1511.563781   762.596693   450.849750   580.275294   486.282975   577.918816   770.019076   402.691861   538.391841   495.638796   551.981527   538.818378   463.685954   5587.248947   1543.956502   
57.500000   898.806946   687.770052   711.095370   382.743877   601.854446   377.824043   527.121085   464.694303   763.610964   751.573517   445.953107   469.607608   862.401057   812.862802   784.711406   786.118581   828.742372   515.757993   545.271396   1464.116462   777.534889   426.505853   535.764806   456.679337   564.752341   594.636251   428.629518   502.916990   453.479856   582.768259   590.391419   463.005401   5567.412088   1554.462777   
57.600000   818.337666   799.900881   607.109629   466.647572   543.519282   449.899839   482.170700   457.088468   773.783511   792.835843   439.178281   556.787284   711.444118   531.416816   750.119849   833.583477   795.305531   574.949104   537.515106   1538.432156   766.863556   409.925696   538.806678   526.955951   583.982761   703.327940   491.702154   573.752432   547.698611   554.736942   449.521542   501.882791   5551.277541   1529.171238   
57.700000   828.397411   875.841464   593.535812   381.159313   468.057603   379.350136   534.859748   463.173171   774.089435   807.039359   424.974867   571.619520   1018.376693   555.723787   777.285182   821.064127   571.889368   516.625686   445.679050   1459.180314   756.099354   394.186439   518.306389   502.603398   461.661541   679.696010   438.696424   503.248738   475.080044   477.249235   526.703294   468.748744   5555.098089   1486.832202   
57.800000   833.923708   1060.505419   583.160344   456.461048   584.524365   372.174554   645.278619   502.431597   777.807388   825.254770   365.704985   642.870355   1141.819586   766.525399   761.521153   842.502852   732.291905   515.643532   502.761400   1484.368491   740.268007   437.268884   512.765676   496.857323   556.870896   695.392658   443.861732   519.139481   475.177138   529.645294   511.264386   470.260562   5531.200975   1507.189801   
57.900000   875.511474   727.279268   583.204837   443.999487   636.010098   423.550165   720.130712   586.607751   906.497419   808.771079   406.399886   550.923788   831.176634   939.042801   788.633136   813.816499   666.537542   550.142880   472.956369   1493.887372   813.640374   484.836409   571.928625   496.336006   708.073451   712.634206   439.571720   543.214389   495.349806   536.727261   597.558428   439.479685   5555.295608   1558.416401   
58.000000   645.071840   747.724489   575.404721   513.175057   589.860366   483.386804   656.401182   570.032117   883.757888   865.524220   326.065739   573.424800   1150.485592   753.767742   889.938626   831.194315   512.684602   562.156507   455.427431   1429.180112   814.764089   547.965636   591.235797   483.810670   669.441013   989.776459   469.523573   578.194249   494.108884   498.535115   559.351234   504.015852   5514.107767   1559.020398   
58.100000   709.570049   744.259257   634.778801   570.027763   546.108807   520.552056   630.852585   584.136329   838.191835   929.337272   359.884461   536.996192   1107.498968   685.859249   771.840754   830.313263   500.563377   618.415470   498.768161   1449.805537   803.226003   520.633329   582.338496   539.920480   570.250039   953.446741   451.251473   623.260962   569.027804   452.556531   549.463966   507.637419   5498.444802   1618.061823   
58.200000   765.973172   1112.900121   643.103923   619.874348   609.667950   588.827448   674.760506   645.987589   923.193816   920.602897   401.399491   684.619024   1651.724650   891.003021   888.115168   865.303021   616.716602   730.751532   513.160151   1404.359229   817.377947   558.441658   648.774625   662.718690   600.028654   882.461749   595.636258   712.030504   631.094301   477.959263   800.827754   603.222047   5539.381002   1573.495913   
58.300000   942.023603   1051.060925   910.470332   660.234632   972.736182   595.454823   942.969375   520.532263   982.756393   815.508301   463.655952   685.877907   1110.533354   895.805318   835.828990   890.989362   973.102610   786.601513   765.732349   1461.975439   859.994676   580.209847   643.657878   676.529861   893.192734   1045.574208   547.689278   672.361023   688.949228   765.261024   605.939360   567.628061   5498.370802   1612.545898   
58.400000   890.720351   1174.672166   774.436846   639.409940   767.344367   531.072497   907.173050   604.749555   969.253643   831.647075   511.636956   774.861584   1577.267224   1002.137524   758.777155   799.969145   843.657916   765.106382   666.927575   1435.070345   885.731018   531.625624   607.259866   608.472493   855.949422   945.928567   608.739877   670.078000   619.481575   658.272230   655.998046   602.565695   5484.287469   1638.073770   
58.500000   1165.331147   1044.667495   834.078559   705.660568   717.507936   641.421322   712.307449   697.786723   907.140273   893.986450   586.774080   836.071736   1599.551616   870.285609   975.983786   808.817027   1072.506939   801.694725   678.501132   1510.971878   839.231078   535.021278   636.473222   615.847957   816.323559   1099.947709   613.492778   714.044070   686.078670   676.674905   754.933079   534.146262   5487.438102   1567.628970   
58.600000   935.388724   1379.852929   713.593988   788.250972   767.190371   687.238724   722.686902   759.210431   899.647349   1028.503558   464.397573   827.927801   1344.955787   832.076684   1078.159638   810.197011   756.203186   763.116287   614.429010   1611.369242   871.568993   558.444732   694.254042   630.089819   868.624639   996.067909   665.996012   724.835643   668.566506   688.604906   677.791326   555.821793   5475.728306   1538.347497   
58.700000   912.713302   1262.997642   665.670793   758.798305   694.830044   638.173653   775.809194   830.556112   940.157052   1006.209811   387.075720   751.893537   1658.444552   948.736171   1086.046384   890.660902   1027.439289   758.714322   628.206654   1503.566261   839.833569   649.684137   691.969427   648.466602   781.227708   1365.590544   562.923695   697.413958   656.054204   569.998597   708.340537   462.533305   5469.321564   1583.098389   
58.800000   1001.509573   1287.096668   833.474526   721.365823   979.720299   649.886351   986.658377   964.067284   1006.797514   1037.349279   517.384908   668.729887   1347.090780   914.373803   962.692217   920.915804   997.948112   761.479707   797.259079   1512.360291   930.394125   604.584749   812.396023   743.828661   1132.179600   1378.842008   610.098466   731.475558   686.223212   815.269258   662.902471   684.245553   5476.939274   1517.920342   
58.900000   1159.000673   1338.265727   1082.885610   825.177698   1198.786752   750.824369   1205.543680   972.106697   1159.590114   1047.784990   661.212063   873.427622   1490.550042   873.450570   1121.402711   910.495919   1399.113143   908.292168   1000.738824   1515.344248   1079.169828   486.363273   856.038959   873.808773   1225.762235   1299.634748   716.692007   803.114456   804.544446   908.797894   872.864363   643.722976   5465.314009   1599.665208   
59.000000   1086.881090   1521.075289   908.722767   945.031728   897.947599   839.841917   1134.777568   1187.178171   1189.600747   1190.518806   576.829982   885.902127   1712.618892   1058.041733   1296.066396   1107.500894   1277.217743   999.078430   819.719582   1546.405974   1060.559807   654.160157   948.367892   895.755692   984.661949   1075.253039   747.626768   894.309212   813.001561   709.323571   1206.063312   625.580651   5493.179622   1530.906057   
59.100000   1264.289407   1906.615353   838.180838   972.946486   945.592524   902.241866   1192.301587   1223.245243   1253.291950   1202.895202   640.442882   994.542143   1045.444985   1109.995306   1252.530518   1108.674577   1285.197799   948.470586   783.097633   1665.165968   1032.071861   691.591245   1154.560124   992.006340   1117.929757   1352.356834   857.567380   978.914164   825.444611   721.019682   921.309416   644.257262   5486.112918   1554.592513   
59.200000   1063.674512   1244.037606   819.006192   747.004895   934.364321   751.338631   1119.783170   1032.605687   1117.214225   1169.064602   568.453522   782.894986   1697.654282   1317.138117   1484.676499   1036.305232   991.020385   816.116689   731.818210   1664.462542   995.608309   671.238943   927.921512   871.590042   1087.040312   1474.538035   734.526849   841.760000   741.834813   688.402321   782.273709   487.587706   5573.596414   1525.181947   
59.300000   1119.750336   987.521553   779.492783   749.203972   1007.314915   760.771166   1240.645176   1108.348889   1249.372210   1142.053640   543.969823   673.747876   1067.660248   1446.655293   1282.856860   1032.221919   1292.433002   777.990244   731.339084   1792.832825   957.670007   641.624126   929.212745   908.325396   1307.975794   1244.581213   757.268561   786.009346   766.765709   745.085571   861.146896   542.478923   5507.169905   1594.423066   
59.400000   1003.353006   1067.586776   843.351974   653.774202   1072.973088   745.718671   1267.454224   1010.972085   1202.071299   980.108880   443.127470   656.161954   1127.076545   917.544294   1192.353786   928.832829   1048.301463   718.119484   807.103178   1719.562693   952.325842   511.848846   920.792443   850.403840   1387.928899   1302.645667   492.006117   714.645592   661.879680   777.598487   676.356983   455.664188   5505.086725   1526.541426   
59.500000   1096.171148   1272.646518   796.754126   706.221048   1222.521872   631.884896   1365.982200   802.361127   1204.569377   992.474216   445.911500   796.197530   1626.739577   996.508908   1560.280877   922.951616   1159.112592   755.983106   855.731012   1527.017766   939.357411   578.503707   836.739123   765.481929   1487.690369   1686.574650   567.985416   705.418004   639.492241   840.961522   761.085165   602.949960   5421.914065   1592.592390   
59.600000   1195.351927   1316.277541   1066.994797   780.738610   1074.638735   761.837741   1444.634229   807.383280   1334.694713   901.787423   685.613408   802.672930   1665.437645   944.849216   1505.373379   960.994214   1273.480138   780.248195   982.036002   1598.644568   1071.022549   531.852453   904.394645   768.277583   1212.818519   1320.771885   558.118527   797.215625   720.742772   919.218262   1131.434526   753.214283   5471.865100   1572.633665   
59.700000   1039.308638   1420.191466   966.203079   839.068681   1326.519395   779.660798   1606.318238   790.419964   1359.916509   840.357081   441.649163   821.116968   1933.265923   1128.191265   1194.241882   840.319578   1222.377656   863.000534   1040.565057   1554.898129   1108.734590   515.156080   904.438777   924.389750   1665.720141   1673.364858   698.824194   830.607082   764.970039   945.674236   668.984144   643.325034   5424.562287   1714.277971   
59.800000   1344.641893   1016.492382   854.541466   626.130894   939.024490   491.100302   1273.638511   696.165739   1153.268094   1082.672789   621.176213   692.812775   1500.190681   1856.512972   1470.303393   1002.854091   1507.801437   810.558273   776.186888   1624.474876   852.142697   761.248051   596.749297   639.270511   1315.651853   1610.334873   623.295250   602.154029   596.804596   814.789597   902.306253   765.404310   5520.791726   1536.373782   
59.900000   1295.416444   1306.582410   1044.016136   826.287700   1299.883764   687.898634   1592.591948   780.847103   1512.155529   869.740981   707.485723   823.924382   1754.345349   1233.930999   1203.838210   911.728614   1574.092582   805.770314   963.526547   1495.857224   1054.276427   714.423937   739.205757   728.556930   1392.600979   1737.936275   616.501392   709.351108   724.840543   864.311549   954.560858   831.650618   5530.340014   1572.359157   
60.000000   1095.966950   1570.078272   905.258102   847.439473   1089.989711   754.054999   1508.827721   760.619241   1449.110443   1001.933413   401.908764   945.497797   1648.611648   1432.461297   1674.539619   986.543847   1279.565919   898.545781   812.323573   2174.349261   1061.503808   827.478337   742.530669   880.448477   1302.108637   1768.507391   828.767980   762.783942   809.011194   741.567947   978.136537   602.447710   5582.374373   1543.440859   
60.100000   1276.634541   1529.634922   899.280083   965.250740   1056.035164   811.204865   1451.599284   754.631881   1400.154385   1044.282531   559.520191   1010.610120   1785.237992   1855.086459   1809.716056   1122.756854   1112.195484   1037.301080   891.729288   1787.979937   951.800150   1047.120775   714.431760   957.603864   1331.207229   1857.696734   881.363688   887.168449   917.691690   792.461982   734.023335   962.938731   5427.575690   1646.704327   
60.200000   1377.222811   1521.612123   1000.207230   1002.769804   1094.193106   835.303119   1467.867220   839.402996   1279.500702   1039.751221   792.538741   913.271340   1583.888434   1405.430913   1699.618561   1048.730810   1372.654539   1086.091387   854.539096   1898.542435   929.760719   1076.930840   839.193368   1037.219734   1469.513731   1599.667477   846.641596   912.776855   950.992716   801.821304   868.989187   619.822071   5407.692155   1558.123295   
60.300000   1332.416702   1873.003920   1140.073787   863.419655   1229.581263   781.934839   1492.914091   739.710886   1285.287866   923.909873   727.474754   1095.863431   1798.105313   1605.976492   1712.430838   892.506936   1307.308333   1023.087856   1003.059215   1764.153699   985.102966   811.154963   855.327051   922.719462   1466.841235   1284.670245   829.022824   786.598527   951.732514   1029.231709   1112.323660   649.094553   5412.400061   1618.406787   
60.400000   1614.119824   1693.792828   1060.813054   730.731693   897.879392   636.183903   1131.261451   792.147997   1002.638099   884.334884   698.041871   1097.220900   1722.757859   1791.374986   1771.380119   989.838744   1425.823430   838.614431   766.390487   1575.599085   881.484306   837.542094   830.693494   687.476573   1036.940112   1573.339489   886.866580   705.194343   738.816462   791.457656   1183.445384   540.313627   5455.434938   1588.637685   
60.500000   1240.396622   1653.258879   837.368871   1002.107965   858.559143   591.548351   1056.178829   743.815874   1057.265563   871.277158   633.363230   1181.899841   1758.099923   1615.842817   2138.363872   1068.705262   1285.630011   1003.211182   634.555516   1621.053196   955.299810   1072.107863   783.410994   753.958723   1022.890323   1214.688429   966.706173   736.094318   788.117235   707.538269   971.969000   669.975001   5405.891374   1750.603426   
60.600000   1460.094108   1668.333700   999.282100   937.685215   1022.571191   780.666428   1254.291487   719.834146   1273.244247   1114.002449   660.653368   1013.780274   1481.722216   1717.727686   1756.148735   1273.872309   1639.318110   872.901806   972.926291   1617.685068   1073.269242   989.851361   861.009805   829.109161   1251.733822   959.606318   825.729166   796.842930   776.485875   778.730580   1074.439480   704.942573   5376.803400   1823.349835   
60.700000   1650.612105   1333.269177   1253.354087   741.017631   1196.913983   843.126646   1150.184326   874.031459   1282.826869   951.646248   956.102256   717.753929   1250.359556   1369.884359   1974.303822   919.343783   1611.348213   833.377212   1116.923271   1663.142724   1134.399351   771.111835   982.122070   794.928187   1314.123950   1471.294559   656.732436   791.603087   757.648881   1064.227628   1177.424817   746.152515   5437.807697   1805.489622   
60.800000   1521.387486   2333.250115   1213.911769   1216.402330   1263.407656   925.807343   1396.006155   800.606553   1121.850707   868.755938   773.290695   1278.164964   2045.592709   1832.212537   1946.298675   981.315816   2342.661655   1166.699864   1018.012181   1624.512831   1165.296248   878.888808   997.809921   794.961680   1642.275141   1168.661827   1123.734697   985.173473   844.843117   1031.333392   1403.271515   876.717429   5370.908626   1800.368975   
60.900000   1541.177178   1467.353830   958.034532   970.224157   1109.419034   933.295263   1326.551893   841.565902   1211.250426   936.389046   899.940191   1123.832817   1837.044634   1638.914403   2117.795758   1158.076005   1729.054361   1001.948646   958.208269   1672.410024   1081.947791   935.051331   1091.789001   752.125325   1534.638780   1532.185610   906.483537   927.681509   797.794244   887.715408   1269.478606   821.611770   5372.975873   1788.038966   
61.000000   1735.152676   1730.771011   1289.998283   1009.258235   1253.902571   876.363661   1397.645258   854.215895   1235.897309   967.731371   890.922967   1175.003712   1469.486321   1844.224187   1938.763496   962.504283   2122.821037   940.556662   1094.190637   1642.227769   1187.049235   621.361937   1134.771058   765.530746   1499.332013   1682.131364   896.038444   890.277819   813.833461   1165.655494   1577.930020   915.306242   5368.632859   1741.069817   
61.100000   1719.416367   2077.942780   1085.285353   983.312004   1023.992655   814.229012   900.528030   700.220878   990.207102   887.889915   918.915836   1176.037693   2503.792942   1677.148773   1886.444598   934.488916   2127.292880   1055.338895   998.136483   1594.750458   899.337214   641.182484   948.929636   686.193111   1276.669386   1823.822951   807.846503   886.903793   833.242710   1029.097963   1600.427150   667.160954   5377.674419   1849.884877   
61.200000   1980.612090   2402.321302   1291.033840   1084.760674   1438.690489   850.580795   1441.323628   950.317595   1234.770974   906.616923   919.186766   1228.901176   2082.186006   2391.011116   2078.561914   967.643595   1499.863441   1123.735436   1081.372622   1733.812806   1200.366048   1265.959211   1071.108568   1030.844316   1686.383401   1668.280232   1138.282531   914.119606   947.190206   1055.882605   1394.257691   646.824691   5465.796290   1813.594582   
61.300000   1951.030415   1680.619441   1009.606138   887.439119   983.126762   810.148058   1132.111006   895.283314   1244.260167   1047.570505   783.962722   879.641813   2630.904945   2230.704440   1836.422718   1065.974007   1444.215440   936.322584   825.138412   1782.053309   1058.937485   1105.469772   1120.349742   739.654853   1261.052456   1651.784524   853.339881   784.645486   787.102884   797.228485   1686.087874   715.891109   5371.130568   1738.210518   
61.400000   1732.676754   2535.596639   1115.792296   1212.069558   1020.365583   976.741547   950.849967   916.938349   1065.857087   1100.499050   833.105057   1458.923672   2402.708729   1464.199273   2189.538026   1100.092475   1678.597346   938.778938   892.804585   1555.598040   955.890827   1216.881458   1184.568048   903.049067   1159.203976   2317.564766   1250.306228   946.480144   856.978069   851.978206   1339.563556   837.393396   5315.235372   1874.287202   
61.500000   1698.019530   3621.457965   1374.380628   1733.005409   1405.169452   1315.108246   1181.368346   1141.761889   1041.808079   1108.189332   801.024679   1734.078757   1989.851385   1527.926858   1776.027206   1024.092879   1688.932256   1336.033816   1198.574590   1570.113493   1070.585623   1172.279262   1346.425965   1176.185829   1641.660111   2144.535042   1380.965766   1308.011884   1182.730936   979.368359   1188.990222   872.373027   5336.492555   1923.542370   
61.600000   1569.980731   2541.242663   1356.016449   1073.567602   1838.388937   852.630903   1597.428614   1054.446075   1382.305131   1234.093622   948.362962   1372.756267   3012.563322   1542.089016   2247.103875   1149.389886   2243.064252   976.206281   1480.003740   1614.481762   1261.097581   1071.934257   1024.085022   981.278461   2148.297805   1929.656594   1125.858503   916.813240   895.689330   1440.186239   1107.947593   905.089453   5335.227155   1814.662770   
61.700000   1645.436865   2389.320290   1107.338572   1207.177570   1391.239922   932.676200   1151.264567   910.594749   1293.589649   1235.759102   1006.286117   1327.649297   2814.306564   2025.035307   2118.178053   1258.376434   2312.926281   1114.825680   1146.744076   1630.868140   1148.662444   1358.685003   1198.594942   938.432079   1598.128904   2654.194109   1205.736314   931.002211   1069.933985   1166.882200   1464.754315   951.016100   5376.820977   1520.062648   
61.800000   2861.188229   2648.951789   1751.098695   1288.665379   1837.800271   1163.453377   1443.536249   1082.090617   1374.062717   1587.814015   1216.089174   1414.149930   2437.467583   2160.013649   1885.747664   1190.707763   2685.916835   1361.048633   1473.819799   1571.489731   1204.539232   1404.581785   1256.262841   999.321794   2004.884762   1542.722869   1382.790046   1184.253168   1105.300346   1728.655107   1828.525800   1419.181934   5397.257349   1576.991296   
61.900000   2882.230443   2967.591208   2000.395468   1391.453951   1771.934455   1209.181478   1678.720495   1103.643880   1630.558252   1176.658465   1409.080146   1559.146506   2585.757942   2464.836673   1934.433498   1147.523704   3333.283086   1300.415164   1507.350059   1735.178980   1362.827279   1423.530735   1263.946887   1108.681568   2198.698414   1672.560046   1419.745484   1141.961905   949.703953   1727.871985   1951.698311   1400.768572   5284.719926   1766.716914   
62.000000   2897.879374   3625.578532   2101.657030   1469.684633   2197.871287   921.589437   1977.660524   954.023869   1636.716956   1345.637767   1228.955023   1969.899556   1745.813871   2250.113015   1769.282724   1418.750520   3511.272350   1187.280132   1759.499600   1711.298534   1515.548604   1520.394500   976.340128   885.392468   2640.414790   1856.416370   1500.499569   998.768082   903.621944   2080.315446   1787.285138   1506.349789   5273.086334   1668.691216   
62.100000   2305.936711   3508.692165   1874.824715   1637.300967   1801.520619   1055.862408   1611.956956   993.597546   1489.333183   1482.172135   1126.233342   2041.505685   2820.877001   2565.808469   1621.552753   1501.641949   2335.913395   1492.691175   1395.001459   1814.976010   1468.973124   1827.882225   1184.484673   1155.662162   2251.822311   2269.063534   1714.384161   1179.839300   1109.318213   1665.086961   1554.020269   1393.003203   5300.869086   1550.258244   
62.200000   2554.816101   3232.262692   2139.928607   1625.977435   2393.865569   1158.770508   2140.838262   1346.176290   1809.129263   1594.314589   1360.155220   1880.878658   2824.209435   3575.490335   2071.222661   2078.131990   3043.661062   1675.549609   1920.872676   1901.909708   1887.137621   2175.373926   1192.023416   1312.912263   2366.531820   1767.703753   1621.249175   1233.863301   1310.304890   1918.551073   1853.241759   1236.141644   5354.705828   1937.528404   
62.300000   2140.010547   2875.211104   1772.356360   1728.415691   1826.832816   1154.949261   1608.412773   870.491893   1267.377275   1488.039940   1069.362917   1790.908590   2399.872571   2893.586443   2282.424807   1730.770142   2666.158904   1761.869401   1523.294890   1866.421225   1316.221962   2136.120557   1007.046072   1167.031565   2183.613975   2344.044374   1492.839722   1420.430458   1322.598007   1988.070240   1941.550509   1541.942661   5450.922962   1756.257215   
62.400000   3259.174969   2063.191778   1997.550515   1383.088358   1876.907089   1060.908215   1815.497028   1009.883029   1298.636174   1740.283181   1241.894791   1479.895766   2323.411100   3266.553989   2386.146720   1589.548849   3986.853020   1553.118037   1754.432577   1812.726928   1632.378027   1887.841987   1072.820415   1147.584289   2028.136802   2736.031673   1448.849146   1164.739585   1220.504530   1702.537495   1308.304813   1555.750506   5285.497363   1687.718400   
62.500000   2272.329976   2344.395849   1205.029384   1277.601846   1159.052096   1245.211520   1294.801927   1353.484432   1516.701083   1693.378222   1212.869351   1505.325706   2842.463461   2220.735623   2725.224393   1663.913873   1962.660683   1328.752531   1096.849116   1648.580098   1441.542678   1607.586838   1260.223730   973.865593   1454.441050   3448.383484   1141.494427   1207.554407   1138.414868   1199.679868   1697.262306   1344.678228   5389.231962   1837.082618   
62.600000   1551.506880   3143.419699   1325.222185   1552.285109   1383.508277   1427.818356   1405.815189   1324.352706   1426.152156   1517.947334   1187.458627   1439.720224   2977.601718   2922.521895   2146.305652   1346.980098   1936.032053   1506.236167   1325.622970   2098.815874   1315.325840   1682.204212   1321.117762   1267.763451   1701.476665   2573.829393   1274.945288   1319.137564   1358.646393   1638.102145   1713.705654   1531.592076   5420.073600   1777.189341   
62.700000   1886.439281   3630.958465   1624.266341   1884.842132   1191.856505   1619.608028   1281.767065   1563.232898   1472.757782   1595.568508   1193.587656   1907.491082   3242.796127   2738.230123   2679.026857   1489.456029   2819.832860   1792.512378   1254.940537   2009.630308   1348.023182   1906.829163   1592.463018   1460.679244   1564.784711   2943.751524   1745.445134   1559.192546   1561.285963   1454.170521   1412.010796   1517.300040   5275.759829   2065.064987   
62.800000   2111.887110   3604.068799   1879.415889   1889.730906   1750.767654   1614.392112   1765.123769   1601.163986   1857.161573   1495.969026   1187.998348   1985.384052   3364.055752   2506.004350   2019.300678   1601.122964   3115.485283   1989.978091   1666.001671   1903.512195   1744.165231   1818.943497   1677.131411   1530.123278   2036.023820   2117.345904   1761.038065   1591.689596   1547.012157   1881.911411   2117.836762   2187.290618   5327.479799   2424.795673   
62.900000   2357.671109   2622.794901   1605.447073   1455.567199   1537.815401   1459.608842   1317.634652   1374.252747   1298.824450   1319.093603   1245.849801   1655.053962   2756.296659   2945.607047   2296.982294   1383.021427   2376.873768   1548.821674   1295.330779   1857.771027   1238.201226   1460.439783   1499.847229   1421.112916   1536.360966   1814.043645   1389.889003   1333.878033   1340.006913   1544.017153   1989.519662   1500.962032   5246.651876   1824.063501   
63.000000   2313.362365   4135.160184   1550.663870   2011.359771   1943.888308   1833.790662   1615.189411   1904.616108   1266.756273   1441.422677   1204.602373   2323.430064   2504.057593   2272.578629   1678.536760   1407.607647   2651.146895   1995.733088   1485.520201   2289.575948   1107.822668   1729.764567   1757.301929   1802.152718   2193.219168   1386.555653   1810.701503   1649.777044   1810.875818   1691.503216   1691.860377   1317.982133   5421.093258   1746.405470   
63.100000   1788.465400   3516.016557   1535.806900   1604.813309   1691.352219   1350.344901   1209.073368   1573.510054   1317.844687   1278.515888   1428.448743   1739.708069   4084.898319   2365.192917   1866.538971   1106.255316   2270.704174   1421.969939   1318.988119   1754.886268   1540.717752   1173.909562   1385.093574   1203.586099   1512.630623   1779.195641   1590.601238   1279.809733   1210.714980   1575.790554   1893.072045   1497.626973   5313.611061   2021.341069   
63.200000   2501.258440   3724.799717   1977.746464   1953.522614   1695.994816   1889.917647   1313.802353   1935.094289   1410.574210   1527.406404   1493.917311   1958.551941   2372.990184   1948.475640   2643.990897   1323.218957   2970.145367   1791.196541   1454.217383   1858.493422   1393.016787   1188.743179   1912.390146   1548.703003   1819.410783   2006.713479   1497.587424   1647.162975   1611.486151   1814.518733   1919.426362   1490.183942   5263.382085   2118.022623   
63.300000   2899.540576   2795.005901   2192.159999   1764.051088   2042.620497   1758.775443   1668.159942   2013.532021   1741.791310   1697.407576   1793.328083   1486.769412   2660.986081   1676.200181   1674.551920   1458.240888   2821.350901   1825.270895   1867.834075   1949.621419   1520.505194   1248.730887   1818.574385   1685.801174   2353.670289   2103.878324   1425.669047   1560.760457   1595.973452   2418.593231   2333.447042   2036.148080   5236.238154   2301.038837   
63.400000   2935.358656   3575.647041   2743.647575   1999.114908   3144.156247   2012.520167   2325.524407   1954.162155   2057.342997   1583.881532   1719.270294   1818.731194   4131.341898   1810.060889   2541.034034   1372.874198   3469.812667   1935.232292   2601.672392   1944.309200   1863.403230   1104.187298   2049.253608   1957.707873   3381.711780   2228.732016   1370.348252   1777.016918   1750.716810   3132.613251   2517.880146   1976.279989   5285.885549   2127.847629   
63.500000   1790.584602   3245.687575   1621.071975   1591.234400   1801.057733   1687.863087   1923.946925   1688.280636   1776.934517   1521.210265   1193.811804   1821.662995   3647.174406   2248.006092   2058.538682   1584.422330   1936.562306   1628.930793   1310.077440   1830.243251   1271.346533   1465.311848   1709.261284   1711.880884   2168.053740   2369.824550   1295.055983   1532.713520   1504.399777   1866.161589   1659.062290   1422.298524   5240.522561   2039.400497   
63.600000   1955.662442   3443.580891   1780.220515   1756.037709   1734.434654   1690.507073   1843.830936   1984.395201   1870.132222   1544.888179   1296.465763   1619.996389   3006.545240   2130.695633   3072.396448   1543.762841   2467.188888   1665.753975   1526.414455   1930.159935   1613.217309   1236.502882   1825.567983   1633.894932   2090.979303   2382.197939   1408.599587   1530.768815   1516.275927   1924.140868   2200.414188   1850.008909   5270.944704   1843.669272   
63.700000   3485.619242   2701.389699   2564.821066   1358.740974   2701.254826   1478.240816   2852.449099   1577.455211   2762.053426   1358.801368   1688.945581   1238.650657   4123.915946   2591.797322   3090.267547   1254.349365   3107.685775   1579.042729   2291.928294   1900.302023   2455.677978   1653.212705   1504.278101   1425.056145   2934.993009   2323.539149   1136.329148   1249.407539   1287.917123   2339.169833   2234.179548   1932.081480   5323.276655   1895.681414   
63.800000   3754.138238   2102.535299   3119.486159   1573.130646   2575.763136   1506.084789   2438.432488   1570.512954   2261.015861   1066.927059   2064.665091   1110.899022   4084.313361   1934.964509   2920.907399   1146.959256   3338.716484   1830.039695   2245.544055   2039.138371   1610.058770   1167.013064   1402.661514   1491.368271   2494.005968   2642.284199   1076.866586   1415.171953   1430.956638   2379.756559   2761.489282   1210.750143   5489.576019   1863.498343   
63.900000   3012.204205   3058.589833   1766.166872   1766.547263   1858.109023   1789.111865   1719.945159   1958.948091   2113.767954   1298.320899   1360.312279   2169.903248   4183.627284   2057.264200   1957.567034   1509.655228   2814.594654   1792.225391   1413.839684   2118.511829   1568.127351   1000.337298   1597.720653   1693.533618   2004.704110   3304.153678   1953.469706   1589.296426   1701.630413   1532.111919   1592.950769   1587.043919   5238.751239   2012.288804   
64.000000   3307.105467   3137.810019   2636.008936   1611.558242   2695.683817   1439.178112   2342.260733   1208.370200   2288.299212   1254.269381   1606.197813   1850.388791   4307.643545   1744.494820   1918.390706   1640.360654   3401.372977   1424.680934   2117.732700   2438.764543   1751.283808   844.425740   1418.342786   1442.328182   2984.887295   3237.139719   1371.144442   1375.029745   1385.610401   2514.948566   2136.415211   1782.309022   5199.200082   2037.745358   
64.100000   3095.513346   2835.456161   2780.102601   1542.551752   2707.345753   1144.231771   2353.244117   1215.014947   2514.296194   1475.632019   1669.511140   1792.121773   3507.227968   2435.954629   2716.601488   1554.264119   2648.746744   1474.402160   2151.273108   1871.638389   1976.507270   1242.797881   1273.214792   1220.865796   2772.027897   2935.903314   1261.932088   1315.598340   1199.462985   2462.333162   2134.938045   1632.012763   5319.022090   2033.605834   
64.200000   3819.237967   3571.114592   2880.988213   1396.193947   2500.665597   1296.010619   2285.052704   1297.156757   2854.614765   1558.790950   1939.897915   1907.864235   4202.088270   2537.664371   2517.606906   1534.148078   2785.722495   1461.555353   2239.923889   1602.838953   2143.903814   1393.697566   1262.169649   1128.705945   2440.012048   2721.331600   1122.666153   1288.867765   1268.986747   2669.782605   2912.082962   2062.759187   5183.430525   1813.159045   
64.300000   3430.808490   3300.659519   2123.817399   1704.871321   1622.362511   1234.080031   1922.453130   1085.573492   2336.859810   1342.859665   1901.011323   2066.235382   4359.954932   1698.316335   2050.971673   1374.932999   3754.468459   1794.725176   1426.071162   1780.562793   1327.419110   1651.965557   1147.817192   1185.180332   1686.545828   3205.608117   1561.639602   1291.030355   1301.966007   1630.849723   1908.238192   1319.624933   5180.263630   2406.422603   
64.400000   3018.224922   2963.244280   1960.223387   1568.846949   1682.066836   1179.904904   1720.167964   1477.065457   1990.736554   1498.447473   1462.490019   1549.447984   4186.577883   3083.742786   2014.746558   1722.670074   3491.744939   1454.119312   1381.792318   1858.811951   1448.372829   2206.939598   1390.422798   1274.756462   1929.067802   2885.050268   1239.894990   1267.399512   1203.223101   1694.198707   1896.146974   1467.052973   5179.952510   2523.458051   
64.500000   2458.967637   4652.959692   2387.175083   1966.482967   2058.740901   1334.610486   1982.624270   1736.587770   2191.420902   1812.894742   1494.725443   2512.888746   4525.662103   3039.893490   1648.428936   1750.313162   4848.621275   1777.423156   1924.413079   2034.027497   1809.794161   2247.781597   1494.563824   1208.933268   2136.224359   2759.292969   1802.674625   1364.873039   1304.241186   2135.498091   2143.517650   1549.024235   5289.065647   2175.266378   
64.600000   3442.381064   3712.484722   2378.197879   1948.734680   1889.819326   1354.706327   1837.397126   1307.940435   1865.757584   1582.056492   2002.507433   2023.939481   4667.165684   3120.574223   2649.252950   1889.054488   3898.996219   2008.503082   1737.262328   1928.482256   1552.769541   2251.510388   907.828917   1278.102580   1958.643036   2763.602441   1605.507129   1722.719561   1605.862083   1895.502021   2573.970090   1336.354489   5239.709399   2392.550859   
64.700000   2856.901995   2867.144829   2642.308173   1270.954777   2587.961745   875.285671   1966.728384   1345.805496   1781.473319   1631.622129   1614.596957   1646.479011   4531.811846   2631.675821   2148.979283   1789.850088   3416.865934   1419.512128   1908.228137   1809.257949   1384.426894   1890.124988   915.061951   1022.806681   2831.669315   2447.864010   1234.438063   1130.747647   1105.704928   2411.059044   2638.423021   1547.229443   5212.295738   2589.680374   
64.800000   3118.717884   3242.875810   2516.395629   1406.163955   2634.845596   1358.743626   2562.135811   1588.673607   2403.079018   1719.030774   1461.792911   1745.735533   3842.194615   2460.068014   2532.595641   1977.172475   3358.163111   1463.242536   2261.770447   1834.921636   2153.982693   2153.606213   1258.979216   1109.033237   2799.796259   3460.406368   1375.584025   1164.550191   1050.700923   2474.038488   2450.654561   1973.335780   5270.020330   2897.626666   
64.900000   2885.833607   3352.738066   2917.348472   1484.050152   3091.735899   1234.529967   2119.631150   1713.221134   2274.864661   1913.544470   2125.289984   2134.282566   4335.041824   2416.316821   1763.082116   1869.515068   3393.985382   1163.442149   2246.182193   2139.496703   1641.381471   1685.458691   1685.634842   1041.871302   3123.234166   3982.208375   1578.399536   1219.770702   1071.263042   2780.156393   3053.205348   2239.317444   5234.559138   3246.120379   
65.000000   3328.486757   3202.823762   2908.648962   1693.419343   2367.024633   1319.582007   1826.988908   1746.924052   2214.687838   1753.775299   1593.139248   1461.315415   4831.059150   2356.288778   2812.912226   2004.190707   4323.987911   1835.201624   1915.032269   1955.939592   1766.003307   1758.830196   1148.432897   1054.260592   2059.996517   3785.311630   1493.055406   1365.907867   1439.990793   2019.033792   2691.835055   2116.448034   5166.786591   2596.781639   
65.100000   3119.665051   3373.639874   2540.211483   2194.466760   2708.514830   1730.373759   1793.281084   2167.031400   1415.550335   1460.307110   1449.449112   1862.103355   3631.363746   2643.346948   2076.864650   2082.437876   3698.414778   2286.002535   2041.084731   1950.985153   1577.379885   2105.342849   1894.770736   1782.579843   2603.393340   3691.521505   1766.425394   1818.509216   1824.647028   1994.843187   2133.361231   1956.322665   5278.073907   2259.311790   
65.200000   2529.762124   3537.563012   2139.522463   2042.082680   2672.447500   1464.783927   1960.129799   2056.990959   1499.943010   1871.053744   1468.178561   1821.549728   4713.765856   2445.550020   2065.647312   2077.567060   3361.178079   2152.385407   1874.991284   1911.943939   1624.280916   1679.796399   1284.874937   1639.893049   2850.136763   3445.311404   1841.151233   1583.002240   1606.466524   2319.496128   1733.884069   2227.161930   5193.589118   2344.308399   
65.300000   3724.674913   2532.217354   2075.954399   1445.145920   2702.162893   1428.640673   1771.618673   2144.890471   1782.836352   1659.545321   1750.620283   1473.016136   4843.470477   2202.572038   2840.524233   2013.427419   3289.128904   1594.486276   1810.555481   2132.178467   1430.880771   1177.954206   1627.831034   1682.435241   3003.955363   3494.108455   1667.173415   1342.766749   1461.160899   2095.042966   2071.366948   1945.809130   5368.974391   2580.539735   
65.400000   4009.142679   3547.103767   2420.921407   1775.737549   2920.702440   1258.101780   2335.996633   1641.223211   1997.153413   1258.742817   1550.097426   1847.663669   4081.314988   1841.787188   2945.034359   1899.238558   3526.539297   2082.002546   1947.291773   1716.363843   1882.393339   1415.725353   1178.770421   1386.607605   3618.397613   4011.031753   1529.189940   1416.386763   1589.443084   2464.298287   1576.605265   1820.318812   5301.502042   2609.892214   
65.500000   3798.996809   3688.139860   1959.558991   1528.145979   2651.113776   1500.262423   2814.739167   2339.501357   2002.025686   1649.721278   1899.535467   1992.329439   6225.424100   2450.367772   2024.768856   1660.986966   3434.350758   1933.220108   1780.156040   1907.151390   1722.988177   1644.998934   1672.941947   1634.876818   3794.110384   3641.857901   1483.142059   1484.902224   1573.503906   2236.509664   2635.702120   1390.373048   5192.763806   2033.371061   
65.600000   2992.277541   4983.331925   2484.324976   2305.420477   3364.445111   1391.693228   3197.706926   1927.415229   2080.808757   1406.277202   2550.233712   2730.114601   3765.666336   2286.666414   2279.329815   1671.343074   4905.379993   2103.436213   2469.498852   1733.736559   2198.228650   1688.454486   1459.048558   1560.102034   4005.340284   2993.631362   2325.997172   1667.809444   1691.375924   2733.051094   2926.864165   1701.896552   5076.244547   2588.321839   
65.700000   3046.742489   3321.112634   2752.534273   1924.642668   3895.440984   1884.584410   3095.518199   2177.550347   1582.852872   1564.498016   1844.559661   1838.646628   4660.607701   2899.679721   2116.186736   1415.717706   2582.351238   1847.195127   2641.706989   2141.074260   1872.449042   1570.791310   2017.134304   2106.457957   4422.114471   5104.297206   1439.006555   1853.029731   1885.571889   2992.698868   2806.751689   1518.434483   5406.011694   2677.842792   
65.800000   3216.551094   2864.794973   2393.527032   1959.453615   3106.749410   1620.533238   2108.050079   1873.693269   2199.195414   1305.062234   1666.959263   2138.578050   4426.467637   3758.807748   2259.664646   1738.181286   2848.631342   1977.112975   2141.985412   2210.889382   1730.175738   1838.188933   1606.372658   1887.036676   3445.694025   4563.079744   2106.190162   1688.575149   1672.469974   2602.475883   2687.637763   1646.117530   5195.647461   2877.221667   
65.900000   3953.496346   4785.052124   2547.758270   2253.667362   3227.370251   1729.714658   3064.529485   1492.012227   2288.555192   1421.581067   2196.823324   2222.758454   3978.369736   2714.749489   1741.375864   1776.216155   4562.703260   2115.043419   2619.623138   1814.576407   1941.942648   1883.332765   1651.135356   1626.578427   4342.639409   3884.437052   1723.333813   1704.225113   1398.622950   2607.533105   1958.729673   1811.473662   5126.752736   2395.330426   
66.000000   3984.580717   3480.688115   2517.326992   1602.335482   2596.329700   1670.108838   2523.692286   1094.121779   1932.453293   1511.317138   2105.095465   1936.583302   4003.790113   3522.773376   2353.262835   1953.996362   2496.336280   1674.623931   1982.218102   2278.471298   1937.041443   1798.773213   2023.346998   1637.188178   3879.909330   4987.718126   1855.831943   1466.466828   1590.636341   2371.725426   2512.512498   1432.628128   5169.581215   2581.427597   
66.100000   3634.744152   2715.969698   2455.923942   1848.889073   2937.271663   1887.724910   2590.155342   1576.490629   1771.458253   1781.497138   1896.474039   2069.580523   3480.443797   3820.250361   2332.987172   2476.473840   2980.214736   2150.533619   2351.821913   1839.239889   1739.209464   2365.671317   1571.723747   2039.220006   4053.279426   5361.204040   1753.089226   1783.473790   2190.665135   2761.171374   2350.043614   1809.461215   5378.168289   2386.564654   
66.200000   3488.771549   4102.932474   2439.303914   2262.744058   3525.453182   1533.619572   2944.930652   1312.933794   2455.110838   1893.238108   1992.777263   2780.871104   2939.495741   2579.149442   2492.062986   2421.524692   3196.106385   1831.697253   2604.796772   2006.889886   2065.748749   2319.875254   1192.563586   1603.983376   4457.892014   4090.143057   1821.680250   1615.231090   1621.311855   2923.057301   2204.303075   2630.778575   5144.871693   2709.902136   
66.300000   4191.658563   4564.167786   3006.710927   1838.272090   3381.749523   1521.340563   2656.496467   1343.406018   2661.990735   1750.356265   2131.548568   2188.291883   3690.164485   3151.758663   2531.684483   1978.277113   4522.000135   1767.982098   2422.258990   1799.252620   2193.515618   1656.085287   1294.519831   1418.364570   3938.078555   2870.346982   1685.162904   1522.442914   1440.317157   2888.313827   2943.876733   2164.490395   5136.029120   3369.707088   
66.400000   2877.422925   4412.008110   2480.710797   2152.304657   3397.689787   1641.425925   2501.582091   1704.881361   1998.216404   1522.655117   1380.618242   2330.805366   3645.935866   2647.722931   2947.756752   1947.640238   3372.751011   2055.496527   2257.455760   1831.711200   1825.994097   1653.040665   1458.934074   1626.649317   3910.612666   4590.389579   1915.075333   1646.855556   1707.925333   2754.870575   2355.388774   1870.253595   5227.975355   3354.965608   
66.500000   2301.442080   4605.723579   2163.614546   2142.678817   3009.817073   1425.769373   2616.907027   1742.134860   2424.160724   1466.197057   1346.832586   3146.119700   3109.011744   2782.604763   2381.313073   1457.537803   2658.054140   1907.443068   2069.193247   1850.494112   2329.921018   1569.683406   1108.441484   1352.014554   3073.974385   4464.032000   2078.332422   1707.423701   1643.865275   1860.154483   1702.346126   1990.429706   5153.778620   3254.778959   
66.600000   3255.495500   4418.515188   2668.423283   2302.348819   3929.108374   2023.759632   3282.471842   2533.309997   2399.022008   2257.682978   1821.126767   2256.741343   4046.433003   3292.335240   1879.791295   1665.214771   4303.431360   2043.654134   2972.226473   2217.672177   2477.381502   1745.039511   1756.861951   1902.166681   4569.299717   4613.368166   1485.468294   1893.653276   1915.934332   2513.161194   1854.813192   1881.484552   5175.047001   3213.469607   
66.700000   3412.274354   3678.143341   2544.290071   1679.507439   3388.444248   1454.484099   3071.047940   2039.312775   3104.351718   1969.189572   2043.090695   2438.296939   4021.681386   2787.999826   2825.419259   1799.816835   3451.791939   1515.204896   2646.597222   1793.681252   2313.743691   1227.598754   1516.198782   1426.303761   4167.456840   4064.281643   1755.927875   1489.274497   1379.319143   2530.583685   1927.232518   2091.906157   5066.332348   3283.499657   
66.800000   3064.776887   3708.393611   2166.368124   1511.474916   3100.398774   1432.623011   2757.250072   2386.914769   2880.696058   1781.691558   1878.082306   1958.896149   4606.893323   2851.460133   3598.493929   1524.112571   2631.527575   1727.690351   2247.629138   1950.000297   2110.102032   1595.755342   1350.607164   1587.380017   3632.442866   3508.129739   1422.693449   1378.846172   1438.279258   1915.516011   2040.520899   1838.187470   5089.057362   3067.691811   
66.900000   2163.022692   4118.127385   2556.895987   2091.310188   3658.195354   2091.083252   3223.051834   2821.679745   2919.814068   1894.400710   1761.038854   2133.306793   4356.061918   3607.192315   2967.447668   1334.622834   2978.337049   2006.511545   2733.375561   2700.577793   2257.986461   1875.592583   2089.000713   2107.839733   4267.460723   5413.192127   1639.632674   1897.500043   1919.883316   2274.228090   1788.439772   1961.126720   5294.483656   2550.473230   
67.000000   2581.105267   5040.762336   2044.472762   2539.275735   3251.229254   2628.273578   2807.505944   2914.975732   2802.047583   2059.206738   1554.819683   2514.328181   4041.197641   4064.608776   3426.849379   1967.305650   4352.753907   2402.602068   2386.364550   2239.850866   2375.107692   1434.870996   2833.397252   2287.533657   3951.002034   5419.807423   2348.844277   2354.815790   2160.700751   2076.454230   2004.863881   1784.148946   5212.256796   2653.894362   
67.100000   3121.003431   5332.502928   2396.556970   2453.212922   2846.071363   1989.147753   2374.673456   2145.059175   2272.327195   1683.998485   1474.804889   2540.443216   2647.801530   2851.609966   3393.613573   1672.920273   4889.464650   2222.693257   2091.478669   1900.097973   1832.699312   1155.661638   2011.562001   1853.559278   3582.166238   4182.456514   1848.813324   1829.559489   1739.365625   2298.873376   2546.833167   1635.174460   5205.906689   2467.086713   
67.200000   2904.893888   4736.757534   2667.373391   2164.037576   2816.516964   1401.958219   2746.919843   1963.977886   2700.156448   1478.988291   2182.901059   2459.208105   4445.426644   2155.587950   3254.184930   1555.035530   3675.574077   1787.975445   2229.963241   1859.278280   2013.419661   1335.232427   1768.621742   1587.118974   3324.975331   4663.611810   2033.900005   1501.921824   1550.254724   2424.439383   3299.286273   2348.948538   5240.689132   2818.376093   
67.300000   3928.322257   4170.279916   3100.504366   2422.803868   3228.985180   2023.844254   3101.821502   2678.316251   2412.738779   2341.195030   1827.104275   2609.239368   3215.344813   2641.934511   2630.684228   2003.148348   4387.485472   2368.053761   2574.935620   2297.204467   2173.447789   2064.247918   2320.371305   2185.860538   4237.742805   4031.590755   2168.458156   1867.205777   2019.240711   2688.936157   2251.646798   1759.322247   5293.936551   2848.334718   
67.400000   4815.631755   4471.801067   3805.864352   2452.334805   3365.991683   2085.028773   2699.438085   2216.400191   2498.899988   1637.695269   2427.746237   2310.269489   3846.932603   2983.746208   2886.970543   1386.673825   5850.466340   2627.212202   2843.521276   2196.136147   2213.583219   1827.224290   2292.914585   2077.946063   3408.089911   3097.428901   1848.939240   2058.729410   2255.350113   2843.051231   2699.198989   2145.163045   5209.904061   3019.604641   
67.500000   3420.756066   4328.275724   2336.698301   2317.448029   2450.663117   2357.829167   2281.524820   2281.208335   2180.070573   1944.755913   1603.181881   1756.847882   3816.500452   2604.794922   2763.811169   1693.052951   4082.879807   2380.067265   2074.522623   1834.740856   2116.881439   1677.602292   2261.090581   2154.258950   2983.891773   3702.839894   1715.824582   2229.383206   2067.181791   1932.769837   2506.137113   2381.431838   5088.562347   2504.933463   
67.600000   3189.244805   3738.435038   2328.208546   1717.776633   2486.620913   1696.049241   2461.500958   1961.795304   2110.695554   2185.873332   1888.135704   2116.252224   3644.598539   2277.768243   2528.240887   1591.253061   3299.800101   1853.634800   2368.450559   2244.541234   2329.988160   1204.664480   2109.584334   1661.586919   2719.407034   3541.479770   1842.843559   1528.543422   1595.944255   2113.117192   2753.184285   1768.875211   5412.042351   1903.444265   
67.700000   3911.047303   2714.988427   2771.938915   1798.463924   2406.930541   1937.218642   2590.017751   2197.579036   2518.794407   2246.243566   2405.208798   1760.626774   4919.406378   2172.559458   3414.387024   1734.209240   3602.361500   2282.880336   2178.705911   2091.804322   2223.990856   1418.842146   2400.386063   1834.282106   2175.942852   4265.863287   1571.110177   1664.084658   1862.403272   1913.583418   2745.465115   1602.095456   5272.991401   2454.583502   
67.800000   3447.621564   2931.518278   1997.482783   1461.276469   1617.479957   1635.157215   2028.956933   2268.039260   2133.823722   2099.386147   1852.648010   1640.209282   4284.029195   2764.947635   2509.526384   1501.462012   4130.642637   1411.296956   1628.554503   1729.245903   2083.939013   1254.779150   2351.394951   1526.637389   1666.185042   2942.087271   1397.632318   1281.618195   1201.888370   1379.574018   2138.703889   1897.795901   5104.015034   2623.776511   
67.900000   3150.174176   4322.413756   2217.849553   1599.944103   1772.982859   1703.337841   1978.881579   2107.338419   2341.555891   1766.733448   1525.224276   2329.760369   5549.396396   2405.127387   3319.009593   1262.730847   3873.240493   1638.287283   1826.480213   1957.873014   2147.159095   1513.448442   2101.110640   1504.040668   1501.265121   3872.309170   1500.025802   1450.903180   1374.270818   1614.300035   1867.990145   2093.975026   5086.791090   2411.371837   
68.000000   2681.710341   3887.246409   1982.937855   2488.505695   2183.213806   2457.718985   2410.971199   2504.200967   2493.002703   2173.511563   1568.175210   2017.694292   4584.391032   2778.243507   2841.581740   1585.810139   3747.475799   2196.939820   1991.518781   2144.266021   2396.142508   1249.292142   2743.234677   1941.897797   2291.978754   4405.949278   2088.620923   2081.708650   1897.207005   1463.831781   1757.479914   2332.232111   5156.514845   2298.346223   
68.100000   3179.032499   4397.139752   2538.482774   1917.664575   2480.490642   1755.998981   2702.202830   2171.482513   2250.291945   1713.528397   1735.928009   1780.437636   4104.391114   2706.560252   3025.580713   1240.324977   2971.978151   1517.258137   2130.842333   1788.455201   2121.800318   1309.243283   1977.861126   1530.236375   2488.608847   3004.521765   1444.929698   1438.714647   1392.108619   2340.836663   3125.529206   2269.354332   5163.789519   2345.985738   
68.200000   2447.657024   3603.833560   1616.146897   1681.639658   2163.348774   1329.241362   2476.514292   1713.044145   2398.774761   1700.379792   1323.538350   2186.665484   5598.476545   2232.427550   2949.207990   1371.083469   3273.793446   1492.052022   1691.762326   2670.864083   1900.981412   1875.617731   1376.928011   1263.310851   2402.930842   5091.299200   1670.875814   1194.986900   1098.593141   1590.856817   2716.023470   1594.925166   5101.323331   2583.701856   
68.300000   3198.341872   3489.572793   1960.533080   1785.373378   1594.651846   1289.792483   1991.936896   1430.805584   1589.769519   1811.827838   1682.966961   2158.148707   4442.869077   2477.475040   2719.380471   1496.254840   2686.165258   1452.331731   1257.279580   1927.307164   1617.461507   1597.004248   1317.092688   1119.236085   1915.796655   4910.519568   1395.699612   1412.597046   1180.779885   1554.017862   2058.768337   1832.780357   5142.826030   1950.532657   
68.400000   3310.058464   3298.840461   2403.434196   1746.498681   2439.396706   1228.149086   2542.534503   2034.068420   2506.868133   2119.317190   2130.118186   2007.994145   3832.485990   3280.094525   3354.264797   1197.734457   3943.992647   1682.541012   2113.240948   1650.628927   2030.551530   1582.207454   1574.840339   1363.546231   2588.371867   3937.657114   1639.475983   1290.360442   1451.897484   2044.794503   2311.876643   1918.637016   5025.129457   1901.164837   
68.500000   2845.048223   3067.339743   1786.334875   1935.044391   2114.457703   1655.757189   2784.516647   2385.795058   2505.571661   2354.047037   1538.462755   1769.487005   5528.751017   3483.903603   2668.922465   1567.514020   2588.945201   1916.906412   1557.710444   2386.712981   1989.635913   1662.322003   1779.442215   1708.331178   2463.330689   4428.003198   1597.115938   1683.165843   1548.738957   1556.611213   2620.645659   1734.688875   5044.299011   2169.724087   
68.600000   3227.171010   3099.817426   1726.498220   1776.396854   2118.985365   1328.515250   2637.054648   1456.727057   2514.509241   1527.019546   1824.725987   1313.126066   4312.986050   4157.430054   2169.351345   1470.077381   2185.518245   1874.508641   1506.020293   2158.644552   1779.304425   1551.762417   1246.355540   1241.466749   2471.863967   3739.467280   1482.675954   1405.253863   1362.019937   1265.639322   2078.189888   2010.344669   5110.487381   1965.857545   
68.700000   3364.008949   3546.080347   1937.659292   1604.642122   2459.596456   1164.366363   2840.893797   1377.200264   2620.310658   1341.734553   1581.647147   1789.107701   4714.612360   3881.241511   1932.678476   1654.714579   1862.979909   1729.983175   1738.381343   2313.910271   1945.411142   2209.410734   999.947879   1271.863402   3152.077457   3289.335257   1666.137372   1356.355106   1353.508996   1732.870134   1621.445905   2189.904087   4938.218544   2092.512658   
68.800000   2947.007951   4149.542485   2469.468935   1922.169779   2892.563942   1397.125811   3403.620161   1950.157564   2972.881870   1731.160236   2000.295680   2130.602779   5068.300951   5358.575771   1907.979273   1806.917804   3298.633495   2014.432590   2404.547323   1929.140423   2340.459586   2403.218207   1493.021204   1524.140452   3286.846754   3698.628166   2048.973263   1482.786877   1734.142123   1970.187795   2525.483007   2317.676262   5081.443152   2032.057841   
68.900000   1863.350654   3959.509769   1520.954420   1629.007852   2251.343924   1407.294200   2545.589087   1392.332898   2346.822000   1545.402980   1155.030327   2038.271166   4290.483291   3034.418138   2267.332857   1585.557944   2320.842121   1446.023077   1842.055473   2157.532507   2020.845796   1788.971433   1114.992776   1131.734408   2488.531624   3701.743287   1400.883842   1307.300451   1284.704941   1621.103036   2069.422316   1749.643294   5051.955703   2327.896301   
69.000000   2836.930564   3059.218616   1691.814289   1555.801056   1976.174874   1444.581721   2638.284480   1797.935383   2530.081593   1370.007565   1224.769437   1595.840311   3095.248421   4473.554621   2830.035581   1559.647375   2525.812606   1496.698096   1664.684205   1985.748381   1844.089325   1990.234880   1436.642573   933.220948   2715.974201   2598.106693   1267.411985   1434.157931   1283.734365   1897.049368   2201.021153   1957.138805   4881.657812   2725.055921   
69.100000   2530.336220   4633.810379   1770.896868   2196.066228   2454.555011   1575.832505   3044.039041   2111.364309   2939.690059   1886.958756   1476.243628   2518.943778   2733.249028   3324.700514   3128.404357   2043.611404   2962.792581   2046.029498   2161.196743   1972.687236   2226.111250   2147.543709   1319.622672   1488.164876   2992.949930   2498.634494   1730.534817   1753.542998   1631.298651   1855.491668   1722.688614   2475.856263   4950.069073   2788.508024   
69.200000   2780.294147   3196.136450   2064.588994   1675.457374   1909.088131   1300.097940   1695.302999   1916.540027   1495.781163   1891.877097   1505.342644   1742.582914   3750.333550   3722.230550   1734.989437   1769.216042   3593.321037   1874.770164   1731.232504   1859.645609   1386.990335   1621.804057   1219.092881   1261.160774   1788.882547   2367.112747   1569.472228   1421.858464   1511.208001   2284.317741   2459.955314   2000.189061   4959.096465   2236.562917   
69.300000   2495.724147   4790.177453   1975.365216   2229.484877   2025.689305   1570.718539   1644.672573   1837.171554   1725.830568   1605.450258   1663.979215   2732.141127   3593.988058   4378.569164   2100.505464   2014.146705   3108.784282   1956.190498   1775.920432   2042.802130   1540.264265   2248.942466   1527.131473   1291.947583   1917.624556   4106.222670   2372.856808   1602.294632   1713.522982   2215.056992   2009.424701   2140.387891   5163.165488   2384.273505   
69.400000   3532.779899   3702.442296   2211.151302   1909.988570   2388.240150   1627.519172   1945.691956   1314.669208   1753.654976   1300.442510   1619.004589   1893.883661   3315.953598   4286.110437   2103.210881   1431.937703   3646.210926   1920.580572   1948.030196   2088.982337   1480.058115   1668.255107   1628.264857   1378.145635   2216.284925   3703.306130   1676.525458   1500.629642   1520.193395   2035.688018   2443.675752   1372.897936   5051.528920   2592.980119   
69.500000   3206.207828   4035.680810   1830.643042   1611.212747   2057.828880   1291.619810   1752.073653   1046.433427   1469.258108   1285.160649   1444.047285   2221.322197   4396.761494   3912.337005   2617.163740   1713.648241   3317.452362   1542.877423   1674.509239   2263.184495   1189.668131   2033.796053   1333.433614   1151.008555   2179.001661   2819.403594   1766.746989   1246.426761   1258.502839   1977.400964   2808.690412   1629.213204   5038.423452   1933.755302   
69.600000   2688.041033   5000.022755   2041.813624   2182.812344   2159.092204   1594.441211   1640.226968   1027.090203   1363.485054   1290.830931   1195.745043   2717.575964   3350.812514   3339.196689   2370.428513   1674.955360   3836.019099   1698.751247   1740.439320   1739.518907   1308.608669   1708.196954   1619.899748   1115.253022   2200.785739   4163.772553   1992.141496   1461.811811   1433.766716   1815.207082   1703.754274   1363.393762   4870.989995   2061.975281   
69.700000   2576.906494   3489.099766   1735.818772   1468.356274   1858.295323   783.541362   1368.646869   1001.785829   1385.625978   1114.312719   1353.924467   2524.637182   4332.424538   3372.241546   2864.790626   1673.576746   3027.491842   1341.625549   1319.226109   1723.873985   1136.479709   2264.836161   1000.073908   971.353626   1970.478657   3452.341238   1796.031685   1030.253547   996.517764   1602.272118   2095.010890   1473.314742   4920.762648   2228.930416   
69.800000   2632.948619   3567.436014   1686.630773   1279.193898   1558.389995   874.037567   1472.538345   1579.690233   1981.510712   1279.425788   1531.859013   2233.541364   2810.313630   2434.188016   2573.965024   1549.014567   2471.542097   1054.710914   1287.993240   1787.524835   1385.053116   2069.847964   1336.687918   890.500375   1857.970954   2778.421788   1457.446065   785.419045   859.244516   1338.569572   1924.785592   1271.366439   4914.209751   2235.156798   
69.900000   2282.024927   2491.298402   1801.860874   1040.817121   1657.022889   1231.654803   1353.592304   1945.910065   1928.986178   1401.462583   1645.175276   1611.861608   2959.699108   2480.477189   2847.722618   1529.641734   2182.358982   1060.335832   1482.456134   1916.000134   1437.728668   1956.864917   1713.871866   1081.581270   2103.571714   3355.421896   1086.129718   1014.325973   959.779303   1553.802097   2024.036459   1825.779818   4908.751550   2466.580924   
70.000000   3083.198614   3220.163961   2516.666279   1664.774187   2107.049581   1857.871118   1465.569092   2134.094444   1432.951653   1428.667161   1510.905859   1738.690010   2963.984479   2251.682045   2575.829496   1404.929697   3685.823632   1957.604478   1895.182313   3990.978345   1285.110915   1862.195397   2063.063806   1451.570642   1773.314551   2701.824815   1298.939498   1508.072056   1330.686268   2038.107763   1989.932255   1679.270854   6188.488437   2566.778586   
70.100000   2579.345693   3575.011374   1879.310319   1492.249732   1849.534355   1265.015078   1483.685727   2044.361478   1699.616758   1504.586372   1125.688584   1658.750908   2694.367824   2876.384379   1628.045707   1518.310772   3663.664340   1525.016696   1550.140965   2102.970967   1365.112808   2315.034849   1739.169180   1174.029718   1750.960239   2771.680304   1262.032333   1089.066409   1214.939698   1795.980320   2164.209806   1531.738023   5389.090692   2678.094329   
70.200000   2508.984455   3744.062758   1659.467958   1683.448132   2151.816405   1685.378638   1461.414661   2572.874182   1518.862263   1456.994957   1238.931088   1961.474138   3332.809293   2135.475118   1961.671504   1488.363618   2096.348261   1394.237313   1887.467162   1974.420911   1520.131448   1840.669502   2003.670569   1205.425123   2227.854609   3018.130288   1657.915509   1503.019812   1172.195965   1883.827659   2678.077424   1781.288171   5062.360575   2188.461603   
70.300000   3266.121293   3275.677385   1660.381672   1469.533616   1533.134377   1618.386408   1168.072025   2555.809656   1669.551938   1472.797442   1693.017132   1784.136509   3261.053750   2049.537720   2148.096133   1289.394490   3045.289771   1094.798111   1229.223872   1900.991761   1498.079742   1760.839249   1974.608920   1341.904130   1683.584883   2346.008158   1398.464736   1165.957866   977.284264   1363.619089   2172.434189   1320.792686   5032.675301   2133.424599   
70.400000   2155.905653   2744.558479   1432.285088   1058.776591   1503.044097   1383.786171   1487.598527   2218.933481   1457.498363   1280.670233   1363.848032   1109.142801   3790.735292   2067.054386   2110.591724   1234.371434   1818.740539   1228.525320   1321.815467   2170.132605   1497.343625   1611.628636   1773.739680   1186.485010   1838.366576   2392.565906   1080.067302   1081.793641   950.988432   1387.151218   1746.997718   1496.021967   5020.640306   2036.958800   
70.500000   2731.941607   3483.164627   1620.175519   1092.450427   1683.621604   1198.380226   1856.132564   2221.986431   1873.134211   1514.306617   1461.210052   1545.144993   3772.775422   2703.777814   1877.446131   1441.732134   2677.621838   1019.356828   1394.840153   1974.482495   1463.937098   1486.588142   1666.700375   1062.538304   2069.085299   1984.757595   1309.936409   1160.415790   950.349200   1381.828320   1758.332929   1736.598038   5016.785143   1781.285519   
70.600000   3138.159222   3071.145590   1892.353157   1460.884122   1781.367704   1638.147668   1632.918484   2252.661608   1741.561480   1690.156133   1772.535792   1621.062981   2720.892177   2405.201449   1840.205848   1130.060673   3329.943685   1730.455815   1393.039008   2117.096680   1317.397921   1186.293983   1886.939902   1710.879169   2150.582238   2777.962776   1396.788218   1462.103374   1548.122053   1605.348767   1729.818921   1368.294424   4868.107599   1904.112416   
70.700000   2313.209047   3760.566071   1280.877848   1403.839296   1559.768835   1118.297168   1293.645367   2007.484555   1126.056384   1700.338191   1003.283725   1619.998437   4090.688100   2481.185403   2340.079268   1037.940397   3151.353812   1300.605202   1468.709026   2280.742204   1282.170150   1028.833652   1586.778821   1253.292717   2277.058030   2455.675713   1131.818956   1007.819557   1075.514857   1448.425034   1702.095642   1506.700499   4995.151504   1819.552413   
70.800000   2189.150792   3118.071199   1060.723548   1497.231329   1211.191087   1198.739224   1204.073131   1732.593677   1565.863439   1225.383253   925.886347   2119.925089   2744.703104   2537.891074   1874.653170   1231.253740   2420.313334   1459.692710   916.946646   1828.305634   1402.526252   1456.684859   1345.011931   1127.406517   1548.252094   2308.993970   1448.706886   1204.097843   1153.951299   1078.841272   1571.044705   1547.327891   4956.931564   1907.682638   
70.900000   2835.470322   3494.976247   1553.721338   1214.480347   1572.244275   1020.869478   1548.482257   1322.200591   2121.521043   1235.515640   1463.426675   1759.628226   2957.182258   2207.930089   2762.408443   965.847451   3039.535691   1075.226794   1220.663033   2077.207886   1715.185372   1216.030427   1341.675481   962.546658   1573.514869   2505.182495   1371.261195   1038.096053   937.048037   1510.587116   2047.385897   1528.754128   4928.491275   2014.680284   
71.000000   2384.104065   3057.765369   1443.568957   1106.103658   1335.938815   924.666391   1114.199790   1756.452983   1378.068345   1656.299639   1352.820749   1619.153057   3008.319919   2466.984215   2527.627149   1195.051278   2373.722210   989.636253   1225.159999   2155.106991   1194.036107   1063.192037   1452.782139   919.306178   1537.272540   2414.941111   1266.493132   950.807183   787.586424   1311.541334   1380.772356   1166.174252   5004.314793   1725.027742   
71.100000   2022.864234   2491.335813   1372.797891   1130.254820   1722.101603   1130.796176   1143.904907   1572.917946   1249.539492   1693.830082   1169.819892   1548.744357   2463.493870   2273.123163   2044.225380   1186.113831   2145.383929   1185.375393   1211.851149   1699.856096   1293.647167   1520.376139   1252.310283   917.395464   2141.870502   2394.112873   1211.067005   1022.939109   922.570435   1469.886533   1970.359603   1585.118090   4855.311034   1770.655360   
71.200000   2557.190104   2287.469044   1328.457980   934.301224   1332.895419   755.341121   882.193254   1148.430096   1217.073637   1301.310095   1155.528151   1574.311165   2830.574051   2553.653576   2098.263648   988.430739   2335.655908   1061.608577   1086.563481   1716.457295   1222.585203   1278.734415   807.463303   732.034194   1465.136440   2934.322803   1052.410262   783.473296   913.143876   1233.521637   1571.179056   1160.207960   4824.010092   2101.743039   
71.300000   1904.203330   2407.623428   1600.207377   1227.478608   1444.936136   993.099686   1206.041331   1300.058634   1695.706764   1432.679564   1107.945192   1548.910864   3480.777695   2130.036929   2637.074526   990.247905   2055.840233   1235.560943   1343.897123   1788.385118   1589.349355   1324.379060   1109.200977   781.152492   1224.625687   2491.916050   1125.206336   908.844694   914.324188   1251.552064   1326.507076   1253.991606   4895.706166   1861.782794   
71.400000   2226.115022   3113.411333   1463.068729   1467.255188   1369.180328   880.860669   1117.414646   1109.422126   1208.669345   1246.934999   1170.868241   1990.891607   3015.591353   1806.104846   2438.072923   1105.203527   2126.885769   1341.979018   1237.472396   1514.641817   1303.748385   1598.253380   790.520626   916.863615   1626.303592   2552.811595   1288.314920   1106.790805   1028.387208   1371.065197   1645.095342   1211.280500   4874.578219   1996.552287   
71.500000   2004.046382   2760.056417   1056.150858   1149.762171   1191.857638   1081.616085   1093.341784   1066.806824   1235.343411   1382.298570   1107.410288   1760.346290   2322.395176   2008.045158   2467.939742   1148.767107   1667.283982   1170.307923   1101.647678   1701.056081   1291.077645   882.589200   926.045604   821.604095   1796.836384   2632.612003   1254.351623   979.703608   888.490338   1186.301477   1711.835832   1259.412279   4817.310966   1940.081372   
71.600000   1394.664257   2525.666873   1261.267884   1431.271380   1513.876956   967.996308   1412.932488   960.844162   1152.621244   1182.768573   967.601282   1549.839420   2109.828576   1524.087763   2571.389499   1127.856879   2171.576004   1248.117854   1117.105011   1673.966363   1118.965334   1339.326240   1047.527765   758.111035   1855.381832   2258.381930   1253.861235   1071.194457   923.325227   1100.366099   1065.916876   1175.967926   4774.735450   1726.726927   
71.700000   1818.846825   2150.021035   1593.932265   1321.701887   1793.160340   1270.460417   1542.534005   1186.545327   1510.120286   1098.025387   1148.266153   1249.681523   3157.489070   1748.772243   2782.469219   943.675687   2487.650523   1411.837044   1591.529414   1536.775226   1303.553388   1113.307189   1337.432851   1020.393625   2390.676495   2832.996070   1104.515316   1213.190744   1068.521264   1468.076374   1189.869418   1160.341724   4930.139181   2022.276452   
71.800000   1787.675791   2487.157885   1428.576512   1485.647020   1873.280383   1455.980763   1688.218131   1294.605537   1157.047089   1018.009674   1242.507144   1675.807073   2148.097629   1727.691235   2488.096465   1056.574638   1898.052855   1600.811031   1449.879936   1509.486209   1194.876188   1034.395020   1599.784892   1251.100037   2564.889437   2965.645928   1345.860797   1237.598241   1278.762076   1565.141322   1604.107338   1220.245535   4776.043873   2061.657459   
71.900000   2169.490981   3246.572356   1992.982146   1663.325335   2195.888523   1528.547253   2039.880665   1248.408361   1371.189098   1141.582309   1305.316339   1619.449720   2480.597893   1583.902243   1745.757437   1283.879162   2535.318199   1574.479505   1703.230223   1850.359116   1330.930386   1030.459078   1407.664147   1514.318167   2792.451143   1684.931397   1367.943411   1333.656000   1439.700208   1741.218801   1409.990987   888.123889   4794.798292   2097.189928   
72.000000   2502.807374   2695.565920   1779.197563   1566.779576   1917.259571   1381.111854   1657.283875   1341.350167   1301.764249   1048.583320   1160.279456   1316.807943   1557.353367   1455.387092   1755.876711   1082.065325   2841.805578   1392.938279   1490.378455   1908.336273   1193.028766   1107.312411   1438.797657   1310.358772   2731.331607   1726.832625   1003.484950   1345.771898   1281.043375   1856.651193   1482.581724   1070.821758   4792.796050   1929.219531   
72.100000   2262.433747   2429.767379   1392.928716   1370.157009   1509.397577   1317.856019   1458.175680   1286.696861   1255.962598   919.315675   1015.584845   1290.745443   2027.761698   1207.808838   1960.629069   1040.955739   2206.235140   1297.867467   1213.803559   2220.280578   1182.106719   1117.234701   1441.140204   1132.616224   2148.237897   1921.193570   1285.936331   1211.536980   1127.793674   1282.313396   1152.762598   923.181062   5112.175445   1769.602943   
72.200000   2545.675691   2872.942217   1473.301085   1606.000869   1758.479435   1302.180803   1470.426271   1369.336664   1190.568098   967.270622   1193.732928   1666.814180   2386.319223   1622.968893   1419.676470   1086.757000   2543.008000   1512.384472   1319.599535   1836.360811   1117.496794   1185.979769   1332.719795   1277.044774   2339.970032   1928.082519   1267.730078   1274.860959   1245.219776   1490.951520   1357.402199   1204.326770   4772.597800   1660.711957   
72.300000   1815.006032   2400.591529   1290.655005   1253.272200   1319.227586   1099.186185   1205.120305   1224.173586   1004.515079   1012.969230   1069.602041   1401.771601   2589.840852   1682.058898   1445.344006   1054.075117   1799.590692   1289.591948   1156.614590   2016.533337   1019.212963   1037.903588   1188.218628   1049.860422   1460.393158   1948.312198   1360.373517   1094.159518   1016.055862   1019.934129   1114.623915   1110.868651   4748.421600   1553.121372   
72.400000   1667.111988   2741.915035   1173.785536   1611.922911   1052.447818   1409.983381   961.995338   1547.372971   1300.581463   1129.483008   761.500176   1503.013588   2096.154837   1439.015449   1433.055289   1183.558152   1938.468036   1532.634983   873.248084   1693.842064   1061.830554   1153.168840   1496.172450   1273.614561   1367.791531   2164.544280   1340.787421   1374.180558   1248.192132   975.004630   1065.672095   1445.980732   4902.261303   1744.460308   
72.500000   2180.689123   1843.738702   1132.505222   1134.947994   1244.225004   955.810904   1278.603774   1161.890024   1354.478611   1123.695537   985.225052   1012.788885   2243.555973   1361.437354   1216.192212   1286.402007   1961.988254   1115.212629   1035.771948   1614.896173   1075.579406   1212.094997   1021.118805   828.819464   1834.658004   2021.804689   1005.625182   852.482750   891.904089   1007.210070   1026.182923   1102.522586   4758.677390   1685.167788   
72.600000   1516.781038   2017.941801   1139.058692   1058.724168   1360.318266   875.364307   1334.001864   1127.792592   1368.293595   955.923260   735.665495   968.901250   1859.637599   1563.784288   1215.417062   1012.777958   1743.405698   966.596707   1226.941867   1528.797248   1151.282127   1152.574119   1076.901119   873.280822   2028.097399   1564.543827   942.391948   904.096971   783.949697   1419.690900   1031.985620   1337.200524   4733.146564   1582.895913   
72.700000   1637.807000   2489.041448   1134.289217   884.903075   1159.369288   688.307739   1202.618928   969.355013   1026.763165   877.511634   718.446950   1345.089359   2078.427603   1534.369906   1178.421499   1068.597682   2237.662970   813.798436   1019.791252   1619.693986   1016.707896   944.280260   840.749051   750.048449   1528.191725   1685.006166   970.735223   773.783164   650.206847   979.045998   1209.310656   813.676409   4706.416851   1437.355666   
72.800000   1601.163547   2897.800150   1169.602578   1343.921163   898.153757   975.687162   1050.158742   991.279115   1015.997337   1174.326132   891.478524   1762.017004   2868.035849   2194.636133   1325.385554   1422.496130   1241.782856   1060.119157   828.260157   1446.733863   1004.678622   936.015000   905.625096   839.298537   1329.007646   2088.347490   1454.981384   1083.999711   952.620710   827.882324   1390.944371   965.112312   4824.320573   1617.722423   
72.900000   1458.547483   1753.655376   1042.117099   887.571095   1029.021947   849.854068   1019.764962   1110.015914   1182.526969   936.817377   704.733395   1107.347933   1897.991248   1653.305441   1414.800676   1280.532040   1937.136569   942.509043   874.344284   1544.094418   1076.540120   920.262098   904.796451   902.557953   1273.561599   2230.641328   868.288068   890.423653   877.550652   967.742787   1437.890155   753.130777   4720.729886   1643.899053   
73.000000   1407.168030   2006.115635   1142.113231   1167.029884   1296.942314   900.926196   1106.036563   995.276298   1286.627396   960.767464   706.938234   1376.558104   1920.715004   1638.875450   1009.310938   1130.010654   1589.528307   1200.056486   1020.046503   1622.978654   1197.487502   993.882529   854.918794   940.952070   1497.129853   1649.923477   1102.593836   984.188069   1053.126952   1088.068414   1029.567740   814.584970   4700.620971   1405.476806   
73.100000   1517.024434   1972.966568   1092.230836   972.702908   1136.306001   777.636816   1254.515646   863.732186   1187.222174   889.956793   664.013310   1227.402367   1185.760275   1379.888007   873.598365   992.871794   1763.112915   910.766342   1020.745211   1489.518241   1064.483480   936.845989   725.713018   760.575878   1258.622488   1276.085882   953.948561   799.540404   823.331317   952.961159   843.668429   846.353977   4739.815279   1507.845489   
73.200000   1903.961683   1832.677311   1382.011473   1144.758928   1406.380290   928.269273   1386.930940   994.839535   1208.971895   945.144186   962.452005   1112.287359   2025.366012   1608.495067   1532.897546   985.139270   2046.901977   1177.009026   1107.749910   1494.829903   937.155229   1036.420869   877.475719   853.546828   1577.493152   1307.160622   1036.789699   948.584437   973.273012   1056.241399   1343.606358   936.825213   4726.301848   1651.296662   
73.300000   1833.486682   1291.246312   1535.531951   909.713381   1674.686601   752.323226   1678.666223   888.198942   1226.972885   935.608269   1101.836091   1058.100106   1662.456009   1351.140180   1151.235703   982.158393   2071.877711   915.003237   1219.771029   1368.313725   1170.108070   824.771122   807.205220   769.183218   1834.156977   1164.421780   862.088160   774.223521   773.192334   1327.990006   1261.421179   925.445869   4674.904416   1637.955277   
73.400000   1467.718243   1957.802705   1278.737311   1167.725130   1248.044565   837.530186   1220.459358   750.533100   1021.542066   910.817773   919.720685   1034.701835   2486.504124   1289.756291   1302.917168   943.287816   2171.321264   1089.340104   1035.149856   1307.399735   916.128046   495.927389   890.194655   787.442443   1610.167283   1608.583524   761.680179   899.967489   819.512759   1193.757364   1276.705043   886.996858   4638.347916   1493.461949   
73.500000   1160.994013   1258.795551   1010.443948   842.534580   1235.685033   771.739858   1285.443832   755.346313   1091.321240   899.268188   625.504436   919.936777   1548.455381   1312.302785   1216.162747   959.101894   1413.278514   934.337204   1031.260802   1418.744474   977.016670   613.995452   963.100414   848.201965   1601.021209   1141.144695   812.180499   781.037127   797.589217   1126.299185   1401.804216   1003.535086   4736.127355   1536.809838   
73.600000   1823.850589   1484.367363   1477.554775   797.200272   1657.144099   666.498635   1692.676718   857.579062   1141.797889   848.827448   892.759630   870.054103   1896.111357   1270.965284   1253.835521   1029.577976   1937.735675   802.158946   1478.794133   1522.985353   1309.191220   814.491649   891.173779   676.212317   1831.887591   1431.035306   791.852187   687.698726   658.674085   1317.176856   1445.687352   1107.640002   4669.474403   1523.408854   
73.700000   1179.398833   1613.562522   761.516079   895.222723   973.895420   746.490481   1013.353031   904.345353   969.395020   947.394656   729.515720   1200.965247   1146.048172   1321.444939   1677.575103   953.293660   1461.831048   752.721269   768.374828   1510.494050   909.374221   903.871511   808.703503   683.658155   1384.282610   1434.406581   904.706290   713.760255   690.632454   795.237452   903.543571   756.881353   4820.785912   1414.309393   
73.800000   1418.902822   1466.538154   885.628097   669.779104   1041.592323   691.309903   1093.040202   961.286014   995.824295   1014.976171   791.468573   942.171859   1456.865079   1258.656108   1579.153394   864.790564   1576.064372   730.077473   862.182041   1481.395128   917.632041   673.426674   836.488170   664.160410   1251.797121   1389.923533   656.735393   675.894163   651.359567   901.413980   970.213981   761.837681   4647.467149   1397.218393   
73.900000   1408.326245   1645.684717   994.520430   844.962584   1086.230794   708.847487   1056.361856   900.265770   991.451065   963.086530   910.423532   1049.130035   1656.710488   1195.109103   1364.763429   833.182382   1593.128613   819.585070   881.990413   1545.592933   901.634112   613.368139   770.333410   662.101585   1199.199038   1125.980916   738.170083   745.321063   649.216028   957.431033   1071.864971   745.854247   4620.760780   1676.162339   
74.000000   1148.193327   1654.765235   1015.248890   829.881535   1084.242310   727.884528   1248.424976   848.948942   1134.489772   883.486016   924.544174   954.175719   1731.918501   1490.199905   1547.287757   774.942007   1284.110397   816.431678   1049.830313   1312.065150   988.882525   561.689998   786.511086   673.445026   1214.209728   1771.521966   851.902616   779.228591   729.092614   930.672197   863.958226   736.434222   4636.402345   1646.991180   
74.100000   950.748999   1244.388177   710.531423   625.976416   835.673316   613.375238   1124.258914   810.391152   1098.134383   847.344104   603.095892   648.878015   1481.044186   1134.899172   1208.201721   833.263409   1016.414267   672.369266   765.870216   1571.765981   957.991963   595.495214   755.267346   587.499799   1022.746868   1475.201580   604.513311   604.982982   567.542517   692.643972   742.688170   707.060105   4693.431178   1531.818983   
74.200000   1095.738106   1495.050537   831.601837   704.232398   831.855518   643.837421   1057.844221   857.101380   1042.081223   927.307507   763.431345   883.432054   1728.036813   1316.684599   1244.458493   1035.382837   1112.502960   800.523194   800.544174   1402.716208   933.326511   856.728417   760.884628   665.539288   939.879634   1770.004511   748.393235   661.789099   670.157261   777.372232   1011.154982   983.226993   4650.061948   1435.618760   
74.300000   1227.915807   1601.405669   894.964393   799.786596   976.862828   760.810109   1203.086733   974.985460   1100.375911   947.575889   689.014665   862.362123   1974.964524   1002.497446   1329.864380   922.792282   1109.472940   811.190961   915.527107   1441.999848   974.212825   695.847759   808.848959   665.275946   1121.771445   1771.880776   756.476542   743.250682   601.329077   723.603174   1041.104242   854.089309   4713.757372   1557.162746   
74.400000   1485.517150   1477.599244   902.152307   771.446426   869.875297   749.443288   1097.825430   1067.310719   1098.218396   865.231913   815.872308   909.803262   2051.318973   1139.558715   1422.339700   945.512117   1629.786283   769.625771   838.807604   1608.888925   1060.974021   677.819993   891.519750   659.018733   1018.839804   1932.378495   685.758936   712.063013   663.513647   755.249265   1282.890822   983.127860   4776.075560   1648.691198   
74.500000   1314.052534   1138.224686   949.557571   724.766818   947.895290   840.257127   1073.101062   1046.880272   884.997158   899.690406   897.502993   624.971527   1534.558366   1160.766111   1323.107225   1041.013103   1375.038066   839.494467   899.500489   1590.509010   851.343669   683.817927   988.630685   747.828744   1158.594754   1712.073325   613.547169   723.156964   720.114042   893.607433   1087.321171   757.742714   4727.337950   1557.136420   
74.600000   1084.951364   1244.175868   780.494466   716.935909   943.087485   762.753205   1020.521858   1171.270733   911.161861   886.679753   532.148271   819.430969   1340.894048   1187.307928   1068.463559   1060.991647   886.174664   719.026708   674.080258   1670.446244   783.085941   591.884689   917.811508   728.921735   1113.381327   1468.077885   632.088841   668.782972   635.204140   692.459437   871.517954   660.111020   4733.831814   1499.918295   
74.700000   981.322407   1287.837915   840.913704   620.918952   859.160158   655.351640   1121.085236   1045.491151   1070.152120   761.969194   505.516512   817.140626   1694.585169   1360.832599   896.975632   1056.083897   1111.649305   705.044521   746.751940   1804.654624   808.412521   555.434954   831.286521   644.506076   1118.207209   1450.526553   547.830784   576.079037   597.033020   760.365220   773.225868   650.915664   4662.983483   1461.066137   
74.800000   1010.700349   1438.830331   864.474676   755.434725   913.114044   753.835916   1157.501857   1037.282498   1059.712023   797.835590   588.757286   867.575867   1760.534529   1015.845206   1094.966863   1073.677634   1073.284680   903.322042   741.853013   1665.432329   748.068572   549.374262   891.589826   733.759131   1062.550967   1423.872244   528.113200   691.825604   665.209949   718.988505   958.307079   461.593675   4656.813838   1357.556846   
74.900000   1602.847630   1426.173730   1188.445930   1002.889132   1238.098839   1099.210282   1640.932786   1755.364760   1539.530943   1071.573700   1542.851392   1054.086781   1536.975215   1366.914354   2223.070992   2057.745762   915.921861   1648.079427   792.544781   2468.319587   1069.417507   583.586441   1026.350036   843.964704   1289.989228   1881.487606   522.141918   664.621902   762.388495   977.744244   966.090798   923.909944   4767.849485   1335.676640   
75.000000   1077.099796   946.397730   800.493546   670.707862   1098.432672   744.290610   1040.273532   1000.340644   1056.005674   901.400691   778.199238   784.484107   1109.267642   1067.314028   1829.624258   1755.636602   993.480273   879.470014   641.417362   1913.646458   899.198914   568.694999   870.455787   754.526005   1175.764535   1675.362657   460.782345   657.351936   674.029445   763.454925   851.983952   712.835086   4709.759160   1350.817203   
75.100000   1115.813747   992.065995   1509.830061   819.960338   976.902837   810.927564   1139.117977   1040.470085   1018.636102   1025.804067   1235.271907   760.510696   1074.081972   1032.524164   1146.811466   1515.164043   1104.373629   971.825158   670.674377   2313.855900   1396.975323   662.941977   862.254105   775.412235   1246.074325   1258.501447   531.315458   648.828513   695.326085   795.031000   1079.567617   621.035789   4731.664997   1359.232309   
75.200000   1224.693543   1018.997981   826.042088   602.311539   878.912573   610.554841   935.842344   746.320225   949.043226   698.084517   693.375318   538.323597   1397.259668   896.869940   890.880046   838.127077   1205.487825   766.890256   674.725180   1555.701242   794.218193   437.271418   739.289622   675.086228   1022.595424   1300.219396   469.054861   590.492688   601.457803   673.238731   909.452024   525.206193   4710.243911   1327.386042   
75.300000   768.605076   1223.236198   608.200424   678.909336   751.462902   659.511771   882.169076   758.853007   915.654398   674.336806   497.100716   796.349848   980.271389   804.332219   764.667916   834.633638   867.592202   716.336825   588.572024   1524.277069   744.846501   399.225253   758.928680   647.004493   848.482386   933.641768   513.105851   676.189064   622.259521   551.544119   573.897809   513.536389   4593.725377   1330.545554   
75.400000   796.029668   1129.720161   559.041682   517.416750   671.652814   593.235180   792.524690   699.578396   777.505720   685.557386   428.074442   693.178345   821.159464   613.287840   729.011126   762.077440   1092.971683   672.333174   518.661314   1398.900290   680.831306   428.823371   708.038805   663.226314   865.139782   794.190533   478.199107   584.170705   599.008543   498.927088   442.627808   492.838149   4591.477704   1368.619575   
75.500000   870.060646   944.187589   690.065613   521.296608   633.985960   474.704884   756.032416   494.511324   799.505283   680.493562   418.857816   511.571775   1215.282565   763.214874   770.080048   731.025962   998.069364   674.640591   521.738716   1461.645001   671.216942   457.134560   595.992413   518.723871   739.972413   988.512477   463.886854   560.903756   533.291179   489.813906   512.071497   432.201879   4616.395314   1301.483656   
75.600000   875.424834   711.956437   577.414580   415.334367   582.606474   405.073946   684.157385   475.987849   811.708703   700.637228   348.259416   591.493523   1205.920951   567.050625   833.315364   684.675326   812.767673   512.930495   493.016372   1482.585517   702.554032   432.628515   534.270448   428.462935   687.017894   1212.058896   359.560500   483.296680   414.771606   444.929492   531.393415   421.005518   4677.641057   1242.864885   
75.700000   611.171227   779.952676   514.362956   451.402671   562.643724   384.277291   591.923664   454.878492   688.951681   627.399703   305.921822   512.300177   956.304692   691.694560   703.757355   687.063470   792.028777   526.010663   482.028696   1555.855101   665.360124   423.917792   509.356281   412.072576   650.512186   679.456843   410.904245   477.238783   420.258102   469.455798   602.929919   421.569642   4607.536122   1253.951679   
75.800000   811.897641   934.528495   534.821355   451.648104   463.731542   397.255848   522.216059   432.565019   661.117705   671.240780   367.835923   584.891983   905.349522   639.181799   761.316895   681.119928   522.193219   480.399520   398.947769   1388.166023   644.264707   403.269499   530.627254   423.666661   526.897969   655.468360   494.044309   480.282292   420.543343   417.472507   500.245560   430.305533   4588.709681   1303.315417   
75.900000   988.005456   813.329828   747.011005   410.573551   687.902912   391.861886   622.014431   406.172708   741.574892   690.865287   611.456594   553.751774   944.217769   624.416496   815.386691   722.313938   1007.682263   504.363730   530.424001   1393.913918   739.169739   399.030341   479.460585   425.344269   685.269497   814.360440   396.824459   448.309184   434.970550   597.523381   628.678000   466.089104   4542.467153   1281.831540   
76.000000   725.799018   893.923843   666.430910   514.032079   663.784654   447.492109   765.727392   399.197167   847.598605   727.142455   497.566709   683.957548   770.865838   820.701065   930.779828   750.353423   608.417368   545.358561   566.373567   1357.685790   775.956375   375.562042   500.592848   447.953514   756.357738   755.483032   469.861830   498.155561   450.294680   611.350274   587.302150   468.907187   4544.667669   1242.211888   
76.100000   583.485932   1008.231934   523.226871   510.584003   679.666895   425.319045   710.569989   400.997645   757.973443   627.715118   400.961485   545.757363   656.476523   630.503388   778.696362   672.531274   676.919819   541.458666   538.598926   1333.514191   735.445803   410.011441   502.975071   457.080680   765.254459   674.772043   364.761135   496.784292   421.683806   537.393054   544.206552   427.538722   4526.686254   1273.142856   
76.200000   688.080090   707.708855   622.353029   379.251280   668.665167   348.136725   704.826946   384.082476   770.870120   637.185009   379.971298   443.864253   740.735916   866.779317   860.676028   717.999095   650.356120   460.008274   538.146996   1408.008780   736.007046   419.881025   457.393881   433.472315   732.548785   660.677916   380.086328   432.624924   394.242033   552.668928   472.190168   470.007168   4495.097617   1266.332661   
76.300000   738.542244   650.782027   635.641955   427.212758   708.983768   364.267182   724.172617   450.907374   786.381243   658.466359   370.167677   555.697852   638.972243   649.962788   749.288597   711.025638   745.493935   533.786201   571.775466   1534.459018   751.578571   339.417785   477.956975   458.276817   688.389111   725.966468   407.718526   464.270194   456.727111   572.425064   564.962911   511.218718   4532.532804   1245.093485   
76.400000   687.965799   924.008599   617.701904   444.921901   642.164977   388.328306   652.283958   452.297988   733.794643   713.259124   370.719571   552.983628   705.980005   484.212307   627.480209   698.903693   770.330010   513.910713   540.811723   1299.661693   712.835220   340.361308   469.822282   473.546608   634.976176   673.568584   435.924542   488.555416   456.374959   538.020768   381.695800   366.416226   4575.807743   1199.053149   
76.500000   680.023053   551.536178   574.447217   355.966177   613.823448   353.982469   608.132461   430.431741   712.656411   679.802986   359.085986   372.596390   725.963997   511.924263   669.446245   714.886518   651.073881   457.519618   530.390530   1237.743975   711.607786   347.158500   450.187309   420.867791   585.316508   521.507951   311.553630   433.705949   402.538752   515.163174   615.754356   386.229162   4496.168033   1189.619617   
76.600000   608.426647   609.424107   666.779317   478.076903   665.863844   420.954267   606.107571   465.454733   747.132283   665.448244   388.126742   510.174055   604.157120   503.843180   753.712955   710.809706   682.591050   587.271156   531.991317   1316.637087   685.275336   374.492241   507.996403   452.076293   627.355405   459.014169   417.038601   473.769820   478.220708   607.418367   612.546000   324.106688   4524.429646   1210.515805   
76.700000   605.141712   792.874788   557.180950   414.075418   546.833520   362.571227   573.129123   432.825306   737.343535   639.147844   303.490128   499.069772   724.896132   480.970964   713.757073   652.733258   520.944726   470.677509   461.539411   1311.133583   675.494860   258.954597   455.097508   394.968308   524.987769   739.645752   370.693810   442.595170   417.763318   502.668858   527.370546   374.640867   4478.735716   1180.817441   
76.800000   638.268615   799.136347   568.704983   426.235938   553.509119   404.394060   497.558526   485.951945   649.841590   638.206559   322.979288   458.004302   544.965501   354.881717   719.179619   665.008422   631.320534   503.890560   473.307244   1297.320204   644.327023   339.383660   480.731161   435.281742   476.535482   474.537704   349.026939   498.079774   426.451601   486.512572   512.513814   320.775820   4486.965827   1210.375588   
76.900000   575.168184   760.585624   516.253132   462.145575   496.238263   434.976279   499.329075   557.848806   635.997272   654.304209   292.440734   447.148668   520.382130   391.116398   636.536350   631.484893   640.624941   535.078173   409.853160   1264.154202   621.148326   265.263289   545.188893   482.050003   527.338155   500.569433   387.433161   480.480713   472.921882   461.125303   458.728706   350.496903   4516.623912   1220.693450   
77.000000   581.033569   556.161132   514.316028   358.065325   474.389154   344.178762   509.962859   436.526774   658.444119   615.595293   329.148127   401.707452   520.692980   471.554892   604.269585   648.610396   597.564459   463.027952   420.917921   1352.279036   651.704923   329.007693   442.098227   392.063938   521.558509   408.459025   316.832948   432.650505   390.145818   442.412994   410.697684   416.955124   4516.611842   1188.562307   
77.100000   519.232378   533.996123   483.369432   295.080655   492.584442   293.395107   573.955334   410.865459   685.959425   576.394949   294.155675   369.400199   496.069838   451.691538   616.714182   643.611015   427.274464   418.462800   428.913588   1316.232211   666.230909   281.666613   431.430879   399.589182   546.278159   460.979044   288.358173   399.125855   359.040665   434.317806   372.874492   396.162387   4479.197381   1190.767573   
77.200000   517.460226   559.434909   437.510929   340.881947   449.806176   284.955777   537.131184   436.033035   627.557028   583.131637   239.374012   390.255448   578.130295   433.519999   599.097535   639.467981   559.455736   444.883753   374.712945   1207.269437   629.055520   319.335997   426.821123   379.581507   514.130942   366.398798   317.634973   419.707826   360.427484   374.559893   349.512816   358.981245   4454.485712   1189.677117   
77.300000   464.941632   432.210024   395.144522   307.413311   399.491764   292.317936   476.414606   426.615930   582.757699   575.800380   237.046159   356.659082   595.619622   373.185388   625.297079   626.879232   510.646281   394.933503   361.099787   1238.553646   577.677868   298.965566   429.928965   388.299743   460.685532   386.427087   257.953886   398.710498   351.866599   346.278352   331.433667   308.873047   4497.653018   1207.346150   
77.400000   539.267215   419.416719   458.530778   309.227017   447.358888   311.384479   499.294824   422.597442   618.742910   584.681987   232.862575   353.995163   440.124391   402.285733   644.863357   626.727901   564.198861   412.854524   396.078310   1296.350229   607.865951   283.341029   429.160777   392.904209   514.545776   348.917120   283.431599   421.117485   352.834582   403.344969   374.009541   386.485496   4456.261143   1193.545159   
77.500000   557.740393   452.004279   522.431881   305.033915   433.950389   299.211494   454.225982   405.908765   599.689128   576.348213   318.869503   332.068679   411.898395   336.375759   647.282273   623.412746   569.544110   433.087992   417.578526   1215.854815   611.354767   252.928732   415.362873   366.221490   449.208835   337.980359   266.895869   418.222767   356.760151   437.335979   383.002753   365.694334   4463.806725   1191.157923   
77.600000   426.082318   428.213527   398.897145   300.163231   393.020796   282.901215   455.036712   410.252522   600.185082   575.749084   197.502535   351.566862   381.171049   337.165611   666.495949   627.051283   423.237403   384.134491   331.377084   1250.278536   591.685904   281.724110   421.302417   373.958515   463.647593   444.120476   288.305364   395.364646   358.757918   329.061429   294.301447   319.488047   4456.364904   1161.943204   
77.700000   519.282978   459.036855   410.367385   320.111369   390.906925   276.912867   429.561873   409.062733   587.604242   573.184837   232.737480   342.637273   514.882042   322.994713   708.540577   616.101224   470.586745   393.590601   349.544322   1337.416594   576.363074   248.849038   399.589190   365.496587   435.965842   553.455232   287.706914   403.650055   347.014862   361.449577   320.731043   295.453845   4497.045929   1172.136516   
77.800000   431.875920   449.522172   406.762707   280.329209   408.419506   297.289892   470.867086   400.955127   683.457231   585.887732   182.818070   332.544303   476.339698   329.367600   727.850163   618.311375   384.015633   384.115899   339.951769   1192.673877   604.213667   240.670540   405.695960   372.619126   435.843583   533.177693   255.514728   390.684834   343.718277   333.909379   367.611458   310.896809   4438.457327   1167.482961   
77.900000   445.358091   409.911666   396.982271   286.473955   438.365590   307.428116   483.012926   410.135374   668.126152   596.016092   177.829507   351.634569   454.061151   361.993900   723.778254   618.825345   420.172467   388.775177   376.037427   1194.323840   613.446986   249.498193   418.440026   380.060094   445.243832   573.193580   283.612439   406.071262   341.248621   335.180665   251.171172   312.600088   4441.146999   1169.707235   
78.000000   418.990972   441.085778   405.984033   292.059095   395.010582   303.562358   464.747826   387.952310   660.396795   592.409189   190.689344   332.599806   569.705155   328.313009   743.632140   612.481216   376.111260   392.328389   353.596217   1335.941746   600.927503   246.135236   415.379995   371.415824   425.763074   564.940942   274.027884   399.681900   352.576956   328.113248   305.055060   290.848160   4485.615257   1162.604418   
78.100000   462.607806   407.343952   399.654802   299.665327   395.418645   335.717037   460.249956   422.395737   650.159190   590.058419   228.010012   319.966769   394.621130   284.216769   684.549960   611.422540   390.133032   393.308857   354.656917   1246.539699   595.155341   243.243866   441.049695   396.102140   403.288302   466.150359   249.850022   419.241374   369.180854   317.368285   231.672513   274.611912   4435.150271   1160.998067   
78.200000   433.531185   459.590137   383.121343   339.864901   369.569580   333.622368   466.610809   397.681270   617.298013   577.760856   187.343838   370.413808   370.239602   292.777615   643.792835   607.971294   332.900691   399.273528   321.217473   1190.047003   572.506267   227.177067   423.135940   357.819143   425.982507   416.165531   290.497593   409.161007   354.603280   331.161654   227.414323   310.854650   4426.502274   1157.128128   
78.300000   426.206152   416.760787   375.481268   281.780191   383.573996   276.170361   437.671956   356.602601   580.773069   563.473528   195.444501   353.880762   408.259566   295.065857   649.372749   602.940209   333.288074   373.655048   319.502820   1187.646379   559.845668   238.626352   399.376969   344.299564   423.199490   413.339998   265.455525   395.549274   336.690266   326.094944   244.227648   284.875971   4420.781464   1157.347391   
78.400000   420.860471   335.617150   372.365389   271.150185   342.873665   293.449591   408.786603   375.487705   566.881045   576.198275   172.936588   293.476286   339.164317   252.012682   614.942691   610.072709   323.980642   383.647735   294.353442   1144.576574   555.304451   245.855634   407.892646   356.835732   355.356606   384.554809   245.701288   393.170361   333.061158   316.311273   240.493470   281.455725   4433.022997   1162.010503   
78.500000   412.584694   376.507692   381.119872   272.458299   343.939757   287.595326   407.910469   374.079692   568.327336   574.013448   162.691179   329.256308   356.688698   287.342350   610.819507   605.963105   311.206166   380.282795   298.655183   1147.978672   555.571908   232.873238   414.562017   349.327387   349.288739   409.070401   247.793584   381.263844   336.575528   298.993350   258.639956   281.087763   4406.749963   1156.809363   
78.600000   408.980604   337.493193   375.480138   258.496538   352.303302   280.743916   422.265096   363.400362   580.840414   564.129392   174.650929   299.054733   303.646731   259.161833   559.974982   602.481754   291.992869   383.234775   307.750804   1175.137072   560.289622   231.866514   405.297884   347.767955   347.649307   374.956607   255.391977   377.158092   338.234761   300.104220   238.126000   282.053598   4417.803024   1152.505871   
78.700000   409.603845   337.001574   412.107325   247.485854   376.950184   258.439410   438.735854   350.039950   597.778567   557.959100   195.365823   290.608722   287.660164   239.090697   557.522996   609.837040   319.389312   370.201851   336.944234   1186.340272   583.479686   228.965163   401.176507   336.941865   373.346438   371.860029   237.122718   372.341857   323.875775   330.505044   244.820147   276.840041   4408.456373   1151.351282   
78.800000   406.548862   405.392412   375.074294   276.519799   337.541981   274.301889   422.310624   347.527619   580.662632   554.249053   178.728989   322.647883   292.000158   227.877633   537.655543   600.262473   306.090834   376.189352   306.349841   1210.222684   565.077410   231.939247   392.786232   330.648458   364.911132   379.502964   251.785281   376.005567   329.259199   308.469425   259.390076   291.194767   4420.175610   1150.935015   
78.900000   434.197139   322.383171   370.511612   249.425210   358.770529   256.637951   438.738619   333.030091   584.565542   553.429636   169.063072   286.950954   309.542181   245.605471   522.668109   599.922367   313.537187   368.403612   317.126329   1128.742295   569.706434   235.101528   387.563633   327.873726   371.325372   329.891813   235.144978   371.493624   317.609954   308.933653   227.068542   271.061003   4381.852327   1145.546143   
79.000000   404.435322   343.830646   372.559878   239.508044   322.183934   247.401314   388.679732   349.618215   558.458447   553.563493   164.692809   280.288881   344.123056   224.509826   522.391013   603.435647   303.120230   358.335930   292.067633   1194.785005   557.534556   222.224118   385.646463   328.563778   314.900084   343.184840   232.471633   368.897882   314.949887   290.968560   226.729216   266.764932   4385.691605   1145.061590   
79.100000   391.588184   316.647813   388.214956   245.210781   332.394892   248.882680   389.239357   343.938113   559.649404   553.730178   167.931188   285.268932   289.815312   247.563040   550.337050   598.336222   280.496752   354.507863   302.035137   1155.079113   558.302289   226.811086   379.163854   325.346828   330.458452   275.942494   239.547268   366.896072   314.133867   290.245151   224.831132   268.597672   4384.901301   1143.496819   
79.200000   383.937906   319.119703   354.346123   239.750484   308.128716   238.347428   376.113086   313.991175   555.006888   550.134008   155.665030   286.239806   301.727120   258.505040   525.573916   593.911158   248.207289   357.918458   287.170669   1156.850839   550.942207   234.578723   374.382218   327.071927   310.004346   287.555320   243.941648   367.559156   316.924739   282.981478   210.376763   261.037006   4375.011372   1141.491482   
79.300000   410.277747   327.340189   363.021269   240.208407   318.554043   240.008393   375.380685   315.505728   553.735026   547.325954   167.494715   269.258908   258.448767   245.693573   523.448578   592.373983   266.891273   351.645697   308.118957   1160.280926   548.658934   219.325354   375.092100   324.393603   331.544677   279.925903   223.631512   366.098145   313.874390   288.373844   206.425203   252.019258   4374.559471   1143.497445   
79.400000   400.201650   328.262886   369.438883   262.915507   308.386847   244.824824   365.621918   316.644781   553.349388   546.332784   161.670424   277.563731   267.690555   251.061330   528.234134   594.125064   278.951108   357.347580   300.071902   1161.546899   546.380715   228.713629   377.096655   324.281738   310.420770   292.262989   231.630721   373.147150   316.307847   292.921386   201.280377   260.189604   4367.282823   1150.349201   
79.500000   389.230371   322.395050   350.054342   229.893117   309.271753   229.757570   353.607440   295.808045   550.115829   545.923905   160.960370   280.834036   257.729885   224.763615   523.560880   597.647057   264.540167   348.707433   286.166309   1158.783063   543.457877   221.770068   367.865761   316.800722   296.924261   247.146471   221.824715   361.793019   306.279490   285.654576   200.256418   250.089453   4359.750047   1149.990462   
79.600000   387.330354   282.410154   345.215899   227.488202   306.037641   230.793429   351.551773   295.484795   551.396886   547.340354   166.884978   265.182221   241.724533   229.470231   527.742858   602.754038   245.065175   351.515820   288.495104   1165.567348   544.743710   224.311988   370.534623   318.647732   296.394772   266.621200   227.529928   365.304230   307.438163   288.087806   199.533408   260.941437   4358.568657   1146.475589   
79.700000   383.057102   308.578600   350.648483   238.324705   308.287516   239.081177   350.599548   290.268169   551.215665   544.652033   154.413281   276.457567   231.102213   243.141597   536.660748   597.563988   245.522499   353.128819   289.779587   1203.615057   542.940796   235.036010   371.102814   318.902523   295.120253   253.295799   234.183435   363.767900   312.173402   283.781195   194.145837   249.323500   4363.522542   1140.873669   
79.800000   382.855316   282.677412   347.524388   233.007110   299.141985   240.056436   336.372388   295.317980   545.459988   545.002013   152.800592   265.603194   242.916091   204.895210   532.604455   595.219274   232.524075   348.244122   279.573514   1156.489714   540.436694   219.442774   370.287508   322.163474   276.486406   250.704035   221.887814   365.040312   312.810070   277.165049   180.637552   247.930395   4371.167712   1133.936695   
79.900000   384.352230   296.688449   351.615489   240.867838   302.553960   239.659444   339.479963   299.016867   546.302501   544.541409   154.736178   281.862213   235.738138   208.046376   536.515312   590.573838   262.532313   350.873128   287.919135   1170.221095   543.996333   217.437693   367.595494   325.134414   280.195336   258.086192   224.607051   363.038547   317.640764   278.706321   178.153242   243.776082   4351.302248   1136.850360   
80.000000   369.351806   281.806602   347.606891   229.010451   304.108684   232.553611   345.620682   284.500098   544.604072   544.544321   146.967361   269.575094   248.726912   220.101488   526.387568   589.471643   225.371012   346.369326   285.296692   1283.885190   542.817418   217.583143   362.839406   316.725640   310.115465   245.733559   228.454595   359.698193   307.921942   282.127231   190.214758   246.945713   4411.349576   1136.948236   
80.100000   371.271773   283.563896   342.022577   230.283916   306.695474   237.342501   344.406657   282.799984   542.015147   541.536259   143.747827   270.812235   223.750465   206.772424   525.898427   588.286635   218.635147   346.738902   282.922637   1134.524048   538.127548   215.940857   362.790359   320.243566   296.739131   256.234210   224.793699   359.604231   309.795517   279.764525   180.995536   244.223205   4397.881588   1131.141125   
80.200000   373.913102   288.147527   343.199508   226.416521   311.059220   236.287428   349.768022   285.821007   545.431188   542.791328   152.111426   267.099993   225.218350   206.665293   520.308862   589.054301   236.332927   348.340496   284.907645   1124.988379   538.066742   214.955587   362.737547   324.926628   310.225349   274.017536   221.997465   362.241316   312.399874   285.363068   197.164145   243.799579   4332.531454   1129.082137   
80.300000   372.057884   288.088671   339.999884   228.864479   299.454877   237.168461   348.497895   288.740345   540.314091   542.579045   142.283253   279.136155   224.861721   193.643665   534.207021   588.549399   227.429812   346.611871   277.954608   1105.396931   538.304428   214.036724   362.656773   317.854689   300.535357   285.556374   226.126568   360.719620   306.482294   279.365614   183.543038   247.769871   4327.160282   1128.953025   
80.400000   369.630987   272.315308   341.372064   224.367078   298.628956   224.272553   342.724610   283.211244   538.653711   541.149676   140.264211   265.731209   226.463242   196.562886   520.141906   587.573998   211.771192   344.282301   278.887423   1133.841159   536.406558   213.891043   360.919490   314.578983   298.721649   279.295391   217.760868   358.248363   305.226559   280.334108   187.714564   246.548165   4328.532392   1126.295200   
80.500000   369.408920   271.554135   334.243691   220.667197   294.602391   223.801732   337.323627   278.561639   536.706525   539.339676   138.873924   263.228208   215.068771   193.089879   516.462557   585.260673   210.935161   341.812936   277.339337   1121.488292   535.889572   212.002222   360.130513   315.888540   286.529100   256.997394   215.907995   357.369187   301.985967   272.617795   176.453533   242.912464   4318.264389   1126.262866   
80.600000   367.450600   268.353502   337.219829   227.680674   295.253661   222.718572   335.547081   276.912013   536.631337   539.428519   143.960681   265.072120   223.548720   192.824830   522.230017   585.793228   220.718471   341.909081   277.412095   1117.347638   536.105534   211.853758   359.883745   317.627893   277.300298   261.705438   216.366713   359.806985   307.054293   274.526679   182.382354   242.144310   4323.678812   1124.150554   
80.700000   368.853211   268.860874   335.886643   222.442747   291.850742   224.769212   332.376480   276.093749   535.919733   538.149599   139.044722   261.840338   213.882969   194.375309   510.228569   585.150493   212.878485   339.328448   274.879935   1115.137132   534.578931   211.548439   358.464447   312.223291   276.490234   241.183046   216.796960   358.016876   301.127279   270.928659   177.725233   241.501390   4318.428434   1123.021473   
80.800000   367.845385   261.746947   332.685200   220.022507   290.344434   222.602502   329.885600   276.005247   533.458643   537.124087   144.101355   261.084612   207.876380   194.244126   505.658733   585.492248   207.414890   339.310842   275.779429   1107.629450   532.934101   208.563528   358.027623   311.165889   275.545778   240.989176   216.421861   356.348558   301.758551   267.834097   174.732293   239.172121   4316.332822   1121.641205   
80.900000   365.365147   267.575382   331.126320   218.585729   286.951690   221.479043   333.565339   278.248870   535.069922   537.893455   135.182138   265.597894   212.476365   191.574428   503.243754   585.304251   212.438124   338.767368   271.374855   1095.931313   531.878911   209.030216   359.115152   311.860413   275.764034   238.247282   219.468679   355.912532   300.258004   267.048368   169.344804   238.488290   4303.325182   1121.528365   
81.000000   365.311103   259.131264   334.466022   217.662882   287.511184   225.210445   329.476262   276.665529   533.969388   537.464688   139.584332   258.621307   207.836003   191.606978   502.783601   583.848239   208.026438   338.744666   271.882347   1097.286105   532.328047   211.530988   357.080229   310.374346   271.631436   235.971126   214.574155   356.156921   300.811625   266.960536   171.553999   239.366144   4301.819994   1122.260833   
81.100000   360.808514   262.596096   334.439395   219.942475   289.048877   225.788846   330.508810   276.842487   532.149719   536.222562   136.107531   261.196828   212.450058   194.008000   500.154050   584.477744   208.812026   338.533258   271.914832   1122.413286   531.048576   209.249105   356.245680   312.173596   270.287682   234.027890   214.581455   354.574935   302.942733   266.178263   168.781823   241.440463   4297.632164   1119.781688   
81.200000   362.919899   268.339294   334.773709   218.351755   290.884414   223.301962   332.860531   275.861755   534.144904   535.183218   140.658015   258.300552   209.647391   186.591827   501.183310   583.481740   212.053593   337.785564   270.172696   1103.112220   533.601175   208.560654   356.139650   310.272037   264.384487   231.213760   214.797023   353.874156   300.434576   265.410655   174.046772   242.070646   4297.103884   1119.590313   
81.300000   360.789191   256.900725   334.098410   216.100724   288.024974   221.340755   333.015970   274.082951   534.048249   535.537999   136.293004   256.494939   204.390066   183.557037   497.413075   581.845014   203.075813   337.801754   270.814155   1094.008262   534.461857   208.056258   356.288998   310.883286   265.770422   234.342708   213.856836   355.224867   299.025140   269.058594   167.918851   240.289086   4292.522160   1117.797313   
81.400000   360.950045   256.920828   332.121119   216.169455   289.024782   220.887741   328.436861   274.865688   531.843379   534.991391   138.246474   257.956138   206.438178   190.635197   496.889613   581.438121   202.219118   337.348226   271.671420   1092.584751   529.780604   209.600543   354.874953   311.387158   263.902096   230.076832   214.600853   353.141403   299.083955   264.504001   168.131353   237.841730   4284.755871   1117.299787   
81.500000   362.369850   258.094998   332.479551   217.034716   286.894160   220.432040   330.230234   272.720504   531.801955   534.333718   137.436210   257.735123   203.618380   182.700401   496.278305   580.914541   202.494877   336.978028   274.784813   1116.780078   531.392686   207.466418   354.031033   309.567154   264.398367   225.452742   214.695764   354.614316   299.038675   265.397577   169.621177   238.425855   4299.326577   1115.818364   
81.600000   358.584245   261.079565   330.521230   218.070170   286.381497   220.433535   330.859920   271.857013   530.194265   534.405397   132.211396   256.248687   198.704942   181.551276   496.684201   580.456716   199.211178   337.566570   271.174744   1097.149578   528.985365   206.635570   354.004058   308.922519   264.920544   221.013808   212.935173   354.100128   298.590277   267.365158   167.850292   237.247457   4282.514367   1114.759062   
81.700000   359.792321   255.507585   329.762534   215.811849   282.620480   219.448821   328.024214   271.370978   528.627705   533.415905   132.308896   257.125226   204.834880   179.652683   496.575219   579.933192   199.329936   335.880774   266.752680   1083.797844   529.579770   205.125680   354.157434   309.631424   263.666484   223.821714   212.473778   352.873421   301.282563   264.647200   164.011506   235.915887   4278.906676   1113.091191   
81.800000   357.505703   253.641581   330.029513   213.670100   280.560787   218.765901   324.995751   271.303517   528.727105   533.851678   133.860527   255.726538   200.414248   179.646569   493.592240   579.663020   195.872960   334.674280   268.239479   1094.232699   528.317341   205.252700   353.919607   308.716641   261.479480   218.294876   212.848334   352.928630   297.893781   261.956801   162.920715   234.438427   4276.270111   1112.655977   
81.900000   360.503925   254.611669   336.875872   216.474094   284.741127   219.416442   330.193440   271.304062   529.114137   532.629953   138.821807   259.678537   211.519286   180.685866   494.485920   579.247047   202.408986   335.234389   269.305305   1108.989663   529.733164   205.585866   353.429477   307.433491   267.977854   223.088226   211.732029   353.448061   299.018678   265.305232   164.081991   236.415593   4275.709308   1111.375189   
82.000000   358.144102   253.103036   327.814852   215.621557   282.154362   218.347027   326.166807   271.254090   530.104136   532.151043   131.294842   255.864789   195.357975   181.664843   494.851700   579.101270   197.153660   336.334640   267.421942   1083.716565   526.690783   204.073627   353.044728   307.532435   262.335729   219.295189   211.096279   351.480880   297.470652   263.408074   163.270120   235.053739   4268.617599   1110.998577   
82.100000   358.767509   253.648370   327.756809   213.928909   282.114758   217.883111   324.600135   271.118363   527.498577   531.455994   132.073476   255.146433   195.701493   179.265413   492.668730   578.750966   199.561211   334.694148   267.063901   1075.126000   527.156338   205.178083   354.036763   307.746479   263.147585   218.521775   213.789936   351.027113   296.372508   263.607957   166.078797   234.491558   4260.616086   1111.046865   
82.200000   355.571645   252.280873   326.270210   215.396011   283.006619   217.013817   325.355016   271.027452   526.636761   530.962915   130.328266   255.632620   193.633283   184.413301   491.657178   577.177737   196.145417   333.812191   266.831110   1082.323890   526.647184   203.955735   351.736940   306.663015   261.213760   218.227837   210.692925   351.470072   297.937213   261.151846   161.055773   233.793676   4259.812461   1109.956316   
82.300000   355.423707   252.323658   328.073243   213.408030   285.037881   218.184996   327.513373   270.456380   529.551677   530.049244   134.361059   253.948148   197.945583   178.441641   491.756253   577.751431   198.913673   335.939613   266.470398   1078.396849   526.279994   204.127771   351.639901   307.550206   262.462481   218.526533   212.908240   351.415463   296.655401   262.432872   162.868427   234.042875   4254.633735   1108.365276   
82.400000   358.159557   253.525327   326.558167   214.305169   282.062220   220.019168   325.450553   270.372433   526.890010   530.942976   133.088948   253.918326   199.299213   178.374553   491.032192   576.008690   198.143776   334.215393   266.411450   1076.665111   529.573391   203.295261   351.845490   307.325772   261.641782   223.777689   209.996534   351.721096   297.487830   261.876785   161.312600   234.289982   4254.500575   1107.412310   
82.500000   354.942620   250.956005   330.182993   213.247889   282.022325   216.701667   324.333188   270.490251   525.646298   530.366359   134.334676   253.081739   194.358979   178.063824   490.233734   576.109440   194.761944   332.387036   264.063941   1091.056361   524.954916   203.004688   352.734930   306.623640   260.755864   219.250708   210.275820   349.896153   297.832775   261.522866   165.696128   232.890087   4250.097609   1106.273767   
82.600000   354.327564   251.114167   325.861301   213.138683   283.388330   217.110299   325.627962   268.428475   524.269794   529.265893   128.118508   253.557906   195.539572   179.214558   489.622718   575.925685   191.390211   332.919569   265.351905   1070.195489   524.466706   202.559030   351.213625   306.082619   260.900556   216.398904   212.380048   350.442951   296.196101   261.188661   162.733617   233.244496   4242.165987   1105.740074   
82.700000   355.790964   250.510220   329.496068   212.264840   279.945321   216.267413   326.377974   268.897550   524.495136   529.232753   133.744271   251.487134   200.660263   177.848068   491.283405   574.771576   193.980148   332.949694   266.362058   1069.688599   524.033737   203.222322   350.832306   306.166722   258.780926   218.791952   210.962137   349.686759   295.235696   263.662551   168.757461   235.515199   4242.513681   1104.906355   
82.800000   354.312815   248.197022   326.801934   214.089532   279.036634   216.940964   325.395314   268.484146   524.230038   528.578038   131.108788   251.592551   193.095136   178.997629   488.614205   575.732013   191.124681   332.983056   265.711148   1065.083702   525.131793   202.732153   350.524118   304.783522   258.968948   217.252419   211.782475   349.937480   294.530430   260.887470   162.689120   232.392935   4241.393853   1104.093985   
82.900000   353.543349   248.952951   324.453008   211.551303   278.872500   215.571767   321.440532   269.021040   523.188407   528.668493   130.096028   251.249288   190.629183   179.683569   488.410714   574.138741   191.483826   332.189938   263.068949   1058.225480   522.646379   201.969633   350.740076   305.512168   258.918034   218.083317   210.166498   350.177537   296.966173   259.854103   160.064718   231.485512   4233.878084   1102.974927   
83.000000   353.871545   247.948196   326.169211   211.567270   280.204551   215.263152   322.877491   268.224384   522.499131   527.614153   130.054516   251.589713   190.755031   177.996917   488.455268   574.263295   191.959244   331.407251   263.742721   1072.263537   523.384628   201.822628   350.162082   306.449667   258.056908   215.300585   209.672527   348.386977   294.550644   259.880921   161.913803   231.708877   4232.562502   1102.963387   
83.100000   354.019687   248.176054   323.788242   210.941909   279.272353   216.694770   323.524845   267.908282   522.477554   528.565398   130.876119   251.435609   193.620709   175.706886   487.092679   573.391597   190.304398   330.249244   263.750243   1061.097953   523.466002   201.512115   350.028856   305.599830   259.050593   216.232156   210.021599   347.790411   293.949027   261.349713   163.251663   231.838025   4229.384763   1101.797325   
83.200000   353.996287   248.077451   322.964426   210.714865   279.622945   217.795981   321.211842   268.222522   520.889685   526.678982   129.666203   250.864884   189.836591   177.060106   486.562237   573.618678   191.120457   330.284111   262.558049   1057.928915   522.010437   201.152111   350.916397   304.661537   258.250986   215.114432   209.761532   347.646298   294.629900   258.388924   160.784429   231.371753   4226.755808   1100.575301   
83.300000   352.586458   247.807669   328.475547   212.065692   280.487623   216.968886   320.998381   267.079735   524.396894   526.385297   129.154990   251.145302   190.501650   176.736766   487.466105   572.723368   188.839659   330.024748   263.827838   1054.413957   522.052015   203.349478   349.879055   303.431743   258.179488   216.538565   209.826119   347.489171   295.205355   261.594765   161.714015   232.701987   4221.091416   1100.500026   
83.400000   354.028226   246.700501   325.950795   211.136649   280.279715   215.775692   322.965229   266.018627   521.856048   526.023338   130.526250   251.035719   192.378230   176.634603   487.846388   571.920857   190.716372   330.731020   265.835748   1049.536092   520.511624   201.923026   348.538687   304.801065   260.925973   217.704941   208.724629   346.982781   293.338413   262.508380   161.457333   233.831553   4215.954260   1098.939336   
83.500000   352.027939   247.630958   325.105780   211.999045   277.887826   216.574962   323.610477   266.975399   520.271037   526.579443   128.845908   250.421432   191.978168   175.161705   485.742127   571.790839   192.258282   330.183652   263.516172   1055.580868   520.809276   201.761008   348.744789   303.485434   257.499278   215.789706   210.052527   347.086300   292.365702   259.586959   161.251245   230.674055   4215.137763   1098.614186   
83.600000   351.639694   246.898395   321.981904   211.084208   277.053073   214.673745   319.698629   266.079438   519.497295   525.267578   130.755678   251.307094   190.347402   174.136057   486.367540   571.389599   192.417469   330.159210   262.561902   1055.744289   520.443657   202.859298   347.893566   303.398094   259.769256   214.953580   209.701302   346.588068   293.835067   259.861044   158.375565   230.790338   4211.538473   1097.369579   
83.700000   350.049773   246.979766   322.535777   210.715778   279.194236   216.993780   318.832015   266.108325   519.382985   525.806778   131.893432   250.123266   188.716843   173.301019   484.773821   571.075847   188.787909   329.641114   263.501661   1048.686477   520.808425   202.361274   347.950393   302.655783   258.311223   213.498103   207.594327   346.419994   293.312143   258.961648   161.372385   230.628364   4208.433051   1096.609610   
83.800000   351.797960   246.700748   322.766437   209.206313   277.370770   214.743971   319.354200   265.472293   519.483844   525.410340   130.765373   250.306454   188.441975   174.455545   484.972677   570.157495   187.445313   329.247746   262.835714   1056.730675   521.140004   201.211126   347.278173   302.585811   257.919982   212.488754   208.235560   346.873799   293.005226   257.242916   159.344377   230.865059   4204.872053   1096.172922   
83.900000   350.280474   247.274026   325.214023   209.785238   280.425232   214.244670   321.020128   265.486030   521.206717   525.336311   129.265022   249.292040   190.768691   174.376154   485.350096   569.868692   189.090866   330.048592   262.813797   1048.911704   522.081848   200.647679   347.102270   302.686564   257.745542   214.606736   208.252840   345.583896   293.053792   258.477906   162.050338   232.595917   4201.887999   1095.515110   
84.000000   352.186932   245.076558   322.973642   209.996203   276.507025   213.823034   321.609033   265.242287   518.771024   523.868690   132.461302   249.605294   187.391600   174.046335   485.067946   569.572833   190.589237   328.920021   261.803608   1062.629798   520.541007   200.973823   347.624181   302.435028   255.088210   214.642496   208.358125   345.818019   291.917650   259.511918   160.316554   230.745205   4203.459339   1094.336057   
84.100000   350.107335   244.233603   322.076837   209.806949   276.981265   215.155703   319.917165   266.005309   519.207338   523.521161   129.391298   249.947787   187.049773   173.049987   483.535075   569.482310   189.655401   328.233222   260.671591   1047.243488   517.878523   199.769085   347.666421   302.302493   258.898630   214.288442   208.231631   345.266716   292.489144   256.611608   157.881053   229.894659   4195.140330   1093.561705   
84.200000   349.679558   245.499038   321.987602   207.887446   278.066112   214.157196   321.107690   264.989751   519.326493   522.889612   130.032715   249.339790   189.705656   172.690487   484.884518   569.574544   189.438597   328.707562   263.146558   1048.303405   517.985516   199.786274   347.383496   303.271116   255.847013   213.553660   207.863313   345.442820   291.270365   257.155848   157.753215   230.234605   4191.629176   1092.864954   
84.300000   347.853115   244.432465   319.988588   207.802433   278.310698   214.301415   321.627841   264.717640   518.503759   522.265776   129.355154   249.318881   190.627411   173.137207   484.008446   568.552992   189.898304   327.766741   262.127213   1045.880163   519.059195   199.872550   346.486466   304.093476   254.360861   215.659482   208.342640   345.810469   291.163015   257.219931   158.651111   230.360279   4190.801584   1091.784075   
84.400000   348.549435   244.158354   321.371616   210.804494   277.604912   213.769651   318.121469   264.611260   517.025502   522.310278   128.411448   248.094965   188.956525   173.609729   482.334968   567.335786   185.807827   327.445447   262.555717   1040.486869   517.660971   199.667742   345.922786   302.689487   254.452323   212.711954   207.058176   345.306898   290.911792   256.565381   159.581748   228.982977   4188.764339   1091.336376   
84.500000   348.336885   243.643859   323.536243   209.213379   277.446557   212.884436   319.691344   264.457308   518.317951   521.520185   132.793675   250.732901   189.676889   173.956245   483.761214   567.275057   188.854478   328.374330   260.412104   1036.772067   517.421119   198.961679   346.195083   302.289922   254.414167   213.111148   209.067272   344.480046   290.928121   256.512119   160.202094   229.966719   4183.131433   1090.092903   
84.600000   348.983942   242.776780   322.410735   209.045051   280.257001   212.501763   319.948513   264.734719   517.255097   521.688823   136.011515   248.344444   197.320498   172.981595   482.844001   566.605041   187.720296   327.708527   263.427772   1039.429909   516.346478   200.307900   345.646094   301.265444   254.108204   214.888648   209.966241   344.482064   290.752837   257.358259   163.139842   230.364567   4179.699109   1089.152648   
84.700000   349.924185   243.011385   321.205086   207.455572   276.326918   213.173570   317.543497   265.015177   515.679151   521.069054   127.501645   247.976925   188.285509   172.553319   481.513950   566.308964   188.154625   326.940229   260.295632   1038.385505   515.646668   199.981707   345.658790   301.582212   255.768155   211.350957   208.066089   343.825667   290.854908   257.317325   160.058638   229.200996   4178.634021   1088.884211   
84.800000   348.613694   243.420541   319.670587   207.420187   276.565534   211.719585   317.248096   264.925591   515.352936   520.852985   133.409339   247.951290   184.422863   172.956236   480.394229   566.332519   187.320196   327.597605   258.926656   1036.474551   517.184241   200.899854   345.160103   301.667202   253.709316   213.253147   205.823579   343.905690   289.764867   257.123358   156.236917   228.599921   4173.936862   1088.281421   
84.900000   348.526966   242.580871   320.302685   208.303689   274.534914   213.072359   318.750666   265.043475   517.101926   520.930756   130.084913   247.129084   185.643438   172.295622   481.090560   565.551045   185.376067   327.613258   259.604402   1035.089620   516.042632   199.095010   344.465988   300.148513   252.750700   214.167373   206.443243   343.849767   289.856477   258.517171   156.309764   228.253001   4170.958711   1087.319629   
85.000000   347.470154   242.442395   321.599284   207.307078   275.501868   212.150120   316.811723   264.945387   514.912579   520.339267   127.336860   248.475764   188.070077   174.584176   481.195331   565.598301   186.508775   326.986231   259.115479   1036.982131   514.637138   199.906336   344.629484   301.483135   255.217081   210.305742   205.288377   344.013554   289.454699   257.371766   157.485657   228.297188   4168.487456   1086.762870   
85.100000   347.481679   241.841355   319.484305   207.325639   275.682751   211.994924   318.459432   266.228123   515.370865   519.714446   130.524155   246.699610   185.515537   172.852333   481.261282   564.862796   187.484655   325.446081   260.218852   1031.020501   513.933855   199.836215   344.079670   300.449368   253.840425   212.501049   205.915521   343.066656   289.812368   257.520867   157.357279   229.221000   4165.370284   1085.776066   
85.200000   348.317563   242.077108   322.906101   206.810202   276.770732   211.643103   322.120669   263.972317   516.171570   519.615668   136.625689   247.639952   184.830006   172.958760   480.623453   565.065568   185.701181   326.765063   260.103826   1030.841375   513.484241   198.150789   343.575885   300.237846   252.789099   209.452788   204.907869   343.821211   289.662578   254.753809   157.503164   229.211658   4162.533372   1085.956774   
85.300000   347.021213   241.966240   322.417176   208.444901   274.948662   211.623388   317.132157   262.636641   514.996029   519.541695   131.048778   246.190675   185.970012   172.129797   479.454539   563.890713   185.066607   326.349502   259.739634   1029.779375   514.757795   197.953069   343.915559   301.174981   253.085225   211.555414   206.895645   343.289458   290.395990   254.739039   156.650432   228.946899   4159.217552   1084.866312   
85.400000   347.001561   241.467124   320.172727   206.082962   275.876617   212.329053   318.553811   263.790613   514.959548   518.926712   130.843831   246.166357   185.874231   172.758074   478.810990   564.176877   186.191483   326.617280   259.594160   1030.361015   513.807057   198.802248   344.911849   301.181364   254.420092   211.233668   207.339945   342.436727   288.899173   255.454792   159.787912   228.105262   4156.821089   1083.830761   
85.500000   345.887615   240.946519   318.987331   207.253470   274.557338   213.495609   315.954796   262.566175   513.932007   518.413564   127.827953   245.934414   185.008519   170.680328   478.949260   563.471534   185.119687   325.580735   260.418424   1030.247425   513.742657   197.690789   343.115013   298.965449   252.326266   209.067812   206.342681   342.451142   288.739278   255.824660   162.504307   227.977818   4153.495302   1083.203606   
85.600000   346.337722   240.814538   317.379377   206.928712   273.002159   210.674495   316.698710   262.639130   513.637164   517.890000   124.964352   249.497745   185.392998   170.534085   478.548264   563.596228   183.274921   324.666099   258.577341   1028.711967   512.905816   197.562540   343.320193   298.709606   253.358992   210.104841   205.036163   342.556310   288.841863   257.120440   156.224589   227.674743   4150.496454   1082.330114   
85.700000   344.273432   241.468031   319.265236   206.187411   272.912915   211.468527   315.140115   263.006899   512.106691   517.759305   124.765047   247.386141   183.316661   173.163353   477.519129   562.124668   184.581169   325.206815   256.936935   1026.507056   511.877248   198.903554   343.020277   298.534541   253.249379   208.513912   204.730350   342.419969   289.637903   252.927800   155.546442   226.258785   4147.880134   1081.474110   
85.800000   344.796326   240.640287   316.045191   204.934015   272.789226   214.042791   313.732441   261.200575   511.117420   517.641136   128.037034   247.790258   183.726905   171.725761   477.118235   562.443356   183.035030   325.121639   257.598601   1025.592339   511.540620   197.678974   342.231922   298.854584   254.358740   209.063729   203.772980   342.594303   288.757437   252.740218   153.441050   225.938904   4144.760246   1080.484300   
85.900000   344.028372   240.083295   316.360810   205.915958   272.020142   209.902289   315.160629   262.033398   512.056806   516.701370   126.406202   246.204553   182.435530   171.023266   476.664506   561.341448   183.869585   324.750669   256.849214   1023.982170   512.181195   198.449074   342.001942   298.093801   251.125675   208.159263   203.461547   340.952810   288.329004   252.152126   154.862199   225.607690   4142.414685   1079.937975   
86.000000   345.484322   241.047416   324.719675   207.239372   274.953199   211.877192   319.860060   261.370167   513.233315   517.821590   130.649954   244.979558   185.922236   170.179743   476.989884   561.806845   187.224462   323.949713   263.110512   1024.955593   513.788074   198.521194   342.529162   297.557044   254.317483   208.178972   204.429478   340.584527   287.264821   255.413692   156.574092   228.317514   4139.487400   1079.941113   
86.100000   346.216691   239.617696   317.848328   206.020830   271.844853   212.080800   315.431009   260.993820   510.620919   516.051714   125.844272   245.318921   183.065853   171.866251   476.697299   561.303026   183.242741   322.720929   259.422822   1025.415085   510.397553   196.002254   341.309529   297.869468   252.082590   208.874006   203.558955   340.938282   288.498438   252.519085   153.811821   225.434388   4136.978572   1078.974122   
86.200000   343.440434   240.530444   315.614669   206.546863   272.985069   211.764351   315.309146   262.131101   510.761852   515.548026   124.529286   245.069848   183.532767   169.662223   476.274680   560.983543   184.194407   323.130543   256.761868   1024.559818   509.734169   197.260459   342.396946   297.868889   251.882783   208.978336   203.565751   340.448626   288.174336   253.896866   154.221866   225.921842   4135.224140   1077.814669   
86.300000   342.682430   239.572724   317.303657   205.787240   270.878021   210.236349   312.883685   260.417971   510.684662   514.882624   128.411087   244.519751   183.796519   169.887424   476.930886   560.525525   183.419099   322.783185   256.947066   1021.220036   510.445460   198.196820   341.149582   297.657483   253.847516   207.890338   205.108771   340.731623   287.987494   252.592460   156.167631   226.225962   4130.721549   1077.401876   
86.400000   343.350144   239.179679   314.864797   205.428835   271.176208   210.676410   313.555854   261.048310   510.232539   514.833652   125.844341   246.497291   182.568301   170.305254   476.086121   560.036259   183.377143   322.238133   256.670219   1020.944039   509.825132   196.352467   340.880853   297.424043   250.774760   207.002774   205.335684   340.122833   286.678576   251.359309   153.711143   225.892422   4127.805629   1076.369540   
86.500000   343.043700   238.955660   317.599617   204.985884   271.433909   210.944625   315.169300   261.848056   509.008131   514.944139   127.443659   244.826587   185.958778   170.762736   475.203168   560.070831   185.388334   322.494250   256.127586   1020.335033   510.168246   196.717489   340.646382   296.729707   252.537862   208.770953   203.760230   339.764299   286.498604   252.724741   158.268589   227.604204   4125.332810   1075.260303   
86.600000   344.217186   239.513584   317.082312   204.927121   273.981179   210.553324   317.961831   260.265668   509.562198   514.240184   129.014930   243.123026   186.923128   168.668727   474.569150   559.020538   184.912182   322.691721   258.053456   1020.377612   510.279441   196.151291   340.445329   299.105330   255.707427   214.113933   204.332293   340.750136   286.173776   253.979773   155.696116   226.737166   4122.618013   1074.946346   
86.700000   343.441812   239.371687   316.073199   204.622766   270.803770   208.987280   311.932552   260.792158   509.971771   513.674027   129.129767   243.413538   183.763926   169.921838   474.769868   558.373879   183.217329   322.551083   254.892263   1018.306142   509.318253   195.961909   340.466018   297.960443   248.910665   209.099276   203.600691   339.994681   285.476781   252.930770   156.515739   226.121817   4119.945729   1073.869106   
86.800000   342.510287   238.952031   316.332870   204.184165   271.238166   209.796449   313.235224   259.850064   510.351692   513.515233   133.215028   243.710121   182.947034   169.971679   474.355871   558.498197   181.625530   321.706545   254.526939   1017.101167   508.453926   195.936787   339.560878   296.634370   250.789030   208.991319   202.193397   339.444473   285.870748   250.964467   157.061319   225.507628   4116.974629   1073.275475   
86.900000   343.559687   237.934392   317.346191   204.963051   271.054383   210.021369   314.440990   259.274279   511.975388   513.249605   127.654365   244.954257   183.351009   168.612424   475.289877   558.899810   183.072994   322.235519   256.362531   1016.560733   509.476261   195.996624   339.851222   296.954328   251.134387   210.782553   206.599017   339.873262   286.816460   254.517888   161.420469   226.519253   4114.127526   1072.912172   
87.000000   344.565543   238.238282   315.704542   204.133189   272.026011   208.632373   311.309145   259.604976   508.766970   512.619670   126.763955   245.262871   183.183207   167.830711   474.322208   557.929858   181.848764   322.435484   256.742716   1015.835388   509.073174   195.504832   339.978691   296.568119   251.063267   207.406663   202.879161   339.741564   286.015930   252.626623   159.039313   225.500299   4111.631544   1072.123825   
87.100000   341.944660   239.306986   315.309782   206.277003   272.474600   208.770000   312.885188   259.906271   508.872149   513.383626   127.101955   244.664002   184.910403   167.083875   475.086550   556.855528   180.386087   320.621723   257.151730   1015.406004   507.668203   197.358689   339.663597   296.325950   251.393818   206.950553   203.572495   338.359176   285.199793   251.707509   156.253595   226.543699   4109.136389   1071.094791   
87.200000   342.718697   237.312889   316.197964   205.470815   271.688917   210.423137   312.817577   258.943168   508.518275   512.760980   128.538364   243.480517   182.844259   167.935343   474.354056   556.605291   182.909453   320.386222   256.054364   1014.634648   509.873265   195.462799   339.403061   295.089562   251.901621   210.950253   203.804068   337.861842   286.240588   252.179012   158.975293   226.667706   4106.278449   1070.207625   
87.300000   342.658392   236.450687   315.960232   203.803951   270.468524   208.069534   313.048390   258.884890   507.942349   511.964173   130.677550   242.149191   183.717451   168.433548   473.216994   556.951566   183.485092   320.193167   258.205586   1013.515052   508.110462   196.800716   339.127779   294.867512   248.316104   213.620788   203.064085   338.788291   286.508999   253.123486   156.285658   225.590522   4103.473933   1069.657907   
87.400000   342.284206   237.090296   314.463005   204.188953   268.905067   208.469900   310.993939   258.514548   506.239191   512.034665   128.610086   242.697562   183.033354   170.348630   472.537370   556.545942   180.648050   320.872989   254.542770   1012.813460   506.871364   196.032676   338.352897   295.313636   248.511440   206.193592   202.835194   338.731046   284.456703   249.176502   153.196595   224.245934   4100.842195   1068.981689   
87.500000   339.716868   236.993530   313.624857   206.065788   268.178064   208.157277   311.514128   257.924241   506.162228   511.074716   130.259361   242.968366   179.173713   168.520904   471.863730   556.135935   179.405681   320.244045   257.736923   1014.175308   506.318994   196.078271   337.951839   294.865879   249.171987   207.775161   203.082164   338.623896   284.087779   249.217954   152.299294   223.652306   4098.405427   1068.451717   
87.600000   341.398741   238.065230   315.277549   204.344862   269.004926   208.422014   310.962842   259.637828   506.679898   511.577372   126.648370   243.257889   183.408084   166.195250   473.076861   555.662693   181.325882   320.264061   255.014008   1011.941915   506.840026   196.612170   337.615389   295.961830   250.552372   209.527561   204.904589   337.482503   285.419426   249.953249   154.188609   224.360265   4095.732336   1068.180777   
87.700000   339.673199   236.529944   316.722642   204.580187   269.836807   207.653224   311.004326   257.987980   505.987657   510.806751   125.142830   242.033009   182.566316   168.712312   471.750572   554.902996   183.187462   321.777977   256.117124   1011.224054   507.124281   195.535924   337.890190   294.274082   252.659420   204.919401   202.988477   337.211960   285.187913   250.741603   155.227815   224.317773   4093.072578   1067.562921   
87.800000   341.086424   236.632874   315.395283   204.814381   268.638682   208.184641   310.131290   258.762528   506.688039   510.632766   126.074303   243.614510   180.452670   166.774865   470.517518   555.164980   181.448936   318.880326   255.827053   1010.898668   506.308030   195.026224   337.377995   293.877296   249.384910   205.226378   201.469570   336.876232   284.026191   249.756383   153.480103   223.122406   4090.675810   1066.397133   
87.900000   342.043723   236.257401   313.179691   203.120262   269.357785   207.767938   310.484840   256.526940   505.020069   510.240923   126.481809   242.811622   179.238777   167.686909   470.668426   555.021661   179.639649   319.012239   254.889253   1009.852620   505.060113   196.080493   337.078607   294.328264   251.143192   206.108904   203.022651   337.226626   283.944814   250.735887   154.490650   224.018592   4087.850006   1065.859234   
88.000000   339.614312   236.854443   314.408319   202.305211   269.270821   207.416993   312.055961   257.063250   504.765896   510.008818   126.496816   241.517717   179.763541   168.257730   471.061911   554.630158   179.450763   318.803433   255.249842   1008.944325   504.987148   195.967447   337.413868   293.790629   248.927068   204.864339   203.333342   336.731887   283.881608   250.491615   156.244272   223.884403   4085.239464   1064.767384   
88.100000   340.361030   236.521219   313.319682   203.112483   267.734222   209.457628   310.245786   257.439652   505.652375   509.730123   125.865651   241.916577   179.650733   168.231436   470.555156   553.419673   180.398900   318.422099   254.856759   1008.522098   506.748163   195.185770   337.121721   295.038713   247.780419   203.886936   202.175257   336.805984   284.825002   248.821939   152.341536   223.207922   4082.567691   1064.255110   
88.200000   340.502390   235.767802   315.937948   203.914692   269.381066   210.090809   314.272891   258.409172   504.545349   508.762404   129.503667   241.233600   182.509062   166.878054   470.700069   552.884061   183.136635   318.527201   255.204458   1007.903119   506.601398   196.603005   338.383830   292.861889   247.727904   205.500497   201.420006   335.494055   285.115913   252.497291   156.012750   223.988771   4080.064206   1063.809902   
88.300000   340.555035   235.783773   312.579530   202.551422   269.407392   207.618261   307.887263   257.205162   504.174291   508.840471   129.231800   242.288881   179.884559   167.184884   470.097567   553.403750   178.224396   317.804228   256.637990   1007.445046   502.863257   193.806216   337.262043   293.657737   250.519217   209.532685   200.397595   335.770588   283.380093   250.628307   154.739646   224.003774   4077.862976   1062.977132   
88.400000   339.384109   235.279780   312.523421   203.274040   268.495610   206.926230   307.982088   257.072340   503.849108   508.389929   127.921706   240.854696   181.728201   167.786698   468.977695   552.538906   181.642418   318.205692   256.305979   1006.368617   504.121951   193.461806   336.799377   294.788349   248.030522   205.046245   200.658947   335.185420   283.619377   249.540382   152.362542   224.147077   4075.247522   1062.616626   
88.500000   338.569088   235.224000   312.232670   203.168352   268.030562   206.207149   309.026965   257.888618   505.014533   509.416271   124.924538   241.827760   179.585231   168.281078   468.495532   552.185846   179.866117   317.862014   251.479025   1005.683305   502.267063   193.052108   336.492595   292.942968   246.489895   204.255955   201.973507   335.458139   283.460474   249.075272   152.564577   222.342589   4072.831132   1062.105561   
88.600000   337.606520   234.845326   312.797876   202.240817   266.383918   207.043197   308.920557   256.278804   503.191577   507.789786   126.134171   241.751488   180.654541   169.159196   468.099176   552.314427   178.756569   318.642353   252.581950   1005.212818   501.859543   193.028376   335.774044   292.985555   247.165606   205.123595   202.783636   335.217043   284.130433   248.501634   153.345016   222.673177   4070.021846   1061.305575   
88.700000   337.419860   234.367241   315.410430   201.724472   267.847878   206.039308   309.999331   256.948700   502.930752   507.524651   125.376950   241.275497   179.050918   167.882100   468.649392   551.404098   179.625449   317.684548   253.059445   1004.701154   501.393155   194.423849   335.290104   292.600620   246.612270   207.724757   201.975685   334.990458   282.895064   249.131746   153.644505   221.743725   4067.670863   1060.278641   
88.800000   338.047341   235.231925   311.768350   200.890680   267.393080   206.360327   313.571302   256.766347   502.655966   506.845684   123.574620   239.845842   176.858507   165.994549   468.392814   551.082997   180.069082   318.550464   251.660408   1004.192009   501.300328   193.704012   335.144780   292.514367   248.420925   203.629657   202.157869   334.706386   282.160169   248.729498   153.867111   221.769656   4064.989873   1059.890854   
88.900000   339.496056   234.884663   312.386651   202.642357   268.008339   206.474735   310.594686   256.422272   502.077986   507.414488   124.328638   240.764018   177.812909   166.225665   468.908054   550.812395   181.819466   318.366826   255.255448   1003.488935   501.924128   194.813721   335.635297   292.322111   248.901421   204.933894   202.562472   334.587682   281.931861   248.624313   156.102157   222.983398   4062.674848   1059.588926   
89.000000   336.600920   233.842792   310.534662   202.729505   265.844278   207.310959   307.391871   254.830823   502.596017   506.228095   126.979804   240.810827   175.953663   165.912615   467.609415   550.034155   179.024093   319.071494   252.319008   1002.519533   500.680306   194.797116   334.785710   291.983353   245.165818   203.381851   200.602730   334.230054   282.685383   247.962880   154.557447   221.222264   4059.911968   1058.803596   
89.100000   336.404034   234.869057   309.554529   201.510961   265.861920   206.192092   307.335399   255.669767   500.801117   506.748620   122.558259   240.444206   179.534512   165.713810   467.028626   549.959117   178.788461   317.737704   251.806605   1001.994106   500.429780   193.532524   335.266489   294.098218   245.572547   203.431963   200.842106   333.636827   282.435082   248.901254   151.934767   220.994507   4057.891453   1058.073767   
89.200000   337.734554   234.818065   311.361904   200.985850   265.086667   207.711985   308.107024   255.658189   500.693023   505.575456   128.043413   239.477831   178.972095   165.560372   467.242582   550.286828   180.090658   316.913827   252.477181   1001.357393   501.247754   192.187336   334.729848   292.637525   250.129854   203.883961   199.089348   333.975948   281.366564   249.303652   152.081302   222.506061   4054.947585   1057.258606   
89.300000   339.581789   232.864748   310.742619   201.953552   265.355316   205.421521   311.191848   254.944519   501.478034   505.433140   133.698841   241.914993   181.957430   163.887639   469.037634   549.738377   177.914571   316.271567   254.808163   1000.623712   502.244562   193.098324   334.486973   290.707762   248.706554   206.883575   200.893018   333.084039   281.395109   249.959710   155.422128   223.754978   4052.750422   1056.713476   
89.400000   338.290186   233.712567   310.294466   201.414487   266.989107   206.369909   308.368403   254.590337   500.928977   504.613952   126.822661   240.070826   180.520244   165.203588   466.001916   548.995444   179.282123   316.864750   252.543902   999.842771   500.465525   193.195242   334.220875   291.839769   248.843296   204.176161   198.984075   333.966816   281.851559   248.390159   154.444963   222.194695   4050.021555   1055.580113   
89.500000   336.181690   233.961165   310.432280   200.298601   265.221377   206.322493   309.254392   254.282809   499.995915   504.537123   123.509479   239.698191   176.504912   163.833728   466.187088   549.816203   179.280844   315.402573   251.406220   999.179937   499.633288   192.363521   335.311709   291.144178   245.916319   204.230658   198.492494   333.359233   280.805696   247.395757   152.515749   221.127570   4047.769346   1055.124248   
89.600000   336.421517   233.699697   312.889963   200.660502   267.329435   207.715730   305.744778   255.639351   500.054293   504.538354   125.001792   240.739623   177.363705   163.963304   465.695052   549.142602   180.203521   315.999942   250.022651   998.748568   499.622852   195.521567   333.950160   291.903006   245.146180   201.700069   199.306294   333.306094   280.461057   246.551004   152.087136   221.522402   4045.404225   1055.439559   
89.700000   337.486723   233.504270   313.314278   200.817372   265.652428   204.945321   306.719745   253.664532   499.555611   503.847808   121.519403   238.019698   175.670065   164.818850   465.525822   548.341744   179.923063   314.949364   249.891344   998.720363   500.303853   192.657468   334.133555   292.489401   245.824142   203.124173   198.432723   332.262163   281.005857   246.592194   151.838926   220.871429   4042.835122   1053.876695   
89.800000   336.293901   234.074529   313.715232   199.819164   268.203035   206.062604   306.804608   254.316987   499.640542   504.668537   123.981986   238.831789   178.599085   165.088103   465.588357   548.433480   179.359593   315.247594   253.174918   997.454738   499.783828   194.280653   332.869117   291.506601   247.792824   203.623285   200.430524   332.833265   281.401036   248.306368   157.086552   222.366690   4040.318459   1053.503160   
89.900000   335.839506   232.347470   309.889176   200.834558   264.893973   208.469367   308.719983   253.957192   502.048057   504.461470   124.051331   239.233420   177.008658   164.049410   464.484091   548.236542   178.259626   316.307303   251.246547   998.026537   497.984624   192.320076   333.223507   291.766234   246.442085   202.575566   198.869293   332.500794   280.619252   246.741174   155.203781   220.949516   4037.841188   1053.523322   
90.000000   335.380530   232.238568   310.348215   200.486765   265.468266   205.085431   304.808064   253.975521   498.467617   504.569009   122.026822   239.354783   175.592185   165.028092   464.197402   548.816212   177.054870   315.871622   251.040090   997.055847   497.804983   192.715517   332.432546   289.959499   245.475238   203.616884   199.842078   332.430449   280.773474   249.316669   149.259532   220.401477   4035.520536   1052.664457   
90.100000   335.539464   232.199686   311.234106   199.382788   264.727828   204.153637   306.430154   255.546151   501.185000   503.127378   124.192054   238.066155   178.339636   163.876539   464.984094   547.168522   182.885702   316.794299   250.139886   995.931212   497.192524   191.806073   332.871267   290.292635   246.529271   205.172647   198.777661   332.186834   280.423474   246.767192   151.700153   221.249124   4033.130017   1051.194889   
90.200000   334.968733   231.615313   309.082690   199.086483   265.295314   204.293248   305.053238   254.250332   498.066648   502.918997   121.563352   239.380399   175.457926   163.378215   463.811916   546.753822   178.312290   315.991102   250.464690   995.528198   497.428484   191.563048   333.021261   290.819571   243.146942   202.704336   198.673630   331.949405   280.124354   246.203121   154.429836   219.473551   4031.202442   1050.805172   
90.300000   334.194841   232.362736   310.063693   199.894260   266.901430   206.585012   306.489426   253.153390   499.172623   502.381320   124.919781   238.322691   178.035111   164.566330   464.715334   546.949275   177.987172   314.541442   255.885523   994.639544   498.153715   190.919348   332.201674   291.093327   245.522601   203.108214   200.362452   331.709496   281.114374   249.010175   152.905201   221.454836   4028.664780   1049.793516   
90.400000   335.077056   232.331625   308.673398   200.574995   263.777664   204.844215   304.640878   253.366613   497.413425   502.264899   125.340149   236.905735   177.096620   164.568249   463.812808   546.121083   177.418618   313.936125   251.536615   995.690703   496.352388   190.477437   332.754378   289.553530   244.768788   203.244031   198.856774   332.509799   279.364704   245.813719   150.695279   219.542273   4026.196581   1049.484025   
90.500000   335.558649   232.285531   307.985760   201.164579   263.729640   204.968847   305.215957   253.525122   496.844748   501.711466   122.347320   238.097096   175.099826   164.760029   462.767053   545.396001   177.196080   313.952894   251.481307   993.561145   496.294932   191.981061   332.593373   289.011427   243.065554   202.108112   199.385700   332.081607   281.106189   245.685185   151.950655   220.015893   4023.798701   1048.949744   
90.600000   334.777786   231.984690   308.661199   201.202338   266.628166   206.902083   305.776796   254.288184   497.389532   501.446680   129.672275   237.782995   179.828699   165.832013   464.295406   546.743851   177.471282   314.250876   253.294878   993.357560   497.031486   190.510397   334.100711   290.027756   245.362608   202.589449   198.527960   332.593421   279.002230   246.397232   154.250431   221.734572   4021.446612   1048.367998   
90.700000   333.777470   230.830583   310.003490   200.346697   265.220635   207.066581   306.915701   252.193040   496.662005   501.007967   125.951264   237.828252   176.688411   164.100700   462.831262   544.984364   180.162486   313.447536   249.891404   992.705044   498.734176   190.447214   331.586838   289.190260   242.131364   202.629732   197.841311   332.081790   279.218936   247.071717   151.005749   219.999793   4019.294067   1048.382896   
90.800000   332.554553   231.646342   307.261927   199.102112   263.203127   205.941162   305.538990   253.851618   496.723294   500.350465   124.812699   237.592083   175.865654   164.368937   463.915419   545.438309   175.429651   313.533963   249.774464   991.998539   497.195944   191.973593   331.439764   290.622620   241.508258   200.281241   198.088822   331.178348   279.489821   247.835741   150.658325   220.117223   4016.852672   1047.434037   
90.900000   332.574223   230.410729   309.397070   199.051469   264.013438   204.081254   303.352853   253.188864   495.745586   499.932200   123.280041   237.437870   179.679622   164.618044   462.691314   544.798699   178.434602   313.702072   248.647309   991.801507   496.342495   192.657822   330.739835   289.500203   242.252803   199.792224   197.629362   330.337796   280.549846   244.258444   154.764353   220.030641   4015.033146   1046.384115   
91.000000   335.133776   231.727904   309.353671   199.052749   264.286816   205.518429   303.581043   254.609943   495.198416   500.019827   125.004649   237.426579   176.689352   165.094759   461.765584   544.458102   178.608348   313.458956   250.693055   990.610557   495.023567   192.239266   331.802329   288.498766   244.388382   207.946208   197.679405   330.282825   279.766392   244.308347   153.541970   219.833479   4012.251385   1045.489725   
91.100000   332.646779   230.850699   309.118789   199.180749   262.912795   203.244097   303.214612   253.847595   495.969679   499.980735   125.669760   238.627457   175.059475   166.341002   462.594782   544.074896   176.815841   313.491398   247.868573   989.890907   495.899860   190.838381   331.115950   287.790037   243.496420   200.350875   196.848247   330.753995   278.222604   243.165613   150.636784   219.102186   4009.773563   1045.254218   
91.200000   333.082656   230.552895   307.518472   200.958523   262.262496   205.617242   302.835766   254.302021   496.135499   500.269599   120.663551   236.639377   173.405605   163.021371   461.086760   543.496083   173.729584   313.098095   249.209619   990.730351   495.349634   190.696983   330.741922   288.583220   243.761768   198.273351   196.646392   331.295667   279.299551   244.179060   150.872626   218.994845   4007.514600   1044.598037   
91.300000   333.260346   230.465889   306.950882   199.565498   263.014500   203.967711   303.339090   252.905656   495.552186   499.540101   124.313954   236.110596   175.872494   162.050115   461.823007   543.167696   177.385725   315.663989   251.634894   989.611334   496.673185   190.928481   329.829276   287.608371   242.666026   203.170660   196.691480   330.199867   278.095898   244.887459   152.776684   219.868148   4005.681460   1044.535123   
91.400000   333.656943   229.712474   307.211738   198.655916   262.824590   204.069196   302.852850   253.515873   493.575787   499.072448   123.841114   236.396191   176.424540   163.759375   461.703357   542.634718   174.825918   312.383732   249.391577   989.474571   493.918088   190.641264   329.970308   288.639383   244.306006   199.372136   196.020351   330.105424   278.720692   243.358350   150.210714   218.485729   4003.143260   1043.942204   
91.500000   333.390438   229.775843   307.183681   197.956080   262.165288   204.042235   302.577196   251.710047   493.702986   498.744133   120.458154   237.424309   176.450579   163.039890   463.139078   543.310499   174.961096   312.792463   248.538439   988.419460   495.677472   190.360411   329.654751   287.717060   241.242342   200.532729   197.216913   330.779249   277.335216   246.352148   152.156274   219.778202   4001.110252   1042.667412   
91.600000   333.195992   229.652358   305.304227   199.297668   263.198021   204.266013   302.126592   252.166484   494.274448   498.568289   119.869522   236.881860   172.992034   162.026764   460.954701   542.071580   177.761696   312.084614   248.030646   988.118066   493.232667   189.658639   329.978430   287.653747   240.969625   197.840484   198.374651   329.426176   277.657653   243.500852   152.501415   218.218339   3998.484516   1042.271911   
91.700000   331.117668   229.543378   306.383857   198.023654   261.978162   204.182239   303.549727   251.816015   493.497688   497.851920   124.937885   236.824619   174.164169   162.630992   459.961739   542.480953   181.365925   311.677099   249.965173   987.290262   493.156448   189.021343   331.306345   286.799299   242.103269   200.161115   197.693747   329.551032   278.336697   244.643239   147.673879   218.445165   3996.239232   1041.565043   
91.800000   330.976836   230.458683   305.986093   198.114350   262.183824   203.757365   302.707997   251.527446   494.652282   498.850946   123.380019   237.157348   175.315096   163.478743   460.264011   542.042352   174.330269   311.423836   249.575343   986.404255   494.842194   190.835709   330.130048   287.795291   241.782862   198.645439   197.090256   329.580756   277.819784   243.723755   150.648739   218.559163   3994.035320   1041.675796   
91.900000   330.721174   230.678169   307.809264   198.300272   260.859156   202.394474   301.669879   251.078469   495.185128   497.604795   122.614518   235.801200   173.727117   161.487560   459.124890   541.312850   175.609662   312.144573   249.442552   985.375943   494.613034   190.187306   329.892808   287.877280   241.785866   199.488905   196.690138   329.136478   276.908629   247.129307   148.593512   218.151758   3991.773232   1040.669705   
92.000000   330.527721   230.892711   305.189759   198.505359   262.225149   202.601098   303.657180   250.445567   494.117948   497.219047   119.893712   235.438388   176.788946   164.453747   460.234029   542.648276   176.021106   310.726474   247.222002   985.400470   492.275870   189.071765   329.840839   288.055671   241.500358   198.960175   196.918705   329.911167   276.681619   242.960673   148.947580   217.464185   3989.697147   1040.084716   
92.100000   329.899285   229.016475   304.889160   198.597981   262.531586   204.184850   304.094750   251.042413   492.656836   496.941232   124.663037   237.133958   171.959021   161.266053   459.250279   540.664962   175.724344   311.901330   245.881533   984.956969   491.983386   189.312690   329.005859   286.887889   240.548999   200.014584   195.739266   327.837511   277.115271   243.555623   149.314740   217.344229   3987.368241   1039.647668   
92.200000   330.119354   229.481045   305.966213   196.539094   261.124875   203.253865   303.026782   252.331190   492.049556   496.411837   121.652134   235.791194   172.776820   162.618413   458.779556   540.208555   176.879922   312.046505   246.366328   984.028913   490.938421   189.717362   328.943265   286.712056   239.785414   200.481994   196.806727   328.263339   276.408515   244.201654   146.981877   217.352189   3985.133270   1039.149885   
92.300000   331.239912   228.586409   306.260515   197.919693   261.141598   203.280791   302.599636   249.496710   491.838280   496.705946   124.691080   237.850685   172.238642   163.339460   459.028647   541.001187   178.310748   312.422126   248.382967   983.766417   491.339781   189.757686   328.691304   287.046719   240.724344   200.115186   196.619425   327.957885   276.469855   246.059304   148.174926   218.002584   3982.966052   1038.504077   
92.400000   331.633547   228.817121   307.023860   197.360719   263.371962   202.670157   303.605020   250.563863   493.685736   496.713468   128.992882   236.910020   176.705751   162.894329   459.356509   539.773891   177.885025   310.787796   248.745784   983.073309   493.115280   188.961109   328.094618   287.337062   242.148242   200.423684   196.393387   328.454776   276.842167   244.777309   154.505814   218.727484   3980.708297   1037.402482   
92.500000   330.073843   227.759993   305.616202   199.721585   263.143970   201.779727   303.990268   250.999673   492.806945   496.792823   126.436825   235.692312   173.031916   161.467091   458.038532   539.140351   175.504308   309.964789   247.788383   983.145331   491.359854   190.252013   328.711314   287.090880   241.844844   199.991522   196.211824   327.959282   276.443102   243.171634   147.687379   217.866843   3978.746767   1037.080996   
92.600000   330.563968   227.471676   304.654538   197.266210   260.198320   201.942411   302.798843   250.718398   493.229361   496.970201   123.341282   233.961502   171.909268   163.046405   457.884316   539.797429   174.223731   309.847959   246.625201   982.140226   492.312252   189.599815   328.340014   285.357802   239.136341   200.818866   196.658443   327.206540   277.785306   243.288450   148.529508   216.789215   3976.562967   1036.639087   
92.700000   329.806881   229.271800   302.720244   197.571855   260.272943   202.015429   301.902038   249.651063   491.396438   495.248362   123.721042   234.783391   171.312116   163.770544   458.203550   539.099630   175.695985   309.726301   247.008704   981.012415   489.928196   188.830941   328.647701   284.769879   239.429413   200.267048   195.087439   326.721651   275.168891   245.321530   149.359633   216.332728   3974.318277   1035.857692   
92.800000   330.558841   227.799934   305.129545   196.973507   259.829336   201.746075   299.893221   250.128457   489.348360   495.241012   120.117445   234.165355   171.142287   163.388858   456.895598   539.150499   178.721743   309.922924   247.053428   980.638204   490.271099   188.355552   328.331868   284.610457   241.240285   197.447069   195.157383   327.149962   275.114275   241.987572   152.597287   216.578182   3972.153625   1035.339996   
92.900000   329.892257   226.763296   305.950355   197.446777   262.703258   203.191098   302.543570   249.893541   490.869030   494.975895   119.991376   235.271854   174.902562   163.097467   457.518127   538.640956   180.164977   309.403154   247.532277   979.885977   490.769606   189.007619   328.493390   285.419674   239.336941   198.058316   195.249664   326.721110   275.117987   243.788916   151.061566   217.111141   3970.208428   1034.521253   
93.000000   328.280091   227.302717   303.666662   197.096388   259.019470   201.194566   300.344552   248.953423   490.423229   494.664737   122.450779   234.987904   170.750922   161.312092   456.738332   538.086508   175.902826   310.691618   248.619772   979.635633   489.212372   187.571973   326.786660   285.154658   239.273136   197.601854   198.200363   326.066293   275.624249   241.093313   149.194120   215.871889   3968.016192   1034.202027   
93.100000   329.828468   226.772114   302.163790   196.292898   259.680478   202.451241   304.015805   248.964777   489.939680   494.368848   123.879262   235.148582   174.120857   161.434453   455.955910   537.851684   176.249005   310.668936   247.894957   978.939284   490.083950   188.143158   327.314661   284.313386   239.206169   196.027686   195.030600   328.874617   275.433142   242.886168   148.523586   215.882446   3965.884067   1033.734881   
93.200000   327.367325   226.678480   302.175964   195.545361   260.151312   202.279457   298.794667   249.938266   489.454878   494.246345   118.245025   234.028324   174.577922   162.882422   455.985900   538.147958   172.842842   309.422497   245.014230   978.978503   489.457182   188.627721   327.837436   284.043288   240.628953   198.096510   196.538975   327.527423   274.723716   241.665426   147.712053   216.200352   3963.631647   1033.228457   
93.300000   328.507280   227.063481   303.969031   195.211509   262.480406   201.123596   302.075829   250.594400   490.189596   493.878112   121.632083   234.197406   174.904001   162.044047   456.591668   537.296799   172.743235   309.022965   247.275570   978.219805   491.445139   189.135079   327.686838   285.377329   239.659804   195.939156   195.719706   326.409490   275.461295   242.748887   152.654436   216.298767   3961.762563   1032.548533   
93.400000   328.057417   227.568019   302.679810   197.684895   259.817094   201.318203   301.678515   249.688934   490.328562   494.044983   120.472396   235.629442   176.051805   161.070764   455.194039   537.001977   175.454237   308.519261   245.852558   977.954022   488.925048   189.763761   327.862518   286.565118   240.690141   198.314706   195.785758   326.637895   275.748772   241.908901   148.655420   216.184457   3959.469948   1032.749071   
93.500000   327.442288   227.621159   305.542723   198.913216   258.969221   200.956316   300.768801   250.022401   488.979395   493.439262   121.771416   234.685123   173.386609   165.578768   455.277394   536.973729   177.426810   308.172693   244.959290   977.424006   488.955258   187.319885   326.550639   284.368212   239.860100   198.837376   197.901391   325.224214   276.303659   242.152785   147.928914   216.484190   3957.461813   1031.922964   
93.600000   327.776492   227.424520   302.185732   198.140731   259.898332   200.182514   299.176625   248.456468   489.036545   493.889918   120.810142   233.924096   172.451367   160.252139   454.868581   536.428148   176.287756   308.779037   244.558656   976.863415   487.799052   186.873392   325.718046   284.531237   240.959038   197.767153   195.348761   325.211965   276.976870   243.028783   153.145187   215.929747   3955.262111   1031.266343   
93.700000   329.972710   227.024577   304.730788   196.053263   261.042048   200.424307   300.637812   248.225354   487.860598   492.464604   124.026212   233.390818   176.740818   159.425722   454.605164   536.614716   176.188883   308.823930   249.284316   976.436480   489.546377   187.365910   325.372894   284.118081   240.478773   200.596935   195.077628   324.877932   274.496465   241.890922   150.183957   216.846731   3953.278496   1030.914724   
93.800000   327.960175   227.062276   301.097620   194.953586   259.160775   202.052642   298.386098   249.494509   487.702807   492.475908   119.383545   237.723601   171.412656   161.544112   454.701817   536.254200   172.067529   307.744089   244.430891   975.911485   487.044548   187.571527   326.131553   285.483512   238.621475   197.079800   194.446330   326.127886   274.440008   240.427447   147.522228   215.115573   3951.360871   1030.730583   
93.900000   331.325656   226.739746   304.708610   194.681476   261.623026   203.133432   303.317051   247.892797   489.051365   492.123890   127.107605   233.479523   174.749233   159.788358   455.240587   535.688989   181.900151   309.098729   247.100148   975.828032   489.946326   187.219388   326.346749   284.611803   242.015727   198.359212   195.274659   324.843598   274.403521   241.364503   151.463295   217.476504   3949.238084   1029.478956   
94.000000   327.356184   226.418851   302.904200   195.632604   259.757132   200.945281   299.256988   248.166411   487.525742   492.468104   121.434462   234.390258   170.704145   161.272318   454.189627   535.148047   173.856139   307.525590   246.449341   975.367087   487.373602   187.155456   325.598187   283.475807   240.720294   193.456623   193.096638   325.392605   275.058103   241.647010   148.113077   215.345861   3947.362939   1029.076499   
94.100000   326.984498   228.383323   302.945844   195.217371   259.410231   201.275851   302.840984   249.745974   487.336700   492.274267   123.540389   233.792040   174.422746   159.925588   455.246418   534.550089   172.869636   307.460131   246.335709   974.123581   488.068568   188.075944   324.939951   282.948814   238.207685   194.892972   195.905553   324.686421   273.168436   241.997897   146.702152   216.743533   3945.152568   1028.206207   
94.200000   326.290298   227.777318   301.645523   195.808416   259.737928   201.018209   301.024294   249.077055   486.149914   491.894461   122.575475   233.421440   171.158325   159.527735   454.695118   535.378739   174.184999   308.540419   242.909237   973.823617   486.885909   190.973947   325.843306   283.851445   239.045167   194.411690   194.708745   324.377718   273.263180   239.482426   144.797910   215.235847   3943.246199   1028.072603   
94.300000   327.187008   226.861838   301.774721   196.275318   258.296721   200.058904   300.446675   248.404629   486.545015   492.581157   124.907819   232.571777   174.613566   160.153560   454.074764   536.039183   170.396723   307.096271   243.336889   972.741792   488.101602   188.380132   326.235509   283.648588   240.335794   198.400303   193.751762   324.121462   273.826065   244.071503   147.144895   215.553104   3941.257429   1026.976526   
94.400000   325.387548   227.179113   300.671129   196.804656   257.063117   199.786252   297.268528   249.263827   487.402139   490.848896   118.152070   233.879171   169.830661   158.738969   453.092237   534.307189   170.308640   307.982849   244.210896   972.381102   487.414806   186.208360   324.954781   284.343590   236.657915   193.462693   194.473776   323.677856   274.401919   238.796602   147.242131   214.178093   3939.299024   1026.914077   
94.500000   326.468656   226.054595   301.849558   196.728293   257.778595   199.847378   298.088124   248.807293   487.231670   490.873736   120.275858   231.455610   169.334938   159.560663   453.337107   535.282975   170.049051   308.278243   243.913028   972.030075   486.768377   187.048192   324.151913   283.297873   237.193088   194.824941   194.834468   323.736112   274.027715   240.561662   146.180832   214.522472   3937.307089   1026.985749   
94.600000   326.075317   225.184500   300.601548   196.255916   257.966130   198.917489   298.009429   248.365616   486.863127   490.824099   124.032710   233.236916   171.219297   158.966097   453.071573   533.833011   174.874239   307.438316   245.601836   971.707027   486.430299   188.632636   323.867708   282.796935   237.570568   196.981044   196.582164   324.241076   274.072451   240.875651   147.333545   214.915827   3935.266212   1025.567093   
94.700000   328.279304   226.577579   299.660866   194.614442   259.448895   199.312963   299.614248   247.059399   485.335056   490.143423   124.990328   232.635003   172.391775   161.323769   455.328236   533.725313   173.536344   306.266791   245.414073   970.925080   485.605271   187.235469   324.819000   283.443580   239.260046   196.691879   193.292648   322.607567   273.422853   242.676012   148.957623   216.905271   3933.353048   1025.069200   
94.800000   326.859331   225.359985   303.438384   195.720730   257.402924   199.104808   298.705265   248.641757   484.904893   490.011749   119.116769   234.401613   168.829366   161.900090   452.519160   532.893898   170.938405   306.952627   243.127066   970.747053   484.539783   186.585620   323.875152   283.487333   236.627111   195.666492   192.516128   322.780527   273.515396   240.148071   150.272129   214.305796   3931.126821   1024.693597   
94.900000   326.307956   225.584161   299.852895   194.107968   255.456393   199.961815   296.610194   247.901599   486.198907   489.576808   121.365841   232.329601   167.791452   159.224638   452.613418   532.532787   174.381254   307.407367   244.141245   970.667444   485.945229   185.585461   324.702051   283.707787   238.657331   193.228741   194.809710   322.871435   273.405829   240.234782   145.418565   213.771235   3929.046960   1024.511029   
95.000000   325.612398   226.285664   299.785129   195.097454   258.852267   198.624672   297.203058   246.950046   484.476745   489.964337   117.974077   231.124339   168.347592   158.652743   451.643821   532.392022   171.455203   306.200936   244.495018   971.175413   483.799125   186.920965   324.216287   282.490239   236.493634   193.836694   194.763541   323.450357   273.090681   238.531158   147.115718   213.903049   3927.156312   1023.518740   
95.100000   325.475551   224.934410   301.452499   195.242758   257.806094   197.954236   297.484961   246.159232   484.704807   489.956932   116.906814   230.734079   169.795299   158.748560   451.330856   532.570677   172.227978   306.103219   243.702759   969.147736   483.603818   186.329458   324.462991   282.279029   235.713696   195.812173   194.187571   323.080106   272.470525   240.193659   148.202663   214.363102   3925.425696   1023.554007   
95.200000   325.799511   225.234038   301.642540   194.824956   258.330355   199.087770   298.062597   246.027197   489.640379   489.305019   121.705240   231.856569   169.158695   161.293584   451.780355   532.108267   171.890038   305.564722   246.223895   969.303018   484.169714   186.962948   323.701041   283.066556   237.883691   195.801388   193.396547   322.805207   272.302409   241.173880   149.480696   215.137721   3923.278822   1022.595320   
95.300000   324.457022   225.493936   299.577142   194.509206   256.018125   200.744762   296.223731   246.684897   485.760100   488.628458   120.954097   230.750260   169.194396   159.875330   451.434604   531.727019   170.237086   304.993308   243.442004   970.362863   484.420356   185.974527   323.959735   283.629178   237.200370   194.637822   194.029429   323.006899   272.280224   239.261851   145.905819   213.616732   3921.576158   1022.144478   
95.400000   324.910755   225.164303   299.806558   195.924518   256.671861   198.321652   299.621505   247.796341   483.969379   488.584176   119.896526   232.827286   172.168720   158.404679   450.411249   532.340304   170.640767   305.483850   244.456652   967.900592   483.646611   186.091597   323.326787   283.555005   237.223925   194.023421   193.862559   322.434956   272.008479   242.970728   146.352785   214.262028   3919.511554   1022.027946   
95.500000   324.154760   224.380855   299.481032   193.024341   256.042662   197.974717   296.031531   246.958698   483.235613   488.024708   117.621972   231.341960   169.019090   159.194380   449.852675   531.275245   170.370388   305.690958   242.352731   967.284055   482.526801   186.678124   323.222785   281.390852   234.210736   193.278897   192.677385   322.216424   274.445359   239.312194   147.648086   212.183145   3917.420566   1021.183589   
95.600000   324.640124   224.559101   301.048979   192.867390   256.743313   199.403198   297.390496   246.894421   483.249791   488.087634   117.328338   231.710839   172.268791   160.210958   450.236567   531.735152   175.759657   305.324490   243.057980   966.578270   483.451135   187.972224   322.597208   282.409984   240.358257   194.623162   193.166153   323.530936   271.739026   239.507824   148.608690   214.238063   3915.668383   1021.100144   
95.700000   326.100254   223.750493   301.829223   194.170905   257.731731   197.843257   297.881140   246.690590   482.716249   487.886707   117.381600   232.451177   174.893013   161.820252   451.226717   531.258413   172.035675   305.015732   243.133693   966.827999   483.708635   185.648495   322.779597   281.242021   237.265785   195.865999   193.385297   321.791444   271.713396   240.089137   150.472032   213.552653   3913.656852   1020.565833   
95.800000   324.500642   224.458130   299.639054   193.359619   256.344027   199.432442   299.922246   246.346741   483.417804   487.384069   121.338885   230.878903   169.739579   162.640160   450.231543   532.330632   173.923378   305.480378   243.585255   965.762922   483.146752   185.073838   323.746587   282.031221   236.468010   194.362145   193.423286   321.356953   271.235430   241.217159   149.554015   214.185694   3911.866760   1019.808150   
95.900000   323.173282   223.786178   298.784454   193.105930   256.512684   199.187612   295.607683   246.234794   483.884399   487.181786   117.557676   230.044562   170.399002   161.991515   449.352666   532.072922   171.315183   305.734280   244.408163   965.653395   482.953275   185.291619   322.807602   282.815990   237.160004   194.298262   193.820994   321.820955   271.753517   236.901185   146.092301   212.935952   3909.916977   1019.700147   
96.000000   323.614139   223.074760   297.777101   193.695634   256.826356   197.227865   295.592569   246.314626   483.527812   487.734740   122.266664   231.166032   170.331454   158.531512   450.679661   530.297925   172.464888   304.732961   243.694105   965.042337   482.105023   185.453971   322.094424   281.870215   240.686900   196.330604   192.542221   321.288689   271.803479   237.727923   149.363321   213.798225   3908.035074   1019.009908   
96.100000   325.217563   223.269358   305.046748   193.142737   258.571593   197.741436   296.480816   245.330023   482.041690   486.606343   119.700155   232.832329   176.127914   157.893418   449.750159   529.390797   174.172928   304.353450   244.511925   963.984553   483.715135   184.940306   322.103907   281.796660   239.148587   194.570304   194.285676   320.786822   271.624484   239.273738   153.503012   213.999601   3906.079900   1018.027462   
96.200000   322.977634   224.372026   298.198649   192.143802   256.875213   197.291952   295.575180   244.745259   482.246404   486.044458   118.142463   229.741391   168.914203   158.529894   451.006210   528.912578   170.194351   304.771609   241.327554   964.115444   482.707548   184.812693   321.400782   281.359635   235.867619   191.955867   193.583578   320.914362   272.165847   239.033509   146.210899   212.917277   3904.742885   1017.497694   
96.300000   322.412643   226.828731   299.107457   193.258089   254.341535   198.072945   293.465032   245.382880   481.285999   486.306570   121.534683   229.880691   167.260668   159.525198   448.881935   528.988464   170.829593   304.092106   243.417406   963.463747   481.917049   185.738974   321.907504   281.112705   236.156818   191.026425   192.203874   322.366102   271.435904   238.862171   147.151828   212.906300   3902.460103   1016.744202   
96.400000   322.678164   222.654066   300.735685   193.094711   254.873916   199.667315   295.436200   245.454172   481.163549   486.423914   124.550612   230.689550   168.576796   157.504998   448.674792   528.839429   168.130511   304.013176   240.961548   963.008144   481.249782   185.914114   322.639623   280.524782   235.422701   191.621968   192.389866   322.085492   271.193802   236.759808   144.985592   212.413706   3901.621322   1016.416035   
96.500000   323.224668   222.122738   296.926023   194.193659   255.365389   198.922505   294.691974   245.063090   481.668453   486.147028   120.636988   230.471863   169.516141   157.424894   447.988429   529.043202   171.339895   304.170616   242.104376   962.576112   480.409451   186.015114   321.488228   280.539820   233.353172   194.535171   191.087567   321.668164   269.776279   236.551498   143.330409   212.103448   3898.674825   1015.720045   
96.600000   324.218270   222.285305   300.163307   193.127724   258.421962   199.047401   297.056685   246.282253   483.857485   486.451682   119.295814   230.273490   168.230964   156.714982   449.885502   528.184241   171.473266   304.572203   246.601690   962.079223   481.690872   185.959237   321.483649   279.935750   236.017907   196.282268   191.114595   320.878908   272.211688   241.099950   153.129968   214.477215   3896.861730   1015.587671   
96.700000   323.561950   222.280576   298.492657   193.344534   255.618450   197.208077   295.196585   245.457796   481.534809   485.843641   119.850528   230.395664   168.810835   158.029176   448.694747   528.616001   171.746833   304.784951   240.155528   961.463876   480.544921   184.705960   321.360944   279.569075   234.206536   195.147267   191.430024   319.879966   270.806972   238.953662   147.460865   213.578301   3895.201383   1015.302590   
96.800000   321.842862   224.546712   297.645209   192.677708   256.263928   196.510775   294.852158   245.927206   481.790885   485.224820   121.720630   230.669381   172.348498   157.554502   448.085593   527.769420   173.057634   304.740583   244.406457   961.334646   480.321226   184.949457   320.792208   279.862365   235.776611   193.607320   192.497311   319.845289   270.905293   240.224599   150.431799   213.278428   3893.250524   1015.664532   
96.900000   321.568997   223.457495   297.614415   191.983532   255.258458   197.387791   293.994642   244.498860   479.868510   485.302453   116.779444   230.324223   170.036504   158.812100   447.130796   527.666511   172.241644   304.603352   240.533705   961.490965   479.959824   185.402495   321.090015   281.219346   235.548721   193.670020   193.690132   319.218024   269.923983   236.293941   145.049503   212.910475   3891.543603   1014.267333   
97.000000   321.881530   222.182032   297.152701   191.452616   253.317226   197.798978   293.213781   244.992612   479.706363   485.372487   117.827456   230.812282   168.671542   158.004021   448.107168   527.687776   171.166185   303.704675   240.480871   961.028349   479.522264   184.337720   321.813876   280.357067   235.256884   191.967057   192.686087   319.934617   269.960287   236.304319   145.910913   211.249384   3889.674984   1013.793517   
97.100000   322.881564   222.191120   296.957235   192.299123   253.740113   197.215942   293.749442   244.363274   479.207019   484.493369   118.882270   230.402278   166.758164   158.411801   446.609943   527.020670   168.733057   303.343960   244.211096   962.594707   480.583428   184.658270   320.206332   280.014099   234.638498   190.254705   191.069383   320.374408   268.981186   235.936158   145.177647   212.080001   3887.858359   1013.581852   
97.200000   323.762867   222.019609   296.615254   191.642864   256.371433   197.135611   293.183610   245.535085   478.941197   484.758832   119.073889   229.056080   168.046913   155.768396   446.535422   528.450821   170.121785   303.002524   240.109489   960.290223   479.615047   184.536188   320.967802   280.635500   235.200549   191.502496   190.997139   319.175893   269.575944   236.482497   151.720699   211.327541   3886.121181   1012.829583   
97.300000   321.985044   222.513341   298.184629   193.220931   257.864389   198.774157   296.093420   244.711141   481.842004   483.970834   116.288953   228.674987   167.071959   157.301333   447.341692   527.258368   170.254999   303.095166   243.541166   960.505836   480.328220   183.837628   321.632771   280.289109   239.546141   192.768474   191.381320   319.296324   270.283912   237.365698   147.661223   212.941076   3884.393092   1013.209076   
97.400000   320.679527   221.765636   298.712973   193.632190   256.965426   197.591084   293.060932   244.782460   479.940260   484.908121   115.537174   229.199119   167.869742   157.156768   446.834684   525.944357   169.634358   302.267815   241.731865   958.851120   480.052250   185.236552   319.962734   280.590172   235.146838   193.200161   190.176663   319.382580   269.600127   236.762193   148.269039   211.743013   3882.462046   1012.433216   
97.500000   322.684351   221.049378   298.621025   192.292771   255.363273   198.847117   295.082271   243.836871   480.352094   483.535105   122.539227   229.421389   168.029041   156.483091   446.580150   526.098141   169.441738   301.886469   243.316047   958.048097   479.620472   183.541375   320.340358   279.343510   233.551206   192.850890   191.906697   319.664259   270.108942   235.999434   145.481009   212.899723   3880.672123   1011.571936   
97.600000   323.323138   222.827410   298.405810   193.149288   254.507372   196.218192   293.740226   242.745645   478.864819   483.602695   118.317089   228.314096   167.510145   157.029950   446.572665   526.284119   171.697835   301.562502   242.699965   958.935789   481.674895   184.065348   321.253951   279.375043   236.328780   193.043600   191.016319   318.385882   269.225286   236.102309   145.020596   211.820463   3879.080848   1010.970323   
97.700000   320.373492   221.808864   295.910671   191.235778   252.194700   197.333948   292.670821   243.411846   478.145626   483.580956   117.358297   230.037491   168.300719   157.634250   446.210045   525.606450   169.203713   302.433111   240.444090   957.863931   478.188535   185.751601   319.795660   280.548142   234.291968   191.144870   190.676887   318.507612   269.847249   235.883102   142.014868   210.305715   3877.543316   1010.584187   
97.800000   320.606688   221.617892   295.249299   192.016386   251.742165   197.159160   293.439570   244.074640   478.615247   483.406947   119.683650   230.124841   166.945443   158.163731   445.646337   525.960689   169.743737   303.579809   240.924111   956.642050   477.910953   184.468847   320.158937   278.407109   232.215148   192.744028   190.412986   319.471463   268.191413   235.564590   144.706967   211.083293   3875.552102   1010.840414   
97.900000   320.101258   222.169728   296.133781   192.547173   252.496148   196.674605   292.336221   244.209558   479.022805   483.605202   118.656324   229.288347   168.056020   157.047263   445.617383   525.122967   168.224191   302.541461   240.397723   956.344234   478.577682   186.148135   319.406734   278.252966   235.736657   190.537859   190.266552   318.770848   269.484740   236.813433   143.669152   210.691861   3873.784818   1010.055725   
98.000000   321.861170   222.648221   296.556760   191.066329   255.805701   195.845472   294.179530   242.037077   480.494962   483.600618   122.030291   228.440518   166.257418   157.700313   445.194183   524.644250   172.055404   301.559899   240.843152   956.063846   477.730962   185.163024   318.887837   277.758782   233.992784   191.826197   189.987590   318.286610   268.323876   237.702590   144.890697   211.233950   3872.108580   1009.027132   
98.100000   324.174747   221.810609   295.429015   190.536684   260.755332   196.168192   294.302508   242.757170   479.857247   482.023333   119.115894   227.668646   171.767088   157.676975   445.604270   524.367853   169.736365   302.777372   241.413564   956.149976   477.927527   183.440783   320.267953   278.697821   233.965812   192.419743   191.260331   317.994155   267.836746   236.443506   147.788232   212.937406   3870.434687   1008.631971   
98.200000   322.595310   220.772824   299.656079   191.599818   256.536014   196.000286   294.402996   244.099080   480.857982   482.069618   121.508246   228.382099   168.149408   157.464168   445.606255   524.288914   171.896340   302.630073   241.097187   955.315432   479.110385   183.849014   319.643002   278.301266   233.737125   190.579766   189.411447   317.960595   268.263499   239.762049   147.738274   212.803099   3868.806984   1008.317147   
98.300000   320.936178   220.944343   295.964530   190.757636   252.069949   196.092720   293.735587   243.819495   477.796433   482.422162   119.865461   227.447873   165.485853   155.768397   445.022383   524.529765   171.319742   301.338801   239.463069   954.437149   476.848319   184.628041   319.452282   277.661955   234.076990   191.347810   190.016719   319.939272   267.888934   237.279368   144.375451   210.950079   3867.390041   1008.278314   
98.400000   320.876966   222.312903   295.120375   191.012080   252.253947   197.330065   291.953561   243.089478   477.285481   482.537909   116.840805   229.482582   171.147883   158.342463   445.598691   524.064089   171.891943   302.304181   240.402863   954.919636   476.737918   184.379088   318.352972   277.764682   237.852517   192.574631   190.204101   317.700542   268.684314   236.844667   141.599547   211.612344   3865.319514   1008.206061   
98.500000   320.836000   220.955237   297.003410   193.399929   253.450492   195.915372   290.622688   241.790975   479.201105   482.245101   120.657897   228.361927   169.851244   157.483933   445.044530   524.975678   169.029147   301.106583   243.017233   954.100381   476.876483   184.080818   318.783024   278.639984   233.499113   194.958875   190.325503   318.670706   266.962358   236.639724   147.375589   210.839364   3863.992881   1007.132000   
98.600000   321.600246   220.496135   299.366941   191.195375   252.133126   196.360934   291.216393   241.568269   476.749071   481.289116   117.571778   228.370879   168.312008   156.261786   445.042629   524.966596   168.921572   300.652357   240.995144   954.729736   475.833677   183.004466   318.801004   276.845007   233.969137   193.848562   189.312556   317.206557   267.787641   236.119204   145.212490   210.701545   3862.168336   1006.540937   
98.700000   321.414899   220.179576   298.813325   191.765891   254.103601   196.335569   292.671811   242.004256   478.069135   481.179828   117.671339   228.222892   168.184649   158.345196   443.740542   523.543562   169.940676   301.370015   240.900785   953.406025   476.445984   183.237333   317.976507   278.433239   233.301734   193.981882   188.486937   317.692269   268.751433   238.290435   146.515143   211.500581   3860.446680   1006.357047   
98.800000   319.679046   219.897288   298.235184   189.845625   253.735588   196.153164   294.306182   243.297659   478.299190   481.907670   116.324729   228.045912   166.619823   156.027784   444.383514   523.343357   168.383922   301.196322   239.404235   952.576588   476.406646   184.515958   319.398259   277.334494   235.003770   194.658571   188.745063   318.070897   269.885594   234.142155   146.156617   210.379417   3858.611743   1006.082556   
98.900000   320.167611   219.983431   300.625926   190.396517   260.511946   196.152076   292.178934   241.365727   477.898283   480.892874   116.674611   228.724536   172.959232   155.805022   444.803373   523.454496   171.071288   300.749608   240.281822   952.585809   476.086542   182.954435   317.363163   277.607458   235.610769   197.536765   190.209700   317.025236   268.352257   236.715520   142.391038   211.915229   3857.399491   1005.268186   
99.000000   319.086355   219.615071   298.437201   190.411454   254.506538   194.395065   293.905748   241.780584   477.051343   480.378707   118.115198   227.786563   169.026510   156.492488   444.403509   522.986842   168.499767   300.745772   240.896989   952.307643   474.919989   182.896709   317.877985   277.543956   232.238620   192.969825   189.514159   317.276322   267.083057   235.398969   143.283750   210.947481   3855.566062   1004.610557   
99.100000   319.482637   220.549478   296.359388   190.259879   253.351177   196.370245   293.010583   242.374498   476.978396   480.041525   120.764410   229.962534   169.960201   155.298279   444.371283   522.226600   167.364406   300.675868   239.885682   951.682953   475.664119   184.562586   317.327442   276.623145   231.536847   193.324873   188.321499   316.793272   267.054917   238.326397   143.155705   211.008255   3853.820590   1004.123085   
99.200000   319.511135   219.983414   295.010237   190.114280   253.948714   196.682788   291.867115   243.323168   475.345764   480.554293   117.679565   228.140508   166.322908   154.606370   443.622502   522.385598   168.396864   300.331505   239.530454   951.390808   475.917800   183.417384   318.416217   276.614312   233.428851   192.414210   189.963497   316.550797   267.012662   236.273154   145.912269   209.995817   3852.300963   1003.771973   
99.300000   321.060289   221.075125   297.791950   189.889943   252.765642   197.950401   295.116350   242.355865   476.739238   480.425481   121.232295   226.116456   168.138016   156.281632   445.228776   521.515881   170.056269   300.894630   245.135153   951.095307   478.114188   183.330007   317.453830   277.778641   233.194635   195.870505   188.817692   316.379778   266.294277   239.833085   149.072216   211.499594   3850.811398   1003.703204   
99.400000   320.603082   219.316854   295.578641   188.881631   250.254452   195.466417   290.884085   243.378060   475.103789   479.707811   120.379409   227.282836   166.624143   156.314807   442.416810   521.965765   171.217085   299.866610   240.220826   950.871769   475.341943   183.590763   317.322900   276.190749   234.598523   193.565747   189.934002   316.066106   268.537526   233.925719   143.677696   210.455240   3849.142752   1002.988951   
99.500000   321.514322   221.259431   293.659891   190.665253   250.214536   196.269643   290.383836   240.454581   475.817855   480.061271   117.922246   227.776388   167.728557   156.218542   443.853331   522.372168   169.644418   299.588025   238.425497   950.065372   476.907433   182.439003   316.859278   276.051022   231.195166   190.778749   191.224443   317.144945   266.628809   234.926720   142.706185   210.486584   3847.760765   1002.409686   
99.600000   320.673702   219.392198   293.869855   191.648085   253.948957   196.500018   293.018060   241.398942   476.810485   479.736674   117.552331   226.907949   166.541140   156.606444   443.572994   521.334796   169.825504   300.520457   239.916702   949.258437   475.015556   182.840822   316.684402   276.672162   232.544196   191.236066   188.855122   317.084599   267.349541   235.377512   144.407226   211.056596   3846.335421   1002.451088   
99.700000   321.273479   219.378316   293.705188   189.757883   251.472912   195.521204   291.519356   240.828755   474.197956   479.436078   117.657377   228.059857   165.505452   156.791713   441.480907   520.922514   166.942250   299.163328   239.912979   949.964654   474.849813   183.251607   317.456790   276.291786   234.310465   190.387913   188.000266   316.566907   267.161184   234.292341   142.710566   209.569819   3845.417914   1001.714664   
99.800000   320.473518   219.737035   295.200054   190.846064   251.167139   196.313167   292.475004   241.063212   475.790114   478.927107   119.043232   226.563868   170.532067   156.213471   443.051346   521.008552   171.317451   300.459452   241.838525   949.503344   474.530929   181.203084   317.465291   277.179948   231.458693   191.807616   189.303303   316.213458   266.574209   235.866637   145.309982   210.050202   3844.443813   1001.665760   
99.900000   318.881050   218.451954   293.588290   191.836690   253.683313   194.918248   290.037923   241.554782   474.389148   479.131570   118.042240   226.821976   164.297027   155.117510   440.952179   520.812655   167.352701   300.375642   240.512907   953.296706   473.815220   182.943343   317.667272   276.481528   232.233177   190.814548   189.249177   316.472290   266.259699   235.538362   144.309628   209.357833   3849.643221   1001.183058   
100.000000   317.639695   219.545215   293.380706   190.701795   253.192265   194.812566   290.938882   241.239691   474.826956   479.059821   116.284761   226.414670   165.036954   154.974728   441.627536   520.824679   169.135346   299.459405   237.119861   956.606437   475.640914   182.872642   316.417635   277.556589   230.306746   192.219842   191.049719   316.415079   266.739997   234.727207   144.306570   208.907155   3881.296628   1001.885764   
100.100000   316.739269   219.078444   293.047763   190.721395   251.018340   194.125371   289.772752   240.468066   474.597848   478.748422   114.708920   226.849689   167.714408   154.186565   440.964900   519.909204   168.998807   299.199940   236.431051   1021.030930   472.573497   182.154776   315.875582   277.075483   230.624774   189.074387   188.088066   315.275778   268.644481   236.331889   147.727197   209.889429   4417.571982   1000.568859   
100.200000   320.044991   219.940245   294.851989   189.620967   250.458231   193.963340   295.495440   241.315233   473.804341   478.588330   122.303792   226.467611   172.089122   154.121882   441.434997   520.098047   169.632161   299.946173   241.326779   949.344150   474.889540   182.174288   315.816279   274.991854   232.503901   189.102166   187.894414   315.215460   265.974657   234.985905   143.602572   210.978095   3848.217312   999.688286   
100.300000   317.666667   219.346032   295.381874   190.998266   251.160132   195.952736   292.112671   240.229157   473.248652   477.739731   119.897700   225.719046   163.798067   155.749972   441.707808   519.554913   167.563151   298.789314   239.256713   946.874478   473.832977   181.241526   316.384306   274.755719   231.762560   189.253978   188.311257   315.205403   265.621914   235.083037   143.263799   208.704332   3841.912876   998.952768   
100.400000   317.265967   219.155480   293.443263   188.659674   250.229025   194.554710   292.276308   240.166068   473.490748   477.253758   115.817207   226.203103   164.642135   154.441182   441.192282   519.562246   169.605595   299.074889   238.945857   946.344332   473.448757   181.422250   316.261936   275.579842   234.714302   190.992592   189.798411   315.650955   265.590284   234.492837   143.404607   209.035119   3835.328777   999.338911   
100.500000   317.222626   219.425003   294.610773   189.415802   251.138832   194.836944   289.415166   239.506848   476.511432   477.152451   118.438395   225.918772   164.572398   155.779284   442.549620   520.612976   166.539670   299.086405   239.616738   946.297501   472.449424   182.693227   315.510824   275.457566   232.077960   189.864841   188.809208   315.636434   266.718700   232.856065   144.281981   209.476398   3832.761173   998.853652   
100.600000   317.465787   217.973174   292.275214   189.607948   251.533941   195.322293   292.015749   240.057407   472.623706   477.306720   117.042846   225.675987   163.908027   155.105365   441.732747   519.788238   166.306253   299.930822   238.592470   945.562757   472.670880   183.480484   316.083167   274.367765   234.653932   189.536390   190.460959   315.345475   266.268140   231.573803   142.935046   208.956765   3830.801881   998.244983   
100.700000   318.146688   219.949367   293.728623   190.859982   251.448185   198.137189   290.674561   240.410991   472.433939   476.738482   117.421492   227.142635   166.322076   155.046497   441.261232   518.846562   166.725504   299.086804   238.753424   945.440490   473.317940   182.045973   315.140328   277.049326   232.497154   190.837847   188.096393   315.291677   266.099840   233.642469   141.895260   210.130706   3829.160174   997.752399   
100.800000   316.845106   217.808011   292.058512   189.288662   249.937670   195.043550   290.286066   240.634912   472.557879   477.856400   116.250217   226.612592   166.568481   154.139065   439.409617   518.922737   166.143821   299.747280   238.511437   945.204301   472.976499   182.354594   315.525039   274.845292   230.046435   189.234092   188.211126   314.869434   266.812753   237.795338   142.547540   207.809836   3827.438063   997.717165   
100.900000   315.737285   218.473362   292.263069   189.599381   248.881181   193.423743   288.455582   239.983367   472.656768   476.982030   119.692281   226.282294   166.190918   155.495959   440.399536   518.980086   166.393247   298.186537   236.698862   944.766438   471.508176   181.838255   315.592383   274.924976   230.103893   190.949999   188.399838   314.476676   265.306693   235.952910   141.797385   207.815303   3825.728096   997.129279   
101.000000   316.059222   219.880020   293.148890   188.600334   251.311034   194.380120   290.749673   240.749720   472.153340   477.028797   113.360113   225.482159   163.709493   155.737181   442.055946   518.544162   165.208966   298.431482   238.748765   944.421498   472.501068   180.623479   314.944707   275.278532   231.808412   190.335366   189.118768   313.990728   266.005096   233.486643   144.140194   208.615629   3824.248150   996.400639   
101.100000   318.197948   218.268900   292.463052   188.552532   251.170310   194.717068   293.889457   242.557267   472.163550   476.513094   117.587527   226.335149   166.821428   154.989792   440.435224   518.715854   166.261975   299.175147   239.677178   946.199432   471.667007   180.856427   315.595174   275.539017   232.009763   190.261630   187.844773   315.095547   265.207275   233.867707   144.009002   209.298705   3822.547113   996.191016   
101.200000   316.502475   219.549647   291.678010   188.298615   249.788171   193.836599   291.152896   240.144954   470.713667   476.345143   117.722526   224.737976   165.561215   157.230897   440.247095   518.916846   167.705298   297.318592   237.698730   944.327535   472.306368   182.804202   315.597410   275.801708   232.727835   189.362046   187.274188   314.904184   265.952071   231.477845   144.536229   208.309947   3821.066505   995.858861   
101.300000   316.171020   217.484347   295.440868   189.259561   250.791859   194.925713   287.744841   239.982944   470.593949   476.295703   118.901307   225.363868   162.905351   157.379242   438.490443   517.471553   165.599030   297.329397   236.811180   943.756717   471.003137   182.185584   314.985170   273.361193   231.592052   188.392111   188.068640   314.061524   266.223093   232.447808   143.530450   208.115727   3819.859039   995.995887   
101.400000   315.416170   217.552468   291.250884   188.569639   248.937692   192.392559   289.286619   239.011592   470.031164   475.671478   115.563631   224.321774   165.437513   155.555507   438.381702   517.180921   168.024431   298.918409   235.070896   942.500551   471.878510   180.949939   314.723747   274.013341   231.026486   187.620924   186.266983   314.856573   264.153880   232.732052   140.286831   207.354447   3817.962064   994.896809   
101.500000   317.021045   219.054875   291.760621   187.504084   251.254399   194.634653   289.535253   239.133255   470.332865   475.931281   116.425857   224.722014   164.662617   152.828057   438.389548   516.842962   163.737845   297.031763   235.573433   943.304376   472.064693   181.325257   314.844872   274.720212   229.948181   188.816785   187.695653   313.781080   266.116669   233.140910   143.350106   207.679424   3816.464190   994.424131   
101.600000   316.210472   218.364977   290.548915   188.582273   249.782111   193.391905   289.620166   239.811809   470.831046   475.603096   119.338899   225.547730   164.908152   154.250548   438.859053   516.899680   166.812000   298.622364   236.604471   942.273825   471.365532   181.212402   314.466742   274.730200   231.195994   187.652191   187.871180   313.623918   264.500456   232.973671   144.313284   207.118093   3815.037077   994.330968   
101.700000   316.388219   217.720583   292.112763   187.471208   251.091435   193.874261   290.550398   240.093390   470.881095   475.061490   116.136491   224.599163   163.951959   153.365892   440.395113   517.740481   170.377653   298.777647   235.325242   942.186274   470.872111   180.616611   315.084624   274.293024   230.828248   189.108664   186.865596   313.353522   263.672319   231.703954   146.075758   208.219992   3813.792563   994.116490   
101.800000   317.723383   216.567364   291.388389   188.800841   250.473285   192.284232   289.391732   239.558111   472.230528   474.831592   114.121146   226.681947   166.027918   153.753949   438.880300   517.525535   165.305635   297.353501   235.706004   941.664962   472.224837   181.142270   314.574440   274.758411   231.294774   188.662304   190.288023   314.188629   264.589541   234.957502   143.307570   207.863338   3812.433609   993.189591   
101.900000   316.777437   216.982707   292.479811   188.520827   251.097649   192.458868   287.054795   239.597205   470.987730   475.213135   114.356565   225.601131   166.887852   155.295460   438.756269   518.152886   169.771904   296.794493   237.687371   940.746574   470.946264   180.829255   314.541332   274.344876   231.018068   187.342299   188.861904   313.124954   265.540067   233.289148   141.752525   208.199779   3810.861032   992.862806   
102.000000   315.115377   216.991821   290.497024   187.526384   247.842010   193.500905   287.555265   237.814953   473.769281   475.389010   116.439834   224.841225   164.810574   153.736585   437.669464   516.870841   166.166464   296.615360   235.837709   940.578884   469.435609   182.368531   314.040266   275.078939   230.029620   188.649778   187.959801   314.096909   264.396528   233.389294   141.043715   206.382896   3809.295907   992.584381   
102.100000   315.160641   217.070020   289.868666   189.160015   247.957800   193.234804   286.725272   238.179878   471.443235   474.963794   120.374435   224.672622   162.772775   154.682564   438.140597   515.936472   169.650880   298.456752   234.967996   940.016860   469.337787   180.473700   314.166958   274.126008   229.821112   186.119864   188.596595   313.072703   263.959944   231.237292   139.935994   206.702748   3807.778261   992.571015   
102.200000   314.917788   217.554268   292.612062   187.483873   247.692420   193.753779   286.948272   237.744793   469.854718   474.241167   115.573970   226.177476   161.761345   154.758878   437.144946   515.813719   168.388488   296.637937   234.556444   940.349789   468.571426   181.977372   313.457013   274.256266   230.486664   187.687065   186.380423   312.557326   263.681119   230.729764   142.494029   206.956184   3806.585676   991.948052   
102.300000   315.541609   216.612155   290.825741   188.999137   247.688876   194.305428   287.932382   237.853237   470.646409   475.144242   116.871393   224.100227   163.091680   153.937642   438.094109   516.099337   165.462478   296.318274   235.348091   940.145046   471.405947   180.985306   314.188330   273.973533   228.920601   187.314102   187.305957   312.903033   263.644467   231.439653   139.659939   207.279955   3805.112960   991.649677   
102.400000   316.806912   216.529546   290.513673   189.102649   249.235048   194.057856   290.029277   238.327633   470.547783   474.591380   115.537815   226.996022   163.109158   152.132239   439.216574   515.425386   165.884359   297.194929   236.622487   939.429785   468.206578   180.161100   313.670563   272.821149   230.273325   187.584001   187.186879   312.714782   264.242599   230.692832   142.118014   206.666470   3803.653614   991.472103   
102.500000   318.238757   217.244362   290.581718   188.851774   248.552568   194.371827   286.210706   239.780648   469.507154   474.035183   115.225022   225.680495   161.908769   153.925219   438.176834   515.307646   167.005915   295.891801   236.514290   938.927615   469.458403   180.699445   313.698820   272.686784   228.303126   187.122178   189.238061   313.583570   264.536282   234.365854   139.288223   207.393774   3802.081815   990.869988   
102.600000   314.487364   217.258537   291.121979   189.151064   250.665154   193.022428   288.299917   238.673429   469.399048   474.706676   113.859789   226.028494   162.798548   154.492087   437.267781   515.195953   165.526862   297.318980   236.918117   938.041243   470.014878   181.792403   313.273561   273.652577   231.045460   187.650955   186.635012   313.328690   264.238594   232.523510   142.787094   207.633321   3800.859158   990.733144   
102.700000   315.313383   216.864434   289.882323   187.248695   249.295065   192.512657   288.368720   238.941753   468.081405   473.813613   116.650618   224.695465   163.593369   152.643313   436.823581   514.873242   166.902096   297.414229   234.786930   938.236695   468.479522   180.189565   313.187132   272.841384   228.732572   187.275328   186.497879   311.638101   263.382409   232.821614   142.859302   207.078848   3799.892465   990.706299   
102.800000   314.794680   215.956870   290.490141   189.237615   247.608212   191.470764   288.138615   237.777669   469.361592   473.565086   115.449679   225.547408   161.561376   152.757195   436.641174   514.968241   165.736563   296.254632   236.334494   937.762427   469.763839   179.485073   314.831337   272.733838   228.801702   187.656232   188.374208   311.962772   262.558838   231.112997   138.841549   206.602206   3798.394325   991.164782   
102.900000   314.761144   216.633801   291.457823   187.546807   246.850115   192.104673   287.609936   240.040473   469.361519   473.129303   118.872417   226.859141   162.688729   152.933309   436.074127   514.720755   171.859994   296.315025   234.745951   937.560687   468.434903   181.196487   312.714753   272.464808   228.743132   186.928200   185.974325   312.091714   264.412081   232.675101   141.434954   206.470563   3796.751493   989.859149   
103.000000   315.954492   216.818941   290.759335   188.440711   247.470369   191.372458   287.744264   240.304263   468.490398   473.217336   116.481368   224.042445   165.980111   153.303096   437.508767   514.787040   167.977889   295.417141   238.261746   936.971881   468.470431   180.117441   312.872202   272.262497   230.954783   186.181503   187.611468   312.250197   262.640376   231.751305   142.149081   206.319854   3795.282291   989.040965   
103.100000   315.396425   216.966852   290.390905   189.811147   249.547074   193.210245   286.593584   239.169544   469.118986   473.011749   117.883227   222.976573   163.776866   153.445006   437.077259   514.896930   170.057196   295.883407   234.141318   936.719173   469.405740   181.022470   312.714531   272.649317   230.575392   187.244460   186.043859   311.601371   262.589977   231.964592   144.393239   206.905943   3794.056971   989.141364   
103.200000   318.437245   215.277644   291.457182   188.181831   248.271568   192.937683   292.142764   238.759673   467.499933   473.015528   116.667012   224.545976   167.349242   155.962901   438.423703   514.260538   166.906029   295.508412   238.539570   936.453860   468.399741   179.494661   312.833114   272.611892   231.653232   188.199334   186.893267   311.673571   263.265415   231.145580   144.729535   208.602588   3792.613929   988.463599   
103.300000   315.622762   216.483813   294.149965   189.955909   249.811936   193.189192   289.391489   238.225053   468.554456   472.388466   124.367917   222.244563   164.301125   152.221097   436.379958   513.503275   165.498657   295.743918   236.770277   936.347340   468.869200   181.317613   312.004556   272.312908   230.090309   188.428149   187.114692   311.771001   262.601339   233.477935   146.117298   208.641896   3791.658302   987.752337   
103.400000   316.543532   216.072622   294.741968   193.013943   247.668564   192.386204   289.501394   238.380657   469.171001   472.157857   117.130734   223.193172   166.268102   154.270525   436.071602   513.447924   169.816306   295.110190   235.399208   935.254971   467.627652   179.913382   313.460539   271.652193   229.379057   188.110187   186.172593   313.774613   263.173571   230.104511   142.911699   207.495432   3789.920387   987.580356   
103.500000   314.467075   215.429539   290.857888   190.280763   247.921235   193.448873   289.608252   237.887799   467.328823   471.916122   114.954634   222.629492   164.716750   153.122689   435.555453   514.313058   165.392415   295.250056   234.403445   935.338084   468.347771   179.940516   311.820424   271.979818   227.549501   189.430323   187.038941   311.569801   264.519177   232.339806   143.649967   206.717060   3788.674713   987.290557   
103.600000   313.954091   215.215669   291.676387   186.634652   248.294070   192.225244   287.387834   239.482385   468.235559   471.943618   121.816809   224.055852   164.946499   152.084743   437.032516   513.176316   169.343359   295.194267   235.364990   935.892788   468.012424   180.905059   312.003327   272.109535   235.415494   187.756423   185.802950   312.275076   263.359585   233.872856   147.891330   207.738588   3787.446909   987.645804   
103.700000   315.215296   214.665615   289.524549   186.691371   247.845847   191.738528   287.660674   237.882677   468.070489   471.527237   118.097824   223.000855   162.677656   154.811481   435.677057   513.311324   164.745684   295.178260   236.266559   935.154569   466.514426   179.574310   313.589985   273.150885   229.087502   186.361160   186.699909   311.545377   263.517773   229.853623   142.749070   206.743478   3786.369324   986.336067   
103.800000   313.494980   215.713844   288.725395   188.327376   248.832709   191.622112   286.115028   238.460502   467.188821   472.051251   114.961420   225.750088   162.367889   153.744740   435.484728   513.279741   166.510960   295.908935   233.631471   934.825231   467.161112   179.053543   311.613802   271.885369   230.217593   187.875254   186.493117   311.416532   262.121422   230.584208   142.802441   205.652186   3784.863411   987.439560   
103.900000   314.796902   215.560557   290.491552   187.700105   249.261659   192.338498   286.249213   238.816213   469.060945   471.361101   116.343445   223.464731   165.618203   151.774869   435.479617   513.000337   166.039294   295.080851   237.152177   933.851045   467.824346   180.858809   311.854783   271.794041   228.307360   191.044238   187.384102   312.009789   262.611270   231.350644   144.352268   206.675456   3783.380413   986.621717   
104.000000   313.766040   216.481891   289.943984   187.258026   250.062282   191.621377   286.812396   238.105733   467.297386   471.876954   119.212666   222.789998   166.391360   154.731834   436.441819   512.964064   165.695863   296.007094   237.726360   933.624180   467.688753   178.832907   311.681915   271.930157   229.535981   187.486961   186.187099   310.272401   261.877418   231.009637   142.974386   206.405409   3782.294936   986.531782   
104.100000   313.420895   215.973248   290.410226   186.681414   249.604777   191.071256   287.891626   238.485071   468.756460   471.729078   120.020235   223.390703   168.363147   153.364782   438.609238   512.777228   164.997009   295.083371   235.599076   933.745237   467.600411   178.895296   312.343173   271.278845   227.995233   187.508211   185.577451   310.535344   261.962783   231.804836   144.669017   207.038526   3780.891313   985.111257   
104.200000   312.826090   216.064258   291.021656   188.657879   248.728202   190.880465   287.536322   237.302333   468.616739   471.415826   117.547436   223.388751   163.137261   154.080768   434.675994   512.327108   164.513527   294.096496   234.689266   932.935505   469.134437   180.075696   311.695729   271.438174   227.936169   187.468547   185.314555   311.473703   262.742014   231.452306   144.622741   206.427439   3779.705859   985.855514   
104.300000   312.593652   215.797420   290.191338   186.616202   247.829645   192.173719   286.506106   238.567912   468.118402   471.276697   119.005257   223.054809   166.434393   152.212983   434.939028   512.646589   167.414843   295.213484   234.834506   932.813752   468.224829   179.591234   312.230642   272.352370   226.938935   189.107314   185.680451   312.130527   261.956981   231.434397   141.448381   207.325630   3778.333505   985.154886   
104.400000   311.422118   215.535462   289.843574   185.841848   246.195896   191.347785   285.243415   238.226098   467.551821   471.553721   117.968064   223.360172   163.266515   152.255789   434.309337   511.646618   164.664459   294.223050   235.300372   932.490741   466.632404   181.448819   311.139331   271.871761   230.698239   187.777312   186.387590   310.437360   261.780815   231.005183   139.042916   207.006259   3777.102717   984.325053   
104.500000   311.811275   215.193190   288.939547   186.480641   245.896747   191.053498   286.114992   236.240275   467.057562   471.469911   113.756487   223.274049   162.018148   152.198195   433.861753   511.609120   164.345241   293.793406   233.588916   932.058116   464.857500   178.815776   311.551660   273.073990   227.594263   184.859185   185.734798   310.868901   261.623205   231.411181   139.920132   205.183310   3776.132433   984.198743   
104.600000   314.850751   214.518747   291.649714   186.832421   249.588030   190.497910   290.100728   238.579571   467.120858   470.501146   123.803962   222.723693   165.807277   153.067206   435.206825   511.164684   167.923405   293.698761   238.117115   932.606788   466.894797   178.783884   310.950724   273.794668   229.756014   191.101371   186.293497   311.365077   261.420228   232.715538   149.337360   207.509186   3774.486397   983.454122   
104.700000   313.694108   215.323412   289.796080   185.260568   249.245966   191.204962   287.400038   238.111899   467.209381   470.378354   120.563613   222.810128   164.682081   152.219329   433.817430   511.274482   164.111874   293.895301   236.011301   931.574320   467.129343   179.001296   311.133360   272.887341   231.171056   191.889380   185.741158   311.751449   261.697033   231.570975   146.766824   207.513962   3773.205599   983.858162   
104.800000   312.260809   215.235591   289.952886   189.140142   247.135870   191.813109   285.041975   236.173631   465.510732   469.794593   115.863038   221.856700   161.598171   150.933714   433.874581   511.937094   164.714895   293.531649   233.513821   931.134206   466.399909   180.513722   311.825115   272.034179   228.866569   188.656464   185.707825   309.918831   262.333525   228.651181   140.947789   204.935623   3773.001371   982.882617   
104.900000   312.874267   215.003134   290.234566   186.117257   247.124079   191.439125   285.523483   236.874229   466.385747   470.873311   119.685686   222.733065   162.587629   152.317056   434.475083   510.902518   163.528867   294.774093   235.049028   931.501323   465.207651   179.773847   310.815573   270.580410   227.035269   185.447119   185.926815   310.211004   260.853158   229.564695   142.261176   205.755279   3771.454220   983.284977   
105.000000   312.399275   214.620954   289.507903   186.020958   245.346969   192.091112   285.139809   235.933140   464.983270   470.198646   114.488346   225.165558   162.838293   151.897843   434.130524   510.519238   163.075871   295.350566   234.211396   932.077493   464.143046   181.628811   311.400650   270.840259   226.600295   189.363960   186.404767   309.741842   262.372367   229.444435   141.116389   204.783237   3770.006041   983.270511   
105.100000   311.941346   215.168824   288.070168   185.699181   245.279874   191.706041   285.216984   236.810968   467.341508   469.417313   113.193440   224.314249   161.423059   153.952117   433.756138   510.942234   167.670220   293.816024   234.201748   930.780022   465.148437   180.207962   309.869710   270.847000   227.797955   184.992134   186.150422   309.347108   263.335066   230.530589   143.716206   205.431410   3768.424447   982.682740   
105.200000   313.071943   214.843810   287.214871   187.410401   246.148917   190.851307   283.593001   238.070916   465.426267   469.059708   114.969881   221.698377   162.967964   152.218098   432.965280   511.180528   164.285861   293.210764   234.671506   930.345092   465.011274   180.126315   310.225452   273.134475   229.649790   185.993581   187.247769   309.487285   262.080884   229.833041   138.051042   204.555637   3767.134127   981.499710   
105.300000   312.456207   214.595707   289.181768   186.408253   246.639838   191.775375   284.142184   240.217538   465.259217   470.081277   115.600770   222.299288   166.129352   152.636299   433.721322   511.235880   164.505029   293.379366   235.701176   929.831803   465.942880   178.847637   310.611460   270.711331   228.810415   186.245703   188.503049   309.793096   260.673269   229.275130   139.059143   205.122589   3766.117878   981.334207   
105.400000   311.718016   214.824499   287.378861   187.400783   245.643788   190.991420   284.274757   237.917828   465.486161   469.382745   113.577222   222.990680   165.514295   151.398208   433.099566   510.864413   166.566174   293.819526   234.938365   929.829204   466.039874   179.563478   310.394363   271.110530   226.305520   184.474722   185.711169   309.610177   260.520256   227.688767   139.998046   204.980105   3764.948543   980.985345   
105.500000   313.381571   214.404903   288.620202   185.653138   245.289003   191.615383   284.958154   236.488571   464.894878   469.616214   115.955901   223.050642   165.171053   153.017626   433.180427   510.867732   163.031287   293.281488   233.978097   929.170416   465.743822   178.277366   310.501255   271.122437   226.220114   187.533175   185.802037   309.925015   260.981403   227.527173   141.507711   205.019976   3763.663513   981.159430   
105.600000   312.744681   213.957812   290.182369   186.513204   246.616896   191.582374   286.026583   235.395102   465.690691   469.908990   115.228811   223.389571   163.167314   150.711088   432.761735   510.273240   161.807491   292.501295   234.304457   929.356723   465.001391   177.651267   310.231820   271.148198   226.790095   186.127737   184.984334   310.007107   260.602607   230.019825   141.809021   204.967962   3762.530577   980.498462   
105.700000   313.383295   216.227972   289.510365   186.054908   250.403055   193.305478   286.136522   236.518974   464.395453   469.233124   115.450497   223.291848   165.345031   152.846848   433.436097   509.702747   164.003748   293.197766   234.496443   928.656491   464.290045   179.159021   309.871970   269.600775   227.939327   188.436621   186.259705   310.010345   262.277009   230.640950   150.987523   206.528992   3761.467126   980.057714   
105.800000   312.734668   214.391690   290.287099   186.206462   246.575817   190.452953   284.962634   236.780291   466.017391   468.147732   116.217673   222.724929   161.990986   152.436372   432.971752   509.738605   166.156053   292.257510   233.747003   928.288970   464.989537   177.430181   311.133201   270.446668   227.366514   187.828784   185.280898   309.440866   260.276171   231.163203   141.009264   205.794977   3760.600178   980.119793   
105.900000   311.301105   214.043816   287.899113   186.969260   247.220698   190.940799   283.738760   236.006096   464.302296   468.629824   112.579661   223.804002   160.864843   151.822386   431.626939   509.925903   162.731269   293.154784   232.706489   928.014159   463.152565   179.115569   310.761515   269.957212   227.578051   188.096534   185.140041   310.689634   261.438349   228.255666   140.406941   204.805822   3759.055879   979.547566   
106.000000   311.708294   214.946970   289.069429   188.216437   246.630746   189.275647   286.337303   236.254735   463.480221   468.131604   115.242280   221.409384   162.753675   152.002163   432.048220   509.432892   162.903577   292.639833   234.640132   927.533272   463.558701   178.598298   310.018535   269.809976   229.478417   183.429856   185.097858   308.959252   260.932531   227.214524   138.781903   204.871947   3757.983836   979.457433   
106.100000   311.623258   215.629130   289.703735   186.662151   246.007470   191.046308   284.582311   235.485009   463.259598   468.308573   116.120391   222.612074   161.096331   151.797852   431.918775   508.907679   162.827761   293.483958   237.104186   927.996817   464.093243   178.160309   309.552952   270.772496   227.042195   186.982314   186.526309   309.348308   260.714208   227.888484   141.896713   205.196058   3756.650367   979.033961   
106.200000   313.250892   215.483103   287.358691   185.145511   245.050548   189.754408   286.521632   235.499075   465.553314   468.245827   116.860404   221.454733   169.486063   152.593107   433.354391   509.184600   161.837860   293.235909   234.634291   927.014973   463.963924   179.237998   309.588733   270.049171   230.916830   189.571995   185.252203   308.948887   259.717412   230.299989   143.390552   205.936050   3755.606274   978.718672   
106.300000   311.740202   213.694876   285.671660   184.913251   246.597869   191.467668   284.830671   236.227222   464.453232   467.340427   114.280737   220.830026   162.594981   150.742514   432.538974   509.110040   164.458107   293.393679   235.979705   926.570570   464.335074   178.249182   310.218269   270.069381   227.615113   185.753797   183.631397   309.866058   261.164425   231.591885   145.709298   205.583738   3755.142105   978.255232   
106.400000   312.667630   214.326945   285.579663   184.959510   246.305259   191.637679   286.240000   235.284753   463.783282   467.521796   112.930944   223.363273   161.355495   152.926412   431.316837   509.268148   160.423049   292.874457   233.043103   926.945459   463.305909   177.642457   310.378829   270.308941   227.555343   185.167043   184.764527   308.626866   260.841014   231.433653   141.949706   205.104981   3753.380516   978.365884   
106.500000   311.706362   213.807324   287.189766   185.587897   247.659422   190.915418   284.721604   234.994821   464.518057   468.837495   119.128610   222.322131   164.063614   155.335348   433.755802   509.100751   165.412249   293.450381   236.149507   926.949163   464.503627   178.101439   308.852424   269.090910   229.576343   187.470346   185.221712   308.424575   260.089035   230.512320   144.000452   206.232380   3751.963577   979.229304   
106.600000   311.248632   215.451306   286.142731   185.099896   247.399781   191.035144   283.356101   235.780235   463.347657   467.898320   119.338209   221.813128   162.439664   152.003855   432.074699   508.315968   163.068910   292.693085   231.458610   926.960372   463.591842   179.586045   309.377931   269.112962   229.926888   184.879131   185.927414   308.139797   261.453197   232.204946   142.114386   205.387214   3751.249244   977.671997   
106.700000   310.613096   213.604330   285.397637   185.031580   244.832359   189.717711   283.316829   235.709723   465.861012   467.582848   116.738346   221.301256   158.322994   152.080716   430.744941   509.331406   167.680202   292.680246   234.018733   925.546807   463.176472   178.991458   310.311662   270.503068   226.956798   184.320008   184.084198   309.757315   260.195387   229.910876   138.976496   204.108753   3749.939700   977.624695   
106.800000   309.586674   214.071347   290.017378   184.681600   246.702042   191.188067   283.554008   236.519778   464.753836   467.841429   115.126439   221.237341   160.554763   151.170225   430.627472   510.903269   163.811312   291.541487   236.365114   925.910902   464.977156   179.441089   309.506997   269.478641   228.201250   188.940971   185.149531   308.573197   260.868953   230.534981   141.868129   205.223077   3748.800628   977.521332   
106.900000   310.857037   213.148984   288.196650   184.807186   246.673751   189.267875   283.099497   235.268753   463.354377   467.215606   110.803882   221.434408   162.136145   150.908761   431.461067   507.878385   164.462341   291.526088   233.150852   925.794507   462.301845   179.165752   309.552553   270.102720   225.795185   190.287398   185.224471   307.986640   259.308824   228.708396   144.732420   204.310332   3747.596204   977.235782   
107.000000   311.939021   213.181306   290.754625   185.023212   246.671014   188.604465   284.876742   234.227538   463.602015   467.063688   112.687109   220.116676   163.412028   151.840237   431.612207   507.922530   164.621759   292.232679   234.749066   925.211218   463.889650   177.509542   308.613101   269.351375   225.526683   188.323697   185.083520   308.829955   260.235182   231.233073   143.613167   205.603712   3747.024643   976.872437   
107.100000   309.833829   214.559800   286.351862   185.650338   246.134900   190.135616   284.968710   235.417020   463.024872   467.672701   115.911250   220.751410   163.702005   150.639800   430.973084   508.358980   163.181733   292.369809   234.100809   924.627997   462.154903   177.902767   309.783942   269.649374   225.139310   184.805397   183.497865   308.764144   262.277302   231.144202   137.591129   204.081604   3745.741184   976.195895   
107.200000   310.043567   213.479621   287.261598   185.382193   243.690378   190.498426   281.498195   235.252535   461.602312   467.221096   115.142312   220.736401   161.912369   151.191448   430.733275   508.541887   161.964567   292.583823   231.670198   925.601891   462.563027   177.365927   310.142731   270.005509   225.627446   185.352046   184.292942   307.504549   260.758246   229.776087   140.346846   203.423387   3745.079696   976.515364   
107.300000   312.635667   213.636514   286.256185   184.704837   244.567653   190.724136   281.661629   236.327383   462.404341   466.483495   115.729685   220.791312   161.764873   152.402706   430.719576   507.903732   163.719567   291.180890   233.682761   923.940881   463.662025   177.461957   308.391576   269.420072   225.269051   190.640915   184.458198   307.818037   260.648290   230.880612   142.357218   204.785506   3743.477814   975.448822   
107.400000   309.909046   213.231167   285.786904   186.294613   246.064481   189.298885   282.607636   235.567406   464.087825   466.266236   116.056923   220.612470   165.923782   155.295355   430.432592   507.268979   162.288750   291.532539   234.314688   924.317461   463.176421   177.869020   308.726594   268.973644   227.310309   188.317205   184.324704   306.982679   259.120504   228.546162   140.898890   205.451223   3742.361807   975.953854   
107.500000   309.952529   212.479945   284.927892   187.062599   243.927061   190.166960   281.375118   236.084482   463.567295   465.878708   115.571441   220.853484   166.121389   152.863213   431.445532   507.057256   163.275853   291.466953   231.106411   923.796623   461.156643   177.773484   309.518370   269.931710   224.413356   188.170161   184.252867   307.544525   259.213359   229.235407   141.079858   205.645071   3741.182263   976.284538   
107.600000   309.859567   212.736613   284.849116   186.216166   243.938896   191.485246   284.561883   235.387729   461.694441   466.069083   114.990187   221.162123   162.370166   149.427242   430.069911   508.028268   164.224464   292.014449   234.471176   923.940001   462.080648   178.022929   308.199550   269.149247   226.212360   184.269592   183.139659   307.628478   260.547445   229.967029   140.672097   204.469105   3740.176635   975.521060   
107.700000   310.461216   214.157662   287.020773   184.962493   243.446252   190.637399   284.973648   234.572076   461.254899   465.839130   112.465581   223.720240   157.689322   151.261370   429.380176   507.430703   161.231932   292.715279   234.536527   923.999294   461.252148   176.767078   307.872691   269.740985   224.646556   182.456447   183.974163   308.481640   259.814176   228.269029   137.532952   202.886841   3739.180486   974.155235   
107.800000   310.441159   213.124043   287.481114   185.809855   245.951439   190.448668   286.091795   235.179950   462.434748   465.783806   113.074226   220.882235   161.908483   150.376599   431.870737   507.853606   162.917745   291.654761   232.996538   923.894088   462.535799   178.184865   308.419314   267.690884   226.720476   186.635208   183.697217   308.041499   259.034313   230.311481   145.893085   204.903394   3738.019870   974.031211   
107.900000   308.450991   212.725220   286.757920   185.846573   245.268470   189.303906   282.667239   234.700106   461.884766   466.368579   115.762886   223.080781   157.665292   150.352801   429.617735   506.834243   161.366389   291.133303   232.111931   922.669308   460.820325   176.857038   308.904208   268.707897   223.301746   182.434964   183.531944   307.823440   259.864395   229.202077   139.039870   202.907271   3736.987665   973.687055   
108.000000   308.112878   214.865537   284.335292   184.254536   244.715537   189.735000   282.735822   234.225646   461.634128   465.417652   112.272506   220.223749   158.664578   151.155457   429.680802   506.943472   162.901234   291.049682   232.951039   922.285915   460.373369   177.275860   309.220326   268.370822   225.841933   183.509365   183.783985   308.436476   259.530742   226.703234   138.155029   202.826762   3736.311087   973.859882   
108.100000   311.352489   212.240502   284.741389   184.583941   245.118592   188.823220   285.974029   236.767661   461.653346   465.465058   120.224849   221.500190   159.959246   152.125675   430.315917   506.475769   163.441676   291.897207   237.176300   922.361477   461.806105   176.429157   306.937906   267.872499   226.371822   189.402667   183.894595   306.689576   259.650622   232.205266   139.116799   204.178276   3735.557113   973.122604   
108.200000   309.125938   212.659207   285.566966   184.517990   247.814575   188.756560   281.138433   235.397192   463.094545   465.558320   119.283817   220.961719   160.235643   150.935448   430.503290   506.472060   163.149839   290.677320   235.944618   921.879669   463.303697   178.961285   307.779121   268.645231   225.232492   186.035251   184.320137   307.505925   259.424006   229.305968   139.614372   203.682318   3734.164228   973.226731   
108.300000   309.274670   212.120266   286.942511   184.200095   244.463745   191.541742   280.098671   234.874124   461.531502   464.878192   115.367105   220.855687   160.485117   150.722557   429.770183   505.614341   165.676955   290.967819   233.257428   921.344732   462.105040   176.875189   307.639682   267.160602   225.293278   184.570449   184.826525   307.224577   258.518261   229.091453   141.273228   203.470761   3733.380538   973.016420   
108.400000   310.805770   214.020832   286.239096   183.493419   248.204168   189.693747   282.344058   233.569358   462.699961   465.643021   113.805118   222.203389   163.691082   148.877937   428.234823   506.150747   163.426619   291.328732   231.148999   921.013534   462.421630   177.489401   308.247406   267.755826   224.716563   185.167023   182.455135   306.851350   258.718124   230.498245   139.794167   205.023017   3732.395710   972.798915   
108.500000   308.650979   213.106125   287.094548   185.111622   242.781520   188.382301   281.221624   237.261718   462.823356   465.822264   115.049963   221.770032   159.168502   149.345504   428.709347   506.438763   162.447741   293.698716   230.360064   921.169177   460.103897   177.067164   307.838956   269.551626   224.326700   185.801701   183.621534   307.848370   258.903398   227.756351   139.744822   202.801578   3730.951034   972.876624   
108.600000   309.196740   211.941940   285.048238   183.242974   244.415138   189.648991   283.720234   235.581056   462.382938   465.028076   113.747021   221.000788   161.580848   150.180366   428.118602   505.212252   163.804664   290.241786   232.663639   920.927400   461.579397   177.258814   307.018729   267.468856   224.198042   187.167677   183.525489   306.981320   259.279045   227.357031   138.172200   203.319993   3730.022644   972.377000   
108.700000   309.858533   212.512118   286.047240   184.796956   243.914927   190.031090   281.131907   233.177722   461.837956   465.620328   112.281294   220.180290   162.739604   149.768877   429.272070   506.136068   163.242714   291.040214   232.587925   920.591612   459.448305   176.398241   307.747314   267.571886   225.263776   186.848130   183.113436   307.418549   259.955548   231.393362   137.698076   203.816983   3729.000482   971.750886   
108.800000   310.063396   212.315491   283.660509   183.705929   243.826002   188.095466   281.393482   234.009471   459.551793   464.566179   113.631509   220.981058   161.404873   150.408609   429.758831   507.000301   161.856504   290.763694   231.486953   920.198386   460.433976   179.369831   307.586168   267.597697   224.210542   185.942748   183.333939   307.272966   262.131591   227.361517   138.079195   203.845844   3728.113099   972.130160   
108.900000   308.694353   213.548751   284.587610   184.914638   245.129677   190.252803   286.528744   233.197811   460.361661   465.164192   117.331485   218.699324   163.561742   150.163581   429.402442   505.532897   166.890165   291.881271   232.237252   919.959777   461.942560   175.915653   307.913192   268.791225   224.329351   188.442673   184.757883   306.581588   263.280228   230.603745   138.627641   204.561180   3727.271606   971.302372   
109.000000   309.157103   212.020525   284.969287   183.806866   244.756778   188.992879   282.617428   232.839415   461.308514   464.516869   112.485362   218.463615   162.504762   154.741200   429.755262   505.224743   162.137144   291.472091   229.925787   922.206724   458.918914   175.959964   306.779907   267.242284   223.035794   186.518323   185.042403   305.684012   258.425359   228.427759   138.185875   203.999694   3726.055242   970.866148   
109.100000   309.145010   211.979508   285.347090   183.499237   243.631441   189.503310   280.612263   232.405260   460.169548   464.101086   113.950291   220.465561   158.388321   151.247275   428.848322   505.337272   164.676178   290.001197   232.004439   919.730132   460.669391   176.788126   306.717271   267.293837   227.001031   183.796730   182.914046   307.263994   259.788287   228.553318   138.016180   204.028990   3725.094485   970.765836   
109.200000   307.503887   213.406189   285.597723   187.421752   243.476550   190.796720   281.849972   233.251967   460.750269   464.297705   115.830761   221.402179   158.335418   151.335586   428.674438   505.119645   161.669946   289.582574   232.046374   921.410739   458.670645   178.633169   307.077792   267.307558   224.500574   183.503770   182.584471   306.542285   260.193892   229.587273   138.478190   203.079639   3724.342161   971.114660   
109.300000   307.978857   211.312284   286.259520   186.147735   244.359257   189.865576   282.381074   232.863915   460.086329   464.160495   115.149213   219.320613   159.577113   148.617723   427.144273   506.647086   161.925036   290.069703   230.837283   920.463601   459.399301   176.296698   307.389546   267.907882   222.751464   184.194968   182.640224   305.559305   258.355174   227.206527   139.788698   202.717120   3723.242225   970.348693   
109.400000   309.343845   214.003127   286.473413   183.890436   245.897347   189.052816   285.669013   233.266839   459.438410   464.103364   117.883051   219.132614   160.830686   149.373894   429.614219   504.788759   163.881011   290.582820   231.536840   919.355208   461.362662   176.801613   307.492275   267.107614   228.091835   185.729810   184.171264   307.290336   258.458465   231.133369   137.733889   203.905549   3722.384880   970.050634   
109.500000   307.940755   213.173070   287.542625   184.107832   244.867468   188.262409   283.173090   232.750446   461.052350   463.350969   113.961825   218.468461   160.172652   148.932638   428.868658   504.681829   163.194813   289.711385   234.935747   919.622028   461.864397   176.958215   306.821694   267.284889   224.604124   189.302902   183.400183   306.361505   257.566170   227.869506   139.528369   204.856641   3721.489567   969.920587   
109.600000   310.434301   211.766503   284.757110   183.795203   243.403865   190.422062   280.357495   233.564633   460.067930   463.574602   114.080027   218.784490   159.286046   151.097835   428.166604   504.405758   163.895184   290.206590   230.150253   918.741210   459.554480   177.651669   306.974986   267.174524   223.657918   185.819019   185.118902   305.725119   258.359575   225.774251   137.898228   202.360293   3720.481471   970.088266   
109.700000   306.772408   212.548258   285.429220   182.863678   242.321968   188.214025   280.338410   232.615207   460.514759   463.864357   115.273931   220.470303   160.425362   151.131433   428.548023   504.250323   160.160088   289.999310   232.127528   918.936136   458.737822   176.471844   306.592342   267.806934   225.488592   183.463657   184.659144   305.236190   258.564696   230.312709   135.852131   202.493674   3719.812932   969.497894   
109.800000   306.601624   212.493570   283.293163   184.568174   243.394417   188.205121   282.052761   233.925142   458.478363   462.768132   112.468693   220.007881   157.156348   148.529229   427.523870   504.880736   160.588500   290.493994   230.213460   919.045512   458.318268   175.694188   306.391314   267.075390   222.933174   184.430493   184.679809   305.761798   258.356974   226.984413   138.370717   201.862243   3719.527920   969.494111   
109.900000   308.123471   211.596288   285.363016   184.012797   246.698351   186.930102   280.183289   234.748536   458.641340   463.453132   115.417101   219.143021   163.127744   150.646104   427.456872   503.768375   163.142636   289.684337   231.646646   919.459411   458.591213   176.605758   306.409767   267.568765   223.890466   184.971660   184.338421   307.166495   259.124135   228.008894   139.603614   202.655423   3717.727713   969.040968   
110.000000   307.181572   211.724516   283.851786   181.925016   241.514935   188.533559   282.075152   232.149204   460.040272   462.582438   111.709085   218.513963   159.071085   150.526444   426.969248   504.269267   162.301949   289.815881   229.499863   918.023037   459.361624   177.594080   306.520274   266.653277   225.587670   182.183347   182.474513   306.268830   257.450585   226.157539   137.731847   201.737003   3716.882771   969.681607   
110.100000   307.600875   211.953900   283.521538   184.670147   244.134382   189.294034   281.574641   233.135591   458.413816   462.967837   117.974400   218.609543   163.300085   149.195923   427.473505   504.237367   160.322760   290.027433   231.755851   917.579694   459.269027   176.124620   306.212941   266.672021   224.277008   184.961375   183.111465   305.892260   257.416271   226.374166   137.957630   202.675462   3715.991737   969.558948   
110.200000   308.248597   211.997436   285.262444   184.223807   244.740846   188.191952   282.075591   234.266530   458.419746   462.872946   117.181326   219.775580   158.604100   150.170994   427.441463   503.866779   168.349668   290.170905   231.697142   917.586081   459.367388   175.854517   305.757203   267.076006   227.563136   185.802153   182.213079   305.003815   257.865538   226.939469   140.860417   202.960347   3715.220054   968.037631   
110.300000   308.300262   211.719227   285.238076   184.351533   244.195630   188.640901   284.534104   233.749969   458.455281   463.229283   116.386258   219.948105   165.666356   151.336860   427.727228   503.669249   166.356795   290.173431   232.882162   916.723730   458.813062   176.482875   305.735540   267.532659   229.541352   186.491930   184.879523   304.847214   257.609368   228.112991   143.049905   205.021881   3714.331221   967.850727   
110.400000   306.754136   213.842358   286.563787   184.858564   242.081350   187.320271   282.515240   233.782934   458.560083   463.380761   110.831179   221.106073   159.920711   153.439127   427.885191   504.493487   162.515200   289.370605   229.183303   916.542673   458.084794   177.055455   306.571688   266.492538   222.723334   183.218146   181.631848   304.895842   257.316105   227.358365   137.978424   202.229696   3713.560667   967.772496   
110.500000   307.689448   210.835643   285.352883   187.042278   244.278123   190.599678   281.231583   234.413536   460.176836   463.714931   116.692782   220.231779   162.869038   150.970961   427.803679   503.379624   161.562393   290.285096   232.622742   917.359487   459.303658   176.076666   306.741888   266.685302   223.348113   184.194294   182.763812   305.179615   257.808342   228.966109   139.118538   202.583233   3713.078838   967.820310   
110.600000   309.252414   211.212435   284.762701   184.132863   248.158347   189.246269   281.251160   232.762373   458.851290   462.257405   117.295199   218.116723   160.367552   150.145766   428.027928   502.942434   162.010037   290.394733   232.377422   917.426133   458.722498   176.474108   306.630556   267.124369   225.239042   183.531520   182.740975   305.061323   257.257812   228.316750   137.942110   202.407297   3711.673165   967.774011   
110.700000   308.020211   212.130391   286.388685   184.584814   246.174327   188.716987   281.989726   231.821462   459.961058   462.441649   112.680299   218.777583   163.901740   150.510993   426.837949   503.477511   160.717744   288.612994   233.691267   916.537142   458.200460   176.145457   305.915140   266.640592   222.926047   183.999356   182.204081   305.166977   257.926376   227.749628   140.872243   202.485161   3710.842029   967.050547   
110.800000   308.282956   211.576859   282.435312   183.687277   244.793254   187.464473   281.327714   234.407896   458.175642   463.720588   115.470083   217.526337   163.183404   148.157568   426.315043   502.655289   163.065717   290.650729   232.120136   916.319954   457.381109   175.588351   306.422768   266.578858   222.991132   184.484233   182.069655   305.929237   257.245728   227.713670   139.489475   202.680910   3710.029091   966.675153   
110.900000   308.370500   210.605884   283.270283   182.310464   244.032868   187.224939   279.941627   232.053152   458.693658   462.572022   110.430262   218.383094   158.053397   149.039212   427.264582   503.375590   163.624012   289.924094   231.290424   915.987909   456.823890   177.879336   305.837629   266.497710   223.267619   180.613973   182.465231   306.096768   257.221675   224.796370   139.846189   201.868711   3709.340219   967.011025   
111.000000   307.187078   211.522895   285.211630   184.968383   244.538070   188.125037   281.231729   232.010419   458.837671   462.761506   117.090542   219.197776   159.876607   147.552059   425.634712   502.501568   164.206772   288.634501   233.440998   916.060399   458.373195   175.528243   306.272151   267.329179   227.520734   184.868484   182.278363   305.470817   256.822847   228.273979   145.313795   202.621614   3708.208889   966.849939   
111.100000   305.944249   212.783881   284.442498   184.554455   240.889452   188.410206   279.473778   233.070700   458.248793   462.163055   112.925846   217.990772   159.671374   150.171751   427.045369   502.415066   161.171506   288.921151   230.981991   915.163443   456.929836   175.010584   305.717528   266.986594   222.710060   183.084625   183.257809   305.823272   257.115518   227.639156   142.327048   200.954160   3707.794550   966.354401   
111.200000   306.604779   209.822586   286.324113   185.185947   245.972085   189.555158   282.495347   235.302809   458.613631   461.823805   120.262274   218.047182   160.524174   148.114168   426.421017   503.389016   160.917874   288.601623   231.228110   915.723169   458.615807   175.378951   306.221971   266.009066   223.643218   184.394768   183.220878   305.354549   257.123170   226.979229   137.269983   202.637779   3706.908536   967.135889   
111.300000   309.569028   210.976840   283.442694   184.000396   241.456382   188.081604   279.272962   233.454760   457.200537   461.830126   112.795896   218.629358   157.408575   147.696400   427.439062   502.344740   162.974708   288.736389   232.439011   914.890139   456.902996   174.863173   305.739824   266.653496   225.285648   183.868022   182.498052   305.022777   257.223441   226.408310   136.981767   201.805000   3706.108902   966.160504   
111.400000   307.242772   210.456857   281.501181   182.628860   241.936647   188.368459   282.150648   233.253480   457.349634   461.422938   115.939669   217.678867   159.717006   149.435386   427.864637   502.374986   165.768381   288.602496   229.170399   915.170263   458.121225   174.319694   305.561207   268.603373   226.041356   186.221223   183.174348   304.607720   258.625897   225.488608   137.596999   202.204833   3705.247928   965.922048   
111.500000   306.834415   211.298187   281.956258   182.810641   242.593661   188.703001   282.929119   231.495377   457.542047   461.846557   115.895818   220.310576   156.549233   148.914089   425.273538   501.911825   162.155488   288.918085   229.546661   914.564070   458.039405   176.503490   305.482403   265.286566   226.332210   185.164033   181.292124   307.180837   257.802969   226.974876   140.056200   201.909229   3704.221192   965.545097   
111.600000   308.971171   213.391843   285.149067   183.427415   248.400121   188.295689   282.356629   232.087321   457.842473   461.624369   116.937060   217.933766   161.816588   148.968830   426.151180   502.418186   161.676044   288.617811   229.701717   914.783613   456.971874   175.834058   305.383045   265.711611   222.977549   183.206370   181.359093   304.781070   258.747173   227.770240   136.760289   202.825603   3703.672698   965.108894   
111.700000   311.006796   211.342663   283.379277   184.315563   245.834136   188.825707   281.032611   232.995735   457.437381   461.119430   117.228122   218.343018   162.398703   148.907287   426.326569   502.360626   163.031053   288.678715   232.176104   913.937319   457.909713   175.602796   305.815757   266.274338   223.089302   185.946305   181.256685   304.909014   257.372348   228.538339   143.045730   204.201941   3702.814994   965.785409   
111.800000   308.156756   210.593728   283.454829   185.617956   243.125709   187.056368   279.688488   232.134668   456.651967   461.910435   112.953088   218.647304   160.952071   148.199234   425.474355   503.636905   164.186343   288.175912   231.865180   913.764996   459.756295   176.431790   305.552097   266.645635   222.698873   183.208125   183.643762   304.082383   258.008922   226.747111   137.363042   202.736084   3702.045654   965.401741   
111.900000   308.269857   211.558428   283.959334   183.535850   243.733916   188.040075   282.561358   233.350412   457.024918   461.381573   113.645209   217.494141   164.064221   149.050667   426.883106   501.788487   162.241596   289.422305   229.882474   913.861569   458.356875   176.355550   304.744983   266.128303   223.147724   185.879497   182.441530   304.436766   259.776940   226.717015   142.195428   203.266628   3700.949025   965.085875   
112.000000   307.408166   210.872943   283.566363   182.201559   246.438265   186.962524   281.185876   233.271228   459.412757   461.446969   113.235413   218.912935   158.367506   149.055988   427.946153   501.995894   162.345575   289.611999   230.716521   913.427048   456.943205   175.932838   305.501683   266.295330   226.003926   185.506847   183.171847   305.308717   257.334435   228.320369   141.397121   204.593619   3700.144643   964.121997   
112.100000   305.735595   209.472591   284.278060   183.007498   245.106364   188.046521   281.935032   231.684176   457.994859   461.542559   113.483794   218.749591   163.015049   149.326619   426.542173   501.321812   161.125542   288.043497   230.109868   914.636605   457.795535   175.853798   304.956486   266.365178   223.296931   183.052545   180.907166   304.840605   256.899336   227.365458   142.369602   203.880793   3699.723555   963.859183   
112.200000   305.872825   211.073401   284.580815   184.572270   242.355079   187.304121   283.223607   232.918633   457.543982   461.228201   110.601855   218.609905   161.242370   148.612547   425.202642   501.029792   165.077962   288.463206   231.682794   913.455701   457.952885   176.141698   306.509109   266.860286   224.702496   188.945300   182.086854   304.174130   257.088542   230.744334   140.236851   203.633982   3698.921775   963.763792   
112.300000   306.209503   210.879477   282.675581   183.513450   241.505961   186.814949   279.952652   231.694084   457.671512   460.330428   113.327558   218.238108   161.470575   148.670417   425.356805   501.606545   159.828477   289.743837   228.922548   912.800628   455.148887   175.045962   304.684570   264.957426   222.397980   183.711297   181.234008   304.801777   256.286488   226.292990   141.235980   201.482128   3698.011429   963.739872   
112.400000   305.932855   210.181116   282.297463   182.889285   241.422261   187.448585   279.737154   232.182636   458.223549   460.891111   117.913517   217.095150   161.283501   149.935739   425.165910   501.146031   163.072715   288.835171   230.525253   913.449667   456.575927   174.815051   305.050379   266.419235   222.669695   181.033034   182.189007   304.270278   257.393813   226.797532   140.028704   202.143074   3697.274680   963.294737   
112.500000   307.136875   209.809714   284.915509   181.733051   241.818487   186.806615   278.851340   231.775747   456.715671   460.666529   113.388929   217.589596   159.107111   150.964631   424.608674   501.635658   161.100762   288.303150   229.184216   913.484802   456.621937   178.095240   305.715901   267.599160   221.241986   181.129100   181.912045   305.862773   256.859271   226.011486   136.981309   200.926011   3696.454669   963.288705   
112.600000   306.430758   211.581283   285.178655   181.758365   240.598289   187.452272   280.427010   233.839293   456.494789   461.636847   118.361989   216.825760   160.138407   150.703366   425.408518   501.935435   163.632526   289.279042   231.931613   912.899045   456.909654   174.994451   304.379339   264.411776   224.905824   181.971890   182.797173   303.323955   256.919558   226.492311   143.090436   203.455950   3695.861029   963.112991   
112.700000   306.571750   210.428304   282.308142   182.790760   244.435416   186.683722   283.343156   232.208998   457.006578   461.266354   113.837322   218.398351   165.191476   148.512785   425.352102   500.605876   164.155888   287.893833   231.698140   912.159788   456.545115   177.042513   307.576761   264.749205   224.771602   184.389494   181.174719   306.190102   255.824654   227.263999   141.479291   202.231996   3695.272574   962.809875   
112.800000   306.049300   210.609833   283.223187   181.913574   242.381302   187.959983   279.714195   231.907637   457.725866   460.234405   116.506305   217.287828   158.132180   147.942364   424.046244   500.666562   162.395637   287.387501   228.823439   912.363328   456.470325   175.766204   304.955376   266.987434   221.995390   183.148639   183.536097   303.675522   255.944576   226.705389   139.210828   200.810061   3694.353709   963.249182   
112.900000   306.055039   210.020927   287.663107   184.729047   244.868976   187.172691   279.218809   232.917425   457.797186   460.552088   117.059945   219.322480   163.239691   146.891430   424.282464   500.582195   162.464174   287.427740   231.062734   911.945505   457.241926   175.718334   304.313903   269.051276   222.884806   184.353610   182.777844   303.078330   255.011352   228.368248   143.745937   202.800329   3693.521737   962.947821   
113.000000   307.465436   209.748837   282.376342   182.854291   241.299315   187.173716   278.636947   231.135612   456.226624   460.297083   111.664766   216.721078   158.017595   148.768163   424.310525   500.910463   161.919233   287.569374   227.156326   912.152919   454.860262   174.999340   304.182410   266.743766   222.332853   182.114085   181.284495   303.451230   256.611754   225.211593   139.080340   201.079821   3693.035831   962.581513   
113.100000   305.796773   209.271641   282.362896   181.569468   243.128093   186.022161   280.229001   232.566791   456.248877   460.368453   113.746402   216.212588   160.238745   148.262313   424.558279   500.673543   160.152106   288.774162   228.489273   913.005159   456.039940   176.232671   304.265120   267.119151   223.521008   184.536213   182.768219   303.433736   255.902588   225.010642   137.771894   201.339343   3692.183435   962.306929   
113.200000   306.184030   209.692811   283.147500   182.559585   242.442975   186.643635   279.492868   232.851556   457.438227   460.443235   114.052196   216.839308   156.996521   147.607596   425.276718   500.611796   164.391071   287.562143   233.495951   912.186272   456.901530   175.133496   304.130022   266.858148   221.516448   183.179585   180.139257   303.557025   256.136350   227.025877   143.249016   202.519664   3691.718641   962.020154   
113.300000   305.903433   209.091721   281.224676   182.092461   244.874633   186.759794   278.632974   232.204014   457.722508   460.946736   114.036291   217.129446   158.130143   150.906028   424.262331   500.628606   161.737364   287.313411   231.091846   911.009017   455.972847   176.444248   304.098516   264.901647   222.710258   184.266830   181.216601   303.306618   255.474828   227.636011   140.278429   202.067075   3691.110423   961.846884   
113.400000   305.113335   209.877474   282.985490   182.879165   245.387469   186.313239   279.738382   232.156980   456.732583   459.806521   113.616044   216.918517   160.111885   148.256630   425.138843   500.659785   162.385067   289.296025   230.017013   910.996513   456.228265   173.931593   304.599673   265.700148   224.052659   182.913739   182.883300   303.990548   255.563963   226.993425   142.805629   203.156463   3690.207968   962.548198   
113.500000   304.341796   211.996281   282.514197   181.515139   241.759109   185.502427   277.567442   231.258851   455.437615   460.105274   111.713135   216.988261   159.407529   148.841262   424.767214   500.342302   157.204294   287.821840   227.999924   910.666337   453.883959   173.786254   304.619042   264.602756   220.290984   179.666021   180.654545   304.764609   256.440808   224.528775   136.751460   199.910105   3689.693339   962.669804   
113.600000   305.364269   211.998910   282.761406   181.431865   242.247550   187.774561   278.517894   231.729252   457.657388   459.418778   113.250574   218.001008   160.931955   147.489036   424.393942   500.789495   159.458681   287.781607   227.773740   910.945916   455.758604   174.969603   304.275038   264.800835   224.219362   182.192046   181.223073   302.973927   255.655430   228.148123   137.313220   201.320560   3688.864610   961.684358   
113.700000   305.327535   210.636511   282.010821   181.453665   240.325999   187.630903   278.902516   230.781432   455.608338   459.204214   112.754706   216.648381   159.574743   148.267290   423.114590   501.799742   161.686954   287.324865   228.813715   910.424390   455.127581   174.152868   305.167617   264.909347   222.164070   183.125088   182.034135   303.031727   256.167903   226.299225   136.106463   200.428760   3688.476528   960.881482   
113.800000   306.636547   209.720016   280.730173   181.372146   243.028127   185.774843   280.569565   232.062802   455.505592   460.270753   110.304667   217.307919   160.165802   148.252430   423.650339   500.501660   160.114792   286.598724   228.668645   910.421537   458.827037   175.528297   304.201025   265.455169   222.932323   184.393369   182.909033   304.278809   257.836269   223.549591   135.532958   201.108206   3687.992802   961.886461   
113.900000   305.286688   209.950006   283.276089   184.981427   240.485658   185.936481   278.697806   232.019946   456.785826   459.279292   114.711695   216.187946   156.400540   149.316328   423.578916   500.002464   163.496172   287.906943   228.730374   910.384775   454.730903   174.160295   304.680955   265.377177   221.578417   182.894790   181.775161   303.445984   255.667470   225.413516   135.439311   199.998609   3687.077191   961.171180   
114.000000   303.576763   208.818370   280.326936   181.713848   241.651175   187.031500   277.826586   230.672722   454.181438   459.747873   110.053383   217.149897   157.921638   149.277871   423.186704   500.374383   160.339374   288.514256   226.750206   910.544823   454.019269   175.177767   303.936324   265.343433   222.774012   180.273640   181.286838   303.043509   254.978489   224.938203   135.599012   199.142352   3686.199739   960.896495   
114.100000   305.811702   209.575263   284.781676   181.259029   242.522515   190.694559   279.783267   231.843631   455.224101   460.021757   113.627930   217.720410   160.335446   147.522813   423.626461   501.002395   161.535249   287.793802   230.828945   909.979742   456.098328   174.998525   303.582464   264.904297   226.815630   182.289181   180.805126   303.250993   255.524134   224.796931   139.030755   201.962736   3685.445952   960.239073   
114.200000   305.644737   209.172727   282.750274   182.170904   242.481765   186.390668   277.980587   231.102223   454.778209   459.595717   112.635841   217.115022   159.479035   149.200580   423.997540   500.406457   161.106824   286.879626   229.189548   909.710391   454.404357   176.354219   305.328530   265.811727   220.934954   182.813085   180.720329   303.376478   255.535199   225.245507   139.371166   200.848421   3684.956465   959.956259   
114.300000   309.938468   210.495232   287.350234   181.682488   242.262628   186.424921   277.568583   232.860986   455.551837   459.230130   116.309275   218.738216   162.544515   150.457675   425.056867   499.130258   162.337868   287.122040   228.864948   909.697698   454.647274   175.218693   303.703041   265.093556   224.410942   183.210390   180.473578   303.510449   256.787784   228.745573   142.369530   201.882959   3684.090008   960.200578   
114.400000   307.211142   211.390333   284.682196   183.654858   240.619852   188.273997   280.822941   231.361990   454.532970   458.941051   112.874670   218.712439   158.264240   149.910720   423.923352   499.684961   160.039029   287.621589   230.643004   909.345713   454.893277   175.852662   303.411745   264.530318   222.306253   182.840477   181.826876   303.420059   255.942140   226.370218   141.405564   200.263655   3683.623998   960.107825   
114.500000   304.445596   209.481950   284.151604   184.863945   239.445540   186.875119   278.575839   232.346837   456.488120   458.606530   111.967009   218.041644   157.235583   148.482415   423.398750   499.157176   160.475898   288.762456   227.028842   909.431123   453.290602   175.279183   305.269229   263.877405   221.882786   183.018072   181.204539   303.035297   255.663664   224.923203   137.689528   200.357568   3683.185544   959.812784   
114.600000   304.833685   209.221799   281.634384   181.025638   239.937918   185.600700   280.148739   230.484958   455.984269   459.079499   113.843490   218.145948   158.234892   148.238200   423.106829   498.866866   159.386262   288.390247   228.597514   909.242728   456.153900   175.191654   302.624137   265.639323   223.173014   180.816314   183.007732   303.873607   255.299243   226.000560   139.667587   200.321888   3682.617352   959.345044   
114.700000   304.998077   210.051532   280.498187   183.525083   242.286349   185.015513   278.349517   231.170763   455.385776   459.089421   118.344208   218.507148   157.552108   150.633761   423.155738   499.809305   158.579331   287.464814   228.393194   908.912148   454.431601   175.584243   303.313920   265.181560   223.891727   181.560672   180.976155   302.871188   254.775736   224.692242   136.375615   201.253668   3681.680986   959.922690   
114.800000   306.161463   210.288223   284.621896   181.775038   244.209454   186.478999   279.896049   231.333491   456.284222   458.478643   117.946766   218.431359   161.219772   146.648596   424.816432   499.389192   161.877976   288.136474   228.071999   908.918005   455.085594   174.846960   302.868390   265.049215   225.107702   183.275030   183.213660   304.035886   255.980722   225.188020   137.578742   202.840678   3681.144067   960.579225   
114.900000   304.329007   209.936586   281.844769   181.524978   240.226782   186.490366   278.117002   231.056370   454.821239   458.669957   112.210680   220.314152   158.537651   147.647657   423.566815   498.437981   159.117055   288.016121   228.950330   909.031621   454.827770   174.292557   304.391300   265.053168   221.450248   184.975898   181.040565   303.102828   255.889344   223.652552   135.305975   200.884610   3680.864425   959.942485   
115.000000   306.855679   209.723504   283.651212   184.680038   240.382236   186.271317   281.538689   232.162761   457.629673   458.507826   113.672059   217.810387   158.722585   148.306884   424.327958   498.593098   159.826640   287.231858   230.041743   908.467185   455.045289   175.727145   302.964782   264.290829   223.589116   182.748235   185.989170   303.562458   256.436657   225.064407   136.507013   201.065707   3680.037773   958.978625   
115.100000   307.272316   209.807124   284.112603   183.055510   243.204396   186.299259   283.057231   229.848277   456.888391   458.967678   117.566140   217.423380   161.758793   148.353098   423.327466   498.536105   159.556734   286.637739   230.740272   908.597899   454.498846   174.304563   303.223590   264.442116   227.345859   186.923918   182.650997   303.047607   256.234462   226.975042   139.667268   203.630206   3679.920709   958.724799   
115.200000   306.024166   210.028979   283.078465   183.574878   241.636942   187.304172   279.588178   231.617027   454.524511   458.784302   113.044138   216.743607   164.726979   148.554628   424.445693   498.473041   159.275817   288.490613   227.134403   909.085153   453.167721   173.098876   303.904582   265.046306   223.903946   182.620988   182.268669   303.522446   254.986955   225.728982   136.642824   200.811233   3679.163656   958.709111   
115.300000   306.835738   208.892079   282.715401   186.124047   242.079482   186.402593   281.517511   230.246183   455.260455   458.897716   115.248079   217.910743   160.257267   149.705293   423.721935   499.247116   160.498971   288.323721   229.979516   908.328782   455.871546   174.301317   304.114274   264.220657   224.764631   184.166345   182.942095   303.188699   256.332786   228.437011   138.328596   202.491350   3678.348267   958.955388   
115.400000   305.766556   208.800787   283.189334   183.120276   242.250607   185.985930   280.647808   231.460027   456.555799   458.439428   112.311910   218.822249   158.799601   147.833796   423.265650   498.336240   163.545257   287.109126   230.498714   908.389596   458.009586   175.095968   303.472117   264.723077   226.764583   184.140633   181.797879   302.457045   255.634666   230.843299   137.208222   202.865935   3677.824736   958.659101   
115.500000   306.052864   209.877642   281.388360   182.841533   240.231598   185.905315   279.962512   233.441622   454.398673   459.204389   116.410899   217.533951   156.892633   147.013888   423.060520   498.493477   160.416956   287.081370   228.483817   907.840084   453.798941   175.223370   303.883897   263.008543   226.341509   182.456115   181.281125   302.438475   255.785929   226.523708   140.791503   201.001970   3677.279773   958.073031   
115.600000   304.273118   209.086684   281.843233   181.589024   239.270111   185.920031   279.626012   230.337934   454.747231   458.676409   110.836638   217.713543   159.381048   148.016830   422.028151   498.430090   159.081750   286.215082   228.864205   907.746274   454.520596   175.053571   303.201279   263.105107   221.824249   183.765720   180.350472   303.576356   256.401554   224.302780   136.984301   200.713838   3676.514405   957.803496   
115.700000   304.503607   210.175161   282.631467   180.690354   241.377546   186.597480   278.015349   230.534301   455.024839   457.947776   113.121081   217.377298   158.365121   151.299031   422.254569   498.011743   158.217400   286.261553   228.183428   907.857831   452.779496   175.369396   304.485886   263.530417   220.120334   181.087706   180.543397   303.230849   253.943369   224.144360   135.409438   199.559557   3676.064297   958.227653   
115.800000   304.314148   209.427914   280.796242   180.682337   241.379282   185.984210   277.258676   231.898768   452.945004   458.931857   112.264627   216.390743   158.905208   150.283492   422.631408   498.741198   160.153110   286.316190   228.833475   907.245360   452.375821   174.119799   303.025913   264.025442   221.922276   182.251439   180.618147   302.368853   254.604558   222.837049   135.140510   200.068422   3675.487015   958.887348   
115.900000   305.178061   209.945982   281.396447   181.446390   242.601534   185.137775   279.465553   230.409551   454.291233   458.177878   115.214939   217.376281   156.337004   148.505385   423.265623   497.679335   160.144254   286.494231   228.663976   907.510724   454.241990   174.705294   303.569676   265.816431   223.837025   182.058181   182.330676   302.785699   256.557371   227.511918   138.326900   200.384351   3674.742960   957.568688   
116.000000   306.063395   210.360623   284.410448   181.767820   242.328868   185.734396   283.249231   231.405955   454.957148   458.672201   114.553890   217.160366   158.316783   148.412773   424.733208   498.333200   161.452898   286.066449   234.023215   906.961271   454.432102   175.734413   302.878297   265.256966   224.691837   186.714427   181.322751   303.177302   254.794656   225.990160   141.242425   203.144059   3674.752866   957.378541   
116.100000   304.099534   209.308563   280.328524   182.219744   240.024083   186.455005   277.534188   231.264723   453.619038   457.717172   111.080386   216.740505   157.985953   146.365177   421.368399   498.476157   158.960648   286.899593   227.035228   906.974473   453.940273   176.478771   302.431547   264.375122   220.648286   181.698714   184.262458   302.199409   255.644753   223.104218   137.927465   199.904120   3673.976457   957.800058   
116.200000   305.541217   209.041058   280.132799   183.730336   240.351129   187.050854   278.087168   231.628237   454.265528   458.382319   115.807760   216.415298   156.169870   147.208110   422.048794   497.794365   164.180658   287.129191   227.975870   906.634208   452.539710   174.601232   302.832155   263.573192   221.882378   180.326525   182.822144   303.205241   254.105708   224.627782   137.572167   200.488447   3673.318330   957.551122   
116.300000   308.462750   208.066290   282.705945   182.266787   246.090737   186.825022   279.504360   230.993049   453.852814   458.008410   113.111241   217.137577   160.725172   147.857234   423.410814   498.365613   161.171939   286.481951   227.165198   906.463033   454.000855   173.549578   303.470710   264.189200   221.796510   184.820703   182.257174   301.226873   254.785516   227.761743   140.054804   203.046148   3672.754493   957.356948   
116.400000   306.437685   209.162493   282.043515   181.142074   239.804057   186.191768   277.359157   231.402085   455.813039   457.661483   111.738090   219.328860   156.633556   147.206231   422.641668   497.450617   157.528813   285.808797   227.744620   906.327618   453.616049   174.711471   302.046662   264.250299   222.906313   182.696483   180.386426   302.039678   255.031227   223.830525   142.018076   200.307579   3672.486805   957.287549   
116.500000   302.517305   209.715951   282.002920   182.559150   239.351908   188.084767   278.403491   230.121657   453.142198   457.219152   111.624067   216.536671   156.922303   147.724255   422.340237   497.498939   158.731738   285.498137   227.581172   906.590095   452.968970   175.096539   302.528449   265.642827   222.744996   180.437428   180.060615   302.140209   255.017432   224.708594   139.474147   199.708143   3671.800187   957.441276   
116.600000   304.644460   209.521731   281.658306   181.070414   240.460675   186.182903   279.776663   230.513461   454.046138   457.539698   116.248256   216.257838   158.194071   146.609669   422.568081   498.185752   161.376233   286.352697   226.729404   906.626430   454.109462   174.284594   302.478861   264.243757   223.267532   181.560153   180.782617   301.818338   255.372285   223.802744   139.547312   200.964767   3671.276383   957.938875   
116.700000   304.919605   210.207333   279.619616   182.550013   240.278131   187.688114   276.505075   229.714959   453.687635   457.528815   109.748936   218.017866   155.931710   147.004020   421.804497   497.601421   161.810392   287.060268   229.396030   907.528406   453.296712   175.168943   302.400538   263.912933   220.419091   182.289832   180.971824   301.957146   256.952535   223.374143   136.704354   200.026511   3670.823802   956.302677   
116.800000   304.058488   211.690222   282.996638   183.363863   241.012159   187.569985   277.299798   230.369004   452.969667   458.873267   109.200272   216.286278   161.688844   146.341456   421.363722   497.631908   161.181655   286.105566   227.555971   906.711262   453.852203   174.737188   302.370784   264.894701   221.456875   180.572608   181.440968   303.342738   253.974014   224.688793   139.272416   200.230772   3670.278501   956.767488   
116.900000   304.429277   208.608484   280.839122   180.655976   239.334073   185.669248   276.056795   229.313007   453.797084   458.763559   111.463087   216.389432   157.054540   148.570030   422.030156   497.360854   160.812411   285.764434   228.156519   906.056183   452.911534   173.689065   301.848506   264.830967   221.962686   180.990867   183.074252   302.971656   253.941716   225.178476   136.246627   199.360274   3670.066976   956.657701   
117.000000   304.205024   208.763270   281.125517   182.812199   239.253451   185.945604   276.028689   231.094866   453.397351   457.153374   110.924301   217.287365   158.492453   148.008304   422.677354   496.974708   157.357274   287.260681   225.962931   905.829141   452.358063   173.317303   303.375438   264.328485   218.897815   180.748398   181.026242   302.735480   254.090953   222.586051   135.001573   199.087006   3669.264402   956.573365   
117.100000   305.165499   209.767019   279.131265   181.536492   240.168464   187.060723   277.152294   229.984344   452.499767   457.098259   112.399276   219.389757   156.660905   148.083322   422.471571   497.858973   158.035612   286.505283   226.182176   906.501606   451.946988   176.465417   302.282168   264.478020   221.418878   181.024277   183.040525   301.140639   254.713288   221.114006   138.458807   199.848386   3668.970758   956.209203   
117.200000   304.058407   208.734594   280.728959   179.900843   239.382158   186.137562   275.063716   229.562560   453.435507   457.300694   111.468677   217.204893   157.160440   148.362936   422.099559   496.989120   158.032765   286.327791   228.125322   906.274760   452.031696   174.343517   302.485849   264.114283   220.778704   179.741007   180.220476   302.135321   254.705381   222.503953   135.452896   199.165500   3668.533963   955.850378   
117.300000   305.125258   208.651691   280.564954   182.237496   242.268463   187.258895   276.420519   229.857037   453.301410   458.194598   115.414086   216.153144   157.197910   146.654930   423.116253   497.288320   162.846464   286.594878   231.133986   905.879196   453.852897   174.207296   301.624808   263.309103   222.880557   180.244844   180.956019   301.518619   254.465640   224.289960   136.086045   201.933623   3668.707706   955.776798   
117.400000   303.121686   207.773023   283.355995   180.560773   241.094108   186.653084   278.918421   229.170422   454.756879   457.444903   118.844274   216.286057   157.474179   146.864172   421.482303   497.548244   161.830674   285.475129   226.711150   906.065670   454.712537   174.286841   301.984027   263.093519   222.397538   182.208170   179.600214   302.519673   255.073452   225.203952   136.117750   201.720467   3667.765744   955.618878   
117.500000   304.906057   207.292261   286.735555   181.137074   242.803642   185.451029   279.007514   230.857185   454.908514   457.347415   114.666185   216.285854   157.348311   148.193981   422.589101   497.177749   163.437030   285.964698   227.670766   905.598794   454.289071   175.557958   302.704513   263.565977   226.551132   185.190406   179.939047   302.115058   254.978342   224.667758   142.778269   201.623892   3667.675511   956.334636   
117.600000   304.718815   207.807710   279.957356   181.128578   239.902723   185.951486   281.227505   229.453415   454.375835   456.830672   113.984239   218.738017   160.109035   150.101092   422.019554   498.453903   165.411992   288.412567   227.316873   905.233775   454.192052   173.399329   302.342671   263.688540   222.490563   184.773820   179.223462   302.013900   255.616537   227.675608   140.815528   201.730954   3666.677834   956.271993   
117.700000   303.008415   208.490128   278.380767   181.039733   238.410492   186.165542   276.958102   230.776612   452.522614   457.227063   110.442586   215.762823   155.926730   149.396171   421.017063   498.239991   160.019980   286.444704   225.236717   905.922876   451.948835   175.164297   301.641990   262.555085   220.861965   180.801505   179.632189   302.110667   254.446394   224.157488   135.198655   198.702363   3666.667929   956.511549   
117.800000   303.499318   207.327106   279.214360   179.969484   240.065350   184.178097   279.755058   231.375657   452.625380   456.870174   110.341552   217.205818   157.976420   147.642581   421.613240   497.801025   162.854248   284.666376   226.472357   905.798048   451.894704   173.642429   301.659643   264.095202   220.608106   182.425289   180.312715   301.228206   255.085923   224.086179   133.827155   199.820201   3665.996500   955.830286   
117.900000   303.386690   207.395643   278.901362   181.082570   238.546017   186.149404   278.261399   231.414623   453.017760   457.328627   111.463562   217.035343   156.820530   149.016834   420.727515   497.603250   161.413839   286.565991   226.266222   905.642547   453.530826   175.252653   302.949337   263.141983   218.816521   180.223357   181.391765   301.712726   254.124514   222.849439   134.885955   198.843734   3665.405523   955.159350   
118.000000   303.922158   207.115205   280.136876   180.252943   239.494490   186.250218   275.824564   232.035467   452.599720   456.975404   110.350235   215.973896   155.270750   148.555499   421.073934   496.488521   159.014112   285.788602   227.627516   905.413742   452.210725   174.692819   302.620868   264.745085   222.260219   182.921905   179.667945   301.616382   254.687395   224.043713   136.344057   199.408609   3665.260015   954.775628   
118.100000   304.606108   207.776686   279.188560   180.059896   239.739535   186.023919   278.849374   230.056808   454.533156   457.287638   115.226398   216.942174   157.603424   145.556696   421.440571   496.974256   160.106524   287.309363   230.535197   905.166502   452.836272   176.556228   302.146351   263.115609   220.526509   183.655677   180.612854   300.890164   254.404236   223.387263   136.470470   200.115973   3664.492805   954.922143   
118.200000   302.971665   208.340245   279.389477   181.963527   238.515479   186.603641   276.157375   231.666553   453.203992   457.593009   112.193413   218.462602   154.833358   146.323463   421.897720   496.623809   157.757942   285.558283   227.015756   904.616188   451.277446   174.077493   302.487520   263.580713   220.477335   180.139466   179.595476   302.359366   254.981036   223.446237   134.311791   198.662209   3664.180481   954.832065   
118.300000   304.909612   207.378192   279.085762   181.253317   237.968208   185.238736   275.527639   230.946269   451.451079   456.276755   114.217700   216.776137   158.391369   149.008279   421.549848   496.918314   159.359025   285.834273   229.629865   905.139566   452.228414   174.650678   302.729493   263.958333   223.013994   181.428164   179.174462   301.495197   255.283102   224.170927   135.541326   199.776243   3664.248436   954.802697   
118.400000   303.316173   207.842329   281.237875   182.225136   240.891896   188.013898   276.829491   229.925678   453.858177   456.009898   115.398983   217.046743   159.826160   148.238060   422.292811   497.174985   161.076386   285.928740   230.418668   904.669527   452.382871   173.066474   302.883141   263.790976   222.318265   179.540830   180.530547   301.189635   255.413469   224.373063   135.732206   200.753883   3663.539914   956.121038   
118.500000   305.650364   207.777968   283.306393   179.325772   240.714415   185.176376   279.479330   228.821885   454.845299   457.103689   120.545633   217.500527   162.372833   147.921085   420.810832   496.154684   161.143931   286.745557   228.943664   904.539918   454.961310   174.025571   302.027176   263.210270   223.080373   181.362293   179.963813   300.628854   254.156853   224.103457   140.585223   201.657820   3663.236423   955.431177   
118.600000   306.948607   207.468408   281.112147   180.448716   244.492620   184.372562   276.871278   228.744547   451.790701   457.599882   118.292996   215.212572   165.294135   148.679775   423.586090   497.776189   158.934582   286.129315   228.594989   904.304599   453.077737   172.859127   301.527733   263.164546   220.025328   181.241159   181.882127   300.746021   253.700704   226.767723   141.628952   200.915632   3662.581081   954.622909   
118.700000   302.753865   208.294525   280.762681   181.617164   238.892957   186.765039   276.572599   230.800179   452.488356   456.391438   111.795884   215.549849   164.424060   149.607502   421.710314   496.388612   158.096363   284.517040   227.018592   904.913828   452.426650   172.678596   301.093797   263.054539   220.296209   178.692308   179.921585   301.127083   253.603085   222.546334   138.129363   198.996753   3662.312107   955.193957   
118.800000   305.183960   208.244510   283.914310   180.600058   241.766991   187.873090   279.247346   229.178278   452.015052   456.625231   119.434393   215.856639   164.157724   148.107415   421.972587   497.451845   161.921395   285.350321   231.850945   904.398784   451.585258   174.502178   302.126929   262.338276   221.223483   183.458620   181.571472   301.527852   253.335705   224.260058   141.907134   200.609081   3662.122939   954.080369   
118.900000   303.928571   209.012819   281.524130   181.047523   241.540363   185.271791   277.186409   228.229430   452.334401   455.898270   111.229680   216.147872   159.239241   150.429860   421.289983   496.714628   157.834112   286.925464   228.104491   903.853812   451.063296   174.202432   301.810741   263.043515   221.910789   182.997497   179.503497   301.670662   254.050898   223.295572   141.985231   200.534848   3661.653863   954.312161   
119.000000   302.333075   207.228588   280.374229   181.055331   242.979212   187.267306   275.825283   228.912859   452.354742   456.930656   114.326871   216.827190   157.242129   149.145942   421.559623   496.374107   160.158818   285.418891   226.396162   904.146285   453.006486   173.594093   301.733765   263.254254   220.733396   183.366994   179.699591   301.303341   254.026698   223.738345   142.916103   200.197416   3661.338094   954.128487   
119.100000   303.844614   207.683790   278.398737   180.708841   240.544065   185.282964   277.885446   229.330680   453.660495   456.175585   117.447573   218.740506   155.245794   149.609499   423.073746   496.706277   161.124723   284.360275   230.119961   904.213197   452.464373   175.461953   303.592046   263.281858   220.188120   179.162085   179.140578   300.448191   254.416104   224.547924   139.587570   200.287529   3660.779984   954.665866   
119.200000   303.068099   209.437568   281.507752   182.390522   239.555722   186.132596   275.571998   230.933467   453.388304   456.143196   116.793839   215.141030   158.939833   148.167573   422.064318   495.883353   159.472251   285.111630   229.885803   903.788486   451.613888   173.993035   301.101729   263.023893   220.903961   180.842252   179.860093   301.240235   255.571222   223.329722   140.118202   199.833472   3660.802780   954.208660   
119.300000   304.466148   207.849055   284.276800   182.496786   240.939596   185.030626   276.567115   230.275177   452.302088   456.112711   114.211867   214.905507   156.332563   146.451031   420.606753   496.009112   161.427084   286.954055   229.410562   903.546566   453.082387   174.296542   301.414658   263.436155   221.328901   179.510064   179.807541   301.127077   254.978897   223.618855   140.733221   200.048808   3660.223409   954.641753   
119.400000   303.409682   207.513377   280.207803   180.826832   239.802129   185.607162   278.420818   230.752327   453.215352   456.778934   108.988301   215.842963   156.664568   146.057731   420.947332   496.276688   161.299425   284.946159   229.736330   904.649974   451.736154   173.977315   301.993370   261.968897   221.125021   180.565094   181.442323   301.639013   253.657028   223.105298   137.541975   199.296127   3660.288345   954.179418   
119.500000   302.141533   207.853744   283.121555   179.587996   239.087200   187.037320   279.235751   229.533697   452.219552   456.735759   113.430254   215.937257   154.215408   147.164049   419.664572   496.426875   161.214030   285.280033   229.770752   903.696572   452.205794   175.162565   301.613925   264.027696   220.805483   180.126243   178.669328   300.626593   253.104458   224.915880   137.970938   198.708970   3659.547460   954.065123   
119.600000   303.493803   207.458149   279.855941   181.913828   237.724287   188.047505   277.767652   230.233722   451.346476   456.349313   110.684768   214.658349   154.433089   150.287129   420.295616   496.380034   157.946663   284.622340   228.216914   903.247166   451.272926   174.051937   300.839244   262.420883   219.243558   179.474671   179.373293   301.439986   253.549924   225.282523   135.957987   198.539632   3659.467216   953.979012   
119.700000   303.688826   207.286596   279.854143   181.054159   241.764005   184.548257   277.161295   230.460108   451.739029   456.055120   111.189198   214.276436   156.325283   145.797073   420.125019   496.114171   160.973142   285.408679   226.685708   903.048001   451.810369   172.727504   301.184739   263.509957   219.615347   182.587817   180.163464   300.431574   253.486568   223.994576   137.130613   198.906222   3659.125622   953.560958   
119.800000   302.084227   209.196922   279.602095   181.158380   238.648863   186.776043   276.582751   231.177717   451.599317   456.247184   110.631366   215.046346   155.528746   146.279412   419.522777   495.807089   160.477223   284.408021   225.996614   903.469256   452.092590   174.286693   301.139338   264.001160   220.895473   182.040628   179.829709   301.108468   254.320868   224.349356   135.446173   198.161086   3659.155992   954.095442   
119.900000   303.512038   207.748937   279.426352   179.930639   240.352546   184.954603   278.044001   231.897360   452.748846   456.351741   112.128805   215.619311   158.327293   146.077924   419.621812   495.748305   161.569071   285.528479   226.623279   902.887222   453.358086   173.331192   302.948260   262.687152   219.931807   185.048445   179.635252   301.716858   253.237598   221.712494   137.879345   200.031209   3658.279179   953.644229   
120.000000   302.826062   208.555948   282.900385   181.220923   237.859787   184.905798   275.441310   229.276186   451.469712   456.016396   112.601881   215.659449   157.128856   145.247866   420.655749   496.333867   159.173965   285.524553   226.016760   903.167761   451.337228   176.254725   301.002643   262.436545   220.214910   179.579113   179.595514   302.629749   256.132409   222.774812   133.905364   198.710533   3657.985857   953.371146   
120.100000   302.429352   208.574053   280.388334   182.099831   239.461006   185.082111   276.750010   229.707069   451.950972   455.988210   112.012517   214.594861   161.271122   148.307557   420.889222   495.827050   158.953611   287.094416   226.551426   903.069937   451.307396   174.476157   300.670512   262.726857   221.227541   181.497427   178.985640   300.695490   254.281192   223.443990   134.673789   199.183917   3657.743492   953.343877   
120.200000   302.351665   207.714816   279.613498   182.156647   241.184041   185.924674   277.708583   229.041861   452.288181   456.801331   109.938477   214.793255   156.120760   147.256608   420.920851   495.721258   159.164792   286.001035   225.220810   903.487992   450.872001   177.283367   302.040819   262.887719   221.436884   185.262755   179.332696   301.441335   254.859783   223.033529   135.329578   200.003925   3657.623000   953.744939   
120.300000   302.677138   209.041182   278.282302   180.313937   238.190946   187.653008   275.744297   228.938183   451.454620   456.030993   108.059311   215.957144   155.698826   147.197087   420.955091   495.352692   156.729996   286.126767   226.582506   903.555557   450.435830   174.057480   300.791206   262.026122   219.105171   181.348469   178.914049   299.975950   254.396420   222.060189   133.852282   199.002896   3657.456513   953.058972   
120.400000   301.540169   206.959325   280.117214   179.547330   237.887275   187.849995   276.694960   232.438968   450.168036   455.403797   110.192381   214.636158   157.364587   147.772681   419.900008   495.344048   156.765258   285.049076   225.016534   902.913083   450.957614   177.310261   300.570316   262.764434   221.104684   181.059282   180.248974   300.391901   254.378349   222.428375   135.402924   198.189558   3656.837987   953.215908   
120.500000   301.913682   208.161183   282.259992   179.886312   239.967284   185.808021   277.365414   229.568382   453.464954   455.167892   110.360178   215.106161   156.746597   147.393687   421.023982   496.202351   159.604481   284.612971   230.129260   902.554719   453.330797   175.908618   302.354354   263.016146   224.726344   185.832570   180.417341   300.954106   254.045415   224.156525   138.736111   200.353158   3656.589099   953.516852   
120.600000   302.278389   208.817726   279.022014   181.442830   239.563746   185.302677   276.400902   230.574810   450.523728   455.974034   112.326770   215.588446   156.937072   146.702598   419.980800   495.702170   156.536097   285.099750   226.536153   902.656862   451.777520   173.673571   301.207909   262.099906   220.157028   179.452768   181.362343   300.951884   253.832307   223.065075   136.060330   198.986642   3656.395132   952.641267   
120.700000   307.039951   208.473495   282.877173   181.045097   240.969493   185.187092   279.778512   230.486481   452.517214   455.762628   111.648549   216.990497   158.169589   145.364545   422.439365   495.406607   160.312324   285.434228   230.027843   903.571995   451.596307   173.805405   301.584693   262.897776   225.844520   184.032077   180.663154   301.278631   254.002862   222.568261   139.141109   202.283228   3656.133723   952.883224   
120.800000   302.133168   206.840952   280.862376   180.357649   239.498490   184.054850   276.839112   231.291997   452.487872   456.063553   111.654396   215.350946   154.973908   146.447766   421.235514   495.506238   156.013146   285.813934   226.358766   902.437480   451.166899   175.840322   300.783468   262.572855   222.182038   180.931785   181.852666   301.014335   254.404538   221.145308   136.367068   199.265771   3655.786158   953.870965   
120.900000   302.480664   207.856056   278.220588   180.978922   238.242600   185.944688   275.445457   229.235602   452.859842   455.008830   110.728036   215.108875   156.167822   149.431277   420.497652   497.810094   156.778590   284.400288   227.140705   902.773855   452.551105   172.669307   301.977984   262.380677   219.237772   182.354960   179.046107   300.599728   254.406765   222.104838   137.231804   198.572203   3655.583342   953.746706   
121.000000   303.451106   207.697336   279.874075   180.946360   242.114943   184.931998   275.377423   231.044443   451.521367   455.698671   120.997728   214.561583   157.703257   146.435834   421.346863   495.015683   155.685312   285.018288   233.581486   902.695441   452.220655   173.859327   301.571200   263.572123   219.572634   180.082979   179.725034   301.461875   253.696175   223.127640   141.402828   199.996119   3655.475002   952.782269   
121.100000   301.973441   206.898924   280.982282   181.990195   239.414073   186.238889   277.575447   229.568781   451.401177   455.739518   116.790935   216.306671   157.510166   147.782503   419.527083   496.159193   157.547560   286.750754   227.146947   902.859217   450.242620   173.869523   302.070574   263.372221   220.354267   179.394938   179.542358   299.901848   253.635465   224.044073   138.253379   198.387653   3655.220046   952.636790   
121.200000   302.123003   207.280719   279.954546   181.176522   239.961071   186.708763   275.811220   229.448222   451.690906   455.735801   113.683550   215.666653   154.669007   146.746045   420.104891   495.150174   155.479524   284.526979   226.874031   902.762270   450.164491   174.124121   301.593595   262.639650   220.381806   179.264577   180.176873   300.225891   253.984648   223.218154   137.431720   198.403820   3655.157461   952.632454   
121.300000   303.182720   209.243871   282.472502   180.063983   238.572985   185.667409   276.297563   230.140613   450.838197   455.372627   112.275247   215.019610   156.948720   148.681611   420.095564   495.525714   160.391224   285.863101   225.352593   902.913389   451.413249   174.151451   302.001500   264.599916   225.374954   178.721005   182.047425   301.334239   253.591045   222.721385   134.602518   199.347088   3654.579239   952.497179   
121.400000   301.543101   210.119799   280.806510   180.190286   238.817378   186.248258   274.980839   229.305467   451.232108   455.927145   111.354449   214.609991   156.469201   150.421856   419.764937   495.149941   158.939465   284.347975   225.566088   902.655885   450.934420   174.628281   301.446054   262.677869   221.706842   180.270815   181.373673   300.442035   253.910094   223.406658   135.265534   198.765089   3654.488514   952.499688   
121.500000   304.154780   208.972003   282.216594   180.624558   236.584880   186.863542   276.136943   229.992503   451.350788   455.053969   111.686855   216.639187   155.234557   147.754515   420.716080   495.240550   156.393123   284.846669   224.949346   902.681221   449.865576   174.873626   302.575116   262.416052   219.644001   179.858662   180.452471   300.610028   253.492518   221.961964   138.921953   198.459656   3654.230290   952.453315   
121.600000   304.151165   208.957932   280.584619   182.916835   238.261504   184.837998   277.406892   230.331699   452.413763   455.947312   114.208736   216.271542   158.282371   146.428533   420.748537   496.199973   159.871662   285.644055   224.705504   903.140920   450.868881   174.438418   301.269186   263.157132   220.394306   181.998945   179.546234   300.875453   253.518794   223.072369   140.678890   198.860809   3654.161871   952.764578   
121.700000   303.405164   207.778896   282.096687   179.943851   238.677003   185.268534   276.302322   229.843167   452.277297   455.333280   114.634466   217.078794   156.972568   147.849041   420.679000   496.004415   163.401676   284.540277   227.361868   902.719564   453.474097   173.820706   301.408778   263.004511   222.473469   179.700759   181.136105   300.663807   254.197708   223.304580   137.489229   199.404885   3653.920604   952.239025   
121.800000   304.525783   209.278653   281.652877   180.974040   240.898140   186.659020   279.769336   228.179975   451.080577   455.186449   113.822724   215.369682   156.382633   145.778128   420.896243   496.181669   161.758597   285.850857   228.292519   902.661689   452.521470   175.744516   301.110052   263.562109   223.569286   181.429846   182.175709   300.696314   253.656063   224.378160   136.673758   200.495970   3654.213535   952.588067   
121.900000   302.815849   207.373333   282.318411   180.951831   240.179934   184.288801   278.574652   229.014877   452.551148   455.654391   110.527908   216.910544   157.586068   150.155716   422.786156   494.989249   159.987828   285.306072   228.610708   901.731270   451.239992   175.244175   301.191129   262.972349   221.193104   184.022768   180.965159   301.105250   253.814572   222.054706   141.028527   200.434561   3653.674176   952.480548   
122.000000   303.445362   208.119649   279.698211   180.922732   238.887329   184.950386   280.067988   229.104966   450.786436   455.492813   113.163640   216.399870   158.587424   147.166868   420.057895   495.089215   157.838731   283.810190   226.480862   901.693567   451.702423   172.763779   301.437162   262.009243   220.402047   182.301976   184.131652   300.102195   252.823027   222.398223   135.416180   199.587457   3653.370055   952.251085   
122.100000   302.916594   210.124835   279.980802   180.252897   238.831964   184.163493   276.619358   230.490190   450.658485   455.774250   114.969870   214.515413   155.754047   145.527486   421.012447   494.588453   155.999457   284.300039   224.802078   902.087009   450.354630   174.185353   300.196974   262.507209   220.917186   181.810563   180.038529   300.583366   253.587063   224.016390   135.690237   198.797380   3653.263444   952.344052   
122.200000   302.042749   209.409133   280.291408   181.215259   240.182741   185.783055   277.250433   229.134270   451.625738   455.765564   112.641156   217.615733   153.971532   145.372405   420.500347   494.970544   156.525104   288.154250   226.777603   901.994023   450.641880   173.728297   301.162066   262.329491   220.934747   180.142960   179.336030   302.997578   254.324793   222.445258   133.410665   198.563654   3653.271996   951.572182   
122.300000   302.695027   207.233637   277.944096   183.122853   239.600488   187.038125   276.718084   229.963284   451.216587   457.484464   109.606462   216.925323   155.653866   151.163911   419.280003   495.374194   156.781972   284.268036   226.300451   902.770526   449.733965   173.732710   301.273657   263.090867   219.759784   179.350780   179.062375   300.935343   252.945651   222.788880   134.745815   197.926821   3653.146777   951.790553   
122.400000   302.095122   209.075170   280.736075   180.206512   238.811918   185.414187   276.728599   228.777512   450.772970   455.084945   116.047124   214.902538   161.375887   148.340721   419.696254   495.640966   157.845271   284.455585   225.661135   902.377054   451.197683   174.584346   301.459337   262.185340   225.249223   180.897193   179.654253   300.322123   253.280337   223.570333   134.659626   199.405764   3652.923145   951.766291   
122.500000   303.534553   207.471582   280.067924   179.735339   239.501280   185.703005   278.867237   229.113024   452.683024   455.358999   118.275093   214.548781   156.844048   147.074957   421.426442   495.367905   164.401897   285.312288   227.379528   902.609270   451.202780   173.306394   301.044931   262.295012   221.954426   180.971616   179.257483   299.341744   254.409682   225.481228   139.171412   199.884035   3652.809858   952.018058   
122.600000   302.213282   207.971747   281.286323   179.597812   238.704766   185.091430   275.890474   228.409870   451.560612   454.684253   113.690265   216.198082   155.311231   147.824459   420.635480   495.331661   159.755699   284.772416   229.253163   902.544762   452.459175   174.582922   301.784753   263.459545   220.020741   182.558120   179.259958   300.034270   252.876301   223.446081   135.978016   199.548435   3652.341423   951.801906   
122.700000   301.093444   208.785382   283.871617   180.554918   238.924988   184.470430   274.819064   229.878342   452.040907   455.096314   112.099219   215.452327   155.536452   147.533328   420.337999   495.242760   157.994246   284.123531   226.894922   902.427588   450.147801   172.944350   301.112948   261.535745   219.738193   180.224307   179.846010   300.760418   253.649750   220.864716   135.389632   199.209610   3652.330426   951.932506   
122.800000   303.412957   207.391099   282.001219   181.240776   242.432561   185.328599   276.523304   230.641256   450.645365   455.028683   114.532625   215.189524   158.352193   146.914853   422.957965   494.682555   158.117754   285.107159   228.204552   901.860415   450.981107   175.558223   301.394402   262.072621   218.471123   181.807036   180.981628   299.921160   253.570333   223.684467   135.994321   201.041936   3652.226101   951.485504   
122.900000   302.366237   207.552526   280.324949   181.759815   239.854843   184.804762   279.518775   229.987966   451.011620   455.339316   115.389356   215.731807   158.519507   146.153357   421.991204   495.543172   158.299847   284.283739   227.196433   901.932839   452.018123   174.528111   300.868241   262.788643   220.778264   182.231400   179.877551   300.948858   254.084885   225.404934   138.736647   200.054701   3651.906558   952.160726   
123.000000   303.195436   208.932135   281.671776   181.121931   239.005216   183.812148   281.439542   229.680331   451.582862   455.429497   113.661983   214.400699   159.110468   145.671875   421.461145   495.259733   162.894352   284.774013   226.752779   901.658032   450.939667   172.502983   301.281940   261.871201   219.727410   179.480154   179.130642   299.745713   254.622444   225.047301   136.324653   199.317014   3651.922845   951.407487   
123.100000   301.208585   209.278274   279.988048   180.089854   237.523802   185.853620   275.510694   229.511614   450.753066   455.388964   110.915840   215.276506   154.502812   147.267402   421.190456   495.284110   156.219148   286.354285   227.038808   901.463761   450.183488   172.913356   301.194970   262.290022   220.889360   179.960213   179.274700   300.480400   255.719481   221.124505   135.397706   198.969523   3651.680167   951.383546   
123.200000   301.944810   207.278848   278.296463   180.395378   237.436549   186.397799   274.918662   229.334347   450.868510   455.412549   108.950611   215.406201   157.843271   146.616434   419.664105   494.981306   158.829728   284.890700   226.762973   901.745677   449.863482   172.686892   300.387045   263.506781   219.557809   178.382593   179.180893   299.365760   255.379910   222.709050   135.966134   197.890446   3651.607201   951.660687   
123.300000   301.485580   208.584503   279.670809   179.159781   242.900014   186.022213   275.221379   230.577342   450.543205   455.131218   112.177947   214.395417   160.053054   146.301034   419.583529   495.166023   158.451315   284.550637   225.550986   901.628277   450.973018   173.222368   300.851374   263.975342   220.561378   179.580436   180.206328   301.024639   252.841003   224.189603   139.310565   198.481874   3651.712871   951.366731   
123.400000   302.539267   207.006584   281.288873   179.832506   239.681434   184.409677   275.117600   228.905573   451.250104   454.671787   112.663393   215.362663   156.290300   145.412816   419.972716   495.915674   156.834915   285.301174   227.910618   901.893198   452.111750   173.422966   301.448903   263.074505   221.536874   183.218086   178.938732   300.066975   252.842948   225.365617   137.273559   200.171932   3651.363386   952.049142   
123.500000   302.588699   208.302475   279.962232   180.623943   237.594323   186.675929   274.996047   228.707106   450.139273   454.707342   109.238184   216.030731   157.997726   146.514456   419.077158   494.931396   160.858757   284.946883   226.655975   902.274906   449.775789   172.763905   301.584034   263.181486   218.310073   179.377412   178.342979   300.247869   253.692274   221.679673   136.184370   197.966173   3651.385126   951.875139   
123.600000   304.887754   208.223906   282.938533   179.598560   240.144224   185.961893   280.120743   229.289604   451.736862   454.858630   115.410526   216.961016   157.045288   146.367752   420.595440   494.866566   161.031063   283.823436   229.465676   901.449910   451.170495   172.565552   300.549705   262.507588   220.882819   180.069936   180.330472   300.807579   252.773092   223.215215   138.389316   200.012748   3651.320486   951.749837   
123.700000   302.193014   206.834399   281.552697   180.591691   240.212087   184.265502   276.060336   230.138534   453.459273   455.145078   117.168242   216.170344   157.376902   145.992191   420.619933   494.800787   164.806867   283.968882   228.084707   901.345421   451.840332   174.333260   300.372670   262.195895   223.727949   183.088842   180.753156   299.985177   253.086806   224.873793   143.719902   200.759984   3651.518597   951.523072   
123.800000   302.455635   207.473321   279.284326   179.672713   237.833699   186.213724   275.958059   229.106810   450.429503   455.101025   114.052699   216.616502   154.592589   147.425278   420.089236   495.449148   158.579372   285.460717   226.523415   902.134931   450.372985   173.396703   300.837401   261.749850   221.411566   181.288057   180.985820   300.650499   254.740096   223.640996   136.119051   198.747206   3651.051830   951.427648   
123.900000   302.080554   206.988237   278.989964   181.223975   238.871994   185.200515   276.156906   228.736909   453.218730   455.072079   108.503549   215.852664   155.803919   147.398427   420.427885   496.692710   158.057821   284.175022   229.081316   901.506258   450.133592   174.471389   300.940083   262.243010   221.477135   179.835962   179.465885   301.648527   253.503175   223.606007   136.982364   199.002713   3650.907486   951.526625   
124.000000   303.652305   208.148380   278.415241   180.228676   237.989804   185.677122   274.532471   232.508858   450.985184   455.079308   108.798963   214.023161   156.382879   146.366330   420.234416   495.010710   159.754207   284.548804   226.482047   901.303407   450.305824   173.768221   301.661202   261.686566   219.892864   182.865488   179.420506   301.503478   253.006268   223.518235   136.254313   199.523655   3650.986502   951.673153   
124.100000   302.648380   209.521352   281.298120   179.288851   240.184691   183.699932   275.687555   230.759483   449.606988   454.595060   109.328596   215.147547   155.834745   147.499352   419.989026   495.061637   159.926704   284.146718   226.999360   901.066642   451.929298   172.329244   301.188299   262.374243   219.986744   179.691329   178.942907   299.941718   253.764835   221.921991   140.691610   199.057443   3650.976696   951.966047   
124.200000   303.451636   208.683327   281.533003   180.819135   241.321669   184.821448   276.706487   229.582710   451.940221   455.370579   114.536653   215.533821   158.682582   146.002556   419.938200   495.336336   158.711470   283.788433   228.162398   901.499140   450.863232   173.935999   301.140877   262.944326   222.834866   182.082671   181.573724   300.767858   255.394674   223.412113   138.516776   200.508067   3651.279212   951.422536   
124.300000   300.902106   207.427974   277.729514   180.912304   238.027330   184.525059   275.710751   229.214838   450.325379   455.864966   111.984246   214.270882   155.703597   147.468206   419.928707   495.345892   157.785188   285.866179   226.801038   901.578539   451.730593   173.552298   300.597866   263.694438   221.817656   181.432335   178.838652   301.560890   252.281164   223.161484   138.592828   198.962832   3650.837377   951.022917   
124.400000   302.365323   206.502742   279.493773   181.647480   239.045322   185.083831   275.150979   229.956150   452.738815   454.670689   111.720647   216.279338   156.866673   149.107846   420.623032   495.304405   161.587938   285.855050   228.969892   901.115556   449.959806   176.921568   301.144791   262.931745   220.309575   182.045511   181.833493   301.228178   254.884227   223.812355   141.774928   199.392557   3651.105496   951.523145   
124.500000   302.170543   207.846566   280.875469   180.526542   239.149771   187.331346   275.030855   229.032747   450.751952   455.647834   111.354679   215.508972   155.800209   148.897377   420.414893   495.282686   158.486700   285.864109   227.915905   901.460749   449.940360   174.583795   300.485675   262.088503   219.568602   182.407071   179.376633   301.290187   253.595732   223.274348   140.588684   198.658477   3650.664746   952.012791   
124.600000   300.906939   206.940784   279.795546   181.919415   241.293006   185.247612   275.351731   229.211642   451.163748   455.311865   111.967039   214.682040   156.717310   146.957669   420.254007   495.080310   158.469198   284.018359   226.362120   901.333524   450.102610   172.712973   299.991642   263.458074   219.793170   182.702795   181.658124   299.369941   253.012586   222.097399   140.367018   199.313081   3650.960156   951.611624   
124.700000   302.651486   207.064518   278.918038   180.983597   238.879024   185.127676   275.616041   228.614225   452.026892   454.669281   109.998660   215.097850   157.344933   147.579666   420.500035   494.739344   159.438182   285.053203   227.282983   900.914528   450.251223   172.061702   300.425695   262.627574   223.302527   185.130395   179.680076   300.432311   254.533473   223.863005   137.382777   199.527078   3650.873213   951.274628   
124.800000   303.553625   207.716741   279.915581   180.446103   238.216541   184.492620   278.799163   231.343378   450.965598   454.202595   112.637123   219.215574   157.592396   146.910783   421.186658   494.719455   159.448715   284.165978   225.479966   901.734304   449.722085   174.550421   301.597302   263.309983   220.160696   182.547965   179.964963   300.370068   254.910065   222.058187   137.819606   198.859052   3650.659217   951.488619   
124.900000   301.849151   206.762643   277.891927   180.499321   238.357815   186.437386   276.446495   228.748942   451.399370   454.723795   111.487582   217.960606   158.461291   147.088603   420.373557   494.889614   158.464017   284.600581   228.001503   901.396388   449.669700   172.534517   301.677472   262.349960   218.882865   179.329735   178.501088   300.528573   253.094909   222.247672   137.315360   199.860890   3650.538169   951.224820   
